pick,player,position,tier,nominator,winner,price,winner_archetype,forced_final_slot,iteration
1,Sam Darnold,QB,13,Coby,Coby,1.0,emotional,False,0
2,Tyson Bagent,QB,10,Ryan J,Ryan J,1.0,stars_and_scrubs,False,0
3,Justin Fields,QB,9,Evan,Evan,1.0,positional_extremist_wr,False,0
4,Evan Engram,TE,19,Shane,Shane,1.0,value_purist,False,0
5,Jameis Winston,QB,6,James,James,1.0,tier_controller,False,0
6,Fernando Mendoza,QB,14,CJ,CJ,1.0,tier_controller,False,0
7,Michael Mayer,TE,7,Travis,Travis,1.0,price_enforcer,False,0
8,Demarcus Robinson,WR,15,Reid,Reid,1.0,value_purist,False,0
9,Darnell Washington,TE,17,Brandon,Brandon,1.0,positional_extremist_wr,False,0
10,David Njoku,TE,20,Sam,Sam,1.0,value_purist,False,0
11,Deshaun Watson,QB,12,Jason,Jason,1.0,price_enforcer,False,0
12,Malachi Fields,WR,41,Brad,Brad,1.0,emotional,False,0
13,Ja'Kobi Lane,WR,33,Coby,Coby,1.0,emotional,False,0
14,Travis Hunter,WR,31,Ryan J,Ryan J,1.0,stars_and_scrubs,False,0
15,Cash Jones,RB,26,Evan,Evan,1.0,positional_extremist_wr,False,0
16,Pat Freiermuth,TE,17,Shane,Shane,1.0,value_purist,False,0
17,JJ McCarthy,QB,11,James,James,1.0,tier_controller,False,0
18,Greg Dulcich,TE,20,CJ,CJ,1.0,tier_controller,False,0
19,Colby Parkinson,TE,16,Travis,Travis,1.0,price_enforcer,False,0
20,Shedeur Sanders,QB,9,Reid,Reid,1.0,value_purist,False,0
21,Chris Bell,WR,39,Brandon,Brandon,1.0,positional_extremist_wr,False,0
22,Raheim Sanders,RB,18,Sam,Sam,1.0,value_purist,False,0
23,Oronde Gadsden,TE,19,Jason,Jason,1.0,price_enforcer,False,0
24,Cam Ward,QB,14,Brad,Brad,1.0,emotional,False,0
25,Kareem Hunt,RB,31,Coby,Coby,1.0,emotional,False,0
26,Kenneth Gainwell,RB,27,Ryan J,Ryan J,1.0,stars_and_scrubs,False,0
27,Antonio Williams,WR,40,Evan,Evan,1.0,positional_extremist_wr,False,0
28,Isaac TeSlaa,WR,33,Shane,Shane,1.0,value_purist,False,0
29,Patrick Ricard,RB,28,James,James,1.0,tier_controller,False,0
30,Durham Smythe,TE,13,CJ,CJ,1.0,tier_controller,False,0
31,Josh Cameron,WR,28,Travis,Travis,1.0,price_enforcer,False,0
32,Cade Stover,TE,9,Reid,Reid,1.0,value_purist,False,0
33,Marcus Mariota,QB,6,Brandon,Brandon,1.0,positional_extremist_wr,False,0
34,DeMario Douglas,WR,34,Sam,Sam,1.0,value_purist,False,0
35,Audric Estime,RB,30,Jason,Jason,1.0,price_enforcer,False,0
36,Mason Taylor,TE,14,Brad,Brad,1.0,emotional,False,0
37,Noah Gray,TE,6,Coby,Coby,1.0,emotional,False,0
38,Kendrick Bourne,WR,17,Ryan J,Ryan J,1.0,stars_and_scrubs,False,0
39,Van Jefferson,WR,31,Evan,Evan,1.0,positional_extremist_wr,False,0
40,Ollie Gordon,RB,27,Shane,Shane,1.0,value_purist,False,0
41,Evan Hull,RB,29,James,James,1.0,tier_controller,False,0
42,Marquez Valdes-Scantling,WR,32,CJ,CJ,1.0,tier_controller,False,0
43,Will Shipley,RB,29,Travis,Travis,1.0,price_enforcer,False,0
44,Dyami Brown,WR,25,Reid,Reid,1.0,value_purist,False,0
45,Caleb Douglas,WR,40,Brandon,Brandon,1.0,positional_extremist_wr,False,0
46,Cyrus Allen,WR,38,Sam,Sam,1.0,value_purist,False,0
47,Aaron Rodgers,QB,12,Jason,Jason,1.0,price_enforcer,False,0
48,Brandon Aiyuk,WR,35,Brad,Brad,1.0,emotional,False,0
49,Cade Klubnik,QB,8,Coby,Coby,1.0,emotional,False,0
50,Riley Leonard,QB,8,Ryan J,Ryan J,1.0,stars_and_scrubs,False,0
51,Ty Johnson,RB,32,Evan,Evan,1.0,positional_extremist_wr,False,0
52,Kayshon Boutte,WR,32,Shane,Shane,1.0,value_purist,False,0
53,Tre Harris,WR,38,James,James,1.0,tier_controller,False,0
54,Jack Bech,WR,39,CJ,CJ,1.0,tier_controller,False,0
55,Reggie Virgil,WR,30,Travis,Travis,1.0,price_enforcer,False,0
56,Jacoby Brissett,QB,11,Reid,Reid,1.0,value_purist,False,0
57,Mike Gesicki,TE,18,Brandon,Brandon,1.0,positional_extremist_wr,False,0
58,Carson Beck,QB,7,Sam,Sam,1.0,value_purist,False,0
59,Theo Johnson,TE,16,Jason,Jason,1.0,price_enforcer,False,0
60,Malik Washington,WR,29,Brad,Brad,1.0,emotional,False,0
61,Cade Otton,TE,12,Coby,Coby,1.0,emotional,False,0
62,Ja'Tavion Sanders,TE,6,Ryan J,Ryan J,1.0,stars_and_scrubs,False,0
63,KeAndre Lambert-Smith,WR,30,Evan,Evan,1.0,positional_extremist_wr,False,0
64,Jarquez Hunter,RB,31,Shane,Shane,1.0,value_purist,False,0
65,Deion Burks,WR,26,James,James,1.0,tier_controller,False,0
66,Luke McCaffrey,WR,17,CJ,CJ,1.0,tier_controller,False,0
67,Kene Nwangwu,RB,28,Travis,Travis,1.0,price_enforcer,False,0
68,Ashton Dulin,WR,14,Reid,Reid,1.0,value_purist,False,0
69,Jaylin Noel,WR,29,Brandon,Brandon,1.0,positional_extremist_wr,False,0
70,Olamide Zaccheaus,WR,20,Sam,Sam,1.0,value_purist,False,0
71,Treylon Burks,WR,18,Jason,Jason,1.0,price_enforcer,False,0
72,Josh Williams,RB,21,Brad,Brad,1.0,emotional,False,0
73,Khalil Herbert,RB,22,Coby,Coby,1.0,emotional,False,0
74,Dameon Pierce,RB,25,Ryan J,Ryan J,1.0,stars_and_scrubs,False,0
75,Hunter Luepke,RB,25,Evan,Evan,1.0,positional_extremist_wr,False,0
76,Jeremy McNichols,RB,23,Shane,Shane,1.0,value_purist,False,0
77,Tyrod Taylor,QB,7,James,James,1.0,tier_controller,False,0
78,Daniel Jones,QB,10,CJ,CJ,1.0,tier_controller,False,0
79,Rasheen Ali,RB,20,Travis,Travis,1.0,price_enforcer,False,0
80,Reggie Gilliam,RB,23,Reid,Reid,1.0,value_purist,False,0
81,Tory Horton,WR,27,Brandon,Brandon,1.0,positional_extremist_wr,False,0
82,Tua Tagovailoa,QB,13,Sam,Sam,1.0,value_purist,False,0
83,Matt Hibner,TE,10,Jason,Jason,1.0,price_enforcer,False,0
84,Austin Hooper,TE,11,Brad,Brad,1.0,emotional,False,0
85,Jawhar Jordan,RB,24,Coby,Coby,1.0,emotional,False,0
86,Sam Roush,TE,15,Ryan J,Ryan J,1.0,stars_and_scrubs,False,0
87,Jackson Hawes,TE,14,Evan,Evan,1.0,positional_extremist_wr,False,0
88,Omar Cooper Jr.,WR,37,Shane,Shane,1.0,value_purist,False,0
89,Devontez Walker,WR,19,James,James,1.0,tier_controller,False,0
90,Kyle Juszczyk,RB,24,CJ,CJ,1.0,tier_controller,False,0
91,Roschon Johnson,RB,18,Travis,Travis,1.0,price_enforcer,False,0
92,Greg Dortch,WR,25,Reid,Reid,1.0,value_purist,False,0
93,Noah Whittington,RB,26,Brandon,Brandon,1.0,positional_extremist_wr,False,0
94,Emmett Johnson,RB,10,Sam,James,11.176442533134592,tier_controller,False,0
95,Mitch Tinsley,WR,22,Jason,Jason,1.0,price_enforcer,False,0
96,AD Mitchell,WR,9,Brad,James,17.146756322322883,tier_controller,False,0
97,Makai Lemon,WR,8,Coby,James,297.67,tier_controller,True,0
98,Savion Williams,WR,24,Ryan J,Ryan J,1.0,stars_and_scrubs,False,0
99,Jared Goff,QB,3,Evan,CJ,4.338441921973635,tier_controller,False,0
100,Brashard Smith,RB,17,Shane,Brad,1.9053731408832366,emotional,False,0
101,Mack Hollins,WR,36,CJ,CJ,236.66,tier_controller,True,0
102,Konata Mumpfield,WR,20,Travis,Travis,1.0,price_enforcer,False,0
103,Luther Burden,WR,28,Reid,Reid,1.0,value_purist,False,0
104,Tai Felton,WR,26,Brandon,Brandon,174.0,positional_extremist_wr,True,0
105,Dontayvion Wicks,WR,37,Sam,Sam,1.0,value_purist,False,0
106,Jordan Watkins,WR,21,Jason,Jason,1.0,price_enforcer,False,0
107,Roman Wilson,WR,24,Brad,Brad,1.0,emotional,False,0
108,Drake Maye,QB,1,Coby,Brad,26.54876546778735,emotional,False,0
109,Marvin Mims Jr.,WR,36,Ryan J,Ryan J,1.0,stars_and_scrubs,False,0
110,CJ Stroud,QB,2,Evan,Brad,25.55782446505892,emotional,False,0
111,Deebo Samuel,WR,3,Shane,Evan,120.0,positional_extremist_wr,False,0
112,DeVonta Smith,WR,1,Travis,Coby,177.5,emotional,False,0
113,Jaxson Dart,QB,4,Reid,Ryan J,4.467353311749745,stars_and_scrubs,False,0
114,Adam Randall,RB,16,Sam,Evan,107.0,positional_extremist_wr,True,0
115,Jalen Hurts,QB,1,Jason,Brad,284.98,emotional,True,0
116,Jacory Croskey-Merritt,RB,4,Coby,Ryan J,100.45,stars_and_scrubs,False,0
117,Xavier Smith,WR,23,Ryan J,Ryan J,263.08,stars_and_scrubs,True,0
118,Moliki Matavao,TE,9,Shane,Shane,1.0,value_purist,False,0
119,Dylan Laube,RB,21,Travis,Travis,1.0,price_enforcer,False,0
120,Matthew Stafford,QB,5,Reid,Jason,1.06470514638968,price_enforcer,False,0
121,Malik Davis,RB,12,Sam,Shane,1.326448003482144,value_purist,False,0
122,Tre Tucker,WR,13,Jason,Shane,340.67,value_purist,True,0
123,Eli Stowers,TE,18,Coby,Coby,1.0,emotional,False,0
124,Jaleel McLaughlin,RB,30,Travis,Travis,1.0,price_enforcer,False,0
125,Adam Trautman,TE,15,Reid,Reid,1.0,value_purist,False,0
126,Luke Schoonmaker,TE,13,Sam,Sam,1.0,value_purist,False,0
127,Noah Fant,TE,5,Jason,Jason,1.0,price_enforcer,False,0
128,Tank Bigsby,RB,9,Coby,Reid,10.545792522606083,value_purist,False,0
129,Sean Tucker,RB,14,Travis,Coby,109.5,emotional,True,0
130,Rhamondre Stevenson,RB,2,Reid,Sam,71.0,value_purist,False,0
131,Romeo Doubs,WR,8,Sam,Travis,17.106476437439657,price_enforcer,False,0
132,Chris Godwin Jr,WR,4,Jason,Sam,41.736578972566136,value_purist,False,0
133,Jordan James,RB,13,Travis,Sam,1.215880883189043,value_purist,False,0
134,Chuba Hubbard,RB,3,Reid,Sam,219.04,value_purist,True,0
135,Tyler Allgeier,RB,7,Jason,Travis,344.89,price_enforcer,True,0
136,Jayden Reed,WR,6,Reid,Jason,285.94,price_enforcer,True,0
137,Eli Heidenreich,RB,19,Reid,Reid,1.0,value_purist,False,0
138,Jacob Cowing,WR,23,Reid,Reid,303.45,value_purist,True,0
1,Tua Tagovailoa,QB,13,CJ,CJ,1.0,value_purist,False,1
2,Cade Klubnik,QB,8,Brad,Brad,1.0,positional_extremist_wr,False,1
3,Daniel Jones,QB,10,Sam,Sam,1.0,positional_extremist_rb,False,1
4,Aaron Rodgers,QB,12,Travis,Travis,1.0,anchor,False,1
5,David Njoku,TE,20,James,James,1.0,stars_and_scrubs,False,1
6,Colby Parkinson,TE,16,Jason,Jason,1.0,price_enforcer,False,1
7,Jacoby Brissett,QB,11,Ryan J,Ryan J,1.0,emotional,False,1
8,Mason Taylor,TE,14,Brandon,Brandon,1.0,emotional,False,1
9,Durham Smythe,TE,13,Reid,Reid,1.0,anchor,False,1
10,Adam Trautman,TE,15,Evan,Evan,1.0,positional_extremist_rb,False,1
11,Zavion Thomas,WR,16,Coby,Coby,1.0,emotional,False,1
12,Van Jefferson,WR,31,Shane,Shane,1.0,price_enforcer,False,1
13,Fernando Mendoza,QB,14,CJ,CJ,1.0,value_purist,False,1
14,Ashton Dulin,WR,14,Brad,Brad,1.0,positional_extremist_wr,False,1
15,Luke McCaffrey,WR,17,Sam,Sam,1.0,positional_extremist_rb,False,1
16,Tyson Bagent,QB,10,Travis,Travis,1.0,anchor,False,1
17,Dontayvion Wicks,WR,37,James,James,1.0,stars_and_scrubs,False,1
18,DeMario Douglas,WR,34,Jason,Jason,1.0,price_enforcer,False,1
19,Justin Fields,QB,9,Ryan J,Ryan J,1.0,emotional,False,1
20,Malachi Fields,WR,41,Brandon,Brandon,1.0,emotional,False,1
21,Deshaun Watson,QB,12,Reid,Reid,1.0,anchor,False,1
22,Cash Jones,RB,26,Evan,Evan,1.0,positional_extremist_rb,False,1
23,Cam Ward,QB,14,Coby,Coby,1.0,emotional,False,1
24,Elijah Higgins,TE,12,Shane,Shane,1.0,price_enforcer,False,1
25,Evan Hull,RB,29,CJ,CJ,1.0,value_purist,False,1
26,Antonio Williams,WR,40,Brad,Brad,1.0,positional_extremist_wr,False,1
27,Caleb Douglas,WR,40,Sam,Sam,1.0,positional_extremist_rb,False,1
28,JJ McCarthy,QB,11,Travis,Travis,1.0,anchor,False,1
29,Carson Beck,QB,7,James,James,1.0,stars_and_scrubs,False,1
30,Greg Dulcich,TE,20,Jason,Jason,1.0,price_enforcer,False,1
31,Will Shipley,RB,29,Ryan J,Ryan J,1.0,emotional,False,1
32,Noah Fant,TE,5,Brandon,Brandon,1.0,emotional,False,1
33,Theo Johnson,TE,16,Reid,Reid,1.0,anchor,False,1
34,Michael Mayer,TE,7,Evan,Evan,1.0,positional_extremist_rb,False,1
35,Erick All Jr.,TE,8,Coby,Coby,1.0,emotional,False,1
36,Andrei Iosivas,WR,35,Shane,Shane,1.0,price_enforcer,False,1
37,Mike Gesicki,TE,18,CJ,CJ,1.0,value_purist,False,1
38,Audric Estime,RB,30,Brad,Brad,1.0,positional_extremist_wr,False,1
39,Travis Hunter,WR,31,Sam,Sam,1.0,positional_extremist_rb,False,1
40,Patrick Ricard,RB,28,Travis,Travis,1.0,anchor,False,1
41,Tory Horton,WR,27,James,James,1.0,stars_and_scrubs,False,1
42,Cyrus Allen,WR,38,Jason,Jason,1.0,price_enforcer,False,1
43,Marcus Mariota,QB,6,Ryan J,Ryan J,1.0,emotional,False,1
44,Jaylin Noel,WR,29,Brandon,Brandon,1.0,emotional,False,1
45,KeAndre Lambert-Smith,WR,30,Reid,Reid,1.0,anchor,False,1
46,Sam Darnold,QB,13,Evan,Evan,1.0,positional_extremist_rb,False,1
47,Sam Roush,TE,15,Coby,Coby,1.0,emotional,False,1
48,Noah Whittington,RB,26,Shane,Shane,1.0,price_enforcer,False,1
49,Marquez Valdes-Scantling,WR,32,CJ,CJ,1.0,value_purist,False,1
50,Kene Nwangwu,RB,28,Brad,Brad,1.0,positional_extremist_wr,False,1
51,Chris Brazzell II,WR,18,Sam,Sam,1.0,positional_extremist_rb,False,1
52,Elic Ayomanor,WR,27,Travis,Travis,1.0,anchor,False,1
53,Matt Hibner,TE,10,James,James,1.0,stars_and_scrubs,False,1
54,Cole Kmet,TE,8,Jason,Jason,1.0,price_enforcer,False,1
55,Pat Freiermuth,TE,17,Ryan J,Ryan J,1.0,emotional,False,1
56,Deion Burks,WR,26,Brandon,Brandon,1.0,emotional,False,1
57,Tommy Tremble,TE,5,Reid,Reid,1.0,anchor,False,1
58,Dameon Pierce,RB,25,Evan,Evan,1.0,positional_extremist_rb,False,1
59,Reggie Virgil,WR,30,Coby,Coby,1.0,emotional,False,1
60,Noah Gray,TE,6,Shane,Shane,1.0,price_enforcer,False,1
61,Ty Johnson,RB,32,CJ,CJ,1.0,value_purist,False,1
62,Austin Hooper,TE,11,Brad,Brad,1.0,positional_extremist_wr,False,1
63,Jaleel McLaughlin,RB,30,Sam,Sam,1.0,positional_extremist_rb,False,1
64,Dylan Laube,RB,21,Travis,Travis,1.0,anchor,False,1
65,Shedeur Sanders,QB,9,James,James,1.0,stars_and_scrubs,False,1
66,Roschon Johnson,RB,18,Jason,Jason,1.0,price_enforcer,False,1
67,Jameis Winston,QB,6,Ryan J,Ryan J,1.0,emotional,False,1
68,Cade Otton,TE,12,Brandon,Brandon,1.0,emotional,False,1
69,Evan Engram,TE,19,Reid,Reid,1.0,anchor,False,1
70,Luke Schoonmaker,TE,13,Evan,Evan,1.0,positional_extremist_rb,False,1
71,Tyrod Taylor,QB,7,Coby,Coby,1.0,emotional,False,1
72,Riley Leonard,QB,8,Shane,Shane,1.0,price_enforcer,False,1
73,Kenneth Gainwell,RB,27,CJ,CJ,1.0,value_purist,False,1
74,Moliki Matavao,TE,9,Brad,Brad,1.0,positional_extremist_wr,False,1
75,Hunter Luepke,RB,25,Sam,Sam,1.0,positional_extremist_rb,False,1
76,Jeremy McNichols,RB,23,Travis,Travis,1.0,anchor,False,1
77,Jawhar Jordan,RB,24,James,James,1.0,stars_and_scrubs,False,1
78,Eli Stowers,TE,18,Jason,Jason,1.0,price_enforcer,False,1
79,Luther Burden,WR,28,Ryan J,Ryan J,1.0,emotional,False,1
80,Cade Stover,TE,9,Brandon,Brandon,1.0,emotional,False,1
81,Josh Williams,RB,21,Reid,Reid,1.0,anchor,False,1
82,Ja'Tavion Sanders,TE,6,Evan,Evan,1.0,positional_extremist_rb,False,1
83,Jack Bech,WR,39,Coby,Coby,1.0,emotional,False,1
84,Malik Washington,WR,29,Shane,Shane,1.0,price_enforcer,False,1
85,Kayshon Boutte,WR,32,CJ,CJ,1.0,value_purist,False,1
86,Mitchell Evans,TE,11,Brad,Brad,1.0,positional_extremist_wr,False,1
87,Antonio Gibson,RB,22,Sam,Sam,1.0,positional_extremist_rb,False,1
88,Ja'Kobi Lane,WR,33,Travis,Travis,1.0,anchor,False,1
89,Isaac TeSlaa,WR,33,James,James,1.0,stars_and_scrubs,False,1
90,Eli Heidenreich,RB,19,Jason,Jason,1.0,price_enforcer,False,1
91,Brandon Aiyuk,WR,35,Ryan J,Ryan J,1.0,emotional,False,1
92,Jacory Croskey-Merritt,RB,4,Brandon,Coby,147.5,emotional,False,1
93,Oscar Delp,TE,7,Reid,Reid,1.0,anchor,False,1
94,Rasheen Ali,RB,20,Evan,Evan,1.0,positional_extremist_rb,False,1
95,Mark Andrews,TE,2,Coby,Sam,16.94560460109313,positional_extremist_rb,False,1
96,Nick Westbrook-Ikhine,WR,15,Shane,Shane,1.0,price_enforcer,False,1
97,Mack Hollins,WR,36,CJ,CJ,1.0,value_purist,False,1
98,Jaxson Dart,QB,4,Brad,James,4.404426584688667,stars_and_scrubs,False,1
99,Jordan Addison,WR,7,Sam,Coby,30.98490792442719,emotional,False,1
100,Jalen Hurts,QB,1,Travis,James,20.799999999999997,stars_and_scrubs,False,1
101,Dalton Schultz,TE,4,James,Sam,6.364780665730944,positional_extremist_rb,False,1
102,Matthew Stafford,QB,5,Jason,Brandon,1.6989587665183554,emotional,False,1
103,Chris Rodriguez Jr,RB,11,Ryan J,Evan,5.75537633346345,positional_extremist_rb,False,1
104,Pat Bryant,WR,13,Brandon,Brad,1.611886044864459,positional_extremist_wr,False,1
105,Chuba Hubbard,RB,3,Reid,Brad,162.5,positional_extremist_wr,False,1
106,Terry McLaurin,WR,2,Evan,Brad,142.5,positional_extremist_wr,False,1
107,Chris Godwin Jr,WR,4,Coby,Ryan J,50.97481519944954,emotional,False,1
108,Devin Singletary,RB,17,Shane,Evan,221.24,positional_extremist_rb,True,1
109,Jared Goff,QB,3,CJ,James,300.8,stars_and_scrubs,True,1
110,Drake Maye,QB,1,Brad,Coby,26.5248,emotional,False,1
111,Malik Davis,RB,12,Sam,Brad,32.39,positional_extremist_wr,True,1
112,Carnell Tate,WR,4,Travis,Ryan J,39.16,emotional,False,1
113,Sam LaPorta,TE,1,Jason,Ryan J,29.0,emotional,False,1
114,Hunter Henry,TE,3,Ryan J,Coby,84.0,emotional,True,1
115,Kimani Vidal,RB,10,Brandon,Sam,7.051396521789663,positional_extremist_rb,False,1
116,Dalton Kincaid,TE,3,Reid,Ryan J,8.681034896272578,emotional,False,1
117,Dallas Goedert,TE,2,Shane,Ryan J,242.19,emotional,True,1
118,Josh Downs,WR,5,CJ,Brandon,173.3,emotional,True,1
119,Tucker Kraft,TE,1,Sam,Reid,28.667796777077964,anchor,False,1
120,De'Zhaun Stribling,WR,12,Travis,CJ,240.0,value_purist,True,1
121,Dyami Brown,WR,25,Jason,Jason,1.0,price_enforcer,False,1
122,Reggie Gilliam,RB,23,Reid,Reid,1.0,anchor,False,1
123,Darnell Washington,TE,17,Shane,Shane,1.0,price_enforcer,False,1
124,Josh Oliver,TE,10,Sam,Sam,1.0,positional_extremist_rb,False,1
125,Ladd McConkey,WR,2,Travis,Reid,145.0,anchor,False,1
126,DJ Moore,WR,3,Jason,Travis,120.0,anchor,False,1
127,Deebo Samuel,WR,3,Reid,Sam,302.64,positional_extremist_rb,True,1
128,Oronde Gadsden,TE,19,Shane,Shane,1.0,price_enforcer,False,1
129,Caleb Williams,QB,2,Travis,Reid,8.397272243973777,anchor,False,1
130,Trevor Lawrence,QB,3,Jason,Reid,133.93,anchor,True,1
131,Savion Williams,WR,24,Shane,Shane,341.0,price_enforcer,True,1
132,Jarquez Hunter,RB,31,Travis,Travis,1.0,anchor,False,1
133,Xavier Smith,WR,23,Jason,Jason,1.0,price_enforcer,False,1
134,Greg Dortch,WR,25,Travis,Travis,1.0,anchor,False,1
135,Demarcus Robinson,WR,15,Jason,Jason,1.0,price_enforcer,False,1
136,Seth McGowan,RB,15,Travis,Travis,1.210304457176127,anchor,False,1
137,Jadarian Price,RB,1,Jason,Travis,241.79,anchor,True,1
138,Kareem Hunt,RB,31,Jason,Jason,286.0,price_enforcer,True,1
1,Deshaun Watson,QB,12,Coby,Coby,1.0,positional_extremist_wr,False,2
2,Tyrod Taylor,QB,7,Travis,Travis,1.0,balanced,False,2
3,Jacoby Brissett,QB,11,Reid,Reid,1.0,balanced,False,2
4,Fernando Mendoza,QB,14,James,James,1.0,tier_controller,False,2
5,Mike Gesicki,TE,18,Brandon,Brandon,1.0,anchor,False,2
6,Luke Schoonmaker,TE,13,Ryan J,Ryan J,1.0,balanced,False,2
7,Pat Freiermuth,TE,17,CJ,CJ,1.0,positional_extremist_wr,False,2
8,Justin Fields,QB,9,Sam,Sam,1.0,value_purist,False,2
9,Antonio Williams,WR,40,Evan,Evan,1.0,stars_and_scrubs,False,2
10,Caleb Douglas,WR,40,Brad,Brad,1.0,emotional,False,2
11,Zavion Thomas,WR,16,Shane,Shane,1.0,anchor,False,2
12,Ja'Kobi Lane,WR,33,Jason,Jason,1.0,positional_extremist_rb,False,2
13,Sam Roush,TE,15,Coby,Coby,1.0,positional_extremist_wr,False,2
14,Aaron Rodgers,QB,12,Travis,Travis,1.0,balanced,False,2
15,Sam Darnold,QB,13,Reid,Reid,1.0,balanced,False,2
16,Tua Tagovailoa,QB,13,James,James,1.0,tier_controller,False,2
17,Daniel Jones,QB,10,Brandon,Brandon,1.0,anchor,False,2
18,Marvin Mims Jr.,WR,36,Ryan J,Ryan J,1.0,balanced,False,2
19,Tyson Bagent,QB,10,CJ,CJ,1.0,positional_extremist_wr,False,2
20,Jaleel McLaughlin,RB,30,Sam,Sam,1.0,value_purist,False,2
21,Noah Whittington,RB,26,Evan,Evan,1.0,stars_and_scrubs,False,2
22,Mitchell Evans,TE,11,Brad,Brad,1.0,emotional,False,2
23,Durham Smythe,TE,13,Shane,Shane,1.0,anchor,False,2
24,David Njoku,TE,20,Jason,Jason,1.0,positional_extremist_rb,False,2
25,Ollie Gordon,RB,27,Coby,Coby,1.0,positional_extremist_wr,False,2
26,Kareem Hunt,RB,31,Travis,Travis,1.0,balanced,False,2
27,Marcus Mariota,QB,6,Reid,Reid,1.0,balanced,False,2
28,KeAndre Lambert-Smith,WR,30,James,James,1.0,tier_controller,False,2
29,Travis Hunter,WR,31,Brandon,Brandon,1.0,anchor,False,2
30,Shedeur Sanders,QB,9,Ryan J,Ryan J,1.0,balanced,False,2
31,Ashton Dulin,WR,14,CJ,CJ,1.0,positional_extremist_wr,False,2
32,Will Shipley,RB,29,Sam,Sam,1.0,value_purist,False,2
33,Colby Parkinson,TE,16,Evan,Evan,1.0,stars_and_scrubs,False,2
34,Audric Estime,RB,30,Brad,Brad,1.0,emotional,False,2
35,Nick Westbrook-Ikhine,WR,15,Shane,Shane,1.0,anchor,False,2
36,Jack Bech,WR,39,Jason,Jason,1.0,positional_extremist_rb,False,2
37,Jarquez Hunter,RB,31,Coby,Coby,1.0,positional_extremist_wr,False,2
38,Marquez Valdes-Scantling,WR,32,Travis,Travis,1.0,balanced,False,2
39,JJ McCarthy,QB,11,Reid,Reid,1.0,balanced,False,2
40,Kene Nwangwu,RB,28,James,James,1.0,tier_controller,False,2
41,Cam Ward,QB,14,Brandon,Brandon,1.0,anchor,False,2
42,Kayshon Boutte,WR,32,Ryan J,Ryan J,1.0,balanced,False,2
43,Riley Leonard,QB,8,CJ,CJ,1.0,positional_extremist_wr,False,2
44,Patrick Ricard,RB,28,Sam,Sam,1.0,value_purist,False,2
45,Raheim Sanders,RB,18,Evan,Evan,1.0,stars_and_scrubs,False,2
46,Eli Heidenreich,RB,19,Brad,Brad,1.0,emotional,False,2
47,Carson Beck,QB,7,Shane,Shane,1.0,anchor,False,2
48,Deion Burks,WR,26,Jason,Jason,1.0,positional_extremist_rb,False,2
49,Van Jefferson,WR,31,Coby,Coby,1.0,positional_extremist_wr,False,2
50,Jahan Dotson,WR,34,Travis,Travis,1.0,balanced,False,2
51,Dyami Brown,WR,25,Reid,Reid,1.0,balanced,False,2
52,Cade Klubnik,QB,8,James,James,1.0,tier_controller,False,2
53,Adam Trautman,TE,15,Brandon,Brandon,1.0,anchor,False,2
54,Austin Hooper,TE,11,Ryan J,Ryan J,1.0,balanced,False,2
55,Oronde Gadsden,TE,19,CJ,CJ,1.0,positional_extremist_wr,False,2
56,Elijah Higgins,TE,12,Sam,Sam,1.0,value_purist,False,2
57,Chris Brazzell II,WR,18,Evan,Evan,1.0,stars_and_scrubs,False,2
58,Tai Felton,WR,26,Brad,Brad,1.0,emotional,False,2
59,Darnell Washington,TE,17,Shane,Shane,1.0,anchor,False,2
60,Evan Hull,RB,29,Jason,Jason,1.0,positional_extremist_rb,False,2
61,Greg Dulcich,TE,20,Coby,Coby,1.0,positional_extremist_wr,False,2
62,Theo Johnson,TE,16,Travis,Travis,1.0,balanced,False,2
63,Tory Horton,WR,27,Reid,Reid,1.0,balanced,False,2
64,Isaac TeSlaa,WR,33,James,James,1.0,tier_controller,False,2
65,DeMario Douglas,WR,34,Brandon,Brandon,1.0,anchor,False,2
66,Kenneth Gainwell,RB,27,Ryan J,Ryan J,1.0,balanced,False,2
67,Greg Dortch,WR,25,CJ,CJ,1.0,positional_extremist_wr,False,2
68,Roman Wilson,WR,24,Sam,Sam,1.0,value_purist,False,2
69,Dontayvion Wicks,WR,37,Evan,Evan,1.0,stars_and_scrubs,False,2
70,Luke McCaffrey,WR,17,Brad,Brad,1.0,emotional,False,2
71,Jameis Winston,QB,6,Shane,Shane,1.0,anchor,False,2
72,Jacob Cowing,WR,23,Jason,Jason,1.0,positional_extremist_rb,False,2
73,Jaylin Noel,WR,29,Coby,Coby,1.0,positional_extremist_wr,False,2
74,Mason Taylor,TE,14,Travis,Travis,1.0,balanced,False,2
75,Evan Engram,TE,19,Reid,Reid,1.0,balanced,False,2
76,Jawhar Jordan,RB,24,James,James,1.0,tier_controller,False,2
77,Dameon Pierce,RB,25,Brandon,Brandon,1.0,anchor,False,2
78,Tre Harris,WR,38,Ryan J,Ryan J,1.0,balanced,False,2
79,Chris Bell,WR,39,CJ,CJ,1.0,positional_extremist_wr,False,2
80,Cyrus Allen,WR,38,Sam,Sam,1.0,value_purist,False,2
81,Ty Johnson,RB,32,Evan,Evan,1.0,stars_and_scrubs,False,2
82,Rasheen Ali,RB,20,Brad,Brad,1.0,emotional,False,2
83,Cash Jones,RB,26,Shane,Shane,1.0,anchor,False,2
84,Hunter Luepke,RB,25,Jason,Jason,1.0,positional_extremist_rb,False,2
85,Dylan Laube,RB,21,Coby,Coby,1.0,positional_extremist_wr,False,2
86,Reggie Gilliam,RB,23,Travis,Travis,1.0,balanced,False,2
87,Cade Otton,TE,12,Reid,Reid,1.0,balanced,False,2
88,Roschon Johnson,RB,18,James,James,1.0,tier_controller,False,2
89,Antonio Gibson,RB,22,Brandon,Brandon,1.0,anchor,False,2
90,Adam Prentice,RB,19,Ryan J,Ryan J,1.0,balanced,False,2
91,Josh Williams,RB,21,CJ,CJ,1.0,positional_extremist_wr,False,2
92,Matthew Stafford,QB,5,Sam,James,1.6081864561136603,tier_controller,False,2
93,Jordan Love,QB,4,Evan,Jason,3.6544649211019182,positional_extremist_rb,False,2
94,Nicholas Singleton,RB,16,Brad,Jason,1.7168880442587529,positional_extremist_rb,False,2
95,Khalil Herbert,RB,22,Shane,Shane,1.0,anchor,False,2
96,Jackson Hawes,TE,14,Jason,Jason,1.0,positional_extremist_rb,False,2
97,Luther Burden,WR,28,Coby,Coby,1.0,positional_extremist_wr,False,2
98,Tommy Tremble,TE,5,Travis,Travis,1.0,balanced,False,2
99,Malik Washington,WR,29,Reid,Reid,1.0,balanced,False,2
100,Jahdae Walker,WR,22,James,James,1.0,tier_controller,False,2
101,Aaron Jones Sr,RB,4,Brandon,Shane,147.5,anchor,False,2
102,Cooper Kupp,WR,11,Ryan J,James,323.39,tier_controller,True,2
103,Mitch Tinsley,WR,22,CJ,CJ,1.0,positional_extremist_wr,False,2
104,Jalen Hurts,QB,1,Sam,Evan,23.712000000000003,stars_and_scrubs,False,2
105,Tyler Allgeier,RB,7,Evan,CJ,240.0,positional_extremist_wr,True,2
106,Malik Davis,RB,12,Brad,Jason,1.4756252911994239,positional_extremist_rb,False,2
107,Tyrone Tracy Jr,RB,9,Shane,Jason,282.15,positional_extremist_rb,True,2
108,Reggie Virgil,WR,30,Coby,Coby,1.0,positional_extremist_wr,False,2
109,Sean Tucker,RB,14,Travis,Evan,1.4354259346765832,stars_and_scrubs,False,2
110,Devin Neal,RB,12,Reid,Brad,1.5933121151415668,emotional,False,2
111,Mark Andrews,TE,2,Brandon,Brad,15.36711751902178,emotional,False,2
112,Terry McLaurin,WR,2,Ryan J,Coby,286.0,positional_extremist_wr,True,2
113,Deebo Samuel,WR,3,Sam,Brandon,174.0,anchor,True,2
114,Malachi Fields,WR,41,Evan,Evan,202.85,stars_and_scrubs,True,2
115,Jeremy McNichols,RB,23,Brad,Brad,1.0,emotional,False,2
116,Elic Ayomanor,WR,27,Shane,Shane,1.0,anchor,False,2
117,Kyle Juszczyk,RB,24,Travis,Travis,1.0,balanced,False,2
118,Chuba Hubbard,RB,3,Reid,Brad,71.19000000000001,emotional,False,2
119,Keenan Allen,WR,11,Ryan J,Brad,250.85,emotional,True,2
120,Jaylen Wright,RB,15,Sam,Reid,1.1893053890860308,balanced,False,2
121,Oscar Delp,TE,7,Shane,Shane,194.5,anchor,True,2
122,Xavier Smith,WR,23,Travis,Travis,1.0,balanced,False,2
123,Sione Vaki,RB,20,Reid,Reid,1.0,balanced,False,2
124,Dont'e Thornton Jr.,WR,16,Ryan J,Ryan J,1.0,balanced,False,2
125,Dalton Schultz,TE,4,Sam,Ryan J,4.742423730945261,balanced,False,2
126,Josh Cameron,WR,28,Travis,Travis,1.0,balanced,False,2
127,Travis Etienne,RB,5,Reid,Travis,361.0,balanced,True,2
128,Ja'Tavion Sanders,TE,6,Ryan J,Ryan J,1.0,balanced,False,2
129,Moliki Matavao,TE,9,Sam,Sam,1.0,value_purist,False,2
130,Tyler Lockett,WR,21,Reid,Reid,1.0,balanced,False,2
131,Makai Lemon,WR,8,Ryan J,Reid,312.81,balanced,True,2
132,Pat Bryant,WR,13,Sam,Ryan J,1.1775917651816832,balanced,False,2
133,Devontez Walker,WR,19,Ryan J,Ryan J,362.08,balanced,True,2
134,Omar Cooper Jr.,WR,37,Sam,Sam,1.0,value_purist,False,2
135,Matt Hibner,TE,10,Sam,Sam,1.0,value_purist,False,2
136,Olamide Zaccheaus,WR,20,Sam,Sam,1.0,value_purist,False,2
137,Cole Kmet,TE,8,Sam,Sam,1.0,value_purist,False,2
138,Savion Williams,WR,24,Sam,Sam,330.0,value_purist,True,2
1,Sam Darnold,QB,13,Sam,Sam,1.0,emotional,False,3
2,Justin Fields,QB,9,Brandon,Brandon,1.0,price_enforcer,False,3
3,Aaron Rodgers,QB,12,Shane,Shane,1.0,value_purist,False,3
4,Darnell Washington,TE,17,Evan,Evan,1.0,tier_controller,False,3
5,Jameis Winston,QB,6,Ryan J,Ryan J,1.0,positional_extremist_wr,False,3
6,Sam Roush,TE,15,Jason,Jason,1.0,value_purist,False,3
7,JJ McCarthy,QB,11,Coby,Coby,1.0,tier_controller,False,3
8,Antonio Williams,WR,40,CJ,CJ,1.0,positional_extremist_rb,False,3
9,Cam Ward,QB,14,James,James,1.0,emotional,False,3
10,Greg Dulcich,TE,20,Travis,Travis,1.0,anchor,False,3
11,Ja'Kobi Lane,WR,33,Brad,Brad,1.0,anchor,False,3
12,Kayshon Boutte,WR,32,Reid,Reid,1.0,price_enforcer,False,3
13,Dontayvion Wicks,WR,37,Sam,Sam,1.0,emotional,False,3
14,Adam Trautman,TE,15,Brandon,Brandon,1.0,price_enforcer,False,3
15,Isaac TeSlaa,WR,33,Shane,Shane,1.0,value_purist,False,3
16,Audric Estime,RB,30,Evan,Evan,1.0,tier_controller,False,3
17,Jahan Dotson,WR,34,Ryan J,Ryan J,1.0,positional_extremist_wr,False,3
18,Jacoby Brissett,QB,11,Jason,Jason,1.0,value_purist,False,3
19,Evan Engram,TE,19,Coby,Coby,1.0,tier_controller,False,3
20,Chris Bell,WR,39,CJ,CJ,1.0,positional_extremist_rb,False,3
21,Kareem Hunt,RB,31,James,James,1.0,emotional,False,3
22,Mack Hollins,WR,36,Travis,Travis,1.0,anchor,False,3
23,Tua Tagovailoa,QB,13,Brad,Brad,1.0,anchor,False,3
24,Oronde Gadsden,TE,19,Reid,Reid,1.0,price_enforcer,False,3
25,Omar Cooper Jr.,WR,37,Sam,Sam,1.0,emotional,False,3
26,Eli Heidenreich,RB,19,Brandon,Brandon,1.0,price_enforcer,False,3
27,Will Shipley,RB,29,Shane,Shane,1.0,value_purist,False,3
28,Evan Hull,RB,29,Evan,Evan,1.0,tier_controller,False,3
29,Colby Parkinson,TE,16,Ryan J,Ryan J,1.0,positional_extremist_wr,False,3
30,Roschon Johnson,RB,18,Jason,Jason,1.0,value_purist,False,3
31,Kyle Juszczyk,RB,24,Coby,Coby,1.0,tier_controller,False,3
32,Tyson Bagent,QB,10,CJ,CJ,1.0,positional_extremist_rb,False,3
33,Patrick Ricard,RB,28,James,James,1.0,emotional,False,3
34,Cash Jones,RB,26,Travis,Travis,1.0,anchor,False,3
35,Pat Freiermuth,TE,17,Brad,Brad,1.0,anchor,False,3
36,KeAndre Lambert-Smith,WR,30,Reid,Reid,1.0,price_enforcer,False,3
37,Jawhar Jordan,RB,24,Sam,Sam,1.0,emotional,False,3
38,DeMario Douglas,WR,34,Brandon,Brandon,1.0,price_enforcer,False,3
39,Kene Nwangwu,RB,28,Shane,Shane,1.0,value_purist,False,3
40,Fernando Mendoza,QB,14,Evan,Evan,1.0,tier_controller,False,3
41,Khalil Herbert,RB,22,Ryan J,Ryan J,1.0,positional_extremist_wr,False,3
42,Luke Schoonmaker,TE,13,Jason,Jason,1.0,value_purist,False,3
43,Theo Johnson,TE,16,Coby,Coby,1.0,tier_controller,False,3
44,Matt Hibner,TE,10,CJ,CJ,1.0,positional_extremist_rb,False,3
45,Malik Washington,WR,29,James,James,1.0,emotional,False,3
46,Malachi Fields,WR,41,Travis,Travis,1.0,anchor,False,3
47,Mason Taylor,TE,14,Brad,Brad,1.0,anchor,False,3
48,Chris Brazzell II,WR,18,Reid,Reid,1.0,price_enforcer,False,3
49,Jackson Hawes,TE,14,Sam,Sam,1.0,emotional,False,3
50,Jaylin Lane,WR,19,Brandon,Brandon,1.0,price_enforcer,False,3
51,Greg Dortch,WR,25,Shane,Shane,1.0,value_purist,False,3
52,Jack Bech,WR,39,Evan,Evan,1.0,tier_controller,False,3
53,Savion Williams,WR,24,Ryan J,Ryan J,1.0,positional_extremist_wr,False,3
54,Raheim Sanders,RB,18,Jason,Jason,1.0,value_purist,False,3
55,Marquez Valdes-Scantling,WR,32,Coby,Coby,1.0,tier_controller,False,3
56,Travis Hunter,WR,31,CJ,CJ,1.0,positional_extremist_rb,False,3
57,Dont'e Thornton Jr.,WR,16,James,James,1.0,emotional,False,3
58,Ashton Dulin,WR,14,Travis,Travis,1.0,anchor,False,3
59,Kenneth Gainwell,RB,27,Brad,Brad,1.0,anchor,False,3
60,Sione Vaki,RB,20,Reid,Reid,1.0,price_enforcer,False,3
61,Elic Ayomanor,WR,27,Sam,Sam,1.0,emotional,False,3
62,Jaylin Noel,WR,29,Brandon,Brandon,1.0,price_enforcer,False,3
63,Tyrod Taylor,QB,7,Shane,Shane,1.0,value_purist,False,3
64,Nick Westbrook-Ikhine,WR,15,Evan,Evan,1.0,tier_controller,False,3
65,Cyrus Allen,WR,38,Ryan J,Ryan J,1.0,positional_extremist_wr,False,3
66,Tory Horton,WR,27,Jason,Jason,1.0,value_purist,False,3
67,Cade Klubnik,QB,8,Coby,Coby,1.0,tier_controller,False,3
68,Deion Burks,WR,26,CJ,CJ,1.0,positional_extremist_rb,False,3
69,Marcus Mariota,QB,6,James,James,1.0,emotional,False,3
70,Shedeur Sanders,QB,9,Travis,Travis,1.0,anchor,False,3
71,Ja'Tavion Sanders,TE,6,Brad,Brad,1.0,anchor,False,3
72,Cade Otton,TE,12,Reid,Reid,1.0,price_enforcer,False,3
73,Durham Smythe,TE,13,Sam,Sam,1.0,emotional,False,3
74,Luther Burden,WR,28,Brandon,Brandon,1.0,price_enforcer,False,3
75,Tai Felton,WR,26,Shane,Shane,1.0,value_purist,False,3
76,Caleb Douglas,WR,40,Evan,Evan,1.0,tier_controller,False,3
77,Deshaun Watson,QB,12,Ryan J,Ryan J,1.0,positional_extremist_wr,False,3
78,Daniel Jones,QB,10,Jason,Jason,1.0,value_purist,False,3
79,Marvin Mims Jr.,WR,36,Coby,Coby,1.0,tier_controller,False,3
80,Mitchell Evans,TE,11,CJ,CJ,1.0,positional_extremist_rb,False,3
81,Josh Oliver,TE,10,James,James,1.0,emotional,False,3
82,Noah Whittington,RB,26,Travis,Travis,1.0,anchor,False,3
83,Jarquez Hunter,RB,31,Brad,Brad,1.0,anchor,False,3
84,Cole Kmet,TE,8,Reid,Reid,1.0,price_enforcer,False,3
85,Noah Fant,TE,5,Sam,Sam,1.0,emotional,False,3
86,Tommy Tremble,TE,5,Brandon,Brandon,1.0,price_enforcer,False,3
87,Austin Hooper,TE,11,Shane,Shane,1.0,value_purist,False,3
88,Carson Beck,QB,7,Evan,Evan,1.0,tier_controller,False,3
89,Van Jefferson,WR,31,Ryan J,Ryan J,1.0,positional_extremist_wr,False,3
90,Ollie Gordon,RB,27,Jason,Jason,1.0,value_purist,False,3
91,Riley Leonard,QB,8,Coby,Coby,1.0,tier_controller,False,3
92,Mike Gesicki,TE,18,CJ,CJ,1.0,positional_extremist_rb,False,3
93,DeVonta Smith,WR,1,James,Travis,177.5,anchor,False,3
94,Marvin Harrison Jr,WR,10,Travis,Sam,11.207742264668601,emotional,False,3
95,Ty Johnson,RB,32,Brad,Brad,1.0,anchor,False,3
96,Adam Prentice,RB,19,Reid,Reid,1.0,price_enforcer,False,3
97,Mark Andrews,TE,2,Sam,Coby,18.25033159701291,tier_controller,False,3
98,Elijah Higgins,TE,12,Brandon,Brandon,174.0,price_enforcer,True,3
99,Dyami Brown,WR,25,Shane,Shane,1.0,value_purist,False,3
100,Jaleel McLaughlin,RB,30,Evan,Evan,1.0,tier_controller,False,3
101,Jordan Addison,WR,7,Ryan J,Sam,31.495311632076767,emotional,False,3
102,Tucker Kraft,TE,1,Jason,Coby,38.823599931385324,tier_controller,False,3
103,Malik Davis,RB,12,Coby,Evan,226.0,tier_controller,True,3
104,Josh Downs,WR,5,CJ,Ryan J,56.3479717052799,positional_extremist_wr,False,3
105,Keenan Allen,WR,11,James,Ryan J,4.8170180390900885,positional_extremist_wr,False,3
106,Chris Rodriguez Jr,RB,11,Travis,Ryan J,5.0,positional_extremist_wr,False,3
107,Demond Claiborne,RB,14,Brad,Coby,230.93,tier_controller,True,3
108,Pat Bryant,WR,13,Reid,James,1.7398139323572164,emotional,False,3
109,Dallas Goedert,TE,2,Sam,Ryan J,13.451377667676176,positional_extremist_wr,False,3
110,Stefon Diggs,WR,7,Shane,Ryan J,290.38,positional_extremist_wr,True,3
111,Deebo Samuel,WR,3,Jason,Sam,120.0,emotional,False,3
112,Josh Williams,RB,21,CJ,CJ,1.0,positional_extremist_rb,False,3
113,Devin Singletary,RB,17,James,CJ,240.0,positional_extremist_rb,True,3
114,Brian Thomas Jr,WR,10,Travis,Sam,8.201764300216029,emotional,False,3
115,Mike Washington Jr.,RB,8,Brad,James,15.887400492551334,emotional,False,3
116,Romeo Doubs,WR,8,Reid,Sam,163.09,emotional,True,3
117,Mitch Tinsley,WR,22,Shane,Shane,1.0,value_purist,False,3
118,Devin Neal,RB,12,Jason,Travis,1.17928335425163,anchor,False,3
119,Sam LaPorta,TE,1,James,James,27.681406623577143,emotional,False,3
120,Dalton Schultz,TE,4,Travis,James,281.69,emotional,True,3
121,Jordan Love,QB,4,Brad,Travis,2.4049778827304236,anchor,False,3
122,Brian Robinson Jr,RB,6,Reid,Shane,341.0,value_purist,True,3
123,Xavier Smith,WR,23,Jason,Jason,1.0,value_purist,False,3
124,Jacob Cowing,WR,23,Travis,Travis,1.0,anchor,False,3
125,Reggie Gilliam,RB,23,Brad,Brad,1.0,anchor,False,3
126,Jahdae Walker,WR,22,Reid,Reid,1.0,price_enforcer,False,3
127,Reggie Virgil,WR,30,Jason,Jason,1.0,value_purist,False,3
128,Moliki Matavao,TE,9,Travis,Travis,1.0,anchor,False,3
129,Cade Stover,TE,9,Brad,Brad,1.0,anchor,False,3
130,Roman Wilson,WR,24,Reid,Reid,1.0,price_enforcer,False,3
131,Michael Mayer,TE,7,Jason,Jason,1.0,value_purist,False,3
132,Tank Bigsby,RB,9,Travis,Brad,11.740320160030345,anchor,False,3
133,Bucky Irving,RB,1,Brad,Brad,325.26,anchor,True,3
134,RJ Harvey,RB,3,Reid,Jason,286.0,value_purist,True,3
135,Josh Cameron,WR,28,Travis,Travis,182.92,anchor,True,3
136,Eli Stowers,TE,18,Reid,Reid,1.0,price_enforcer,False,3
137,Hunter Luepke,RB,25,Reid,Reid,1.0,price_enforcer,False,3
138,Kendrick Bourne,WR,17,Reid,Reid,313.0,price_enforcer,True,3
1,JJ McCarthy,QB,11,Brad,Brad,1.0,emotional,False,4
2,Jameis Winston,QB,6,Sam,Sam,1.0,stars_and_scrubs,False,4
3,Tua Tagovailoa,QB,13,Jason,Jason,1.0,anchor,False,4
4,Evan Engram,TE,19,Travis,Travis,1.0,positional_extremist_wr,False,4
5,Cam Ward,QB,14,Shane,Shane,1.0,balanced,False,4
6,Erick All Jr.,TE,8,Evan,Evan,1.0,emotional,False,4
7,Justin Fields,QB,9,CJ,CJ,1.0,balanced,False,4
8,Luke McCaffrey,WR,17,Brandon,Brandon,1.0,tier_controller,False,4
9,Austin Hooper,TE,11,Ryan J,Ryan J,1.0,positional_extremist_wr,False,4
10,Fernando Mendoza,QB,14,Coby,Coby,1.0,value_purist,False,4
11,Jacoby Brissett,QB,11,James,James,1.0,positional_extremist_rb,False,4
12,Marvin Mims Jr.,WR,36,Reid,Reid,1.0,balanced,False,4
13,Kene Nwangwu,RB,28,Brad,Brad,1.0,emotional,False,4
14,Mason Taylor,TE,14,Sam,Sam,1.0,stars_and_scrubs,False,4
15,Rasheen Ali,RB,20,Jason,Jason,1.0,anchor,False,4
16,Will Shipley,RB,29,Travis,Travis,1.0,positional_extremist_wr,False,4
17,Pat Freiermuth,TE,17,Shane,Shane,1.0,balanced,False,4
18,Cash Jones,RB,26,Evan,Evan,1.0,emotional,False,4
19,Treylon Burks,WR,18,CJ,CJ,1.0,balanced,False,4
20,Marcus Mariota,QB,6,Brandon,Brandon,1.0,tier_controller,False,4
21,Antonio Williams,WR,40,Ryan J,Ryan J,1.0,positional_extremist_wr,False,4
22,Marquez Valdes-Scantling,WR,32,Coby,Coby,1.0,value_purist,False,4
23,Van Jefferson,WR,31,James,James,1.0,positional_extremist_rb,False,4
24,Kayshon Boutte,WR,32,Reid,Reid,1.0,balanced,False,4
25,Caleb Douglas,WR,40,Brad,Brad,1.0,emotional,False,4
26,Ty Johnson,RB,32,Sam,Sam,1.0,stars_and_scrubs,False,4
27,Josh Cameron,WR,28,Jason,Jason,1.0,anchor,False,4
28,Colby Parkinson,TE,16,Travis,Travis,1.0,positional_extremist_wr,False,4
29,Aaron Rodgers,QB,12,Shane,Shane,1.0,balanced,False,4
30,Roschon Johnson,RB,18,Evan,Evan,1.0,emotional,False,4
31,Jackson Hawes,TE,14,CJ,CJ,1.0,balanced,False,4
32,Jaleel McLaughlin,RB,30,Brandon,Brandon,1.0,tier_controller,False,4
33,Ollie Gordon,RB,27,Ryan J,Ryan J,1.0,positional_extremist_wr,False,4
34,Chris Brazzell II,WR,18,Coby,Coby,1.0,value_purist,False,4
35,Deshaun Watson,QB,12,James,James,1.0,positional_extremist_rb,False,4
36,Sam Darnold,QB,13,Reid,Reid,1.0,balanced,False,4
37,Sione Vaki,RB,20,Brad,Brad,1.0,emotional,False,4
38,Oscar Delp,TE,7,Sam,Sam,1.0,stars_and_scrubs,False,4
39,Ja'Tavion Sanders,TE,6,Jason,Jason,1.0,anchor,False,4
40,Shedeur Sanders,QB,9,Travis,Travis,1.0,positional_extremist_wr,False,4
41,Travis Hunter,WR,31,Shane,Shane,1.0,balanced,False,4
42,Durham Smythe,TE,13,Evan,Evan,1.0,emotional,False,4
43,Patrick Ricard,RB,28,CJ,CJ,1.0,balanced,False,4
44,Jeremy McNichols,RB,23,Brandon,Brandon,1.0,tier_controller,False,4
45,DeMario Douglas,WR,34,Ryan J,Ryan J,1.0,positional_extremist_wr,False,4
46,Isaac TeSlaa,WR,33,Coby,Coby,1.0,value_purist,False,4
47,Devontez Walker,WR,19,James,James,1.0,positional_extremist_rb,False,4
48,Darnell Washington,TE,17,Reid,Reid,1.0,balanced,False,4
49,Ja'Kobi Lane,WR,33,Brad,Brad,1.0,emotional,False,4
50,Audric Estime,RB,30,Sam,Sam,1.0,stars_and_scrubs,False,4
51,Chris Bell,WR,39,Jason,Jason,1.0,anchor,False,4
52,Evan Hull,RB,29,Travis,Travis,1.0,positional_extremist_wr,False,4
53,Raheim Sanders,RB,18,Shane,Shane,1.0,balanced,False,4
54,Ashton Dulin,WR,14,Evan,Evan,1.0,emotional,False,4
55,Cyrus Allen,WR,38,CJ,CJ,1.0,balanced,False,4
56,Deion Burks,WR,26,Brandon,Brandon,1.0,tier_controller,False,4
57,Zavion Thomas,WR,16,Ryan J,Ryan J,1.0,positional_extremist_wr,False,4
58,Kenneth Gainwell,RB,27,Coby,Coby,1.0,value_purist,False,4
59,Daniel Jones,QB,10,James,James,1.0,positional_extremist_rb,False,4
60,Nick Westbrook-Ikhine,WR,15,Reid,Reid,1.0,balanced,False,4
61,Jahan Dotson,WR,34,Brad,Brad,1.0,emotional,False,4
62,Reggie Virgil,WR,30,Sam,Sam,1.0,stars_and_scrubs,False,4
63,Malik Washington,WR,29,Jason,Jason,1.0,anchor,False,4
64,Khalil Herbert,RB,22,Travis,Travis,1.0,positional_extremist_wr,False,4
65,Tyson Bagent,QB,10,Shane,Shane,1.0,balanced,False,4
66,Tyrod Taylor,QB,7,Evan,Evan,1.0,emotional,False,4
67,KeAndre Lambert-Smith,WR,30,CJ,CJ,1.0,balanced,False,4
68,Tai Felton,WR,26,Brandon,Brandon,1.0,tier_controller,False,4
69,Dont'e Thornton Jr.,WR,16,Ryan J,Ryan J,1.0,positional_extremist_wr,False,4
70,Dameon Pierce,RB,25,Coby,Coby,1.0,value_purist,False,4
71,Jaylin Noel,WR,29,James,James,1.0,positional_extremist_rb,False,4
72,Jack Bech,WR,39,Reid,Reid,1.0,balanced,False,4
73,Malachi Fields,WR,41,Brad,Brad,1.0,emotional,False,4
74,Tre Harris,WR,38,Sam,Sam,1.0,stars_and_scrubs,False,4
75,Dylan Laube,RB,21,Jason,Jason,1.0,anchor,False,4
76,Hunter Luepke,RB,25,Travis,Travis,1.0,positional_extremist_wr,False,4
77,Noah Whittington,RB,26,Shane,Shane,1.0,balanced,False,4
78,Jawhar Jordan,RB,24,Evan,Evan,1.0,emotional,False,4
79,Reggie Gilliam,RB,23,CJ,CJ,1.0,balanced,False,4
80,Josh Williams,RB,21,Brandon,Brandon,1.0,tier_controller,False,4
81,Omar Cooper Jr.,WR,37,Ryan J,Ryan J,1.0,positional_extremist_wr,False,4
82,Adam Prentice,RB,19,Coby,Coby,1.0,value_purist,False,4
83,Sam Roush,TE,15,James,James,1.0,positional_extremist_rb,False,4
84,Mitchell Evans,TE,11,Reid,Reid,1.0,balanced,False,4
85,Eli Heidenreich,RB,19,Brad,Brad,1.0,emotional,False,4
86,Theo Johnson,TE,16,Sam,Sam,1.0,stars_and_scrubs,False,4
87,Matt Hibner,TE,10,Jason,Jason,1.0,anchor,False,4
88,Cole Kmet,TE,8,Travis,Travis,1.0,positional_extremist_wr,False,4
89,David Njoku,TE,20,Shane,Shane,1.0,balanced,False,4
90,Kyle Juszczyk,RB,24,Evan,Evan,1.0,emotional,False,4
91,Jordan Watkins,WR,21,CJ,CJ,1.0,balanced,False,4
92,Cade Stover,TE,9,Brandon,Brandon,1.0,tier_controller,False,4
93,Elijah Higgins,TE,12,Ryan J,Ryan J,1.0,positional_extremist_wr,False,4
94,Najee Harris,RB,13,Coby,Ryan J,1.686804306727275,positional_extremist_wr,False,4
95,Kareem Hunt,RB,31,James,James,1.0,positional_extremist_rb,False,4
96,Cade Klubnik,QB,8,Reid,Reid,1.0,balanced,False,4
97,Tetairoa McMillan,WR,1,Brad,Brad,170.0,emotional,False,4
98,Josh Oliver,TE,10,Sam,Sam,1.0,stars_and_scrubs,False,4
99,Jajuan Jennings,WR,9,Jason,Brandon,174.0,tier_controller,True,4
100,Savion Williams,WR,24,Travis,Travis,1.0,positional_extremist_wr,False,4
101,Noah Fant,TE,5,Shane,Shane,1.0,balanced,False,4
102,Adam Trautman,TE,15,Evan,Evan,1.0,emotional,False,4
103,Brian Robinson Jr,RB,6,CJ,Evan,226.0,emotional,True,4
104,Mike Gesicki,TE,18,Ryan J,Ryan J,1.0,positional_extremist_wr,False,4
105,Drake Maye,QB,1,Coby,Ryan J,25.868636219850835,positional_extremist_wr,False,4
106,Eli Stowers,TE,18,James,James,1.0,positional_extremist_rb,False,4
107,Michael Mayer,TE,7,Reid,Reid,1.0,balanced,False,4
108,Stefon Diggs,WR,7,Brad,Ryan J,32.91732741155945,positional_extremist_wr,False,4
109,Travis Etienne,RB,5,Sam,Ryan J,308.52,positional_extremist_wr,True,4
110,Noah Gray,TE,6,Jason,Jason,1.0,anchor,False,4
111,Mack Hollins,WR,36,Travis,Travis,1.0,positional_extremist_wr,False,4
112,Tommy Tremble,TE,5,Shane,Shane,1.0,balanced,False,4
113,Tyler Allgeier,RB,7,CJ,James,21.44237294979657,positional_extremist_rb,False,4
114,Bucky Irving,RB,1,Coby,Sam,255.0,stars_and_scrubs,False,4
115,Tre Tucker,WR,13,James,Travis,3.293563246176534,positional_extremist_wr,False,4
116,Brashard Smith,RB,17,Reid,Brad,1.6241769942090514,emotional,False,4
117,Jordan Love,QB,4,Brad,Jason,2.372606182855144,anchor,False,4
118,Jordan James,RB,13,Sam,James,303.56,positional_extremist_rb,True,4
119,Dylan Sampson,RB,8,Jason,Brad,19.098136014832143,emotional,False,4
120,Matthew Golden,WR,6,Travis,Travis,30.557011830965447,positional_extremist_wr,False,4
121,Matthew Stafford,QB,5,Shane,Sam,1.4770691360831727,stars_and_scrubs,False,4
122,Marvin Harrison Jr,WR,10,CJ,Travis,329.15,positional_extremist_wr,True,4
123,Terry McLaurin,WR,2,Coby,Jason,134.452,anchor,False,4
124,Jonathon Brooks,RB,2,Reid,Brad,148.28,emotional,True,4
125,Austin Ekeler,RB,6,Sam,CJ,35.981561998895764,balanced,False,4
126,Dalton Kincaid,TE,3,Jason,Shane,341.0,balanced,True,4
127,Moliki Matavao,TE,9,CJ,CJ,205.02,balanced,True,4
128,Luke Schoonmaker,TE,13,Coby,Coby,1.0,value_purist,False,4
129,Jacob Cowing,WR,23,Reid,Reid,1.0,balanced,False,4
130,Elic Ayomanor,WR,27,Sam,Sam,1.0,stars_and_scrubs,False,4
131,Konata Mumpfield,WR,20,Jason,Jason,151.18,anchor,True,4
132,Dontayvion Wicks,WR,37,Coby,Coby,1.0,value_purist,False,4
133,Antonio Gibson,RB,22,Reid,Reid,1.0,balanced,False,4
134,Jarquez Hunter,RB,31,Sam,Sam,75.52,stars_and_scrubs,True,4
135,Greg Dulcich,TE,20,Coby,Coby,1.0,value_purist,False,4
136,Mark Andrews,TE,2,Reid,Coby,286.0,value_purist,True,4
137,Xavier Smith,WR,23,Reid,Reid,1.0,balanced,False,4
138,Andrei Iosivas,WR,35,Reid,Reid,313.0,balanced,True,4
1,Deshaun Watson,QB,12,Shane,Shane,1.0,value_purist,False,5
2,Aaron Rodgers,QB,12,Coby,Coby,1.0,stars_and_scrubs,False,5
3,Shedeur Sanders,QB,9,Evan,Evan,1.0,positional_extremist_wr,False,5
4,Cole Kmet,TE,8,Travis,Travis,1.0,anchor,False,5
5,Carson Beck,QB,7,CJ,CJ,1.0,anchor,False,5
6,Oscar Delp,TE,7,Brad,Brad,1.0,tier_controller,False,5
7,Fernando Mendoza,QB,14,James,James,1.0,price_enforcer,False,5
8,Colby Parkinson,TE,16,Ryan J,Ryan J,1.0,balanced,False,5
9,Caleb Douglas,WR,40,Brandon,Brandon,1.0,positional_extremist_wr,False,5
10,Jacoby Brissett,QB,11,Reid,Reid,1.0,positional_extremist_rb,False,5
11,David Njoku,TE,20,Jason,Jason,1.0,price_enforcer,False,5
12,Malachi Fields,WR,41,Sam,Sam,1.0,anchor,False,5
13,Kayshon Boutte,WR,32,Shane,Shane,1.0,value_purist,False,5
14,Tyson Bagent,QB,10,Coby,Coby,1.0,stars_and_scrubs,False,5
15,Travis Hunter,WR,31,Evan,Evan,1.0,positional_extremist_wr,False,5
16,Will Shipley,RB,29,Travis,Travis,1.0,anchor,False,5
17,Ashton Dulin,WR,14,CJ,CJ,1.0,anchor,False,5
18,Ja'Kobi Lane,WR,33,Brad,Brad,1.0,tier_controller,False,5
19,DeMario Douglas,WR,34,James,James,1.0,price_enforcer,False,5
20,Pat Freiermuth,TE,17,Ryan J,Ryan J,1.0,balanced,False,5
21,Oronde Gadsden,TE,19,Brandon,Brandon,1.0,positional_extremist_wr,False,5
22,Cam Ward,QB,14,Reid,Reid,1.0,positional_extremist_rb,False,5
23,Antonio Williams,WR,40,Jason,Jason,1.0,price_enforcer,False,5
24,Durham Smythe,TE,13,Sam,Sam,1.0,anchor,False,5
25,Tua Tagovailoa,QB,13,Shane,Shane,1.0,value_purist,False,5
26,Sam Darnold,QB,13,Coby,Coby,1.0,stars_and_scrubs,False,5
27,Isaac TeSlaa,WR,33,Evan,Evan,1.0,positional_extremist_wr,False,5
28,Cade Klubnik,QB,8,Travis,Travis,1.0,anchor,False,5
29,JJ McCarthy,QB,11,CJ,CJ,1.0,anchor,False,5
30,Brandon Aiyuk,WR,35,Brad,Brad,1.0,tier_controller,False,5
31,Audric Estime,RB,30,James,James,1.0,price_enforcer,False,5
32,Jahan Dotson,WR,34,Ryan J,Ryan J,1.0,balanced,False,5
33,Noah Fant,TE,5,Brandon,Brandon,1.0,positional_extremist_wr,False,5
34,Cade Otton,TE,12,Reid,Reid,1.0,positional_extremist_rb,False,5
35,Riley Leonard,QB,8,Jason,Jason,1.0,price_enforcer,False,5
36,Elijah Higgins,TE,12,Sam,Sam,1.0,anchor,False,5
37,Tai Felton,WR,26,Shane,Shane,1.0,value_purist,False,5
38,Jarquez Hunter,RB,31,Coby,Coby,1.0,stars_and_scrubs,False,5
39,Ollie Gordon,RB,27,Evan,Evan,1.0,positional_extremist_wr,False,5
40,Josh Cameron,WR,28,Travis,Travis,1.0,anchor,False,5
41,Darnell Washington,TE,17,CJ,CJ,1.0,anchor,False,5
42,Ty Johnson,RB,32,Brad,Brad,1.0,tier_controller,False,5
43,KeAndre Lambert-Smith,WR,30,James,James,1.0,price_enforcer,False,5
44,Malik Washington,WR,29,Ryan J,Ryan J,1.0,balanced,False,5
45,Marquez Valdes-Scantling,WR,32,Brandon,Brandon,1.0,positional_extremist_wr,False,5
46,Theo Johnson,TE,16,Reid,Reid,1.0,positional_extremist_rb,False,5
47,Patrick Ricard,RB,28,Jason,Jason,1.0,price_enforcer,False,5
48,Jameis Winston,QB,6,Sam,Sam,1.0,anchor,False,5
49,Jack Bech,WR,39,Shane,Shane,1.0,value_purist,False,5
50,Kene Nwangwu,RB,28,Coby,Coby,1.0,stars_and_scrubs,False,5
51,Tre Harris,WR,38,Evan,Evan,1.0,positional_extremist_wr,False,5
52,Tory Horton,WR,27,Travis,Travis,1.0,anchor,False,5
53,Evan Hull,RB,29,CJ,CJ,1.0,anchor,False,5
54,Dontayvion Wicks,WR,37,Brad,Brad,1.0,tier_controller,False,5
55,Sam Roush,TE,15,James,James,1.0,price_enforcer,False,5
56,Marvin Mims Jr.,WR,36,Ryan J,Ryan J,1.0,balanced,False,5
57,Mike Gesicki,TE,18,Brandon,Brandon,1.0,positional_extremist_wr,False,5
58,Deion Burks,WR,26,Reid,Reid,1.0,positional_extremist_rb,False,5
59,Kenneth Gainwell,RB,27,Jason,Jason,1.0,price_enforcer,False,5
60,Raheim Sanders,RB,18,Sam,Sam,1.0,anchor,False,5
61,Jackson Hawes,TE,14,Shane,Shane,1.0,value_purist,False,5
62,Daniel Jones,QB,10,Coby,Coby,1.0,stars_and_scrubs,False,5
63,Dylan Laube,RB,21,Evan,Evan,1.0,positional_extremist_wr,False,5
64,Noah Whittington,RB,26,Travis,Travis,1.0,anchor,False,5
65,Adam Prentice,RB,19,CJ,CJ,1.0,anchor,False,5
66,Jeremy McNichols,RB,23,Brad,Brad,1.0,tier_controller,False,5
67,Luther Burden,WR,28,James,James,1.0,price_enforcer,False,5
68,Luke Schoonmaker,TE,13,Ryan J,Ryan J,1.0,balanced,False,5
69,Chris Brazzell II,WR,18,Brandon,Brandon,1.0,positional_extremist_wr,False,5
70,Justin Fields,QB,9,Reid,Reid,1.0,positional_extremist_rb,False,5
71,Tyrod Taylor,QB,7,Jason,Jason,1.0,price_enforcer,False,5
72,Greg Dulcich,TE,20,Sam,Sam,1.0,anchor,False,5
73,Cash Jones,RB,26,Shane,Shane,1.0,value_purist,False,5
74,Savion Williams,WR,24,Coby,Coby,1.0,stars_and_scrubs,False,5
75,Chris Bell,WR,39,Evan,Evan,1.0,positional_extremist_wr,False,5
76,Dont'e Thornton Jr.,WR,16,Travis,Travis,1.0,anchor,False,5
77,Marcus Mariota,QB,6,CJ,CJ,1.0,anchor,False,5
78,Khalil Herbert,RB,22,Brad,Brad,1.0,tier_controller,False,5
79,Jaylin Noel,WR,29,James,James,1.0,price_enforcer,False,5
80,Kareem Hunt,RB,31,Ryan J,Ryan J,1.0,balanced,False,5
81,Greg Dortch,WR,25,Brandon,Brandon,1.0,positional_extremist_wr,False,5
82,Evan Engram,TE,19,Reid,Reid,1.0,positional_extremist_rb,False,5
83,Nick Westbrook-Ikhine,WR,15,Jason,Jason,1.0,price_enforcer,False,5
84,Xavier Smith,WR,23,Sam,Sam,1.0,anchor,False,5
85,Tommy Tremble,TE,5,Shane,Shane,1.0,value_purist,False,5
86,Josh Oliver,TE,10,Coby,Coby,1.0,stars_and_scrubs,False,5
87,Mitchell Evans,TE,11,Evan,Evan,1.0,positional_extremist_wr,False,5
88,Sione Vaki,RB,20,Travis,Travis,1.0,anchor,False,5
89,Reggie Gilliam,RB,23,CJ,CJ,1.0,anchor,False,5
90,Jordan Watkins,WR,21,Brad,Brad,1.0,tier_controller,False,5
91,Jacob Cowing,WR,23,James,James,1.0,price_enforcer,False,5
92,Van Jefferson,WR,31,Ryan J,Ryan J,1.0,balanced,False,5
93,Dyami Brown,WR,25,Brandon,Brandon,1.0,positional_extremist_wr,False,5
94,Dameon Pierce,RB,25,Reid,Reid,1.0,positional_extremist_rb,False,5
95,Mack Hollins,WR,36,Jason,Jason,1.0,price_enforcer,False,5
96,Jaylin Lane,WR,19,Sam,Sam,1.0,anchor,False,5
97,Jahdae Walker,WR,22,Shane,Shane,1.0,value_purist,False,5
98,Zavion Thomas,WR,16,Coby,Coby,1.0,stars_and_scrubs,False,5
99,Kyler Murray,QB,5,Evan,Brandon,174.0,positional_extremist_wr,True,5
100,Eli Heidenreich,RB,19,Travis,Travis,1.0,anchor,False,5
101,Adam Trautman,TE,15,CJ,CJ,1.0,anchor,False,5
102,Jayden Reed,WR,6,Brad,Reid,35.108478577576456,positional_extremist_rb,False,5
103,Mark Andrews,TE,2,James,Brad,16.505117085685768,tier_controller,False,5
104,Caleb Williams,QB,2,Ryan J,Brad,11.958510193551241,tier_controller,False,5
105,Jordan James,RB,13,Reid,Brad,1.579320044022941,tier_controller,False,5
106,Jalen Hurts,QB,1,Jason,Brad,308.95,tier_controller,True,5
107,Justice Hill,RB,11,Sam,Reid,3.2160668477087064,positional_extremist_rb,False,5
108,AD Mitchell,WR,9,Shane,Reid,15.0,positional_extremist_rb,False,5
109,Matthew Stafford,QB,5,Coby,Sam,1.2659636857846492,anchor,False,5
110,Aaron Jones Sr,RB,4,Evan,CJ,240.0,anchor,True,5
111,Moliki Matavao,TE,9,Travis,Travis,1.0,anchor,False,5
112,Omar Cooper Jr.,WR,37,James,James,1.0,price_enforcer,False,5
113,Kyle Juszczyk,RB,24,Ryan J,Ryan J,1.0,balanced,False,5
114,Eli Stowers,TE,18,Reid,Reid,1.0,positional_extremist_rb,False,5
115,Jordan Love,QB,4,Jason,Coby,2.580340862252076,stars_and_scrubs,False,5
116,Emmett Johnson,RB,10,Sam,Reid,262.67,positional_extremist_rb,True,5
117,Marvin Harrison Jr,WR,10,Shane,Travis,8.266772263103178,anchor,False,5
118,Luke McCaffrey,WR,17,Coby,Coby,284.42,stars_and_scrubs,True,5
119,Matt Hibner,TE,10,Evan,Evan,1.0,positional_extremist_wr,False,5
120,Rhamondre Stevenson,RB,2,Travis,Travis,200.0,anchor,False,5
121,Bucky Irving,RB,1,James,Sam,205.1738744253603,anchor,False,5
122,Makai Lemon,WR,8,Ryan J,Shane,18.66108490486672,value_purist,False,5
123,Tre Tucker,WR,13,Jason,Travis,154.73,anchor,True,5
124,Devin Neal,RB,12,Sam,Evan,226.0,positional_extremist_wr,True,5
125,Antonio Gibson,RB,22,Shane,Shane,323.34,value_purist,True,5
126,Reggie Virgil,WR,30,James,James,1.0,price_enforcer,False,5
127,Alvin Kamara,RB,7,Ryan J,Sam,18.710751961954696,anchor,False,5
128,Ladd McConkey,WR,2,Jason,Ryan J,46.36000000000001,balanced,False,5
129,Travis Etienne,RB,5,Sam,Ryan J,37.37572819217597,balanced,False,5
130,Mason Taylor,TE,14,James,James,324.0,price_enforcer,True,5
131,Jawhar Jordan,RB,24,Ryan J,Ryan J,1.0,balanced,False,5
132,DJ Moore,WR,3,Jason,Ryan J,284.26,balanced,True,5
133,Noah Gray,TE,6,Sam,Sam,1.0,anchor,False,5
134,Rasheen Ali,RB,20,Jason,Jason,1.0,price_enforcer,False,5
135,Cyrus Allen,WR,38,Sam,Sam,107.85,anchor,True,5
136,Andrei Iosivas,WR,35,Jason,Jason,1.0,price_enforcer,False,5
137,Josh Williams,RB,21,Jason,Jason,1.0,price_enforcer,False,5
138,Cade Stover,TE,9,Jason,Jason,286.0,price_enforcer,True,5
1,Deshaun Watson,QB,12,Sam,Sam,1.0,stars_and_scrubs,False,6
2,Sam Darnold,QB,13,Evan,Evan,1.0,balanced,False,6
3,Shedeur Sanders,QB,9,Brandon,Brandon,1.0,emotional,False,6
4,Greg Dulcich,TE,20,Coby,Coby,1.0,positional_extremist_rb,False,6
5,JJ McCarthy,QB,11,Ryan J,Ryan J,1.0,tier_controller,False,6
6,Michael Mayer,TE,7,Reid,Reid,1.0,emotional,False,6
7,Tyrod Taylor,QB,7,James,James,1.0,price_enforcer,False,6
8,Marquez Valdes-Scantling,WR,32,Travis,Travis,1.0,positional_extremist_rb,False,6
9,Noah Gray,TE,6,Jason,Jason,1.0,stars_and_scrubs,False,6
10,Marcus Mariota,QB,6,CJ,CJ,1.0,price_enforcer,False,6
11,Jacoby Brissett,QB,11,Shane,Shane,1.0,positional_extremist_wr,False,6
12,Travis Hunter,WR,31,Brad,Brad,1.0,tier_controller,False,6
13,Dontayvion Wicks,WR,37,Sam,Sam,1.0,stars_and_scrubs,False,6
14,Antonio Williams,WR,40,Evan,Evan,1.0,balanced,False,6
15,Treylon Burks,WR,18,Brandon,Brandon,1.0,emotional,False,6
16,Tommy Tremble,TE,5,Coby,Coby,1.0,positional_extremist_rb,False,6
17,Durham Smythe,TE,13,Ryan J,Ryan J,1.0,tier_controller,False,6
18,Audric Estime,RB,30,Reid,Reid,1.0,emotional,False,6
19,Nick Westbrook-Ikhine,WR,15,James,James,1.0,price_enforcer,False,6
20,Malachi Fields,WR,41,Travis,Travis,1.0,positional_extremist_rb,False,6
21,Oronde Gadsden,TE,19,Jason,Jason,1.0,stars_and_scrubs,False,6
22,Jaleel McLaughlin,RB,30,CJ,CJ,1.0,price_enforcer,False,6
23,Cyrus Allen,WR,38,Shane,Shane,1.0,positional_extremist_wr,False,6
24,Will Shipley,RB,29,Brad,Brad,1.0,tier_controller,False,6
25,DeMario Douglas,WR,34,Sam,Sam,1.0,stars_and_scrubs,False,6
26,Ty Johnson,RB,32,Evan,Evan,1.0,balanced,False,6
27,Colby Parkinson,TE,16,Brandon,Brandon,1.0,emotional,False,6
28,Cam Ward,QB,14,Coby,Coby,1.0,positional_extremist_rb,False,6
29,Elijah Higgins,TE,12,Ryan J,Ryan J,1.0,tier_controller,False,6
30,Theo Johnson,TE,16,Reid,Reid,1.0,emotional,False,6
31,Mike Gesicki,TE,18,James,James,1.0,price_enforcer,False,6
32,Austin Hooper,TE,11,Travis,Travis,1.0,positional_extremist_rb,False,6
33,Darnell Washington,TE,17,Jason,Jason,1.0,stars_and_scrubs,False,6
34,Mason Taylor,TE,14,CJ,CJ,1.0,price_enforcer,False,6
35,Tyson Bagent,QB,10,Shane,Shane,1.0,positional_extremist_wr,False,6
36,Chris Brazzell II,WR,18,Brad,Brad,1.0,tier_controller,False,6
37,Reggie Virgil,WR,30,Sam,Sam,1.0,stars_and_scrubs,False,6
38,Van Jefferson,WR,31,Evan,Evan,1.0,balanced,False,6
39,Ja'Kobi Lane,WR,33,Brandon,Brandon,1.0,emotional,False,6
40,Kendrick Bourne,WR,17,Coby,Coby,1.0,positional_extremist_rb,False,6
41,Zavion Thomas,WR,16,Ryan J,Ryan J,1.0,tier_controller,False,6
42,Kareem Hunt,RB,31,Reid,Reid,1.0,emotional,False,6
43,Kenneth Gainwell,RB,27,James,James,1.0,price_enforcer,False,6
44,Marvin Mims Jr.,WR,36,Travis,Travis,1.0,positional_extremist_rb,False,6
45,Riley Leonard,QB,8,Jason,Jason,1.0,stars_and_scrubs,False,6
46,Noah Whittington,RB,26,CJ,CJ,1.0,price_enforcer,False,6
47,Raheim Sanders,RB,18,Shane,Shane,1.0,positional_extremist_wr,False,6
48,Jackson Hawes,TE,14,Brad,Brad,1.0,tier_controller,False,6
49,David Njoku,TE,20,Sam,Sam,1.0,stars_and_scrubs,False,6
50,Kayshon Boutte,WR,32,Evan,Evan,1.0,balanced,False,6
51,Chris Bell,WR,39,Brandon,Brandon,1.0,emotional,False,6
52,Fernando Mendoza,QB,14,Coby,Coby,1.0,positional_extremist_rb,False,6
53,Hunter Luepke,RB,25,Ryan J,Ryan J,1.0,tier_controller,False,6
54,Elic Ayomanor,WR,27,Reid,Reid,1.0,emotional,False,6
55,Carson Beck,QB,7,James,James,1.0,price_enforcer,False,6
56,Aaron Rodgers,QB,12,Travis,Travis,1.0,positional_extremist_rb,False,6
57,Andrei Iosivas,WR,35,Jason,Jason,1.0,stars_and_scrubs,False,6
58,Dameon Pierce,RB,25,CJ,CJ,1.0,price_enforcer,False,6
59,Kene Nwangwu,RB,28,Shane,Shane,1.0,positional_extremist_wr,False,6
60,Pat Freiermuth,TE,17,Brad,Brad,1.0,tier_controller,False,6
61,Rasheen Ali,RB,20,Sam,Sam,1.0,stars_and_scrubs,False,6
62,Cade Otton,TE,12,Evan,Evan,1.0,balanced,False,6
63,Sione Vaki,RB,20,Brandon,Brandon,1.0,emotional,False,6
64,Kyle Juszczyk,RB,24,Coby,Coby,1.0,positional_extremist_rb,False,6
65,Khalil Herbert,RB,22,Ryan J,Ryan J,1.0,tier_controller,False,6
66,Tua Tagovailoa,QB,13,Reid,Reid,1.0,emotional,False,6
67,Antonio Gibson,RB,22,James,James,1.0,price_enforcer,False,6
68,Evan Hull,RB,29,Travis,Travis,1.0,positional_extremist_rb,False,6
69,Patrick Ricard,RB,28,Jason,Jason,1.0,stars_and_scrubs,False,6
70,Deion Burks,WR,26,CJ,CJ,1.0,price_enforcer,False,6
71,Luke McCaffrey,WR,17,Shane,Shane,1.0,positional_extremist_wr,False,6
72,Jaylin Lane,WR,19,Brad,Brad,1.0,tier_controller,False,6
73,Savion Williams,WR,24,Sam,Sam,1.0,stars_and_scrubs,False,6
74,Ashton Dulin,WR,14,Evan,Evan,1.0,balanced,False,6
75,Ollie Gordon,RB,27,Brandon,Brandon,1.0,emotional,False,6
76,Cole Kmet,TE,8,Coby,Coby,1.0,positional_extremist_rb,False,6
77,Jaylin Noel,WR,29,Ryan J,Ryan J,1.0,tier_controller,False,6
78,Sam LaPorta,TE,1,Reid,Brandon,41.0,emotional,False,6
79,Greg Dortch,WR,25,James,James,1.0,price_enforcer,False,6
80,Jordan James,RB,13,Travis,Brandon,134.0,emotional,True,6
81,Cash Jones,RB,26,Jason,Jason,1.0,stars_and_scrubs,False,6
82,Caleb Douglas,WR,40,CJ,CJ,1.0,price_enforcer,False,6
83,Omar Cooper Jr.,WR,37,Shane,Shane,1.0,positional_extremist_wr,False,6
84,Luther Burden,WR,28,Brad,Brad,1.0,tier_controller,False,6
85,Luke Schoonmaker,TE,13,Sam,Sam,1.0,stars_and_scrubs,False,6
86,Evan Engram,TE,19,Evan,Evan,1.0,balanced,False,6
87,Tre Harris,WR,38,Coby,Coby,1.0,positional_extremist_rb,False,6
88,Jawhar Jordan,RB,24,Ryan J,Ryan J,1.0,tier_controller,False,6
89,Matt Hibner,TE,10,Reid,Reid,1.0,emotional,False,6
90,Reggie Gilliam,RB,23,James,James,1.0,price_enforcer,False,6
91,Josh Oliver,TE,10,Travis,Travis,1.0,positional_extremist_rb,False,6
92,Jeremy McNichols,RB,23,Jason,Jason,1.0,stars_and_scrubs,False,6
93,Daniel Jones,QB,10,CJ,CJ,1.0,price_enforcer,False,6
94,Cade Klubnik,QB,8,Shane,Shane,1.0,positional_extremist_wr,False,6
95,Sam Roush,TE,15,Brad,Brad,1.0,tier_controller,False,6
96,Ja'Tavion Sanders,TE,6,Sam,Sam,1.0,stars_and_scrubs,False,6
97,Jameis Winston,QB,6,Evan,Evan,1.0,balanced,False,6
98,CJ Stroud,QB,2,Coby,Brad,22.052654704213708,tier_controller,False,6
99,Matthew Stafford,QB,5,Ryan J,Brad,1.58365982259398,tier_controller,False,6
100,Aaron Jones Sr,RB,4,Reid,Jason,147.5,stars_and_scrubs,False,6
101,Zach Charbonnet,RB,5,James,Coby,63.94971771165068,positional_extremist_rb,False,6
102,Keenan Allen,WR,11,Travis,Coby,5.49141527313309,positional_extremist_rb,False,6
103,Deebo Samuel,WR,3,Jason,Reid,120.0,emotional,False,6
104,Devin Neal,RB,12,CJ,Coby,218.56,positional_extremist_rb,True,6
105,Emmett Johnson,RB,10,Shane,Reid,13.0,emotional,False,6
106,Brashard Smith,RB,17,Brad,Ryan J,1.6354021285938374,tier_controller,False,6
107,Brenton Strange,TE,4,Sam,Brad,8.377269271487933,tier_controller,False,6
108,Kimani Vidal,RB,10,Evan,Travis,8.494023823495034,positional_extremist_rb,False,6
109,Jared Goff,QB,3,Ryan J,Brad,306.99,tier_controller,True,6
110,Alvin Kamara,RB,7,Reid,Ryan J,26.742595847039116,tier_controller,False,6
111,Adam Trautman,TE,15,James,James,1.0,price_enforcer,False,6
112,Jadarian Price,RB,1,Travis,Ryan J,252.5,tier_controller,False,6
113,Josh Downs,WR,5,Jason,Shane,44.00696833711279,positional_extremist_wr,False,6
114,Moliki Matavao,TE,9,CJ,CJ,1.0,price_enforcer,False,6
115,Marvin Harrison Jr,WR,10,Shane,Shane,9.166870399355119,positional_extremist_wr,False,6
116,Mike Washington Jr.,RB,8,Sam,Travis,22.396296536598665,positional_extremist_rb,False,6
117,Jayden Reed,WR,6,Evan,Shane,289.82,positional_extremist_wr,True,6
118,Adam Randall,RB,16,Ryan J,Travis,1.781685443676835,positional_extremist_rb,False,6
119,Mark Andrews,TE,2,Reid,Ryan J,15.716000000000001,tier_controller,False,6
120,DK Metcalf,WR,5,James,Reid,37.3069718392564,emotional,False,6
121,Trevor Lawrence,QB,3,Travis,Ryan J,73.4,tier_controller,True,6
122,Tetairoa McMillan,WR,1,Jason,Sam,140.5,stars_and_scrubs,False,6
123,Jajuan Jennings,WR,9,CJ,Sam,15.188265207733293,stars_and_scrubs,False,6
124,Jaylen Wright,RB,15,Sam,Travis,1.820453118705829,positional_extremist_rb,False,6
125,Dallas Goedert,TE,2,Evan,Jason,11.61258226809933,stars_and_scrubs,False,6
126,Cooper Kupp,WR,11,Reid,Sam,5.725814629311272,stars_and_scrubs,False,6
127,AD Mitchell,WR,9,James,Jason,13.50856,stars_and_scrubs,False,6
128,Demond Claiborne,RB,14,Travis,Jason,116.38,stars_and_scrubs,True,6
129,Ladd McConkey,WR,2,CJ,Sam,171.58,stars_and_scrubs,True,6
130,Pat Bryant,WR,13,Evan,Reid,1.148077842015889,emotional,False,6
131,Kyler Murray,QB,5,Reid,James,2.0837786606371296,price_enforcer,False,6
132,De'Zhaun Stribling,WR,12,James,Reid,3.024337175115987,emotional,False,6
133,RJ Harvey,RB,3,Travis,Travis,130.168,positional_extremist_rb,False,6
134,DeVonta Smith,WR,1,CJ,Travis,201.34,positional_extremist_rb,True,6
135,Tank Bigsby,RB,9,Evan,Evan,226.0,balanced,True,6
136,Nicholas Singleton,RB,16,Reid,Reid,143.52,emotional,True,6
137,Hunter Henry,TE,3,James,CJ,240.0,price_enforcer,True,6
138,Eli Stowers,TE,18,James,James,322.92,price_enforcer,True,6
1,Justin Fields,QB,9,Brandon,Brandon,1.0,stars_and_scrubs,False,7
2,Aaron Rodgers,QB,12,Shane,Shane,1.0,price_enforcer,False,7
3,JJ McCarthy,QB,11,Reid,Reid,1.0,tier_controller,False,7
4,Jackson Hawes,TE,14,Evan,Evan,1.0,tier_controller,False,7
5,Tyrod Taylor,QB,7,Jason,Jason,1.0,value_purist,False,7
6,Cam Ward,QB,14,Ryan J,Ryan J,1.0,stars_and_scrubs,False,7
7,Mason Taylor,TE,14,Travis,Travis,1.0,balanced,False,7
8,KeAndre Lambert-Smith,WR,30,Coby,Coby,1.0,positional_extremist_rb,False,7
9,David Njoku,TE,20,CJ,CJ,1.0,stars_and_scrubs,False,7
10,Jack Bech,WR,39,James,James,1.0,positional_extremist_rb,False,7
11,Fernando Mendoza,QB,14,Brad,Brad,1.0,positional_extremist_rb,False,7
12,Van Jefferson,WR,31,Sam,Sam,1.0,price_enforcer,False,7
13,DeMario Douglas,WR,34,Brandon,Brandon,1.0,stars_and_scrubs,False,7
14,Nick Westbrook-Ikhine,WR,15,Shane,Shane,1.0,price_enforcer,False,7
15,Noah Fant,TE,5,Reid,Reid,1.0,tier_controller,False,7
16,Marquez Valdes-Scantling,WR,32,Evan,Evan,1.0,tier_controller,False,7
17,Treylon Burks,WR,18,Jason,Jason,1.0,value_purist,False,7
18,Audric Estime,RB,30,Ryan J,Ryan J,1.0,stars_and_scrubs,False,7
19,Cade Klubnik,QB,8,Travis,Travis,1.0,balanced,False,7
20,Malachi Fields,WR,41,Coby,Coby,1.0,positional_extremist_rb,False,7
21,Marcus Mariota,QB,6,CJ,CJ,1.0,stars_and_scrubs,False,7
22,Jaleel McLaughlin,RB,30,James,James,1.0,positional_extremist_rb,False,7
23,Adam Trautman,TE,15,Brad,Brad,1.0,positional_extremist_rb,False,7
24,Cade Stover,TE,9,Sam,Sam,1.0,price_enforcer,False,7
25,Colby Parkinson,TE,16,Brandon,Brandon,1.0,stars_and_scrubs,False,7
26,Ja'Kobi Lane,WR,33,Shane,Shane,1.0,price_enforcer,False,7
27,Darnell Washington,TE,17,Reid,Reid,1.0,tier_controller,False,7
28,Ty Johnson,RB,32,Evan,Evan,1.0,tier_controller,False,7
29,Zavion Thomas,WR,16,Jason,Jason,1.0,value_purist,False,7
30,Jaylin Noel,WR,29,Ryan J,Ryan J,1.0,stars_and_scrubs,False,7
31,Tyson Bagent,QB,10,Travis,Travis,1.0,balanced,False,7
32,Tua Tagovailoa,QB,13,Coby,Coby,1.0,positional_extremist_rb,False,7
33,Luke Schoonmaker,TE,13,CJ,CJ,1.0,stars_and_scrubs,False,7
34,Josh Oliver,TE,10,James,James,1.0,positional_extremist_rb,False,7
35,Sam Roush,TE,15,Brad,Brad,1.0,positional_extremist_rb,False,7
36,Evan Engram,TE,19,Sam,Sam,1.0,price_enforcer,False,7
37,Michael Mayer,TE,7,Brandon,Brandon,1.0,stars_and_scrubs,False,7
38,Pat Freiermuth,TE,17,Shane,Shane,1.0,price_enforcer,False,7
39,Theo Johnson,TE,16,Reid,Reid,1.0,tier_controller,False,7
40,Kendrick Bourne,WR,17,Evan,Evan,1.0,tier_controller,False,7
41,Travis Hunter,WR,31,Jason,Jason,1.0,value_purist,False,7
42,Patrick Ricard,RB,28,Ryan J,Ryan J,1.0,stars_and_scrubs,False,7
43,Jacob Cowing,WR,23,Travis,Travis,1.0,balanced,False,7
44,Kenneth Gainwell,RB,27,Coby,Coby,1.0,positional_extremist_rb,False,7
45,Will Shipley,RB,29,CJ,CJ,1.0,stars_and_scrubs,False,7
46,Kene Nwangwu,RB,28,James,James,1.0,positional_extremist_rb,False,7
47,Roschon Johnson,RB,18,Brad,Brad,1.0,positional_extremist_rb,False,7
48,Elijah Higgins,TE,12,Sam,Sam,1.0,price_enforcer,False,7
49,Cade Otton,TE,12,Brandon,Brandon,1.0,stars_and_scrubs,False,7
50,Dameon Pierce,RB,25,Shane,Shane,1.0,price_enforcer,False,7
51,Daniel Jones,QB,10,Reid,Reid,1.0,tier_controller,False,7
52,Jacoby Brissett,QB,11,Evan,Evan,1.0,tier_controller,False,7
53,Eli Heidenreich,RB,19,Jason,Jason,1.0,value_purist,False,7
54,Oronde Gadsden,TE,19,Ryan J,Ryan J,1.0,stars_and_scrubs,False,7
55,Jarquez Hunter,RB,31,Travis,Travis,1.0,balanced,False,7
56,Kayshon Boutte,WR,32,Coby,Coby,1.0,positional_extremist_rb,False,7
57,Durham Smythe,TE,13,CJ,CJ,1.0,stars_and_scrubs,False,7
58,Jaylin Lane,WR,19,James,James,1.0,positional_extremist_rb,False,7
59,Malik Washington,WR,29,Brad,Brad,1.0,positional_extremist_rb,False,7
60,Caleb Douglas,WR,40,Sam,Sam,1.0,price_enforcer,False,7
61,Reggie Gilliam,RB,23,Brandon,Brandon,1.0,stars_and_scrubs,False,7
62,Eli Stowers,TE,18,Shane,Shane,1.0,price_enforcer,False,7
63,Greg Dulcich,TE,20,Reid,Reid,1.0,tier_controller,False,7
64,Sione Vaki,RB,20,Evan,Evan,1.0,tier_controller,False,7
65,Evan Hull,RB,29,Jason,Jason,1.0,value_purist,False,7
66,Noah Gray,TE,6,Ryan J,Ryan J,1.0,stars_and_scrubs,False,7
67,Austin Hooper,TE,11,Travis,Travis,1.0,balanced,False,7
68,Jawhar Jordan,RB,24,Coby,Coby,1.0,positional_extremist_rb,False,7
69,Mitchell Evans,TE,11,CJ,CJ,1.0,stars_and_scrubs,False,7
70,Ja'Tavion Sanders,TE,6,James,James,1.0,positional_extremist_rb,False,7
71,Dylan Laube,RB,21,Brad,Brad,1.0,positional_extremist_rb,False,7
72,Shedeur Sanders,QB,9,Sam,Sam,1.0,price_enforcer,False,7
73,Antonio Gibson,RB,22,Brandon,Brandon,1.0,stars_and_scrubs,False,7
74,Antonio Williams,WR,40,Shane,Shane,1.0,price_enforcer,False,7
75,Cole Kmet,TE,8,Reid,Reid,1.0,tier_controller,False,7
76,Tommy Tremble,TE,5,Evan,Evan,1.0,tier_controller,False,7
77,Matt Hibner,TE,10,Jason,Jason,1.0,value_purist,False,7
78,Riley Leonard,QB,8,Ryan J,Ryan J,1.0,stars_and_scrubs,False,7
79,Hunter Luepke,RB,25,Travis,Travis,1.0,balanced,False,7
80,Josh Cameron,WR,28,Coby,Coby,1.0,positional_extremist_rb,False,7
81,Luther Burden,WR,28,CJ,CJ,1.0,stars_and_scrubs,False,7
82,Reggie Virgil,WR,30,James,James,1.0,positional_extremist_rb,False,7
83,Cash Jones,RB,26,Brad,Brad,1.0,positional_extremist_rb,False,7
84,Cyrus Allen,WR,38,Sam,Sam,1.0,price_enforcer,False,7
85,Brandon Aiyuk,WR,35,Brandon,Brandon,1.0,stars_and_scrubs,False,7
86,Khalil Herbert,RB,22,Shane,Shane,1.0,price_enforcer,False,7
87,Noah Whittington,RB,26,Reid,Reid,1.0,tier_controller,False,7
88,Roman Wilson,WR,24,Evan,Evan,1.0,tier_controller,False,7
89,Brenton Strange,TE,4,Jason,Coby,8.962253078707924,positional_extremist_rb,False,7
90,Devontez Walker,WR,19,Ryan J,Ryan J,1.0,stars_and_scrubs,False,7
91,Tai Felton,WR,26,Travis,Travis,1.0,balanced,False,7
92,Elic Ayomanor,WR,27,Coby,Coby,1.0,positional_extremist_rb,False,7
93,Chris Bell,WR,39,CJ,CJ,1.0,stars_and_scrubs,False,7
94,Olamide Zaccheaus,WR,20,James,James,1.0,positional_extremist_rb,False,7
95,Jonathon Brooks,RB,2,Brad,James,195.0,positional_extremist_rb,False,7
96,Tory Horton,WR,27,Sam,Sam,1.0,price_enforcer,False,7
97,Konata Mumpfield,WR,20,Brandon,Brandon,174.0,stars_and_scrubs,True,7
98,Jordan Watkins,WR,21,Shane,Shane,1.0,price_enforcer,False,7
99,Ashton Dulin,WR,14,Reid,Reid,1.0,tier_controller,False,7
100,Marvin Mims Jr.,WR,36,Evan,Evan,1.0,tier_controller,False,7
101,Sam LaPorta,TE,1,Jason,Evan,226.0,tier_controller,True,7
102,Dyami Brown,WR,25,Ryan J,Ryan J,1.0,stars_and_scrubs,False,7
103,Mack Hollins,WR,36,Travis,Travis,1.0,balanced,False,7
104,Mitch Tinsley,WR,22,Coby,Coby,1.0,positional_extremist_rb,False,7
105,Jalen Hurts,QB,1,CJ,Reid,28.006782582198266,tier_controller,False,7
106,CJ Stroud,QB,2,James,James,23.024259390623953,positional_extremist_rb,False,7
107,Makai Lemon,WR,8,Brad,Reid,21.644031645574394,tier_controller,False,7
108,Nicholas Singleton,RB,16,Sam,Coby,278.04,positional_extremist_rb,True,7
109,Rasheen Ali,RB,20,Shane,Shane,1.0,price_enforcer,False,7
110,Brian Thomas Jr,WR,10,Reid,Ryan J,8.995766165960713,stars_and_scrubs,False,7
111,Bucky Irving,RB,1,Jason,Ryan J,255.0,stars_and_scrubs,False,7
112,Jajuan Jennings,WR,9,Ryan J,Reid,15.0,tier_controller,False,7
113,Tyrone Tracy Jr,RB,9,Travis,James,107.98,positional_extremist_rb,True,7
114,DJ Moore,WR,3,CJ,CJ,120.0,stars_and_scrubs,False,7
115,Emmett Johnson,RB,10,Brad,Reid,251.35,tier_controller,True,7
116,DeVonta Smith,WR,1,Sam,CJ,121.0,stars_and_scrubs,True,7
117,Ollie Gordon,RB,27,Shane,Shane,341.0,price_enforcer,True,7
118,Raheim Sanders,RB,18,Jason,Jason,1.0,value_purist,False,7
119,Jeremy McNichols,RB,23,Ryan J,Ryan J,1.0,stars_and_scrubs,False,7
120,Omar Cooper Jr.,WR,37,Travis,Travis,1.0,balanced,False,7
121,Greg Dortch,WR,25,Brad,Brad,1.0,positional_extremist_rb,False,7
122,Deshaun Watson,QB,12,Sam,Sam,1.0,price_enforcer,False,7
123,Sam Darnold,QB,13,Jason,Jason,1.0,value_purist,False,7
124,Dont'e Thornton Jr.,WR,16,Ryan J,Ryan J,104.0,stars_and_scrubs,True,7
125,Kyle Juszczyk,RB,24,Travis,Travis,1.0,balanced,False,7
126,Kareem Hunt,RB,31,Brad,Brad,1.0,positional_extremist_rb,False,7
127,Xavier Smith,WR,23,Sam,Sam,1.0,price_enforcer,False,7
128,Travis Etienne,RB,5,Jason,Brad,37.8525813582485,positional_extremist_rb,False,7
129,Moliki Matavao,TE,9,Travis,Travis,1.0,balanced,False,7
130,Justice Hill,RB,11,Brad,Brad,2.6651518330111967,positional_extremist_rb,False,7
131,Jacory Croskey-Merritt,RB,4,Sam,Brad,297.48,positional_extremist_rb,True,7
132,Adam Randall,RB,16,Jason,Travis,361.0,balanced,True,7
133,Carson Beck,QB,7,Sam,Sam,1.0,price_enforcer,False,7
134,Oscar Delp,TE,7,Jason,Jason,1.0,value_purist,False,7
135,Tyler Lockett,WR,21,Sam,Sam,1.0,price_enforcer,False,7
136,Jordan Addison,WR,7,Jason,Sam,330.0,price_enforcer,True,7
137,Josh Williams,RB,21,Jason,Jason,1.0,value_purist,False,7
138,Jameis Winston,QB,6,Jason,Jason,286.0,value_purist,True,7
1,Justin Fields,QB,9,Travis,Travis,1.0,value_purist,False,8
2,Marcus Mariota,QB,6,Brad,Brad,1.0,positional_extremist_wr,False,8
3,Cade Klubnik,QB,8,Reid,Reid,1.0,emotional,False,8
4,Deshaun Watson,QB,12,James,James,1.0,positional_extremist_wr,False,8
5,Darnell Washington,TE,17,Ryan J,Ryan J,1.0,anchor,False,8
6,Mike Gesicki,TE,18,Coby,Coby,1.0,emotional,False,8
7,Tyson Bagent,QB,10,Evan,Evan,1.0,anchor,False,8
8,Tommy Tremble,TE,5,Shane,Shane,1.0,positional_extremist_rb,False,8
9,Antonio Williams,WR,40,Jason,Jason,1.0,anchor,False,8
10,Jameis Winston,QB,6,Sam,Sam,1.0,value_purist,False,8
11,Reggie Virgil,WR,30,CJ,CJ,1.0,emotional,False,8
12,David Njoku,TE,20,Brandon,Brandon,1.0,tier_controller,False,8
13,Jackson Hawes,TE,14,Travis,Travis,1.0,value_purist,False,8
14,Caleb Douglas,WR,40,Brad,Brad,1.0,positional_extremist_wr,False,8
15,Marvin Mims Jr.,WR,36,Reid,Reid,1.0,emotional,False,8
16,Kene Nwangwu,RB,28,James,James,1.0,positional_extremist_wr,False,8
17,Tua Tagovailoa,QB,13,Ryan J,Ryan J,1.0,anchor,False,8
18,Kareem Hunt,RB,31,Coby,Coby,1.0,emotional,False,8
19,Will Shipley,RB,29,Evan,Evan,1.0,anchor,False,8
20,Evan Engram,TE,19,Shane,Shane,1.0,positional_extremist_rb,False,8
21,Travis Hunter,WR,31,Jason,Jason,1.0,anchor,False,8
22,Malachi Fields,WR,41,Sam,Sam,1.0,value_purist,False,8
23,Jack Bech,WR,39,CJ,CJ,1.0,emotional,False,8
24,Mack Hollins,WR,36,Brandon,Brandon,1.0,tier_controller,False,8
25,Cam Ward,QB,14,Travis,Travis,1.0,value_purist,False,8
26,Fernando Mendoza,QB,14,Brad,Brad,1.0,positional_extremist_wr,False,8
27,Noah Fant,TE,5,Reid,Reid,1.0,emotional,False,8
28,Carson Beck,QB,7,James,James,1.0,positional_extremist_wr,False,8
29,Sam Darnold,QB,13,Ryan J,Ryan J,1.0,anchor,False,8
30,Tyrod Taylor,QB,7,Coby,Coby,1.0,emotional,False,8
31,Noah Gray,TE,6,Evan,Evan,1.0,anchor,False,8
32,DeMario Douglas,WR,34,Shane,Shane,1.0,positional_extremist_rb,False,8
33,Ty Johnson,RB,32,Jason,Jason,1.0,anchor,False,8
34,Kendrick Bourne,WR,17,Sam,Sam,1.0,value_purist,False,8
35,Raheim Sanders,RB,18,CJ,CJ,1.0,emotional,False,8
36,JJ McCarthy,QB,11,Brandon,Brandon,1.0,tier_controller,False,8
37,Rasheen Ali,RB,20,Travis,Travis,1.0,value_purist,False,8
38,Savion Williams,WR,24,Brad,Brad,1.0,positional_extremist_wr,False,8
39,Van Jefferson,WR,31,Reid,Reid,1.0,emotional,False,8
40,Jaylin Lane,WR,19,James,James,1.0,positional_extremist_wr,False,8
41,Noah Whittington,RB,26,Ryan J,Ryan J,1.0,anchor,False,8
42,KeAndre Lambert-Smith,WR,30,Coby,Coby,1.0,emotional,False,8
43,Greg Dulcich,TE,20,Evan,Evan,1.0,anchor,False,8
44,Adam Trautman,TE,15,Shane,Shane,1.0,positional_extremist_rb,False,8
45,Devontez Walker,WR,19,Jason,Jason,1.0,anchor,False,8
46,Zavion Thomas,WR,16,Sam,Sam,1.0,value_purist,False,8
47,Chris Brazzell II,WR,18,CJ,CJ,1.0,emotional,False,8
48,Theo Johnson,TE,16,Brandon,Brandon,1.0,tier_controller,False,8
49,Kayshon Boutte,WR,32,Travis,Travis,1.0,value_purist,False,8
50,Pat Freiermuth,TE,17,Brad,Brad,1.0,positional_extremist_wr,False,8
51,Erick All Jr.,TE,8,Reid,Reid,1.0,emotional,False,8
52,Shedeur Sanders,QB,9,James,James,1.0,positional_extremist_wr,False,8
53,Colby Parkinson,TE,16,Ryan J,Ryan J,1.0,anchor,False,8
54,Luke Schoonmaker,TE,13,Coby,Coby,1.0,emotional,False,8
55,Cade Stover,TE,9,Evan,Evan,1.0,anchor,False,8
56,Eli Stowers,TE,18,Shane,Shane,1.0,positional_extremist_rb,False,8
57,Oronde Gadsden,TE,19,Jason,Jason,1.0,anchor,False,8
58,Patrick Ricard,RB,28,Sam,Sam,1.0,value_purist,False,8
59,Marquez Valdes-Scantling,WR,32,CJ,CJ,1.0,emotional,False,8
60,Daniel Jones,QB,10,Brandon,Brandon,1.0,tier_controller,False,8
61,Roschon Johnson,RB,18,Travis,Travis,1.0,value_purist,False,8
62,Eli Heidenreich,RB,19,Brad,Brad,1.0,positional_extremist_wr,False,8
63,Deion Burks,WR,26,Reid,Reid,1.0,emotional,False,8
64,Jaylin Noel,WR,29,James,James,1.0,positional_extremist_wr,False,8
65,Riley Leonard,QB,8,Ryan J,Ryan J,1.0,anchor,False,8
66,Aaron Rodgers,QB,12,Coby,Coby,1.0,emotional,False,8
67,Olamide Zaccheaus,WR,20,Evan,Evan,1.0,anchor,False,8
68,Cyrus Allen,WR,38,Shane,Shane,1.0,positional_extremist_rb,False,8
69,Mason Taylor,TE,14,Jason,Jason,1.0,anchor,False,8
70,Sam Roush,TE,15,Sam,Sam,1.0,value_purist,False,8
71,Evan Hull,RB,29,CJ,CJ,1.0,emotional,False,8
72,Ollie Gordon,RB,27,Brandon,Brandon,1.0,tier_controller,False,8
73,Hunter Luepke,RB,25,Travis,Travis,1.0,value_purist,False,8
74,Tre Harris,WR,38,Brad,Brad,1.0,positional_extremist_wr,False,8
75,Reggie Gilliam,RB,23,Reid,Reid,1.0,emotional,False,8
76,Omar Cooper Jr.,WR,37,James,James,1.0,positional_extremist_wr,False,8
77,Malik Washington,WR,29,Ryan J,Ryan J,1.0,anchor,False,8
78,Drake Maye,QB,1,Coby,Shane,25.197169132783266,positional_extremist_rb,False,8
79,Jawhar Jordan,RB,24,Evan,Evan,1.0,anchor,False,8
80,Dontayvion Wicks,WR,37,Shane,Shane,1.0,positional_extremist_rb,False,8
81,Luther Burden,WR,28,Jason,Jason,1.0,anchor,False,8
82,Elijah Higgins,TE,12,Sam,Sam,1.0,value_purist,False,8
83,Jordan James,RB,13,CJ,Shane,2.103976731169959,positional_extremist_rb,False,8
84,Elic Ayomanor,WR,27,Brandon,Brandon,1.0,tier_controller,False,8
85,Durham Smythe,TE,13,Travis,Travis,1.0,value_purist,False,8
86,Jahdae Walker,WR,22,Brad,Brad,1.0,positional_extremist_wr,False,8
87,Andrei Iosivas,WR,35,Reid,Reid,1.0,emotional,False,8
88,Cash Jones,RB,26,James,James,1.0,positional_extremist_wr,False,8
89,Cade Otton,TE,12,Ryan J,Ryan J,1.0,anchor,False,8
90,Deebo Samuel,WR,3,Coby,Ryan J,120.0,anchor,False,8
91,Jordan Watkins,WR,21,Evan,Evan,1.0,anchor,False,8
92,Sione Vaki,RB,20,Shane,Shane,1.0,positional_extremist_rb,False,8
93,Sean Tucker,RB,14,Jason,Shane,315.7,positional_extremist_rb,True,8
94,Luke McCaffrey,WR,17,Sam,Sam,1.0,value_purist,False,8
95,Jacoby Brissett,QB,11,CJ,CJ,1.0,emotional,False,8
96,Tory Horton,WR,27,Brandon,Brandon,1.0,tier_controller,False,8
97,Mitch Tinsley,WR,22,Travis,Travis,1.0,value_purist,False,8
98,Isaac TeSlaa,WR,33,Brad,Brad,1.0,positional_extremist_wr,False,8
99,Jordyn Tyson,WR,12,Reid,Brandon,174.0,tier_controller,True,8
100,Chris Bell,WR,39,James,James,1.0,positional_extremist_wr,False,8
101,Austin Hooper,TE,11,Ryan J,Ryan J,1.0,anchor,False,8
102,Tai Felton,WR,26,Coby,Coby,1.0,emotional,False,8
103,Matt Hibner,TE,10,Evan,Evan,1.0,anchor,False,8
104,Dalton Kincaid,TE,3,Jason,Coby,14.271761333118556,emotional,False,8
105,Romeo Doubs,WR,8,Sam,Reid,28.667977263167742,emotional,False,8
106,CJ Stroud,QB,2,CJ,Coby,19.402994918359934,emotional,False,8
107,Jalen Hurts,QB,1,Travis,Evan,226.0,anchor,True,8
108,Jarquez Hunter,RB,31,Brad,Brad,1.0,positional_extremist_wr,False,8
109,Matthew Stafford,QB,5,Reid,Ryan J,1.2968326629389624,anchor,False,8
110,Ja'Tavion Sanders,TE,6,James,James,1.0,positional_extremist_wr,False,8
111,Sam LaPorta,TE,1,Ryan J,Coby,29.0,emotional,False,8
112,Brashard Smith,RB,17,Coby,James,324.0,positional_extremist_wr,True,8
113,Chris Godwin Jr,WR,4,Jason,Brad,56.93392546197155,positional_extremist_wr,False,8
114,Dalton Schultz,TE,4,Sam,Reid,6.222137409007995,emotional,False,8
115,Ladd McConkey,WR,2,CJ,CJ,145.0,emotional,False,8
116,Seth McGowan,RB,15,Travis,Coby,226.33,emotional,True,8
117,Greg Dortch,WR,25,Brad,Brad,280.07,positional_extremist_wr,True,8
118,Josh Cameron,WR,28,Reid,Reid,1.0,emotional,False,8
119,Audric Estime,RB,30,Ryan J,Ryan J,1.0,anchor,False,8
120,Mark Andrews,TE,2,Jason,Ryan J,246.7,anchor,True,8
121,Oscar Delp,TE,7,Sam,Sam,1.0,value_purist,False,8
122,Carnell Tate,WR,4,CJ,Reid,43.44832689678644,emotional,False,8
123,Brenton Strange,TE,4,Travis,Reid,237.66,emotional,True,8
124,Michael Mayer,TE,7,Jason,Jason,1.0,anchor,False,8
125,Kenneth Gainwell,RB,27,Sam,Sam,1.0,value_purist,False,8
126,Roman Wilson,WR,24,CJ,CJ,1.0,emotional,False,8
127,Mitchell Evans,TE,11,Travis,Travis,1.0,value_purist,False,8
128,Tyler Lockett,WR,21,Jason,Jason,1.0,anchor,False,8
129,Treylon Burks,WR,18,Sam,Sam,1.0,value_purist,False,8
130,Malik Davis,RB,12,CJ,Sam,1.2386981270395054,value_purist,False,8
131,Justice Hill,RB,11,Travis,CJ,96.0,emotional,True,8
132,Kyler Murray,QB,5,Jason,Travis,2.1904896753022194,value_purist,False,8
133,Rhamondre Stevenson,RB,2,Sam,Jason,84.99831376207807,anchor,False,8
134,Tank Bigsby,RB,9,Travis,Sam,329.76,value_purist,True,8
135,Brandon Aiyuk,WR,35,Jason,Jason,1.0,anchor,False,8
136,Jordan Love,QB,4,Travis,Jason,202.0,anchor,True,8
137,Antonio Gibson,RB,22,Travis,Travis,1.0,value_purist,False,8
138,Jahan Dotson,WR,34,Travis,Travis,359.81,value_purist,True,8
1,Carson Beck,QB,7,Evan,Evan,1.0,positional_extremist_rb,False,9
2,Aaron Rodgers,QB,12,Brad,Brad,1.0,stars_and_scrubs,False,9
3,Tua Tagovailoa,QB,13,Jason,Jason,1.0,tier_controller,False,9
4,Evan Engram,TE,19,Brandon,Brandon,1.0,stars_and_scrubs,False,9
5,Austin Hooper,TE,11,Reid,Reid,1.0,emotional,False,9
6,Marcus Mariota,QB,6,James,James,1.0,positional_extremist_rb,False,9
7,Noah Gray,TE,6,Shane,Shane,1.0,price_enforcer,False,9
8,Cade Klubnik,QB,8,Travis,Travis,1.0,tier_controller,False,9
9,Marquez Valdes-Scantling,WR,32,Coby,Coby,1.0,anchor,False,9
10,Chris Bell,WR,39,Ryan J,Ryan J,1.0,stars_and_scrubs,False,9
11,Greg Dulcich,TE,20,CJ,CJ,1.0,price_enforcer,False,9
12,Daniel Jones,QB,10,Sam,Sam,1.0,stars_and_scrubs,False,9
13,Caleb Douglas,WR,40,Evan,Evan,1.0,positional_extremist_rb,False,9
14,Isaac TeSlaa,WR,33,Brad,Brad,1.0,stars_and_scrubs,False,9
15,Raheim Sanders,RB,18,Jason,Jason,1.0,tier_controller,False,9
16,Cam Ward,QB,14,Brandon,Brandon,1.0,stars_and_scrubs,False,9
17,Malachi Fields,WR,41,Reid,Reid,1.0,emotional,False,9
18,Theo Johnson,TE,16,James,James,1.0,positional_extremist_rb,False,9
19,Kene Nwangwu,RB,28,Shane,Shane,1.0,price_enforcer,False,9
20,Colby Parkinson,TE,16,Travis,Travis,1.0,tier_controller,False,9
21,Rasheen Ali,RB,20,Coby,Coby,1.0,anchor,False,9
22,Ty Johnson,RB,32,Ryan J,Ryan J,1.0,stars_and_scrubs,False,9
23,Antonio Williams,WR,40,CJ,CJ,1.0,price_enforcer,False,9
24,Tre Harris,WR,38,Sam,Sam,1.0,stars_and_scrubs,False,9
25,Fernando Mendoza,QB,14,Evan,Evan,1.0,positional_extremist_rb,False,9
26,Omar Cooper Jr.,WR,37,Brad,Brad,1.0,stars_and_scrubs,False,9
27,DeMario Douglas,WR,34,Jason,Jason,1.0,tier_controller,False,9
28,Evan Hull,RB,29,Brandon,Brandon,1.0,stars_and_scrubs,False,9
29,Audric Estime,RB,30,Reid,Reid,1.0,emotional,False,9
30,Sam Darnold,QB,13,James,James,1.0,positional_extremist_rb,False,9
31,Riley Leonard,QB,8,Shane,Shane,1.0,price_enforcer,False,9
32,Jackson Hawes,TE,14,Travis,Travis,1.0,tier_controller,False,9
33,Tommy Tremble,TE,5,Coby,Coby,1.0,anchor,False,9
34,Will Shipley,RB,29,Ryan J,Ryan J,1.0,stars_and_scrubs,False,9
35,Dont'e Thornton Jr.,WR,16,CJ,CJ,1.0,price_enforcer,False,9
36,Jack Bech,WR,39,Sam,Sam,1.0,stars_and_scrubs,False,9
37,Michael Mayer,TE,7,Evan,Evan,1.0,positional_extremist_rb,False,9
38,Tyson Bagent,QB,10,Brad,Brad,1.0,stars_and_scrubs,False,9
39,Roschon Johnson,RB,18,Jason,Jason,1.0,tier_controller,False,9
40,Jacoby Brissett,QB,11,Brandon,Brandon,1.0,stars_and_scrubs,False,9
41,Noah Whittington,RB,26,Reid,Reid,1.0,emotional,False,9
42,Kenneth Gainwell,RB,27,James,James,1.0,positional_extremist_rb,False,9
43,Jahdae Walker,WR,22,Shane,Shane,1.0,price_enforcer,False,9
44,Van Jefferson,WR,31,Travis,Travis,1.0,tier_controller,False,9
45,Tyrod Taylor,QB,7,Coby,Coby,1.0,anchor,False,9
46,Adam Trautman,TE,15,Ryan J,Ryan J,1.0,stars_and_scrubs,False,9
47,Antonio Gibson,RB,22,CJ,CJ,1.0,price_enforcer,False,9
48,Jawhar Jordan,RB,24,Sam,Sam,1.0,stars_and_scrubs,False,9
49,Patrick Ricard,RB,28,Evan,Evan,1.0,positional_extremist_rb,False,9
50,Deshaun Watson,QB,12,Brad,Brad,1.0,stars_and_scrubs,False,9
51,JJ McCarthy,QB,11,Jason,Jason,1.0,tier_controller,False,9
52,Reggie Virgil,WR,30,Brandon,Brandon,1.0,stars_and_scrubs,False,9
53,Jameis Winston,QB,6,Reid,Reid,1.0,emotional,False,9
54,Shedeur Sanders,QB,9,James,James,1.0,positional_extremist_rb,False,9
55,Durham Smythe,TE,13,Shane,Shane,1.0,price_enforcer,False,9
56,Dylan Laube,RB,21,Travis,Travis,1.0,tier_controller,False,9
57,Erick All Jr.,TE,8,Coby,Coby,1.0,anchor,False,9
58,Mitchell Evans,TE,11,Ryan J,Ryan J,1.0,stars_and_scrubs,False,9
59,Elijah Higgins,TE,12,CJ,CJ,1.0,price_enforcer,False,9
60,Moliki Matavao,TE,9,Sam,Sam,1.0,stars_and_scrubs,False,9
61,Kayshon Boutte,WR,32,Evan,Evan,1.0,positional_extremist_rb,False,9
62,Sam Roush,TE,15,Brad,Brad,1.0,stars_and_scrubs,False,9
63,Tai Felton,WR,26,Jason,Jason,1.0,tier_controller,False,9
64,KeAndre Lambert-Smith,WR,30,Brandon,Brandon,1.0,stars_and_scrubs,False,9
65,Pat Freiermuth,TE,17,Reid,Reid,1.0,emotional,False,9
66,Treylon Burks,WR,18,James,James,1.0,positional_extremist_rb,False,9
67,Darnell Washington,TE,17,Shane,Shane,1.0,price_enforcer,False,9
68,Jaylin Lane,WR,19,Travis,Travis,1.0,tier_controller,False,9
69,Ja'Kobi Lane,WR,33,Coby,Coby,1.0,anchor,False,9
70,Justin Fields,QB,9,Ryan J,Ryan J,1.0,stars_and_scrubs,False,9
71,Cash Jones,RB,26,CJ,CJ,1.0,price_enforcer,False,9
72,Dameon Pierce,RB,25,Sam,Sam,1.0,stars_and_scrubs,False,9
73,Josh Oliver,TE,10,Evan,Evan,1.0,positional_extremist_rb,False,9
74,Sione Vaki,RB,20,Brad,Brad,1.0,stars_and_scrubs,False,9
75,Eli Heidenreich,RB,19,Jason,Jason,1.0,tier_controller,False,9
76,Reggie Gilliam,RB,23,Brandon,Brandon,1.0,stars_and_scrubs,False,9
77,Noah Fant,TE,5,Reid,Reid,1.0,emotional,False,9
78,Kyle Juszczyk,RB,24,James,James,1.0,positional_extremist_rb,False,9
79,Kareem Hunt,RB,31,Shane,Shane,1.0,price_enforcer,False,9
80,Ollie Gordon,RB,27,Travis,Travis,1.0,tier_controller,False,9
81,Jeremy McNichols,RB,23,Coby,Coby,1.0,anchor,False,9
82,David Njoku,TE,20,Ryan J,Ryan J,1.0,stars_and_scrubs,False,9
83,Ja'Tavion Sanders,TE,6,CJ,CJ,1.0,price_enforcer,False,9
84,Matt Hibner,TE,10,Sam,Sam,1.0,stars_and_scrubs,False,9
85,Khalil Herbert,RB,22,Evan,Evan,1.0,positional_extremist_rb,False,9
86,Luke Schoonmaker,TE,13,Brad,Brad,1.0,stars_and_scrubs,False,9
87,Cade Otton,TE,12,Jason,Jason,1.0,tier_controller,False,9
88,Konata Mumpfield,WR,20,Brandon,Brandon,1.0,stars_and_scrubs,False,9
89,Brashard Smith,RB,17,Reid,Travis,1.5702106206344368,tier_controller,False,9
90,Luke McCaffrey,WR,17,James,James,1.0,positional_extremist_rb,False,9
91,Tyler Lockett,WR,21,Shane,Shane,1.0,price_enforcer,False,9
92,Greg Dortch,WR,25,Travis,Travis,1.0,tier_controller,False,9
93,Jaylin Noel,WR,29,Coby,Coby,1.0,anchor,False,9
94,Jaleel McLaughlin,RB,30,Ryan J,Ryan J,1.0,stars_and_scrubs,False,9
95,Dyami Brown,WR,25,CJ,CJ,1.0,price_enforcer,False,9
96,Jaylen Wright,RB,15,Sam,Travis,1.699943354476892,tier_controller,False,9
97,Deion Burks,WR,26,Evan,Evan,1.0,positional_extremist_rb,False,9
98,Austin Ekeler,RB,6,Brad,Reid,56.613319709984296,emotional,False,9
99,Tyler Allgeier,RB,7,Jason,Evan,226.0,positional_extremist_rb,True,9
100,Josh Williams,RB,21,Brandon,Brandon,174.0,stars_and_scrubs,True,9
101,Cade Stover,TE,9,Reid,Reid,1.0,emotional,False,9
102,Mason Taylor,TE,14,James,James,1.0,positional_extremist_rb,False,9
103,Travis Hunter,WR,31,Shane,Shane,1.0,price_enforcer,False,9
104,Josh Cameron,WR,28,Travis,Travis,1.0,tier_controller,False,9
105,Adam Prentice,RB,19,Coby,Coby,1.0,anchor,False,9
106,Bucky Irving,RB,1,Ryan J,James,255.0,positional_extremist_rb,False,9
107,Oronde Gadsden,TE,19,CJ,CJ,1.0,price_enforcer,False,9
108,Tyrone Tracy Jr,RB,9,Sam,Travis,17.0,tier_controller,False,9
109,Trevor Lawrence,QB,3,Brad,Travis,343.73,tier_controller,True,9
110,Tank Bigsby,RB,9,Jason,Reid,14.672270893433348,emotional,False,9
111,Adam Randall,RB,16,Reid,James,70.0,positional_extremist_rb,True,9
112,Jonathon Brooks,RB,2,Shane,Ryan J,195.0,stars_and_scrubs,False,9
113,Jordan Love,QB,4,Coby,Reid,3.0837246097099764,emotional,False,9
114,Chris Rodriguez Jr,RB,11,Ryan J,Jason,4.60108710203216,tier_controller,False,9
115,Xavier Smith,WR,23,CJ,CJ,240.0,price_enforcer,True,9
116,Luther Burden,WR,28,Sam,Sam,1.0,stars_and_scrubs,False,9
117,Hunter Luepke,RB,25,Brad,Brad,1.0,stars_and_scrubs,False,9
118,Marvin Mims Jr.,WR,36,Jason,Jason,1.0,tier_controller,False,9
119,Pat Bryant,WR,13,Reid,Jason,1.5055947606035112,tier_controller,False,9
120,Devin Neal,RB,12,Shane,Jason,281.89,tier_controller,True,9
121,Andrei Iosivas,WR,35,Coby,Coby,1.0,anchor,False,9
122,Emmett Johnson,RB,10,Ryan J,Reid,10.445176917792306,emotional,False,9
123,Travis Etienne,RB,5,Sam,Reid,232.19,emotional,True,9
124,Sean Tucker,RB,14,Brad,Coby,286.0,anchor,True,9
125,Elic Ayomanor,WR,27,Shane,Shane,1.0,price_enforcer,False,9
126,Deebo Samuel,WR,3,Ryan J,Sam,120.0,stars_and_scrubs,False,9
127,Romeo Doubs,WR,8,Sam,Brad,19.876800709685703,stars_and_scrubs,False,9
128,Rhamondre Stevenson,RB,2,Brad,Brad,200.0,stars_and_scrubs,False,9
129,Tory Horton,WR,27,Shane,Shane,341.0,price_enforcer,True,9
130,Demarcus Robinson,WR,15,Ryan J,Ryan J,1.0,stars_and_scrubs,False,9
131,Roman Wilson,WR,24,Sam,Sam,1.0,stars_and_scrubs,False,9
132,Mack Hollins,WR,36,Brad,Brad,118.12,stars_and_scrubs,True,9
133,Cyrus Allen,WR,38,Ryan J,Ryan J,1.0,stars_and_scrubs,False,9
134,Brandon Aiyuk,WR,35,Sam,Sam,1.0,stars_and_scrubs,False,9
135,Savion Williams,WR,24,Ryan J,Ryan J,1.0,stars_and_scrubs,False,9
136,Olamide Zaccheaus,WR,20,Sam,Sam,1.0,stars_and_scrubs,False,9
137,Eli Stowers,TE,18,Ryan J,Ryan J,172.0,stars_and_scrubs,True,9
138,Mike Gesicki,TE,18,Sam,Sam,211.0,stars_and_scrubs,True,9
1,Tyrod Taylor,QB,7,Sam,Sam,1.0,price_enforcer,False,10
2,Cam Ward,QB,14,Coby,Coby,1.0,positional_extremist_wr,False,10
3,Deshaun Watson,QB,12,Travis,Travis,1.0,emotional,False,10
4,Evan Engram,TE,19,CJ,CJ,1.0,positional_extremist_wr,False,10
5,Jameis Winston,QB,6,James,James,1.0,anchor,False,10
6,Greg Dulcich,TE,20,Brandon,Brandon,1.0,positional_extremist_wr,False,10
7,Durham Smythe,TE,13,Evan,Evan,1.0,balanced,False,10
8,Riley Leonard,QB,8,Brad,Brad,1.0,balanced,False,10
9,Marvin Mims Jr.,WR,36,Reid,Reid,1.0,positional_extremist_wr,False,10
10,Tommy Tremble,TE,5,Shane,Shane,1.0,positional_extremist_wr,False,10
11,Marcus Mariota,QB,6,Ryan J,Ryan J,1.0,stars_and_scrubs,False,10
12,Marquez Valdes-Scantling,WR,32,Jason,Jason,1.0,tier_controller,False,10
13,Audric Estime,RB,30,Sam,Sam,1.0,price_enforcer,False,10
14,Fernando Mendoza,QB,14,Coby,Coby,1.0,positional_extremist_wr,False,10
15,Oronde Gadsden,TE,19,Travis,Travis,1.0,emotional,False,10
16,Evan Hull,RB,29,CJ,CJ,1.0,positional_extremist_wr,False,10
17,Kareem Hunt,RB,31,James,James,1.0,anchor,False,10
18,JJ McCarthy,QB,11,Brandon,Brandon,1.0,positional_extremist_wr,False,10
19,Dont'e Thornton Jr.,WR,16,Evan,Evan,1.0,balanced,False,10
20,Raheim Sanders,RB,18,Brad,Brad,1.0,balanced,False,10
21,Omar Cooper Jr.,WR,37,Reid,Reid,1.0,positional_extremist_wr,False,10
22,Sam Darnold,QB,13,Shane,Shane,1.0,positional_extremist_wr,False,10
23,Theo Johnson,TE,16,Ryan J,Ryan J,1.0,stars_and_scrubs,False,10
24,Antonio Williams,WR,40,Jason,Jason,1.0,tier_controller,False,10
25,Van Jefferson,WR,31,Sam,Sam,1.0,price_enforcer,False,10
26,Travis Hunter,WR,31,Coby,Coby,1.0,positional_extremist_wr,False,10
27,Josh Cameron,WR,28,Travis,Travis,1.0,emotional,False,10
28,Eli Heidenreich,RB,19,CJ,CJ,1.0,positional_extremist_wr,False,10
29,Roschon Johnson,RB,18,James,James,1.0,anchor,False,10
30,Jawhar Jordan,RB,24,Brandon,Brandon,1.0,positional_extremist_wr,False,10
31,Cash Jones,RB,26,Evan,Evan,1.0,balanced,False,10
32,Darnell Washington,TE,17,Brad,Brad,1.0,balanced,False,10
33,Isaac TeSlaa,WR,33,Reid,Reid,1.0,positional_extremist_wr,False,10
34,Will Shipley,RB,29,Shane,Shane,1.0,positional_extremist_wr,False,10
35,Luke Schoonmaker,TE,13,Ryan J,Ryan J,1.0,stars_and_scrubs,False,10
36,Ollie Gordon,RB,27,Jason,Jason,1.0,tier_controller,False,10
37,Demarcus Robinson,WR,15,Sam,Sam,1.0,price_enforcer,False,10
38,Jaleel McLaughlin,RB,30,Coby,Coby,1.0,positional_extremist_wr,False,10
39,Noah Gray,TE,6,Travis,Travis,1.0,emotional,False,10
40,Tua Tagovailoa,QB,13,CJ,CJ,1.0,positional_extremist_wr,False,10
41,Colby Parkinson,TE,16,James,James,1.0,anchor,False,10
42,Ty Johnson,RB,32,Brandon,Brandon,1.0,positional_extremist_wr,False,10
43,Elijah Higgins,TE,12,Evan,Evan,1.0,balanced,False,10
44,Antonio Gibson,RB,22,Brad,Brad,1.0,balanced,False,10
45,Cade Stover,TE,9,Reid,Reid,1.0,positional_extremist_wr,False,10
46,KeAndre Lambert-Smith,WR,30,Shane,Shane,1.0,positional_extremist_wr,False,10
47,Kene Nwangwu,RB,28,Ryan J,Ryan J,1.0,stars_and_scrubs,False,10
48,Jaylin Lane,WR,19,Jason,Jason,1.0,tier_controller,False,10
49,Nick Westbrook-Ikhine,WR,15,Sam,Sam,1.0,price_enforcer,False,10
50,Treylon Burks,WR,18,Coby,Coby,1.0,positional_extremist_wr,False,10
51,Pat Freiermuth,TE,17,Travis,Travis,1.0,emotional,False,10
52,Adam Trautman,TE,15,CJ,CJ,1.0,positional_extremist_wr,False,10
53,Daniel Jones,QB,10,James,James,1.0,anchor,False,10
54,Aaron Rodgers,QB,12,Brandon,Brandon,1.0,positional_extremist_wr,False,10
55,Mason Taylor,TE,14,Evan,Evan,1.0,balanced,False,10
56,Austin Hooper,TE,11,Brad,Brad,1.0,balanced,False,10
57,Sam Roush,TE,15,Reid,Reid,1.0,positional_extremist_wr,False,10
58,Michael Mayer,TE,7,Shane,Shane,1.0,positional_extremist_wr,False,10
59,Carson Beck,QB,7,Ryan J,Ryan J,1.0,stars_and_scrubs,False,10
60,Cade Otton,TE,12,Jason,Jason,1.0,tier_controller,False,10
61,Cade Klubnik,QB,8,Sam,Sam,1.0,price_enforcer,False,10
62,Justin Fields,QB,9,Coby,Coby,1.0,positional_extremist_wr,False,10
63,Reggie Virgil,WR,30,Travis,Travis,1.0,emotional,False,10
64,DeMario Douglas,WR,34,CJ,CJ,1.0,positional_extremist_wr,False,10
65,Olamide Zaccheaus,WR,20,James,James,1.0,anchor,False,10
66,Rasheen Ali,RB,20,Brandon,Brandon,1.0,positional_extremist_wr,False,10
67,Jaylin Noel,WR,29,Evan,Evan,1.0,balanced,False,10
68,Cyrus Allen,WR,38,Brad,Brad,1.0,balanced,False,10
69,Shedeur Sanders,QB,9,Reid,Reid,1.0,positional_extremist_wr,False,10
70,Noah Fant,TE,5,Shane,Shane,1.0,positional_extremist_wr,False,10
71,Caleb Douglas,WR,40,Ryan J,Ryan J,1.0,stars_and_scrubs,False,10
72,Adam Prentice,RB,19,Jason,Jason,1.0,tier_controller,False,10
73,Jacoby Brissett,QB,11,Sam,Sam,1.0,price_enforcer,False,10
74,Oscar Delp,TE,7,Coby,Coby,1.0,positional_extremist_wr,False,10
75,Dylan Laube,RB,21,Travis,Travis,1.0,emotional,False,10
76,Tory Horton,WR,27,CJ,CJ,1.0,positional_extremist_wr,False,10
77,Devontez Walker,WR,19,James,James,1.0,anchor,False,10
78,Luther Burden,WR,28,Brandon,Brandon,1.0,positional_extremist_wr,False,10
79,Kyle Juszczyk,RB,24,Evan,Evan,1.0,balanced,False,10
80,Dameon Pierce,RB,25,Brad,Brad,1.0,balanced,False,10
81,Jackson Hawes,TE,14,Reid,Reid,1.0,positional_extremist_wr,False,10
82,Mike Gesicki,TE,18,Shane,Shane,1.0,positional_extremist_wr,False,10
83,David Njoku,TE,20,Ryan J,Ryan J,1.0,stars_and_scrubs,False,10
84,Tyson Bagent,QB,10,Jason,Jason,1.0,tier_controller,False,10
85,Jarquez Hunter,RB,31,Sam,Sam,1.0,price_enforcer,False,10
86,Mitchell Evans,TE,11,Coby,Coby,1.0,positional_extremist_wr,False,10
87,Ja'Tavion Sanders,TE,6,Travis,Travis,1.0,emotional,False,10
88,Eli Stowers,TE,18,CJ,CJ,1.0,positional_extremist_wr,False,10
89,Josh Williams,RB,21,James,James,1.0,anchor,False,10
90,Kenneth Gainwell,RB,27,Brandon,Brandon,1.0,positional_extremist_wr,False,10
91,Erick All Jr.,TE,8,Evan,Evan,1.0,balanced,False,10
92,Josh Oliver,TE,10,Brad,Brad,1.0,balanced,False,10
93,Moliki Matavao,TE,9,Reid,Reid,1.0,positional_extremist_wr,False,10
94,Khalil Herbert,RB,22,Shane,Shane,1.0,positional_extremist_wr,False,10
95,Matt Hibner,TE,10,Ryan J,Ryan J,1.0,stars_and_scrubs,False,10
96,Jeremy McNichols,RB,23,Jason,Jason,1.0,tier_controller,False,10
97,Hunter Luepke,RB,25,Sam,Sam,1.0,price_enforcer,False,10
98,Reggie Gilliam,RB,23,Coby,Coby,1.0,positional_extremist_wr,False,10
99,CJ Stroud,QB,2,Travis,Jason,20.56920206252416,tier_controller,False,10
100,Patrick Ricard,RB,28,CJ,CJ,1.0,positional_extremist_wr,False,10
101,Matthew Golden,WR,6,James,Reid,36.22445306280665,positional_extremist_wr,False,10
102,Sam LaPorta,TE,1,Brandon,Jason,29.726002369063508,tier_controller,False,10
103,Demond Claiborne,RB,14,Evan,Jason,1.7769996034328526,tier_controller,False,10
104,Tucker Kraft,TE,1,Brad,Travis,38.60550250722018,emotional,False,10
105,Jonathon Brooks,RB,2,Reid,James,195.0,anchor,False,10
106,DJ Moore,WR,3,Shane,Travis,120.0,emotional,False,10
107,Justice Hill,RB,11,Ryan J,Reid,3.2934662615845456,positional_extremist_wr,False,10
108,Jordan Love,QB,4,Jason,Jason,236.92,tier_controller,True,10
109,Jayden Reed,WR,6,Sam,CJ,240.0,positional_extremist_wr,True,10
110,Malik Washington,WR,29,Coby,Coby,1.0,positional_extremist_wr,False,10
111,Jacory Croskey-Merritt,RB,4,Travis,Travis,147.5,emotional,False,10
112,Rhamondre Stevenson,RB,2,James,Ryan J,200.0,stars_and_scrubs,False,10
113,DK Metcalf,WR,5,Brandon,Shane,55.6293946757215,positional_extremist_wr,False,10
114,Jared Goff,QB,3,Evan,Ryan J,4.621788173722885,stars_and_scrubs,False,10
115,Trevor Lawrence,QB,3,Brad,Ryan J,6.791793342628388,stars_and_scrubs,False,10
116,Tyler Allgeier,RB,7,Reid,Reid,18.321182864972425,positional_extremist_wr,False,10
117,DeVonta Smith,WR,1,Shane,Coby,286.0,positional_extremist_wr,True,10
118,Xavier Smith,WR,23,Ryan J,Ryan J,1.0,stars_and_scrubs,False,10
119,Roman Wilson,WR,24,Sam,Sam,1.0,price_enforcer,False,10
120,Jadarian Price,RB,1,Travis,Reid,161.59,positional_extremist_wr,False,10
121,Jack Bech,WR,39,James,James,1.0,anchor,False,10
122,Kendrick Bourne,WR,17,Brandon,Brandon,174.0,positional_extremist_wr,True,10
123,Chris Bell,WR,39,Evan,Evan,1.0,balanced,False,10
124,Dylan Sampson,RB,8,Brad,Reid,97.58,positional_extremist_wr,True,10
125,Cooper Kupp,WR,11,Shane,Travis,7.186839003242062,emotional,False,10
126,Hunter Henry,TE,3,Ryan J,Travis,51.7,emotional,True,10
127,Jalen McMillan,WR,14,Sam,Shane,1.4934216175082728,positional_extremist_wr,False,10
128,Kimani Vidal,RB,10,James,Shane,285.88,positional_extremist_wr,True,10
129,Noah Whittington,RB,26,Evan,Evan,226.0,balanced,True,10
130,Jordan Watkins,WR,21,Brad,Brad,1.0,balanced,False,10
131,Elic Ayomanor,WR,27,Ryan J,Ryan J,157.59,stars_and_scrubs,True,10
132,Brandon Aiyuk,WR,35,Sam,Sam,1.0,price_enforcer,False,10
133,Dyami Brown,WR,25,James,James,130.0,anchor,True,10
134,Tre Harris,WR,38,Brad,Brad,1.0,balanced,False,10
135,Sione Vaki,RB,20,Sam,Sam,1.0,price_enforcer,False,10
136,Carnell Tate,WR,4,Brad,Brad,36.6717769315829,balanced,False,10
137,Mark Andrews,TE,2,Sam,Brad,300.33,balanced,True,10
138,Tyler Lockett,WR,21,Sam,Sam,330.0,price_enforcer,True,10
1,Tyson Bagent,QB,10,Ryan J,Ryan J,1.0,emotional,False,11
2,Justin Fields,QB,9,Travis,Travis,1.0,price_enforcer,False,11
3,Tyrod Taylor,QB,7,Reid,Reid,1.0,positional_extremist_wr,False,11
4,Cam Ward,QB,14,Shane,Shane,1.0,positional_extremist_wr,False,11
5,Austin Hooper,TE,11,Brandon,Brandon,1.0,value_purist,False,11
6,Evan Engram,TE,19,Sam,Sam,1.0,stars_and_scrubs,False,11
7,Pat Freiermuth,TE,17,CJ,CJ,1.0,positional_extremist_wr,False,11
8,Daniel Jones,QB,10,Evan,Evan,1.0,emotional,False,11
9,Greg Dulcich,TE,20,James,James,1.0,tier_controller,False,11
10,Jacoby Brissett,QB,11,Jason,Jason,1.0,positional_extremist_rb,False,11
11,Demarcus Robinson,WR,15,Coby,Coby,1.0,stars_and_scrubs,False,11
12,Chris Bell,WR,39,Brad,Brad,1.0,anchor,False,11
13,Jahan Dotson,WR,34,Ryan J,Ryan J,1.0,emotional,False,11
14,Cade Otton,TE,12,Travis,Travis,1.0,price_enforcer,False,11
15,Isaac TeSlaa,WR,33,Reid,Reid,1.0,positional_extremist_wr,False,11
16,Jameis Winston,QB,6,Shane,Shane,1.0,positional_extremist_wr,False,11
17,Jackson Hawes,TE,14,Brandon,Brandon,1.0,value_purist,False,11
18,Marcus Mariota,QB,6,Sam,Sam,1.0,stars_and_scrubs,False,11
19,Cash Jones,RB,26,CJ,CJ,1.0,positional_extremist_wr,False,11
20,David Njoku,TE,20,Evan,Evan,1.0,emotional,False,11
21,Ollie Gordon,RB,27,James,James,1.0,tier_controller,False,11
22,Caleb Douglas,WR,40,Jason,Jason,1.0,positional_extremist_rb,False,11
23,Jawhar Jordan,RB,24,Coby,Coby,1.0,stars_and_scrubs,False,11
24,Jaleel McLaughlin,RB,30,Brad,Brad,1.0,anchor,False,11
25,Theo Johnson,TE,16,Ryan J,Ryan J,1.0,emotional,False,11
26,Patrick Ricard,RB,28,Travis,Travis,1.0,price_enforcer,False,11
27,Riley Leonard,QB,8,Reid,Reid,1.0,positional_extremist_wr,False,11
28,Shedeur Sanders,QB,9,Shane,Shane,1.0,positional_extremist_wr,False,11
29,Fernando Mendoza,QB,14,Brandon,Brandon,1.0,value_purist,False,11
30,Luke Schoonmaker,TE,13,Sam,Sam,1.0,stars_and_scrubs,False,11
31,Adam Trautman,TE,15,CJ,CJ,1.0,positional_extremist_wr,False,11
32,Audric Estime,RB,30,Evan,Evan,1.0,emotional,False,11
33,Travis Hunter,WR,31,James,James,1.0,tier_controller,False,11
34,Jaylin Lane,WR,19,Jason,Jason,1.0,positional_extremist_rb,False,11
35,Jaylin Noel,WR,29,Coby,Coby,1.0,stars_and_scrubs,False,11
36,Tua Tagovailoa,QB,13,Brad,Brad,1.0,anchor,False,11
37,Moliki Matavao,TE,9,Ryan J,Ryan J,1.0,emotional,False,11
38,Mason Taylor,TE,14,Travis,Travis,1.0,price_enforcer,False,11
39,Colby Parkinson,TE,16,Reid,Reid,1.0,positional_extremist_wr,False,11
40,Sam Darnold,QB,13,Shane,Shane,1.0,positional_extremist_wr,False,11
41,Darnell Washington,TE,17,Brandon,Brandon,1.0,value_purist,False,11
42,Kene Nwangwu,RB,28,Sam,Sam,1.0,stars_and_scrubs,False,11
43,Elijah Higgins,TE,12,CJ,CJ,1.0,positional_extremist_wr,False,11
44,Ja'Tavion Sanders,TE,6,Evan,Evan,1.0,emotional,False,11
45,Zavion Thomas,WR,16,James,James,1.0,tier_controller,False,11
46,Cyrus Allen,WR,38,Jason,Jason,1.0,positional_extremist_rb,False,11
47,Antonio Williams,WR,40,Coby,Coby,1.0,stars_and_scrubs,False,11
48,Ty Johnson,RB,32,Brad,Brad,1.0,anchor,False,11
49,Kayshon Boutte,WR,32,Ryan J,Ryan J,1.0,emotional,False,11
50,Ashton Dulin,WR,14,Travis,Travis,1.0,price_enforcer,False,11
51,Erick All Jr.,TE,8,Reid,Reid,1.0,positional_extremist_wr,False,11
52,Josh Oliver,TE,10,Shane,Shane,1.0,positional_extremist_wr,False,11
53,JJ McCarthy,QB,11,Brandon,Brandon,1.0,value_purist,False,11
54,Oronde Gadsden,TE,19,Sam,Sam,1.0,stars_and_scrubs,False,11
55,Evan Hull,RB,29,CJ,CJ,1.0,positional_extremist_wr,False,11
56,Tory Horton,WR,27,Evan,Evan,1.0,emotional,False,11
57,Jack Bech,WR,39,James,James,1.0,tier_controller,False,11
58,Carson Beck,QB,7,Jason,Jason,1.0,positional_extremist_rb,False,11
59,Aaron Rodgers,QB,12,Coby,Coby,1.0,stars_and_scrubs,False,11
60,Van Jefferson,WR,31,Brad,Brad,1.0,anchor,False,11
61,Raheim Sanders,RB,18,Ryan J,Ryan J,1.0,emotional,False,11
62,Malachi Fields,WR,41,Travis,Travis,1.0,price_enforcer,False,11
63,KeAndre Lambert-Smith,WR,30,Reid,Reid,1.0,positional_extremist_wr,False,11
64,Deion Burks,WR,26,Shane,Shane,1.0,positional_extremist_wr,False,11
65,Cole Kmet,TE,8,Brandon,Brandon,1.0,value_purist,False,11
66,Dyami Brown,WR,25,Sam,Sam,1.0,stars_and_scrubs,False,11
67,Jordan Watkins,WR,21,CJ,CJ,1.0,positional_extremist_wr,False,11
68,Luther Burden,WR,28,Evan,Evan,1.0,emotional,False,11
69,Tre Harris,WR,38,James,James,1.0,tier_controller,False,11
70,Ja'Kobi Lane,WR,33,Jason,Jason,1.0,positional_extremist_rb,False,11
71,Malik Washington,WR,29,Coby,Coby,1.0,stars_and_scrubs,False,11
72,Reggie Virgil,WR,30,Brad,Brad,1.0,anchor,False,11
73,Marquez Valdes-Scantling,WR,32,Ryan J,Ryan J,1.0,emotional,False,11
74,Savion Williams,WR,24,Travis,Travis,1.0,price_enforcer,False,11
75,Mitchell Evans,TE,11,Reid,Reid,1.0,positional_extremist_wr,False,11
76,Sam Roush,TE,15,Shane,Shane,1.0,positional_extremist_wr,False,11
77,Durham Smythe,TE,13,Brandon,Brandon,1.0,value_purist,False,11
78,Cade Klubnik,QB,8,Sam,Sam,1.0,stars_and_scrubs,False,11
79,Josh Cameron,WR,28,CJ,CJ,1.0,positional_extremist_wr,False,11
80,Oscar Delp,TE,7,Evan,Evan,1.0,emotional,False,11
81,Dontayvion Wicks,WR,37,James,James,1.0,tier_controller,False,11
82,Jacob Cowing,WR,23,Jason,Jason,1.0,positional_extremist_rb,False,11
83,Elic Ayomanor,WR,27,Coby,Coby,1.0,stars_and_scrubs,False,11
84,Tai Felton,WR,26,Brad,Brad,1.0,anchor,False,11
85,Matt Hibner,TE,10,Ryan J,Ryan J,1.0,emotional,False,11
86,Jahdae Walker,WR,22,Travis,Travis,1.0,price_enforcer,False,11
87,Luke McCaffrey,WR,17,Reid,Reid,1.0,positional_extremist_wr,False,11
88,Greg Dortch,WR,25,Shane,Shane,1.0,positional_extremist_wr,False,11
89,Roman Wilson,WR,24,Brandon,Brandon,1.0,value_purist,False,11
90,Eli Stowers,TE,18,Sam,Sam,1.0,stars_and_scrubs,False,11
91,Noah Gray,TE,6,CJ,CJ,1.0,positional_extremist_wr,False,11
92,Caleb Williams,QB,2,Evan,James,14.042366931486507,tier_controller,False,11
93,Jajuan Jennings,WR,9,James,Reid,18.574487030849603,positional_extremist_wr,False,11
94,Noah Fant,TE,5,Jason,Jason,1.0,positional_extremist_rb,False,11
95,Josh Williams,RB,21,Coby,Coby,1.0,stars_and_scrubs,False,11
96,Rasheen Ali,RB,20,Brad,Brad,1.0,anchor,False,11
97,Sean Tucker,RB,14,Ryan J,Shane,1.642848766736237,positional_extremist_wr,False,11
98,Dylan Laube,RB,21,Travis,Travis,1.0,price_enforcer,False,11
99,Jeremy McNichols,RB,23,Reid,Reid,1.0,positional_extremist_wr,False,11
100,Kendrick Bourne,WR,17,Shane,Shane,1.0,positional_extremist_wr,False,11
101,Carnell Tate,WR,4,Brandon,Shane,340.36,positional_extremist_wr,True,11
102,Mack Hollins,WR,36,Sam,Sam,1.0,stars_and_scrubs,False,11
103,Jalen Hurts,QB,1,CJ,James,28.29808455617381,tier_controller,False,11
104,Zach Charbonnet,RB,5,Evan,Jason,63.389068855793084,positional_extremist_rb,False,11
105,Chris Godwin Jr,WR,4,James,Reid,53.23414331512568,positional_extremist_wr,False,11
106,Bucky Irving,RB,1,Jason,Sam,255.0,stars_and_scrubs,False,11
107,Mitch Tinsley,WR,22,Coby,Coby,1.0,stars_and_scrubs,False,11
108,Mark Andrews,TE,2,Brad,Jason,19.89779184376327,positional_extremist_rb,False,11
109,Jacory Croskey-Merritt,RB,4,Ryan J,Ryan J,147.5,emotional,False,11
110,Tyler Allgeier,RB,7,Travis,Evan,30.046924638813906,emotional,False,11
111,Tommy Tremble,TE,5,Reid,Reid,1.0,positional_extremist_wr,False,11
112,Josh Downs,WR,5,Brandon,Reid,243.2,positional_extremist_wr,True,11
113,Antonio Gibson,RB,22,Sam,Sam,1.0,stars_and_scrubs,False,11
114,Kyle Juszczyk,RB,24,CJ,CJ,1.0,positional_extremist_wr,False,11
115,Mike Washington Jr.,RB,8,Evan,Jason,18.993238583685997,positional_extremist_rb,False,11
116,Ladd McConkey,WR,2,James,James,145.0,tier_controller,False,11
117,Trevor Lawrence,QB,3,Jason,James,139.66,tier_controller,True,11
118,DeVonta Smith,WR,1,Coby,Evan,177.5,emotional,False,11
119,Dalton Kincaid,TE,3,Brad,Coby,11.00877505546927,stars_and_scrubs,False,11
120,CJ Stroud,QB,2,Ryan J,CJ,240.0,positional_extremist_wr,True,11
121,Brian Robinson Jr,RB,6,Travis,Jason,186.72,positional_extremist_rb,True,11
122,Devin Neal,RB,12,Brandon,Evan,20.45,emotional,True,11
123,Tre Tucker,WR,13,Sam,Coby,275.99,stars_and_scrubs,True,11
124,Xavier Smith,WR,23,Brad,Brad,1.0,anchor,False,11
125,Jalen McMillan,WR,14,Ryan J,Sam,1.4081838524979755,stars_and_scrubs,False,11
126,Chris Brazzell II,WR,18,Travis,Travis,1.0,price_enforcer,False,11
127,Nick Westbrook-Ikhine,WR,15,Brandon,Brandon,174.0,value_purist,True,11
128,Dameon Pierce,RB,25,Sam,Sam,75.59,stars_and_scrubs,True,11
129,Hunter Luepke,RB,25,Brad,Brad,1.0,anchor,False,11
130,Matthew Stafford,QB,5,Ryan J,Brad,1.3928428758829683,anchor,False,11
131,Chris Rodriguez Jr,RB,11,Travis,Brad,335.61,anchor,True,11
132,Jarquez Hunter,RB,31,Ryan J,Ryan J,1.0,emotional,False,11
133,Noah Whittington,RB,26,Travis,Travis,1.0,price_enforcer,False,11
134,Jayden Reed,WR,6,Ryan J,Travis,20.233264679121643,price_enforcer,False,11
135,Omar Cooper Jr.,WR,37,Travis,Travis,341.77,price_enforcer,True,11
136,Mike Gesicki,TE,18,Ryan J,Ryan J,1.0,emotional,False,11
137,Marvin Mims Jr.,WR,36,Ryan J,Ryan J,1.0,emotional,False,11
138,Reggie Gilliam,RB,23,Ryan J,Ryan J,219.5,emotional,True,11
1,Shedeur Sanders,QB,9,Brad,Brad,1.0,positional_extremist_rb,False,12
2,Jameis Winston,QB,6,Shane,Shane,1.0,stars_and_scrubs,False,12
3,Tua Tagovailoa,QB,13,Coby,Coby,1.0,emotional,False,12
4,Marcus Mariota,QB,6,James,James,1.0,balanced,False,12
5,Noah Fant,TE,5,Travis,Travis,1.0,price_enforcer,False,12
6,Fernando Mendoza,QB,14,CJ,CJ,1.0,positional_extremist_rb,False,12
7,Erick All Jr.,TE,8,Brandon,Brandon,1.0,emotional,False,12
8,Durham Smythe,TE,13,Jason,Jason,1.0,anchor,False,12
9,Colby Parkinson,TE,16,Sam,Sam,1.0,tier_controller,False,12
10,Cam Ward,QB,14,Ryan J,Ryan J,1.0,stars_and_scrubs,False,12
11,Dont'e Thornton Jr.,WR,16,Evan,Evan,1.0,anchor,False,12
12,Van Jefferson,WR,31,Reid,Reid,1.0,price_enforcer,False,12
13,Chris Brazzell II,WR,18,Brad,Brad,1.0,positional_extremist_rb,False,12
14,Audric Estime,RB,30,Shane,Shane,1.0,stars_and_scrubs,False,12
15,Ja'Kobi Lane,WR,33,Coby,Coby,1.0,emotional,False,12
16,Marquez Valdes-Scantling,WR,32,James,James,1.0,balanced,False,12
17,Pat Freiermuth,TE,17,Travis,Travis,1.0,price_enforcer,False,12
18,Jaleel McLaughlin,RB,30,CJ,CJ,1.0,positional_extremist_rb,False,12
19,Malachi Fields,WR,41,Brandon,Brandon,1.0,emotional,False,12
20,Cash Jones,RB,26,Jason,Jason,1.0,anchor,False,12
21,Ja'Tavion Sanders,TE,6,Sam,Sam,1.0,tier_controller,False,12
22,Mason Taylor,TE,14,Ryan J,Ryan J,1.0,stars_and_scrubs,False,12
23,Ty Johnson,RB,32,Evan,Evan,1.0,anchor,False,12
24,JJ McCarthy,QB,11,Reid,Reid,1.0,price_enforcer,False,12
25,Greg Dulcich,TE,20,Brad,Brad,1.0,positional_extremist_rb,False,12
26,Evan Engram,TE,19,Shane,Shane,1.0,stars_and_scrubs,False,12
27,Greg Dortch,WR,25,Coby,Coby,1.0,emotional,False,12
28,Patrick Ricard,RB,28,James,James,1.0,balanced,False,12
29,Carson Beck,QB,7,Travis,Travis,1.0,price_enforcer,False,12
30,Andrei Iosivas,WR,35,CJ,CJ,1.0,positional_extremist_rb,False,12
31,Tyson Bagent,QB,10,Brandon,Brandon,1.0,emotional,False,12
32,Jackson Hawes,TE,14,Jason,Jason,1.0,anchor,False,12
33,Oronde Gadsden,TE,19,Sam,Sam,1.0,tier_controller,False,12
34,Theo Johnson,TE,16,Ryan J,Ryan J,1.0,stars_and_scrubs,False,12
35,Antonio Williams,WR,40,Evan,Evan,1.0,anchor,False,12
36,Eli Stowers,TE,18,Reid,Reid,1.0,price_enforcer,False,12
37,Malik Washington,WR,29,Brad,Brad,1.0,positional_extremist_rb,False,12
38,Treylon Burks,WR,18,Shane,Shane,1.0,stars_and_scrubs,False,12
39,Ashton Dulin,WR,14,Coby,Coby,1.0,emotional,False,12
40,Eli Heidenreich,RB,19,James,James,1.0,balanced,False,12
41,Ollie Gordon,RB,27,Travis,Travis,1.0,price_enforcer,False,12
42,Cyrus Allen,WR,38,CJ,CJ,1.0,positional_extremist_rb,False,12
43,Omar Cooper Jr.,WR,37,Brandon,Brandon,1.0,emotional,False,12
44,Dontayvion Wicks,WR,37,Jason,Jason,1.0,anchor,False,12
45,Jacoby Brissett,QB,11,Sam,Sam,1.0,tier_controller,False,12
46,Evan Hull,RB,29,Ryan J,Ryan J,1.0,stars_and_scrubs,False,12
47,Chris Bell,WR,39,Evan,Evan,1.0,anchor,False,12
48,Elijah Higgins,TE,12,Reid,Reid,1.0,price_enforcer,False,12
49,Sam Roush,TE,15,Brad,Brad,1.0,positional_extremist_rb,False,12
50,Luther Burden,WR,28,Shane,Shane,1.0,stars_and_scrubs,False,12
51,Adam Trautman,TE,15,Coby,Coby,1.0,emotional,False,12
52,Caleb Douglas,WR,40,James,James,1.0,balanced,False,12
53,Travis Hunter,WR,31,Travis,Travis,1.0,price_enforcer,False,12
54,Mack Hollins,WR,36,CJ,CJ,1.0,positional_extremist_rb,False,12
55,Luke Schoonmaker,TE,13,Brandon,Brandon,1.0,emotional,False,12
56,Reggie Virgil,WR,30,Jason,Jason,1.0,anchor,False,12
57,Aaron Rodgers,QB,12,Sam,Sam,1.0,tier_controller,False,12
58,Deion Burks,WR,26,Ryan J,Ryan J,1.0,stars_and_scrubs,False,12
59,Kene Nwangwu,RB,28,Evan,Evan,1.0,anchor,False,12
60,Tommy Tremble,TE,5,Reid,Reid,1.0,price_enforcer,False,12
61,Sione Vaki,RB,20,Brad,Brad,1.0,positional_extremist_rb,False,12
62,Hunter Luepke,RB,25,Shane,Shane,1.0,stars_and_scrubs,False,12
63,Deshaun Watson,QB,12,Coby,Coby,1.0,emotional,False,12
64,Josh Williams,RB,21,James,James,1.0,balanced,False,12
65,Dameon Pierce,RB,25,Travis,Travis,1.0,price_enforcer,False,12
66,Will Shipley,RB,29,CJ,CJ,1.0,positional_extremist_rb,False,12
67,Jawhar Jordan,RB,24,Brandon,Brandon,1.0,emotional,False,12
68,Austin Hooper,TE,11,Jason,Jason,1.0,anchor,False,12
69,Jeremy McNichols,RB,23,Sam,Sam,1.0,tier_controller,False,12
70,Dylan Laube,RB,21,Ryan J,Ryan J,1.0,stars_and_scrubs,False,12
71,Daniel Jones,QB,10,Evan,Evan,1.0,anchor,False,12
72,Kenneth Gainwell,RB,27,Reid,Reid,1.0,price_enforcer,False,12
73,David Njoku,TE,20,Brad,Brad,1.0,positional_extremist_rb,False,12
74,Mitchell Evans,TE,11,Shane,Shane,1.0,stars_and_scrubs,False,12
75,Michael Mayer,TE,7,Coby,Coby,1.0,emotional,False,12
76,Noah Whittington,RB,26,James,James,1.0,balanced,False,12
77,Cade Stover,TE,9,Travis,Travis,1.0,price_enforcer,False,12
78,Moliki Matavao,TE,9,CJ,CJ,1.0,positional_extremist_rb,False,12
79,KeAndre Lambert-Smith,WR,30,Brandon,Brandon,1.0,emotional,False,12
80,Jaylin Noel,WR,29,Jason,Jason,1.0,anchor,False,12
81,Josh Cameron,WR,28,Sam,Sam,1.0,tier_controller,False,12
82,Sam Darnold,QB,13,Ryan J,Ryan J,1.0,stars_and_scrubs,False,12
83,Brandon Aiyuk,WR,35,Evan,Evan,1.0,anchor,False,12
84,Jarquez Hunter,RB,31,Reid,Reid,1.0,price_enforcer,False,12
85,Mitch Tinsley,WR,22,Brad,Brad,1.0,positional_extremist_rb,False,12
86,Cole Kmet,TE,8,Shane,Shane,1.0,stars_and_scrubs,False,12
87,Jahdae Walker,WR,22,Coby,Coby,1.0,emotional,False,12
88,Oscar Delp,TE,7,James,James,1.0,balanced,False,12
89,Tory Horton,WR,27,Travis,Travis,1.0,price_enforcer,False,12
90,Elic Ayomanor,WR,27,CJ,CJ,1.0,positional_extremist_rb,False,12
91,Cade Otton,TE,12,Brandon,Brandon,1.0,emotional,False,12
92,Tai Felton,WR,26,Jason,Jason,1.0,anchor,False,12
93,DJ Moore,WR,3,Sam,Coby,120.0,emotional,False,12
94,Roman Wilson,WR,24,Ryan J,Ryan J,1.0,stars_and_scrubs,False,12
95,Josh Oliver,TE,10,Evan,Evan,1.0,anchor,False,12
96,Reggie Gilliam,RB,23,Reid,Reid,1.0,price_enforcer,False,12
97,Rhamondre Stevenson,RB,2,Brad,Shane,200.0,stars_and_scrubs,False,12
98,Kyler Murray,QB,5,Shane,Sam,3.432535841511149,tier_controller,False,12
99,Austin Ekeler,RB,6,Coby,CJ,47.0,positional_extremist_rb,False,12
100,Deebo Samuel,WR,3,James,Shane,120.0,stars_and_scrubs,False,12
101,Nick Westbrook-Ikhine,WR,15,Travis,Travis,1.0,price_enforcer,False,12
102,Rasheen Ali,RB,20,CJ,CJ,194.0,positional_extremist_rb,True,12
103,Stefon Diggs,WR,7,Brandon,Coby,32.242165712828054,emotional,False,12
104,Antonio Gibson,RB,22,Jason,Jason,1.0,anchor,False,12
105,Tetairoa McMillan,WR,1,Sam,Ryan J,170.0,stars_and_scrubs,False,12
106,CJ Stroud,QB,2,Ryan J,Sam,27.06337573330906,tier_controller,False,12
107,Justin Fields,QB,9,Evan,Evan,1.0,anchor,False,12
108,Kimani Vidal,RB,10,Reid,Sam,7.315866574986951,tier_controller,False,12
109,Matthew Golden,WR,6,Brad,Sam,33.5824,tier_controller,False,12
110,Emmett Johnson,RB,10,Shane,Brad,11.0,positional_extremist_rb,False,12
111,Jordan Love,QB,4,Coby,Sam,3.3680031770737937,tier_controller,False,12
112,Jalen Hurts,QB,1,James,Brandon,174.0,emotional,True,12
113,Drake Maye,QB,1,Travis,Sam,260.24,tier_controller,True,12
114,Trevor Lawrence,QB,3,Jason,Ryan J,7.484926509739841,stars_and_scrubs,False,12
115,Jared Goff,QB,3,Ryan J,Coby,135.76,emotional,True,12
116,Dyami Brown,WR,25,Evan,Evan,226.0,anchor,True,12
117,Matt Hibner,TE,10,Reid,Reid,1.0,price_enforcer,False,12
118,Khalil Herbert,RB,22,Brad,Brad,1.0,positional_extremist_rb,False,12
119,Tre Harris,WR,38,Shane,Shane,23.0,stars_and_scrubs,True,12
120,Jacob Cowing,WR,23,James,James,1.0,balanced,False,12
121,Riley Leonard,QB,8,Travis,Travis,1.0,price_enforcer,False,12
122,Xavier Smith,WR,23,Jason,Jason,1.0,anchor,False,12
123,Mike Gesicki,TE,18,Ryan J,Ryan J,1.0,stars_and_scrubs,False,12
124,Jack Bech,WR,39,Reid,Reid,1.0,price_enforcer,False,12
125,Cade Klubnik,QB,8,Brad,Brad,1.0,positional_extremist_rb,False,12
126,Nicholas Singleton,RB,16,James,Brad,326.0,positional_extremist_rb,True,12
127,Roschon Johnson,RB,18,Travis,Travis,1.0,price_enforcer,False,12
128,Zavion Thomas,WR,16,Jason,Jason,1.0,anchor,False,12
129,Tank Bigsby,RB,9,Ryan J,Jason,286.0,anchor,True,12
130,Tyrod Taylor,QB,7,Reid,Reid,1.0,price_enforcer,False,12
131,Adam Prentice,RB,19,James,James,1.0,balanced,False,12
132,RJ Harvey,RB,3,Travis,Ryan J,61.0,stars_and_scrubs,False,12
133,Chris Godwin Jr,WR,4,Ryan J,James,324.0,balanced,True,12
134,Kareem Hunt,RB,31,Reid,Reid,1.0,price_enforcer,False,12
135,Bucky Irving,RB,1,Travis,Ryan J,130.52,stars_and_scrubs,True,12
136,Marvin Mims Jr.,WR,36,Reid,Reid,313.0,price_enforcer,True,12
137,Darnell Washington,TE,17,Travis,Travis,1.0,price_enforcer,False,12
138,Kyle Juszczyk,RB,24,Travis,Travis,361.0,price_enforcer,True,12
1,Deshaun Watson,QB,12,Evan,Evan,1.0,balanced,False,13
2,Tua Tagovailoa,QB,13,Coby,Coby,1.0,value_purist,False,13
3,Cam Ward,QB,14,CJ,CJ,1.0,stars_and_scrubs,False,13
4,Jacoby Brissett,QB,11,Jason,Jason,1.0,tier_controller,False,13
5,Durham Smythe,TE,13,Brandon,Brandon,1.0,emotional,False,13
6,Oronde Gadsden,TE,19,Ryan J,Ryan J,1.0,positional_extremist_rb,False,13
7,Tommy Tremble,TE,5,Shane,Shane,1.0,value_purist,False,13
8,Sam Darnold,QB,13,Reid,Reid,1.0,tier_controller,False,13
9,Kayshon Boutte,WR,32,James,James,1.0,stars_and_scrubs,False,13
10,Nick Westbrook-Ikhine,WR,15,Sam,Sam,1.0,tier_controller,False,13
11,Mack Hollins,WR,36,Brad,Brad,1.0,price_enforcer,False,13
12,Sam Roush,TE,15,Travis,Travis,1.0,tier_controller,False,13
13,Antonio Williams,WR,40,Evan,Evan,1.0,balanced,False,13
14,Caleb Douglas,WR,40,Coby,Coby,1.0,value_purist,False,13
15,Luther Burden,WR,28,CJ,CJ,1.0,stars_and_scrubs,False,13
16,Andrei Iosivas,WR,35,Jason,Jason,1.0,tier_controller,False,13
17,Jameis Winston,QB,6,Brandon,Brandon,1.0,emotional,False,13
18,Malachi Fields,WR,41,Ryan J,Ryan J,1.0,positional_extremist_rb,False,13
19,Jaleel McLaughlin,RB,30,Shane,Shane,1.0,value_purist,False,13
20,Mason Taylor,TE,14,Reid,Reid,1.0,tier_controller,False,13
21,Carson Beck,QB,7,James,James,1.0,stars_and_scrubs,False,13
22,Will Shipley,RB,29,Sam,Sam,1.0,tier_controller,False,13
23,Noah Whittington,RB,26,Brad,Brad,1.0,price_enforcer,False,13
24,Eli Heidenreich,RB,19,Travis,Travis,1.0,tier_controller,False,13
25,Evan Hull,RB,29,Evan,Evan,1.0,balanced,False,13
26,Marquez Valdes-Scantling,WR,32,Coby,Coby,1.0,value_purist,False,13
27,Theo Johnson,TE,16,CJ,CJ,1.0,stars_and_scrubs,False,13
28,Shedeur Sanders,QB,9,Jason,Jason,1.0,tier_controller,False,13
29,Tyson Bagent,QB,10,Brandon,Brandon,1.0,emotional,False,13
30,Riley Leonard,QB,8,Ryan J,Ryan J,1.0,positional_extremist_rb,False,13
31,Colby Parkinson,TE,16,Shane,Shane,1.0,value_purist,False,13
32,Isaac TeSlaa,WR,33,Reid,Reid,1.0,tier_controller,False,13
33,Ja'Tavion Sanders,TE,6,James,James,1.0,stars_and_scrubs,False,13
34,JJ McCarthy,QB,11,Sam,Sam,1.0,tier_controller,False,13
35,Jarquez Hunter,RB,31,Brad,Brad,1.0,price_enforcer,False,13
36,Cade Stover,TE,9,Travis,Travis,1.0,tier_controller,False,13
37,Darnell Washington,TE,17,Evan,Evan,1.0,balanced,False,13
38,Kene Nwangwu,RB,28,Coby,Coby,1.0,value_purist,False,13
39,Travis Hunter,WR,31,CJ,CJ,1.0,stars_and_scrubs,False,13
40,Reggie Virgil,WR,30,Jason,Jason,1.0,tier_controller,False,13
41,Chris Bell,WR,39,Brandon,Brandon,1.0,emotional,False,13
42,Pat Freiermuth,TE,17,Ryan J,Ryan J,1.0,positional_extremist_rb,False,13
43,Josh Williams,RB,21,Shane,Shane,1.0,value_purist,False,13
44,Roschon Johnson,RB,18,Reid,Reid,1.0,tier_controller,False,13
45,Evan Engram,TE,19,James,James,1.0,stars_and_scrubs,False,13
46,David Njoku,TE,20,Sam,Sam,1.0,tier_controller,False,13
47,Cade Klubnik,QB,8,Brad,Brad,1.0,price_enforcer,False,13
48,Antonio Gibson,RB,22,Travis,Travis,1.0,tier_controller,False,13
49,KeAndre Lambert-Smith,WR,30,Evan,Evan,1.0,balanced,False,13
50,Van Jefferson,WR,31,Coby,Coby,1.0,value_purist,False,13
51,Ty Johnson,RB,32,CJ,CJ,1.0,stars_and_scrubs,False,13
52,Omar Cooper Jr.,WR,37,Jason,Jason,1.0,tier_controller,False,13
53,Marvin Mims Jr.,WR,36,Brandon,Brandon,1.0,emotional,False,13
54,Jackson Hawes,TE,14,Ryan J,Ryan J,1.0,positional_extremist_rb,False,13
55,Adam Trautman,TE,15,Shane,Shane,1.0,value_purist,False,13
56,Austin Hooper,TE,11,Reid,Reid,1.0,tier_controller,False,13
57,Mike Gesicki,TE,18,James,James,1.0,stars_and_scrubs,False,13
58,Fernando Mendoza,QB,14,Sam,Sam,1.0,tier_controller,False,13
59,Malik Washington,WR,29,Brad,Brad,1.0,price_enforcer,False,13
60,DeMario Douglas,WR,34,Travis,Travis,1.0,tier_controller,False,13
61,Jawhar Jordan,RB,24,Evan,Evan,1.0,balanced,False,13
62,Dameon Pierce,RB,25,Coby,Coby,1.0,value_purist,False,13
63,Greg Dulcich,TE,20,CJ,CJ,1.0,stars_and_scrubs,False,13
64,Elijah Higgins,TE,12,Jason,Jason,1.0,tier_controller,False,13
65,Marcus Mariota,QB,6,Brandon,Brandon,1.0,emotional,False,13
66,Patrick Ricard,RB,28,Ryan J,Ryan J,1.0,positional_extremist_rb,False,13
67,Dont'e Thornton Jr.,WR,16,Shane,Shane,1.0,value_purist,False,13
68,Greg Dortch,WR,25,Reid,Reid,1.0,tier_controller,False,13
69,Cyrus Allen,WR,38,James,James,1.0,stars_and_scrubs,False,13
70,Daniel Jones,QB,10,Sam,Sam,1.0,tier_controller,False,13
71,Jack Bech,WR,39,Brad,Brad,1.0,price_enforcer,False,13
72,Cade Otton,TE,12,Travis,Travis,1.0,tier_controller,False,13
73,Tyrod Taylor,QB,7,Evan,Evan,1.0,balanced,False,13
74,Deion Burks,WR,26,Coby,Coby,1.0,value_purist,False,13
75,Aaron Rodgers,QB,12,CJ,CJ,1.0,stars_and_scrubs,False,13
76,Kenneth Gainwell,RB,27,Jason,Jason,1.0,tier_controller,False,13
77,Tre Harris,WR,38,Brandon,Brandon,1.0,emotional,False,13
78,Hunter Luepke,RB,25,Ryan J,Ryan J,1.0,positional_extremist_rb,False,13
79,Jahan Dotson,WR,34,Shane,Shane,1.0,value_purist,False,13
80,Jaylin Noel,WR,29,Reid,Reid,1.0,tier_controller,False,13
81,Dontayvion Wicks,WR,37,James,James,1.0,stars_and_scrubs,False,13
82,Justin Fields,QB,9,Sam,Sam,1.0,tier_controller,False,13
83,Matt Hibner,TE,10,Brad,Brad,1.0,price_enforcer,False,13
84,Kareem Hunt,RB,31,Travis,Travis,1.0,tier_controller,False,13
85,Cole Kmet,TE,8,Evan,Evan,1.0,balanced,False,13
86,Jacob Cowing,WR,23,Coby,Coby,1.0,value_purist,False,13
87,Mitchell Evans,TE,11,CJ,CJ,1.0,stars_and_scrubs,False,13
88,Kyle Juszczyk,RB,24,Jason,Jason,1.0,tier_controller,False,13
89,Dyami Brown,WR,25,Brandon,Brandon,1.0,emotional,False,13
90,Josh Downs,WR,5,Ryan J,Sam,47.72581596393462,tier_controller,False,13
91,Demond Claiborne,RB,14,Shane,Jason,1.7638266490353471,tier_controller,False,13
92,Dalton Kincaid,TE,3,Reid,Travis,13.053440753772286,tier_controller,False,13
93,Brenton Strange,TE,4,James,Brandon,174.0,emotional,True,13
94,Cash Jones,RB,26,Sam,Sam,1.0,tier_controller,False,13
95,Noah Gray,TE,6,Brad,Brad,1.0,price_enforcer,False,13
96,Moliki Matavao,TE,9,Travis,Travis,1.0,tier_controller,False,13
97,Erick All Jr.,TE,8,Evan,Evan,1.0,balanced,False,13
98,Kyler Murray,QB,5,Coby,Reid,4.130744551883151,tier_controller,False,13
99,AD Mitchell,WR,9,CJ,Reid,19.70089862898914,tier_controller,False,13
100,Devin Singletary,RB,17,Jason,Sam,1.5653188989512634,tier_controller,False,13
101,Sean Tucker,RB,14,Ryan J,Travis,2.02984660724853,tier_controller,False,13
102,Kimani Vidal,RB,10,Shane,Reid,8.864211102952256,tier_controller,False,13
103,Tyrone Tracy Jr,RB,9,Reid,Ryan J,19.362844141381018,positional_extremist_rb,False,13
104,Brian Robinson Jr,RB,6,James,Jason,46.823181841731355,tier_controller,False,13
105,Matthew Stafford,QB,5,Sam,Reid,1.72291989868232,tier_controller,False,13
106,Jonathon Brooks,RB,2,Brad,Sam,195.0,tier_controller,False,13
107,Tyler Allgeier,RB,7,Travis,Reid,28.23584517095622,tier_controller,False,13
108,Jordyn Tyson,WR,12,Evan,Reid,255.35,tier_controller,True,13
109,Matthew Golden,WR,6,Coby,Ryan J,37.95104702000915,positional_extremist_rb,False,13
110,Chris Rodriguez Jr,RB,11,CJ,Ryan J,5.322656877260659,positional_extremist_rb,False,13
111,Bucky Irving,RB,1,Jason,Ryan J,255.0,positional_extremist_rb,False,13
112,Aaron Jones Sr,RB,4,Ryan J,CJ,147.5,stars_and_scrubs,False,13
113,Travis Etienne,RB,5,Shane,Travis,54.99738550470749,tier_controller,False,13
114,Drake Maye,QB,1,James,Travis,24.0,tier_controller,False,13
115,Adam Randall,RB,16,Sam,Jason,1.7792974945106819,tier_controller,False,13
116,Sam LaPorta,TE,1,Brad,Travis,270.92,tier_controller,True,13
117,Brashard Smith,RB,17,Evan,Jason,238.64,tier_controller,True,13
118,CJ Stroud,QB,2,Coby,Sam,21.054450298998596,tier_controller,False,13
119,Justice Hill,RB,11,CJ,Sam,68.65,tier_controller,True,13
120,Hunter Henry,TE,3,Ryan J,James,7.619586981879215,stars_and_scrubs,False,13
121,Makai Lemon,WR,8,Shane,Evan,226.0,balanced,True,13
122,Michael Mayer,TE,7,James,James,1.0,stars_and_scrubs,False,13
123,Ollie Gordon,RB,27,Brad,Brad,1.0,price_enforcer,False,13
124,Luke Schoonmaker,TE,13,Coby,Coby,1.0,value_purist,False,13
125,Jeremy McNichols,RB,23,CJ,CJ,93.5,stars_and_scrubs,True,13
126,Adam Prentice,RB,19,Ryan J,Ryan J,1.0,positional_extremist_rb,False,13
127,Rasheen Ali,RB,20,Shane,Shane,1.0,value_purist,False,13
128,Xavier Smith,WR,23,James,James,1.0,stars_and_scrubs,False,13
129,Trevor Lawrence,QB,3,Brad,James,317.38,stars_and_scrubs,True,13
130,Oscar Delp,TE,7,Coby,Coby,1.0,value_purist,False,13
131,Austin Ekeler,RB,6,Ryan J,Shane,36.41161521576798,value_purist,False,13
132,Jaxson Dart,QB,4,Shane,Coby,286.0,value_purist,True,13
133,Tory Horton,WR,27,Brad,Brad,1.0,price_enforcer,False,13
134,Audric Estime,RB,30,Ryan J,Ryan J,52.37,positional_extremist_rb,True,13
135,Savion Williams,WR,24,Shane,Shane,1.0,value_purist,False,13
136,Jalen Hurts,QB,1,Brad,Shane,305.59,value_purist,True,13
137,Eli Stowers,TE,18,Brad,Brad,1.0,price_enforcer,False,13
138,Ashton Dulin,WR,14,Brad,Brad,336.0,price_enforcer,True,13
1,Aaron Rodgers,QB,12,Travis,Travis,1.0,balanced,False,14
2,Tyson Bagent,QB,10,Ryan J,Ryan J,1.0,tier_controller,False,14
3,Shedeur Sanders,QB,9,Shane,Shane,1.0,tier_controller,False,14
4,David Njoku,TE,20,Brandon,Brandon,1.0,value_purist,False,14
5,Cam Ward,QB,14,CJ,CJ,1.0,balanced,False,14
6,Matt Hibner,TE,10,Sam,Sam,1.0,balanced,False,14
7,Cade Stover,TE,9,Evan,Evan,1.0,price_enforcer,False,14
8,Riley Leonard,QB,8,Jason,Jason,1.0,balanced,False,14
9,Greg Dulcich,TE,20,Brad,Brad,1.0,balanced,False,14
10,Deshaun Watson,QB,12,Coby,Coby,1.0,stars_and_scrubs,False,14
11,DeMario Douglas,WR,34,Reid,Reid,1.0,anchor,False,14
12,Colby Parkinson,TE,16,James,James,1.0,value_purist,False,14
13,Erick All Jr.,TE,8,Travis,Travis,1.0,balanced,False,14
14,Theo Johnson,TE,16,Ryan J,Ryan J,1.0,tier_controller,False,14
15,Marquez Valdes-Scantling,WR,32,Shane,Shane,1.0,tier_controller,False,14
16,Kayshon Boutte,WR,32,Brandon,Brandon,1.0,value_purist,False,14
17,Jaleel McLaughlin,RB,30,CJ,CJ,1.0,balanced,False,14
18,Audric Estime,RB,30,Sam,Sam,1.0,balanced,False,14
19,Antonio Gibson,RB,22,Evan,Evan,1.0,price_enforcer,False,14
20,Sam Darnold,QB,13,Jason,Jason,1.0,balanced,False,14
21,Tyrod Taylor,QB,7,Brad,Brad,1.0,balanced,False,14
22,Evan Hull,RB,29,Coby,Coby,1.0,stars_and_scrubs,False,14
23,Jacoby Brissett,QB,11,Reid,Reid,1.0,anchor,False,14
24,Tommy Tremble,TE,5,James,James,1.0,value_purist,False,14
25,Caleb Douglas,WR,40,Travis,Travis,1.0,balanced,False,14
26,Darnell Washington,TE,17,Ryan J,Ryan J,1.0,tier_controller,False,14
27,Pat Freiermuth,TE,17,Shane,Shane,1.0,tier_controller,False,14
28,Jeremy McNichols,RB,23,Brandon,Brandon,1.0,value_purist,False,14
29,Ollie Gordon,RB,27,CJ,CJ,1.0,balanced,False,14
30,Patrick Ricard,RB,28,Sam,Sam,1.0,balanced,False,14
31,Will Shipley,RB,29,Evan,Evan,1.0,price_enforcer,False,14
32,Khalil Herbert,RB,22,Jason,Jason,1.0,balanced,False,14
33,Kareem Hunt,RB,31,Brad,Brad,1.0,balanced,False,14
34,Jarquez Hunter,RB,31,Coby,Coby,1.0,stars_and_scrubs,False,14
35,Dameon Pierce,RB,25,Reid,Reid,1.0,anchor,False,14
36,Chris Bell,WR,39,James,James,1.0,value_purist,False,14
37,Jackson Hawes,TE,14,Travis,Travis,1.0,balanced,False,14
38,Malachi Fields,WR,41,Ryan J,Ryan J,1.0,tier_controller,False,14
39,Raheim Sanders,RB,18,Shane,Shane,1.0,tier_controller,False,14
40,Kenneth Gainwell,RB,27,Brandon,Brandon,1.0,value_purist,False,14
41,Elijah Higgins,TE,12,CJ,CJ,1.0,balanced,False,14
42,Noah Whittington,RB,26,Sam,Sam,1.0,balanced,False,14
43,Cash Jones,RB,26,Evan,Evan,1.0,price_enforcer,False,14
44,Sione Vaki,RB,20,Jason,Jason,1.0,balanced,False,14
45,Ty Johnson,RB,32,Brad,Brad,1.0,balanced,False,14
46,Carson Beck,QB,7,Coby,Coby,1.0,stars_and_scrubs,False,14
47,Tua Tagovailoa,QB,13,Reid,Reid,1.0,anchor,False,14
48,Justin Fields,QB,9,James,James,1.0,value_purist,False,14
49,Kene Nwangwu,RB,28,Travis,Travis,1.0,balanced,False,14
50,Reggie Virgil,WR,30,Ryan J,Ryan J,1.0,tier_controller,False,14
51,Demarcus Robinson,WR,15,Shane,Shane,1.0,tier_controller,False,14
52,Oronde Gadsden,TE,19,Brandon,Brandon,1.0,value_purist,False,14
53,Jaylin Noel,WR,29,CJ,CJ,1.0,balanced,False,14
54,Fernando Mendoza,QB,14,Sam,Sam,1.0,balanced,False,14
55,Mason Taylor,TE,14,Evan,Evan,1.0,price_enforcer,False,14
56,Travis Hunter,WR,31,Jason,Jason,1.0,balanced,False,14
57,Cade Otton,TE,12,Brad,Brad,1.0,balanced,False,14
58,Luke Schoonmaker,TE,13,Coby,Coby,1.0,stars_and_scrubs,False,14
59,Antonio Williams,WR,40,Reid,Reid,1.0,anchor,False,14
60,Isaac TeSlaa,WR,33,James,James,1.0,value_purist,False,14
61,Deion Burks,WR,26,Travis,Travis,1.0,balanced,False,14
62,Adam Trautman,TE,15,Ryan J,Ryan J,1.0,tier_controller,False,14
63,Kyle Juszczyk,RB,24,Shane,Shane,1.0,tier_controller,False,14
64,Mack Hollins,WR,36,Brandon,Brandon,1.0,value_purist,False,14
65,Cyrus Allen,WR,38,CJ,CJ,1.0,balanced,False,14
66,Kendrick Bourne,WR,17,Sam,Sam,1.0,balanced,False,14
67,Hunter Luepke,RB,25,Evan,Evan,1.0,price_enforcer,False,14
68,Sam Roush,TE,15,Jason,Jason,1.0,balanced,False,14
69,Tre Harris,WR,38,Brad,Brad,1.0,balanced,False,14
70,Tory Horton,WR,27,Coby,Coby,1.0,stars_and_scrubs,False,14
71,Reggie Gilliam,RB,23,Reid,Reid,1.0,anchor,False,14
72,Zavion Thomas,WR,16,James,James,1.0,value_purist,False,14
73,Chris Brazzell II,WR,18,Travis,Travis,1.0,balanced,False,14
74,JJ McCarthy,QB,11,Ryan J,Ryan J,1.0,tier_controller,False,14
75,Luther Burden,WR,28,Shane,Shane,1.0,tier_controller,False,14
76,Malik Washington,WR,29,Brandon,Brandon,1.0,value_purist,False,14
77,Jawhar Jordan,RB,24,CJ,CJ,1.0,balanced,False,14
78,Tai Felton,WR,26,Sam,Sam,1.0,balanced,False,14
79,Jack Bech,WR,39,Evan,Evan,1.0,price_enforcer,False,14
80,Rasheen Ali,RB,20,Jason,Jason,1.0,balanced,False,14
81,Luke McCaffrey,WR,17,Brad,Brad,1.0,balanced,False,14
82,Jameis Winston,QB,6,Coby,Coby,1.0,stars_and_scrubs,False,14
83,Cade Klubnik,QB,8,Reid,Reid,1.0,anchor,False,14
84,Josh Cameron,WR,28,James,James,1.0,value_purist,False,14
85,Roschon Johnson,RB,18,Travis,Travis,1.0,balanced,False,14
86,Dont'e Thornton Jr.,WR,16,Ryan J,Ryan J,1.0,tier_controller,False,14
87,Durham Smythe,TE,13,Shane,Shane,1.0,tier_controller,False,14
88,Adam Prentice,RB,19,Brandon,Brandon,1.0,value_purist,False,14
89,Marcus Mariota,QB,6,CJ,CJ,1.0,balanced,False,14
90,Dylan Laube,RB,21,Sam,Sam,1.0,balanced,False,14
91,Daniel Jones,QB,10,Evan,Evan,1.0,price_enforcer,False,14
92,Oscar Delp,TE,7,Jason,Jason,1.0,balanced,False,14
93,Konata Mumpfield,WR,20,Brad,Brad,1.0,balanced,False,14
94,Cole Kmet,TE,8,Coby,Coby,1.0,stars_and_scrubs,False,14
95,Marvin Harrison Jr,WR,10,Reid,Shane,10.469885259855452,tier_controller,False,14
96,Emmett Johnson,RB,10,James,Shane,9.831791914763077,tier_controller,False,14
97,RJ Harvey,RB,3,Travis,Coby,177.5,stars_and_scrubs,False,14
98,Dallas Goedert,TE,2,Ryan J,Shane,322.7,tier_controller,True,14
99,Roman Wilson,WR,24,Brandon,Brandon,174.0,value_purist,True,14
100,Eli Heidenreich,RB,19,CJ,CJ,1.0,balanced,False,14
101,Brashard Smith,RB,17,Sam,Ryan J,1.5364557120571205,tier_controller,False,14
102,Jalen McMillan,WR,14,Evan,Ryan J,1.6014383222639936,tier_controller,False,14
103,Terry McLaurin,WR,2,Jason,Reid,142.5,anchor,False,14
104,Tyrone Tracy Jr,RB,9,Brad,Ryan J,16.132127452805108,tier_controller,False,14
105,Najee Harris,RB,13,Coby,Ryan J,1.711691147233992,tier_controller,False,14
106,Stefon Diggs,WR,7,Reid,Ryan J,349.02,tier_controller,True,14
107,Alvin Kamara,RB,7,James,CJ,240.0,balanced,True,14
108,Mitch Tinsley,WR,22,Travis,Travis,1.0,balanced,False,14
109,Mitchell Evans,TE,11,Sam,Sam,1.0,balanced,False,14
110,Jacob Cowing,WR,23,Evan,Evan,1.0,price_enforcer,False,14
111,Chuba Hubbard,RB,3,Jason,Coby,69.0,stars_and_scrubs,False,14
112,De'Zhaun Stribling,WR,12,Brad,Coby,41.5,stars_and_scrubs,True,14
113,Caleb Williams,QB,2,Reid,Travis,9.70282108926859,balanced,False,14
114,Seth McGowan,RB,15,James,Jason,1.2330759960283766,balanced,False,14
115,Jacory Croskey-Merritt,RB,4,Travis,Travis,63.271000000000015,balanced,False,14
116,Dalton Schultz,TE,4,Sam,Travis,5.041135856146453,balanced,False,14
117,Aaron Jones Sr,RB,4,Evan,James,63.48013000000001,value_purist,False,14
118,Jordan James,RB,13,Jason,Reid,1.1834464675980183,anchor,False,14
119,Zach Charbonnet,RB,5,Brad,Travis,285.99,balanced,True,14
120,Josh Oliver,TE,10,Reid,Reid,1.0,anchor,False,14
121,Drake Maye,QB,1,James,Jason,21.51928236896732,balanced,False,14
122,Jared Goff,QB,3,Sam,Jason,3.397727967809125,balanced,False,14
123,DK Metcalf,WR,5,Evan,Brad,38.10262864647606,balanced,False,14
124,Devin Singletary,RB,17,Jason,Reid,1.3353099350095425,anchor,False,14
125,CJ Stroud,QB,2,Brad,Jason,262.85,balanced,True,14
126,Dalton Kincaid,TE,3,Reid,James,9.0,value_purist,False,14
127,Matthew Golden,WR,6,James,Brad,25.0,balanced,False,14
128,Sean Tucker,RB,14,Sam,James,1.2312019876780163,value_purist,False,14
129,Tetairoa McMillan,WR,1,Evan,James,253.29,value_purist,True,14
130,DJ Moore,WR,3,Brad,Sam,48.0,balanced,False,14
131,Jalen Hurts,QB,1,Reid,Sam,19.825316176425975,balanced,False,14
132,Deebo Samuel,WR,3,Sam,Brad,48.672639268580625,balanced,False,14
133,Brian Thomas Jr,WR,10,Evan,Brad,227.23,balanced,True,14
134,Travis Etienne,RB,5,Reid,Sam,32.0,balanced,False,14
135,Sam LaPorta,TE,1,Sam,Reid,23.0,anchor,False,14
136,Demond Claiborne,RB,14,Evan,Sam,233.17,balanced,True,14
137,Hunter Henry,TE,3,Reid,Reid,148.98,anchor,True,14
138,Noah Gray,TE,6,Evan,Evan,226.0,price_enforcer,True,14
1,Riley Leonard,QB,8,Sam,Sam,1.0,stars_and_scrubs,False,15
2,Cade Klubnik,QB,8,James,James,1.0,value_purist,False,15
3,Tua Tagovailoa,QB,13,Ryan J,Ryan J,1.0,value_purist,False,15
4,Theo Johnson,TE,16,Reid,Reid,1.0,price_enforcer,False,15
5,Justin Fields,QB,9,Brad,Brad,1.0,positional_extremist_wr,False,15
6,Pat Freiermuth,TE,17,CJ,CJ,1.0,emotional,False,15
7,Fernando Mendoza,QB,14,Coby,Coby,1.0,anchor,False,15
8,Isaac TeSlaa,WR,33,Jason,Jason,1.0,tier_controller,False,15
9,Tommy Tremble,TE,5,Shane,Shane,1.0,price_enforcer,False,15
10,Aaron Rodgers,QB,12,Evan,Evan,1.0,positional_extremist_wr,False,15
11,Van Jefferson,WR,31,Travis,Travis,1.0,value_purist,False,15
12,Kene Nwangwu,RB,28,Brandon,Brandon,1.0,positional_extremist_rb,False,15
13,Colby Parkinson,TE,16,Sam,Sam,1.0,stars_and_scrubs,False,15
14,Antonio Gibson,RB,22,James,James,1.0,value_purist,False,15
15,Sam Darnold,QB,13,Ryan J,Ryan J,1.0,value_purist,False,15
16,Tyson Bagent,QB,10,Reid,Reid,1.0,price_enforcer,False,15
17,Dontayvion Wicks,WR,37,Brad,Brad,1.0,positional_extremist_wr,False,15
18,Omar Cooper Jr.,WR,37,CJ,CJ,1.0,emotional,False,15
19,Cam Ward,QB,14,Coby,Coby,1.0,anchor,False,15
20,Antonio Williams,WR,40,Jason,Jason,1.0,tier_controller,False,15
21,Kareem Hunt,RB,31,Shane,Shane,1.0,price_enforcer,False,15
22,Greg Dulcich,TE,20,Evan,Evan,1.0,positional_extremist_wr,False,15
23,Tre Harris,WR,38,Travis,Travis,1.0,value_purist,False,15
24,Luke McCaffrey,WR,17,Brandon,Brandon,1.0,positional_extremist_rb,False,15
25,Tyrod Taylor,QB,7,Sam,Sam,1.0,stars_and_scrubs,False,15
26,Noah Whittington,RB,26,James,James,1.0,value_purist,False,15
27,JJ McCarthy,QB,11,Ryan J,Ryan J,1.0,value_purist,False,15
28,Will Shipley,RB,29,Reid,Reid,1.0,price_enforcer,False,15
29,Jameis Winston,QB,6,Brad,Brad,1.0,positional_extremist_wr,False,15
30,Jaleel McLaughlin,RB,30,CJ,CJ,1.0,emotional,False,15
31,Carson Beck,QB,7,Coby,Coby,1.0,anchor,False,15
32,Travis Hunter,WR,31,Jason,Jason,1.0,tier_controller,False,15
33,KeAndre Lambert-Smith,WR,30,Shane,Shane,1.0,price_enforcer,False,15
34,Ja'Kobi Lane,WR,33,Evan,Evan,1.0,positional_extremist_wr,False,15
35,Daniel Jones,QB,10,Travis,Travis,1.0,value_purist,False,15
36,Marquez Valdes-Scantling,WR,32,Brandon,Brandon,1.0,positional_extremist_rb,False,15
37,Jackson Hawes,TE,14,Sam,Sam,1.0,stars_and_scrubs,False,15
38,Brandon Aiyuk,WR,35,James,James,1.0,value_purist,False,15
39,Ollie Gordon,RB,27,Ryan J,Ryan J,1.0,value_purist,False,15
40,Malachi Fields,WR,41,Reid,Reid,1.0,price_enforcer,False,15
41,David Njoku,TE,20,Brad,Brad,1.0,positional_extremist_wr,False,15
42,Noah Fant,TE,5,CJ,CJ,1.0,emotional,False,15
43,Evan Engram,TE,19,Coby,Coby,1.0,anchor,False,15
44,Marcus Mariota,QB,6,Jason,Jason,1.0,tier_controller,False,15
45,Jacoby Brissett,QB,11,Shane,Shane,1.0,price_enforcer,False,15
46,Ty Johnson,RB,32,Evan,Evan,1.0,positional_extremist_wr,False,15
47,Adam Trautman,TE,15,Travis,Travis,1.0,value_purist,False,15
48,Jack Bech,WR,39,Brandon,Brandon,1.0,positional_extremist_rb,False,15
49,Jaylin Noel,WR,29,Sam,Sam,1.0,stars_and_scrubs,False,15
50,Chris Bell,WR,39,James,James,1.0,value_purist,False,15
51,Josh Cameron,WR,28,Ryan J,Ryan J,1.0,value_purist,False,15
52,Sam Roush,TE,15,Reid,Reid,1.0,price_enforcer,False,15
53,Evan Hull,RB,29,Brad,Brad,1.0,positional_extremist_wr,False,15
54,Jarquez Hunter,RB,31,CJ,CJ,1.0,emotional,False,15
55,Mike Gesicki,TE,18,Coby,Coby,1.0,anchor,False,15
56,Dameon Pierce,RB,25,Jason,Jason,1.0,tier_controller,False,15
57,Demarcus Robinson,WR,15,Shane,Shane,1.0,price_enforcer,False,15
58,Deion Burks,WR,26,Evan,Evan,1.0,positional_extremist_wr,False,15
59,DeMario Douglas,WR,34,Travis,Travis,1.0,value_purist,False,15
60,Nick Westbrook-Ikhine,WR,15,Brandon,Brandon,1.0,positional_extremist_rb,False,15
61,Caleb Douglas,WR,40,Sam,Sam,1.0,stars_and_scrubs,False,15
62,Luke Schoonmaker,TE,13,James,James,1.0,value_purist,False,15
63,Cade Otton,TE,12,Ryan J,Ryan J,1.0,value_purist,False,15
64,Sione Vaki,RB,20,Reid,Reid,1.0,price_enforcer,False,15
65,Audric Estime,RB,30,Brad,Brad,1.0,positional_extremist_wr,False,15
66,Malik Washington,WR,29,CJ,CJ,1.0,emotional,False,15
67,Mack Hollins,WR,36,Coby,Coby,1.0,anchor,False,15
68,Kenneth Gainwell,RB,27,Jason,Jason,1.0,tier_controller,False,15
69,Reggie Virgil,WR,30,Shane,Shane,1.0,price_enforcer,False,15
70,Cash Jones,RB,26,Evan,Evan,1.0,positional_extremist_wr,False,15
71,Luther Burden,WR,28,Travis,Travis,1.0,value_purist,False,15
72,Savion Williams,WR,24,Brandon,Brandon,1.0,positional_extremist_rb,False,15
73,Ashton Dulin,WR,14,Sam,Sam,1.0,stars_and_scrubs,False,15
74,Mason Taylor,TE,14,James,James,1.0,value_purist,False,15
75,Shedeur Sanders,QB,9,Ryan J,Ryan J,1.0,value_purist,False,15
76,Austin Hooper,TE,11,Reid,Reid,1.0,price_enforcer,False,15
77,Durham Smythe,TE,13,Brad,Brad,1.0,positional_extremist_wr,False,15
78,Xavier Smith,WR,23,CJ,CJ,1.0,emotional,False,15
79,Erick All Jr.,TE,8,Coby,Coby,1.0,anchor,False,15
80,Eli Stowers,TE,18,Jason,Jason,1.0,tier_controller,False,15
81,Reggie Gilliam,RB,23,Shane,Shane,1.0,price_enforcer,False,15
82,Greg Dortch,WR,25,Evan,Evan,1.0,positional_extremist_wr,False,15
83,Jawhar Jordan,RB,24,Travis,Travis,1.0,value_purist,False,15
84,Jaylin Lane,WR,19,Brandon,Brandon,1.0,positional_extremist_rb,False,15
85,Deshaun Watson,QB,12,Sam,Sam,1.0,stars_and_scrubs,False,15
86,Olamide Zaccheaus,WR,20,James,James,1.0,value_purist,False,15
87,Konata Mumpfield,WR,20,Ryan J,Ryan J,1.0,value_purist,False,15
88,Elic Ayomanor,WR,27,Reid,Reid,1.0,price_enforcer,False,15
89,Dont'e Thornton Jr.,WR,16,Brad,Brad,1.0,positional_extremist_wr,False,15
90,Roman Wilson,WR,24,CJ,CJ,1.0,emotional,False,15
91,Jahdae Walker,WR,22,Coby,Coby,1.0,anchor,False,15
92,Cyrus Allen,WR,38,Jason,Jason,1.0,tier_controller,False,15
93,Dyami Brown,WR,25,Shane,Shane,1.0,price_enforcer,False,15
94,Oscar Delp,TE,7,Evan,Evan,1.0,positional_extremist_wr,False,15
95,Patrick Ricard,RB,28,Travis,Travis,1.0,value_purist,False,15
96,Mitchell Evans,TE,11,Brandon,Brandon,1.0,positional_extremist_rb,False,15
97,Hunter Luepke,RB,25,Sam,Sam,1.0,stars_and_scrubs,False,15
98,Josh Oliver,TE,10,James,James,1.0,value_purist,False,15
99,Kayshon Boutte,WR,32,Ryan J,Ryan J,1.0,value_purist,False,15
100,Marvin Mims Jr.,WR,36,Reid,Reid,1.0,price_enforcer,False,15
101,DeVonta Smith,WR,1,Brad,Brad,177.5,positional_extremist_wr,False,15
102,Jaxson Dart,QB,4,CJ,Brandon,174.0,positional_extremist_rb,True,15
103,Darnell Washington,TE,17,Coby,Coby,1.0,anchor,False,15
104,Tyler Lockett,WR,21,Jason,Jason,1.0,tier_controller,False,15
105,Matt Hibner,TE,10,Shane,Shane,1.0,price_enforcer,False,15
106,Jacob Cowing,WR,23,Evan,Evan,1.0,positional_extremist_wr,False,15
107,Drake Maye,QB,1,Travis,Jason,25.121522922215547,tier_controller,False,15
108,RJ Harvey,RB,3,Sam,CJ,177.5,emotional,False,15
109,Brenton Strange,TE,4,James,Jason,7.4662526874860795,tier_controller,False,15
110,Nicholas Singleton,RB,16,Ryan J,Brad,1.8018564276771123,positional_extremist_wr,False,15
111,Jordan Love,QB,4,Reid,Jason,255.41,tier_controller,True,15
112,Trevor Lawrence,QB,3,Brad,Travis,6.697980684648158,value_purist,False,15
113,Chris Rodriguez Jr,RB,11,CJ,Evan,226.0,positional_extremist_wr,True,15
114,Tory Horton,WR,27,Coby,Coby,1.0,anchor,False,15
115,Bucky Irving,RB,1,Shane,Sam,231.22999999999996,stars_and_scrubs,False,15
116,Brian Robinson Jr,RB,6,Travis,Brad,39.3908814508752,positional_extremist_wr,False,15
117,DJ Moore,WR,3,Sam,Coby,286.0,anchor,True,15
118,Oronde Gadsden,TE,19,James,James,1.0,value_purist,False,15
119,AD Mitchell,WR,9,Ryan J,Brad,120.31,positional_extremist_wr,True,15
120,Kimani Vidal,RB,10,Reid,CJ,63.5,emotional,True,15
121,Jared Goff,QB,3,Shane,Sam,3.4489524984558977,stars_and_scrubs,False,15
122,Zach Charbonnet,RB,5,Travis,James,324.0,value_purist,True,15
123,Moliki Matavao,TE,9,Sam,Sam,1.0,stars_and_scrubs,False,15
124,Jeremy McNichols,RB,23,Ryan J,Ryan J,1.0,value_purist,False,15
125,Mitch Tinsley,WR,22,Reid,Reid,1.0,price_enforcer,False,15
126,Dylan Laube,RB,21,Shane,Shane,1.0,price_enforcer,False,15
127,Devin Singletary,RB,17,Travis,Sam,97.32,stars_and_scrubs,True,15
128,Terry McLaurin,WR,2,Ryan J,Ryan J,48.0,value_purist,False,15
129,De'Zhaun Stribling,WR,12,Reid,Shane,341.0,price_enforcer,True,15
130,Josh Williams,RB,21,Travis,Travis,1.0,value_purist,False,15
131,Adam Prentice,RB,19,Ryan J,Ryan J,1.0,value_purist,False,15
132,Matthew Golden,WR,6,Reid,Ryan J,319.0,value_purist,True,15
133,Noah Gray,TE,6,Travis,Travis,1.0,value_purist,False,15
134,Kyle Juszczyk,RB,24,Reid,Reid,1.0,price_enforcer,False,15
135,Ja'Tavion Sanders,TE,6,Travis,Travis,1.0,value_purist,False,15
136,CJ Stroud,QB,2,Reid,Travis,355.3,value_purist,True,15
137,Tai Felton,WR,26,Reid,Reid,1.0,price_enforcer,False,15
138,Devontez Walker,WR,19,Reid,Reid,313.0,price_enforcer,True,15
1,Sam Darnold,QB,13,Ryan J,Ryan J,1.0,stars_and_scrubs,False,16
2,Deshaun Watson,QB,12,Evan,Evan,1.0,stars_and_scrubs,False,16
3,Cade Klubnik,QB,8,James,James,1.0,anchor,False,16
4,Jackson Hawes,TE,14,Sam,Sam,1.0,positional_extremist_wr,False,16
5,Riley Leonard,QB,8,Shane,Shane,1.0,positional_extremist_wr,False,16
6,Theo Johnson,TE,16,Jason,Jason,1.0,emotional,False,16
7,Fernando Mendoza,QB,14,Coby,Coby,1.0,price_enforcer,False,16
8,Antonio Williams,WR,40,Travis,Travis,1.0,value_purist,False,16
9,Greg Dulcich,TE,20,CJ,CJ,1.0,tier_controller,False,16
10,Daniel Jones,QB,10,Reid,Reid,1.0,positional_extremist_wr,False,16
11,Isaac TeSlaa,WR,33,Brad,Brad,1.0,value_purist,False,16
12,Zavion Thomas,WR,16,Brandon,Brandon,1.0,emotional,False,16
13,Will Shipley,RB,29,Ryan J,Ryan J,1.0,stars_and_scrubs,False,16
14,Colby Parkinson,TE,16,Evan,Evan,1.0,stars_and_scrubs,False,16
15,Jameis Winston,QB,6,James,James,1.0,anchor,False,16
16,Cam Ward,QB,14,Sam,Sam,1.0,positional_extremist_wr,False,16
17,Eli Stowers,TE,18,Shane,Shane,1.0,positional_extremist_wr,False,16
18,Jack Bech,WR,39,Jason,Jason,1.0,emotional,False,16
19,Tua Tagovailoa,QB,13,Coby,Coby,1.0,price_enforcer,False,16
20,JJ McCarthy,QB,11,Travis,Travis,1.0,value_purist,False,16
21,Cash Jones,RB,26,CJ,CJ,1.0,tier_controller,False,16
22,Ty Johnson,RB,32,Reid,Reid,1.0,positional_extremist_wr,False,16
23,Mack Hollins,WR,36,Brad,Brad,1.0,value_purist,False,16
24,Omar Cooper Jr.,WR,37,Brandon,Brandon,1.0,emotional,False,16
25,Evan Engram,TE,19,Ryan J,Ryan J,1.0,stars_and_scrubs,False,16
26,Malik Washington,WR,29,Evan,Evan,1.0,stars_and_scrubs,False,16
27,Jahan Dotson,WR,34,James,James,1.0,anchor,False,16
28,Marquez Valdes-Scantling,WR,32,Sam,Sam,1.0,positional_extremist_wr,False,16
29,DeMario Douglas,WR,34,Shane,Shane,1.0,positional_extremist_wr,False,16
30,Caleb Douglas,WR,40,Jason,Jason,1.0,emotional,False,16
31,Kayshon Boutte,WR,32,Coby,Coby,1.0,price_enforcer,False,16
32,Evan Hull,RB,29,Travis,Travis,1.0,value_purist,False,16
33,Ja'Kobi Lane,WR,33,CJ,CJ,1.0,tier_controller,False,16
34,Luke McCaffrey,WR,17,Reid,Reid,1.0,positional_extremist_wr,False,16
35,Carson Beck,QB,7,Brad,Brad,1.0,value_purist,False,16
36,Austin Hooper,TE,11,Brandon,Brandon,1.0,emotional,False,16
37,Pat Freiermuth,TE,17,Ryan J,Ryan J,1.0,stars_and_scrubs,False,16
38,Demarcus Robinson,WR,15,Evan,Evan,1.0,stars_and_scrubs,False,16
39,Josh Cameron,WR,28,James,James,1.0,anchor,False,16
40,Mike Gesicki,TE,18,Sam,Sam,1.0,positional_extremist_wr,False,16
41,Brandon Aiyuk,WR,35,Shane,Shane,1.0,positional_extremist_wr,False,16
42,Andrei Iosivas,WR,35,Jason,Jason,1.0,emotional,False,16
43,Sam Roush,TE,15,Coby,Coby,1.0,price_enforcer,False,16
44,Reggie Virgil,WR,30,Travis,Travis,1.0,value_purist,False,16
45,Ollie Gordon,RB,27,CJ,CJ,1.0,tier_controller,False,16
46,Chris Bell,WR,39,Reid,Reid,1.0,positional_extremist_wr,False,16
47,Van Jefferson,WR,31,Brad,Brad,1.0,value_purist,False,16
48,Kenneth Gainwell,RB,27,Brandon,Brandon,1.0,emotional,False,16
49,Luther Burden,WR,28,Ryan J,Ryan J,1.0,stars_and_scrubs,False,16
50,Marcus Mariota,QB,6,Evan,Evan,1.0,stars_and_scrubs,False,16
51,Patrick Ricard,RB,28,James,James,1.0,anchor,False,16
52,Travis Hunter,WR,31,Sam,Sam,1.0,positional_extremist_wr,False,16
53,Elijah Higgins,TE,12,Shane,Shane,1.0,positional_extremist_wr,False,16
54,Tyson Bagent,QB,10,Jason,Jason,1.0,emotional,False,16
55,Rasheen Ali,RB,20,Coby,Coby,1.0,price_enforcer,False,16
56,Antonio Gibson,RB,22,Travis,Travis,1.0,value_purist,False,16
57,Mason Taylor,TE,14,CJ,CJ,1.0,tier_controller,False,16
58,Noah Gray,TE,6,Reid,Reid,1.0,positional_extremist_wr,False,16
59,Aaron Rodgers,QB,12,Brad,Brad,1.0,value_purist,False,16
60,Roschon Johnson,RB,18,Brandon,Brandon,1.0,emotional,False,16
61,Shedeur Sanders,QB,9,Ryan J,Ryan J,1.0,stars_and_scrubs,False,16
62,Jarquez Hunter,RB,31,Evan,Evan,1.0,stars_and_scrubs,False,16
63,KeAndre Lambert-Smith,WR,30,James,James,1.0,anchor,False,16
64,Hunter Luepke,RB,25,Sam,Sam,1.0,positional_extremist_wr,False,16
65,Kene Nwangwu,RB,28,Shane,Shane,1.0,positional_extremist_wr,False,16
66,Justin Fields,QB,9,Jason,Jason,1.0,emotional,False,16
67,Jaylin Noel,WR,29,Coby,Coby,1.0,price_enforcer,False,16
68,Tyrod Taylor,QB,7,Travis,Travis,1.0,value_purist,False,16
69,Noah Whittington,RB,26,CJ,CJ,1.0,tier_controller,False,16
70,Matt Hibner,TE,10,Reid,Reid,1.0,positional_extremist_wr,False,16
71,Durham Smythe,TE,13,Brad,Brad,1.0,value_purist,False,16
72,Khalil Herbert,RB,22,Brandon,Brandon,1.0,emotional,False,16
73,Oronde Gadsden,TE,19,Ryan J,Ryan J,1.0,stars_and_scrubs,False,16
74,Michael Mayer,TE,7,Evan,Evan,1.0,stars_and_scrubs,False,16
75,Kareem Hunt,RB,31,James,James,1.0,anchor,False,16
76,Cole Kmet,TE,8,Sam,Sam,1.0,positional_extremist_wr,False,16
77,Jacoby Brissett,QB,11,Shane,Shane,1.0,positional_extremist_wr,False,16
78,Mitchell Evans,TE,11,Jason,Jason,1.0,emotional,False,16
79,Cade Stover,TE,9,Coby,Coby,1.0,price_enforcer,False,16
80,Reggie Gilliam,RB,23,Travis,Travis,1.0,value_purist,False,16
81,Kyle Juszczyk,RB,24,CJ,CJ,1.0,tier_controller,False,16
82,Noah Fant,TE,5,Reid,Reid,1.0,positional_extremist_wr,False,16
83,David Njoku,TE,20,Brad,Brad,1.0,value_purist,False,16
84,Luke Schoonmaker,TE,13,Brandon,Brandon,1.0,emotional,False,16
85,Oscar Delp,TE,7,Ryan J,Ryan J,1.0,stars_and_scrubs,False,16
86,Josh Oliver,TE,10,Evan,Evan,1.0,stars_and_scrubs,False,16
87,Jeremy McNichols,RB,23,James,James,1.0,anchor,False,16
88,Dameon Pierce,RB,25,Sam,Sam,1.0,positional_extremist_wr,False,16
89,Josh Williams,RB,21,Shane,Shane,1.0,positional_extremist_wr,False,16
90,Adam Trautman,TE,15,Jason,Jason,1.0,emotional,False,16
91,Raheim Sanders,RB,18,Coby,Coby,1.0,price_enforcer,False,16
92,Dylan Laube,RB,21,Travis,Travis,1.0,value_purist,False,16
93,Ja'Tavion Sanders,TE,6,CJ,CJ,1.0,tier_controller,False,16
94,Sione Vaki,RB,20,Reid,Reid,1.0,positional_extremist_wr,False,16
95,Audric Estime,RB,30,Brad,Brad,1.0,value_purist,False,16
96,Adam Prentice,RB,19,Brandon,Brandon,1.0,emotional,False,16
97,Darnell Washington,TE,17,Ryan J,Ryan J,1.0,stars_and_scrubs,False,16
98,Kyler Murray,QB,5,Evan,CJ,3.904295838509495,tier_controller,False,16
99,Aaron Jones Sr,RB,4,James,Jason,147.5,emotional,False,16
100,Chris Rodriguez Jr,RB,11,Sam,CJ,237.1,tier_controller,True,16
101,Moliki Matavao,TE,9,Shane,Shane,1.0,positional_extremist_wr,False,16
102,Tre Tucker,WR,13,Jason,Shane,3.797683264488978,positional_extremist_wr,False,16
103,Seth McGowan,RB,15,Coby,Shane,338.2,positional_extremist_wr,True,16
104,Travis Etienne,RB,5,Travis,James,42.760000000000005,anchor,False,16
105,Adam Randall,RB,16,Reid,Brandon,174.0,emotional,True,16
106,Nick Westbrook-Ikhine,WR,15,Brad,Brad,1.0,value_purist,False,16
107,Dyami Brown,WR,25,Ryan J,Ryan J,1.0,stars_and_scrubs,False,16
108,Tommy Tremble,TE,5,Evan,Evan,1.0,stars_and_scrubs,False,16
109,RJ Harvey,RB,3,James,Ryan J,177.5,stars_and_scrubs,False,16
110,Brenton Strange,TE,4,Sam,Jason,8.0,emotional,False,16
111,Terry McLaurin,WR,2,Jason,Evan,226.0,stars_and_scrubs,True,16
112,Greg Dortch,WR,25,Coby,Coby,1.0,price_enforcer,False,16
113,Ashton Dulin,WR,14,Travis,Travis,1.0,value_purist,False,16
114,Eli Heidenreich,RB,19,Reid,Reid,1.0,positional_extremist_wr,False,16
115,Jaleel McLaughlin,RB,30,Brad,Brad,1.0,value_purist,False,16
116,Tory Horton,WR,27,Ryan J,Ryan J,1.0,stars_and_scrubs,False,16
117,Jacob Cowing,WR,23,James,James,1.0,anchor,False,16
118,Jordan James,RB,13,Sam,Brad,1.3449185120898337,value_purist,False,16
119,Najee Harris,RB,13,Jason,Ryan J,189.5,stars_and_scrubs,True,16
120,Jared Goff,QB,3,Coby,Jason,5.416193286666674,emotional,False,16
121,Matthew Golden,WR,6,Travis,Reid,33.725338912451576,positional_extremist_wr,False,16
122,Brian Robinson Jr,RB,6,Reid,Travis,33.53727367837749,value_purist,False,16
123,Jaylen Wright,RB,15,Brad,Travis,1.2335769396345282,value_purist,False,16
124,AD Mitchell,WR,9,James,Sam,14.883784126532918,positional_extremist_wr,False,16
125,Chris Godwin Jr,WR,4,Sam,Reid,48.739200000000004,positional_extremist_wr,False,16
126,Justice Hill,RB,11,Jason,Travis,2.4739212689415866,value_purist,False,16
127,Sam LaPorta,TE,1,Coby,Jason,128.08,emotional,True,16
128,Stefon Diggs,WR,7,Travis,Sam,33.62436286190389,positional_extremist_wr,False,16
129,Jordyn Tyson,WR,12,Reid,Sam,3.532075244596155,positional_extremist_wr,False,16
130,Jacory Croskey-Merritt,RB,4,Brad,James,282.24,anchor,True,16
131,Tetairoa McMillan,WR,1,Sam,Reid,170.0,positional_extremist_wr,False,16
132,Emmett Johnson,RB,10,Coby,Reid,63.53,positional_extremist_wr,True,16
133,Cooper Kupp,WR,11,Travis,Sam,6.4444867776902734,positional_extremist_wr,False,16
134,Jordan Love,QB,4,Brad,Travis,326.76,value_purist,True,16
135,Jaxson Dart,QB,4,Sam,Brad,335.66,value_purist,True,16
136,Jajuan Jennings,WR,9,Coby,Sam,275.53,positional_extremist_wr,True,16
137,Elic Ayomanor,WR,27,Coby,Coby,1.0,price_enforcer,False,16
138,Tai Felton,WR,26,Coby,Coby,286.0,price_enforcer,True,16
1,Sam Darnold,QB,13,Evan,Evan,1.0,positional_extremist_rb,False,17
2,Riley Leonard,QB,8,Jason,Jason,1.0,value_purist,False,17
3,Tyrod Taylor,QB,7,Coby,Coby,1.0,price_enforcer,False,17
4,David Njoku,TE,20,Travis,Travis,1.0,stars_and_scrubs,False,17
5,Carson Beck,QB,7,Shane,Shane,1.0,price_enforcer,False,17
6,Pat Freiermuth,TE,17,Sam,Sam,1.0,tier_controller,False,17
7,Cade Klubnik,QB,8,Brandon,Brandon,1.0,positional_extremist_wr,False,17
8,Marquez Valdes-Scantling,WR,32,Brad,Brad,1.0,price_enforcer,False,17
9,Cam Ward,QB,14,Ryan J,Ryan J,1.0,anchor,False,17
10,Isaac TeSlaa,WR,33,Reid,Reid,1.0,tier_controller,False,17
11,Greg Dulcich,TE,20,James,James,1.0,price_enforcer,False,17
12,Adam Trautman,TE,15,CJ,CJ,1.0,emotional,False,17
13,Jameis Winston,QB,6,Evan,Evan,1.0,positional_extremist_rb,False,17
14,Kendrick Bourne,WR,17,Jason,Jason,1.0,value_purist,False,17
15,Ty Johnson,RB,32,Coby,Coby,1.0,price_enforcer,False,17
16,Noah Gray,TE,6,Travis,Travis,1.0,stars_and_scrubs,False,17
17,Shedeur Sanders,QB,9,Shane,Shane,1.0,price_enforcer,False,17
18,Tommy Tremble,TE,5,Sam,Sam,1.0,tier_controller,False,17
19,Theo Johnson,TE,16,Brandon,Brandon,1.0,positional_extremist_wr,False,17
20,Audric Estime,RB,30,Brad,Brad,1.0,price_enforcer,False,17
21,Jackson Hawes,TE,14,Ryan J,Ryan J,1.0,anchor,False,17
22,Kenneth Gainwell,RB,27,Reid,Reid,1.0,tier_controller,False,17
23,Deshaun Watson,QB,12,James,James,1.0,price_enforcer,False,17
24,Ja'Kobi Lane,WR,33,CJ,CJ,1.0,emotional,False,17
25,Andrei Iosivas,WR,35,Evan,Evan,1.0,positional_extremist_rb,False,17
26,Malachi Fields,WR,41,Jason,Jason,1.0,value_purist,False,17
27,Fernando Mendoza,QB,14,Coby,Coby,1.0,price_enforcer,False,17
28,Antonio Williams,WR,40,Travis,Travis,1.0,stars_and_scrubs,False,17
29,Mason Taylor,TE,14,Shane,Shane,1.0,price_enforcer,False,17
30,Evan Hull,RB,29,Sam,Sam,1.0,tier_controller,False,17
31,Tua Tagovailoa,QB,13,Brandon,Brandon,1.0,positional_extremist_wr,False,17
32,Hunter Luepke,RB,25,Brad,Brad,1.0,price_enforcer,False,17
33,Daniel Jones,QB,10,Ryan J,Ryan J,1.0,anchor,False,17
34,Jacoby Brissett,QB,11,Reid,Reid,1.0,tier_controller,False,17
35,Zavion Thomas,WR,16,James,James,1.0,price_enforcer,False,17
36,Josh Cameron,WR,28,CJ,CJ,1.0,emotional,False,17
37,Kene Nwangwu,RB,28,Evan,Evan,1.0,positional_extremist_rb,False,17
38,Evan Engram,TE,19,Jason,Jason,1.0,value_purist,False,17
39,Cyrus Allen,WR,38,Coby,Coby,1.0,price_enforcer,False,17
40,Chris Bell,WR,39,Travis,Travis,1.0,stars_and_scrubs,False,17
41,Greg Dortch,WR,25,Shane,Shane,1.0,price_enforcer,False,17
42,Travis Hunter,WR,31,Sam,Sam,1.0,tier_controller,False,17
43,Reggie Virgil,WR,30,Brandon,Brandon,1.0,positional_extremist_wr,False,17
44,Patrick Ricard,RB,28,Brad,Brad,1.0,price_enforcer,False,17
45,Tory Horton,WR,27,Ryan J,Ryan J,1.0,anchor,False,17
46,Dameon Pierce,RB,25,Reid,Reid,1.0,tier_controller,False,17
47,Cade Stover,TE,9,James,James,1.0,price_enforcer,False,17
48,Marcus Mariota,QB,6,CJ,CJ,1.0,emotional,False,17
49,Luke Schoonmaker,TE,13,Evan,Evan,1.0,positional_extremist_rb,False,17
50,Adam Prentice,RB,19,Jason,Jason,1.0,value_purist,False,17
51,Jarquez Hunter,RB,31,Coby,Coby,1.0,price_enforcer,False,17
52,Sione Vaki,RB,20,Travis,Travis,1.0,stars_and_scrubs,False,17
53,Marvin Mims Jr.,WR,36,Shane,Shane,1.0,price_enforcer,False,17
54,Will Shipley,RB,29,Sam,Sam,1.0,tier_controller,False,17
55,Cash Jones,RB,26,Brandon,Brandon,1.0,positional_extremist_wr,False,17
56,Omar Cooper Jr.,WR,37,Brad,Brad,1.0,price_enforcer,False,17
57,Justin Fields,QB,9,Ryan J,Ryan J,1.0,anchor,False,17
58,Aaron Rodgers,QB,12,Reid,Reid,1.0,tier_controller,False,17
59,Nick Westbrook-Ikhine,WR,15,James,James,1.0,price_enforcer,False,17
60,Jaleel McLaughlin,RB,30,CJ,CJ,1.0,emotional,False,17
61,Colby Parkinson,TE,16,Evan,Evan,1.0,positional_extremist_rb,False,17
62,JJ McCarthy,QB,11,Jason,Jason,1.0,value_purist,False,17
63,Van Jefferson,WR,31,Coby,Coby,1.0,price_enforcer,False,17
64,Tyson Bagent,QB,10,Travis,Travis,1.0,stars_and_scrubs,False,17
65,Austin Hooper,TE,11,Shane,Shane,1.0,price_enforcer,False,17
66,Sam Roush,TE,15,Sam,Sam,1.0,tier_controller,False,17
67,Ollie Gordon,RB,27,Brandon,Brandon,1.0,positional_extremist_wr,False,17
68,Raheim Sanders,RB,18,Brad,Brad,1.0,price_enforcer,False,17
69,Kareem Hunt,RB,31,Ryan J,Ryan J,1.0,anchor,False,17
70,Ja'Tavion Sanders,TE,6,Reid,Reid,1.0,tier_controller,False,17
71,Tyler Lockett,WR,21,James,James,1.0,price_enforcer,False,17
72,KeAndre Lambert-Smith,WR,30,CJ,CJ,1.0,emotional,False,17
73,Noah Whittington,RB,26,Evan,Evan,1.0,positional_extremist_rb,False,17
74,Tre Harris,WR,38,Jason,Jason,1.0,value_purist,False,17
75,Oscar Delp,TE,7,Coby,Coby,1.0,price_enforcer,False,17
76,Dyami Brown,WR,25,Travis,Travis,1.0,stars_and_scrubs,False,17
77,Dylan Laube,RB,21,Shane,Shane,1.0,price_enforcer,False,17
78,Jordan Watkins,WR,21,Sam,Sam,1.0,tier_controller,False,17
79,Roschon Johnson,RB,18,Brandon,Brandon,1.0,positional_extremist_wr,False,17
80,Josh Williams,RB,21,Brad,Brad,1.0,price_enforcer,False,17
81,Kyle Juszczyk,RB,24,Ryan J,Ryan J,1.0,anchor,False,17
82,Khalil Herbert,RB,22,Reid,Reid,1.0,tier_controller,False,17
83,Caleb Douglas,WR,40,James,James,1.0,price_enforcer,False,17
84,Reggie Gilliam,RB,23,CJ,CJ,1.0,emotional,False,17
85,Eli Heidenreich,RB,19,Evan,Evan,1.0,positional_extremist_rb,False,17
86,Deion Burks,WR,26,Jason,Jason,1.0,value_purist,False,17
87,Antonio Gibson,RB,22,Coby,Coby,1.0,price_enforcer,False,17
88,Rasheen Ali,RB,20,Travis,Travis,1.0,stars_and_scrubs,False,17
89,Kayshon Boutte,WR,32,Shane,Shane,1.0,price_enforcer,False,17
90,Durham Smythe,TE,13,Sam,Sam,1.0,tier_controller,False,17
91,Cole Kmet,TE,8,Brandon,Brandon,1.0,positional_extremist_wr,False,17
92,Jawhar Jordan,RB,24,Brad,Brad,1.0,price_enforcer,False,17
93,Jaylin Lane,WR,19,Ryan J,Ryan J,1.0,anchor,False,17
94,Jaylin Noel,WR,29,Reid,Reid,1.0,tier_controller,False,17
95,Jeremy McNichols,RB,23,James,James,1.0,price_enforcer,False,17
96,Chris Godwin Jr,WR,4,CJ,Brandon,174.0,positional_extremist_wr,True,17
97,Elijah Higgins,TE,12,Evan,Evan,1.0,positional_extremist_rb,False,17
98,Deebo Samuel,WR,3,Jason,Reid,120.0,tier_controller,False,17
99,Kimani Vidal,RB,10,Coby,Sam,9.151003426929977,tier_controller,False,17
100,Justice Hill,RB,11,Travis,Evan,226.0,positional_extremist_rb,True,17
101,Eli Stowers,TE,18,Shane,Shane,1.0,price_enforcer,False,17
102,Brandon Aiyuk,WR,35,Sam,Sam,1.0,tier_controller,False,17
103,Luther Burden,WR,28,Brad,Brad,1.0,price_enforcer,False,17
104,Mitch Tinsley,WR,22,Ryan J,Ryan J,1.0,anchor,False,17
105,Tai Felton,WR,26,Reid,Reid,1.0,tier_controller,False,17
106,Elic Ayomanor,WR,27,James,James,1.0,price_enforcer,False,17
107,Romeo Doubs,WR,8,CJ,Sam,25.131190540315902,tier_controller,False,17
108,Jack Bech,WR,39,Jason,Jason,1.0,value_purist,False,17
109,Mike Gesicki,TE,18,Coby,Coby,1.0,price_enforcer,False,17
110,Erick All Jr.,TE,8,Travis,Travis,1.0,stars_and_scrubs,False,17
111,Xavier Smith,WR,23,Shane,Shane,1.0,price_enforcer,False,17
112,Sam LaPorta,TE,1,Sam,CJ,38.131747208237186,emotional,False,17
113,Caleb Williams,QB,2,Brad,Sam,13.973924880859343,tier_controller,False,17
114,Ladd McConkey,WR,2,Ryan J,Travis,145.0,stars_and_scrubs,False,17
115,Brashard Smith,RB,17,Reid,Sam,284.75,tier_controller,True,17
116,Dallas Goedert,TE,2,James,Reid,12.0,tier_controller,False,17
117,Cooper Kupp,WR,11,CJ,Reid,6.213223856730579,tier_controller,False,17
118,Pat Bryant,WR,13,Jason,Reid,177.79,tier_controller,True,17
119,Mark Andrews,TE,2,Coby,Travis,14.608991145420445,stars_and_scrubs,False,17
120,Jadarian Price,RB,1,Travis,Ryan J,204.15814780882934,anchor,False,17
121,Oronde Gadsden,TE,19,Shane,Shane,341.0,price_enforcer,True,17
122,Jacob Cowing,WR,23,Brad,Brad,1.0,price_enforcer,False,17
123,Moliki Matavao,TE,9,Ryan J,Ryan J,1.0,anchor,False,17
124,Roman Wilson,WR,24,James,James,1.0,price_enforcer,False,17
125,Terry McLaurin,WR,2,CJ,Travis,142.5,stars_and_scrubs,False,17
126,Alvin Kamara,RB,7,Jason,CJ,17.92938746568822,emotional,False,17
127,Devin Singletary,RB,17,Coby,CJ,185.94,emotional,True,17
128,Jared Goff,QB,3,Travis,Ryan J,4.125520199551579,anchor,False,17
129,Tyrone Tracy Jr,RB,9,Brad,Coby,12.00789616991683,price_enforcer,False,17
130,Demond Claiborne,RB,14,Ryan J,Travis,61.89,stars_and_scrubs,True,17
131,Jordan Love,QB,4,James,Jason,2.5361792599584168,value_purist,False,17
132,Brian Thomas Jr,WR,10,Jason,Ryan J,159.71,anchor,True,17
133,Jonathon Brooks,RB,2,Coby,Jason,48.18000000000001,value_purist,False,17
134,Hunter Henry,TE,3,Brad,James,324.0,price_enforcer,True,17
135,Kyler Murray,QB,5,Jason,Coby,274.99,price_enforcer,True,17
136,Jalen McMillan,WR,14,Brad,Jason,237.28,value_purist,True,17
137,Treylon Burks,WR,18,Brad,Brad,1.0,price_enforcer,False,17
138,Devontez Walker,WR,19,Brad,Brad,336.0,price_enforcer,True,17
1,Tua Tagovailoa,QB,13,Coby,Coby,1.0,price_enforcer,False,18
2,Riley Leonard,QB,8,Sam,Sam,1.0,positional_extremist_wr,False,18
3,Justin Fields,QB,9,CJ,CJ,1.0,tier_controller,False,18
4,Deshaun Watson,QB,12,Evan,Evan,1.0,anchor,False,18
5,Sam Roush,TE,15,Shane,Shane,1.0,anchor,False,18
6,Fernando Mendoza,QB,14,James,James,1.0,anchor,False,18
7,Elijah Higgins,TE,12,Brad,Brad,1.0,emotional,False,18
8,Moliki Matavao,TE,9,Jason,Jason,1.0,emotional,False,18
9,Ja'Kobi Lane,WR,33,Reid,Reid,1.0,value_purist,False,18
10,Michael Mayer,TE,7,Brandon,Brandon,1.0,stars_and_scrubs,False,18
11,Cam Ward,QB,14,Travis,Travis,1.0,stars_and_scrubs,False,18
12,Cole Kmet,TE,8,Ryan J,Ryan J,1.0,stars_and_scrubs,False,18
13,Marcus Mariota,QB,6,Coby,Coby,1.0,price_enforcer,False,18
14,DeMario Douglas,WR,34,Sam,Sam,1.0,positional_extremist_wr,False,18
15,Antonio Williams,WR,40,CJ,CJ,1.0,tier_controller,False,18
16,Ty Johnson,RB,32,Evan,Evan,1.0,anchor,False,18
17,Van Jefferson,WR,31,Shane,Shane,1.0,anchor,False,18
18,Caleb Douglas,WR,40,James,James,1.0,anchor,False,18
19,Greg Dulcich,TE,20,Brad,Brad,1.0,emotional,False,18
20,Theo Johnson,TE,16,Jason,Jason,1.0,emotional,False,18
21,Demarcus Robinson,WR,15,Reid,Reid,1.0,value_purist,False,18
22,Tre Harris,WR,38,Brandon,Brandon,1.0,stars_and_scrubs,False,18
23,Aaron Rodgers,QB,12,Travis,Travis,1.0,stars_and_scrubs,False,18
24,Matt Hibner,TE,10,Ryan J,Ryan J,1.0,stars_and_scrubs,False,18
25,Pat Freiermuth,TE,17,Coby,Coby,1.0,price_enforcer,False,18
26,Jacoby Brissett,QB,11,Sam,Sam,1.0,positional_extremist_wr,False,18
27,Carson Beck,QB,7,CJ,CJ,1.0,tier_controller,False,18
28,Sam Darnold,QB,13,Evan,Evan,1.0,anchor,False,18
29,Daniel Jones,QB,10,Shane,Shane,1.0,anchor,False,18
30,Isaac TeSlaa,WR,33,James,James,1.0,anchor,False,18
31,JJ McCarthy,QB,11,Brad,Brad,1.0,emotional,False,18
32,Noah Whittington,RB,26,Jason,Jason,1.0,emotional,False,18
33,Darnell Washington,TE,17,Reid,Reid,1.0,value_purist,False,18
34,Evan Hull,RB,29,Brandon,Brandon,1.0,stars_and_scrubs,False,18
35,Treylon Burks,WR,18,Travis,Travis,1.0,stars_and_scrubs,False,18
36,Adam Prentice,RB,19,Ryan J,Ryan J,1.0,stars_and_scrubs,False,18
37,Rasheen Ali,RB,20,Coby,Coby,1.0,price_enforcer,False,18
38,Nick Westbrook-Ikhine,WR,15,Sam,Sam,1.0,positional_extremist_wr,False,18
39,Colby Parkinson,TE,16,CJ,CJ,1.0,tier_controller,False,18
40,Kenneth Gainwell,RB,27,Evan,Evan,1.0,anchor,False,18
41,Dameon Pierce,RB,25,Shane,Shane,1.0,anchor,False,18
42,Ollie Gordon,RB,27,James,James,1.0,anchor,False,18
43,KeAndre Lambert-Smith,WR,30,Brad,Brad,1.0,emotional,False,18
44,Shedeur Sanders,QB,9,Jason,Jason,1.0,emotional,False,18
45,Kayshon Boutte,WR,32,Reid,Reid,1.0,value_purist,False,18
46,Jahan Dotson,WR,34,Brandon,Brandon,1.0,stars_and_scrubs,False,18
47,Travis Hunter,WR,31,Travis,Travis,1.0,stars_and_scrubs,False,18
48,Kene Nwangwu,RB,28,Ryan J,Ryan J,1.0,stars_and_scrubs,False,18
49,Jaleel McLaughlin,RB,30,Coby,Coby,1.0,price_enforcer,False,18
50,Dont'e Thornton Jr.,WR,16,Sam,Sam,1.0,positional_extremist_wr,False,18
51,Jack Bech,WR,39,CJ,CJ,1.0,tier_controller,False,18
52,Mack Hollins,WR,36,Evan,Evan,1.0,anchor,False,18
53,Jackson Hawes,TE,14,Shane,Shane,1.0,anchor,False,18
54,David Njoku,TE,20,James,James,1.0,anchor,False,18
55,Oronde Gadsden,TE,19,Brad,Brad,1.0,emotional,False,18
56,Audric Estime,RB,30,Jason,Jason,1.0,emotional,False,18
57,Chris Bell,WR,39,Reid,Reid,1.0,value_purist,False,18
58,Omar Cooper Jr.,WR,37,Brandon,Brandon,1.0,stars_and_scrubs,False,18
59,Jaylin Noel,WR,29,Travis,Travis,1.0,stars_and_scrubs,False,18
60,Mason Taylor,TE,14,Ryan J,Ryan J,1.0,stars_and_scrubs,False,18
61,Roschon Johnson,RB,18,Coby,Coby,1.0,price_enforcer,False,18
62,Malik Washington,WR,29,Sam,Sam,1.0,positional_extremist_wr,False,18
63,Mitchell Evans,TE,11,CJ,CJ,1.0,tier_controller,False,18
64,Zavion Thomas,WR,16,Evan,Evan,1.0,anchor,False,18
65,Elic Ayomanor,WR,27,Shane,Shane,1.0,anchor,False,18
66,Luther Burden,WR,28,James,James,1.0,anchor,False,18
67,Reggie Gilliam,RB,23,Brad,Brad,1.0,emotional,False,18
68,Cash Jones,RB,26,Jason,Jason,1.0,emotional,False,18
69,Cyrus Allen,WR,38,Reid,Reid,1.0,value_purist,False,18
70,Will Shipley,RB,29,Brandon,Brandon,1.0,stars_and_scrubs,False,18
71,Evan Engram,TE,19,Travis,Travis,1.0,stars_and_scrubs,False,18
72,Tyson Bagent,QB,10,Ryan J,Ryan J,1.0,stars_and_scrubs,False,18
73,Marquez Valdes-Scantling,WR,32,Coby,Coby,1.0,price_enforcer,False,18
74,Josh Cameron,WR,28,Sam,Sam,1.0,positional_extremist_wr,False,18
75,Jeremy McNichols,RB,23,CJ,CJ,1.0,tier_controller,False,18
76,Dyami Brown,WR,25,Evan,Evan,1.0,anchor,False,18
77,Dontayvion Wicks,WR,37,Shane,Shane,1.0,anchor,False,18
78,Jacob Cowing,WR,23,James,James,1.0,anchor,False,18
79,Jawhar Jordan,RB,24,Brad,Brad,1.0,emotional,False,18
80,Devontez Walker,WR,19,Jason,Jason,1.0,emotional,False,18
81,Durham Smythe,TE,13,Reid,Reid,1.0,value_purist,False,18
82,Cade Klubnik,QB,8,Brandon,Brandon,1.0,stars_and_scrubs,False,18
83,Antonio Gibson,RB,22,Travis,Travis,1.0,stars_and_scrubs,False,18
84,Malachi Fields,WR,41,Ryan J,Ryan J,1.0,stars_and_scrubs,False,18
85,Austin Hooper,TE,11,Coby,Coby,1.0,price_enforcer,False,18
86,Erick All Jr.,TE,8,Sam,Sam,1.0,positional_extremist_wr,False,18
87,Tory Horton,WR,27,CJ,CJ,1.0,tier_controller,False,18
88,Luke Schoonmaker,TE,13,Evan,Evan,1.0,anchor,False,18
89,Savion Williams,WR,24,Shane,Shane,1.0,anchor,False,18
90,Reggie Virgil,WR,30,James,James,1.0,anchor,False,18
91,Roman Wilson,WR,24,Brad,Brad,1.0,emotional,False,18
92,Sione Vaki,RB,20,Jason,Jason,1.0,emotional,False,18
93,Patrick Ricard,RB,28,Reid,Reid,1.0,value_purist,False,18
94,Jordan Watkins,WR,21,Brandon,Brandon,1.0,stars_and_scrubs,False,18
95,Xavier Smith,WR,23,Travis,Travis,1.0,stars_and_scrubs,False,18
96,Adam Randall,RB,16,Ryan J,Brandon,174.0,stars_and_scrubs,True,18
97,Chris Brazzell II,WR,18,Coby,Coby,1.0,price_enforcer,False,18
98,Greg Dortch,WR,25,Sam,Sam,1.0,positional_extremist_wr,False,18
99,Josh Oliver,TE,10,CJ,CJ,1.0,tier_controller,False,18
100,Jajuan Jennings,WR,9,Evan,CJ,240.0,tier_controller,True,18
101,Deion Burks,WR,26,Shane,Shane,1.0,anchor,False,18
102,Romeo Doubs,WR,8,James,Sam,28.279222847894374,positional_extremist_wr,False,18
103,Jameis Winston,QB,6,Brad,Brad,1.0,emotional,False,18
104,Austin Ekeler,RB,6,Jason,Sam,41.96,positional_extremist_wr,False,18
105,Dallas Goedert,TE,2,Reid,Travis,14.484416232120013,stars_and_scrubs,False,18
106,Mike Gesicki,TE,18,Travis,Travis,1.0,stars_and_scrubs,False,18
107,Cade Stover,TE,9,Ryan J,Ryan J,1.0,stars_and_scrubs,False,18
108,Kyle Juszczyk,RB,24,Coby,Coby,1.0,price_enforcer,False,18
109,Tyrone Tracy Jr,RB,9,Sam,Brad,17.0,emotional,False,18
110,Jonathon Brooks,RB,2,Evan,Shane,195.0,anchor,False,18
111,Mark Andrews,TE,2,Shane,Sam,16.75452495784856,positional_extremist_wr,False,18
112,Keenan Allen,WR,11,James,Jason,4.879069735622444,emotional,False,18
113,Jacory Croskey-Merritt,RB,4,Brad,Brad,147.5,emotional,False,18
114,Emmett Johnson,RB,10,Jason,Sam,246.01,positional_extremist_wr,True,18
115,Jordyn Tyson,WR,12,Reid,Jason,3.4290152716015645,emotional,False,18
116,AD Mitchell,WR,9,Travis,Brad,173.5,emotional,True,18
117,Jared Goff,QB,3,Ryan J,Jason,4.225607460647076,emotional,False,18
118,Makai Lemon,WR,8,Coby,Jason,276.46,emotional,True,18
119,Nicholas Singleton,RB,16,Evan,Ryan J,1.4863304902088947,stars_and_scrubs,False,18
120,Zach Charbonnet,RB,5,Shane,James,40.18128085145578,anchor,False,18
121,Brenton Strange,TE,4,James,Ryan J,6.7955644899359635,stars_and_scrubs,False,18
122,Pat Bryant,WR,13,Reid,Travis,1.3934082139664619,stars_and_scrubs,False,18
123,Terry McLaurin,WR,2,Travis,Evan,142.5,anchor,False,18
124,Kyler Murray,QB,5,Ryan J,James,2.7333555657189392,anchor,False,18
125,Matthew Stafford,QB,5,Coby,James,283.09,anchor,True,18
126,Drake Maye,QB,1,Evan,Travis,23.01471347943754,stars_and_scrubs,False,18
127,DK Metcalf,WR,5,Shane,Ryan J,34.0,stars_and_scrubs,False,18
128,De'Zhaun Stribling,WR,12,Reid,Travis,325.12,stars_and_scrubs,True,18
129,Stefon Diggs,WR,7,Ryan J,Ryan J,23.383759034575803,stars_and_scrubs,False,18
130,Devin Singletary,RB,17,Coby,Ryan J,304.33,stars_and_scrubs,True,18
131,Tank Bigsby,RB,9,Evan,Reid,9.85756725723142,value_purist,False,18
132,Chris Rodriguez Jr,RB,11,Shane,Evan,84.5,anchor,True,18
133,CJ Stroud,QB,2,Reid,Shane,147.0,anchor,True,18
134,Jarquez Hunter,RB,31,Coby,Coby,286.0,price_enforcer,True,18
135,Tai Felton,WR,26,Reid,Reid,1.0,value_purist,False,18
136,Kareem Hunt,RB,31,Reid,Reid,1.0,value_purist,False,18
137,Marvin Mims Jr.,WR,36,Reid,Reid,1.0,value_purist,False,18
138,Brandon Aiyuk,WR,35,Reid,Reid,304.14,value_purist,True,18
1,Cam Ward,QB,14,CJ,CJ,1.0,price_enforcer,False,19
2,Sam Darnold,QB,13,Coby,Coby,1.0,positional_extremist_rb,False,19
3,JJ McCarthy,QB,11,Evan,Evan,1.0,positional_extremist_wr,False,19
4,Oscar Delp,TE,7,James,James,1.0,price_enforcer,False,19
5,David Njoku,TE,20,Sam,Sam,1.0,tier_controller,False,19
6,Justin Fields,QB,9,Ryan J,Ryan J,1.0,stars_and_scrubs,False,19
7,Fernando Mendoza,QB,14,Shane,Shane,1.0,emotional,False,19
8,Jackson Hawes,TE,14,Brad,Brad,1.0,positional_extremist_rb,False,19
9,Luke Schoonmaker,TE,13,Jason,Jason,1.0,balanced,False,19
10,Tua Tagovailoa,QB,13,Travis,Travis,1.0,tier_controller,False,19
11,Pat Freiermuth,TE,17,Brandon,Brandon,1.0,value_purist,False,19
12,Malik Washington,WR,29,Reid,Reid,1.0,balanced,False,19
13,Mike Gesicki,TE,18,CJ,CJ,1.0,price_enforcer,False,19
14,Evan Hull,RB,29,Coby,Coby,1.0,positional_extremist_rb,False,19
15,Marcus Mariota,QB,6,Evan,Evan,1.0,positional_extremist_wr,False,19
16,Luke McCaffrey,WR,17,James,James,1.0,price_enforcer,False,19
17,Antonio Williams,WR,40,Sam,Sam,1.0,tier_controller,False,19
18,Greg Dulcich,TE,20,Ryan J,Ryan J,1.0,stars_and_scrubs,False,19
19,Chris Bell,WR,39,Shane,Shane,1.0,emotional,False,19
20,Marvin Mims Jr.,WR,36,Brad,Brad,1.0,positional_extremist_rb,False,19
21,Audric Estime,RB,30,Jason,Jason,1.0,balanced,False,19
22,Dontayvion Wicks,WR,37,Travis,Travis,1.0,tier_controller,False,19
23,Ty Johnson,RB,32,Brandon,Brandon,1.0,value_purist,False,19
24,Riley Leonard,QB,8,Reid,Reid,1.0,balanced,False,19
25,Raheim Sanders,RB,18,CJ,CJ,1.0,price_enforcer,False,19
26,Ollie Gordon,RB,27,Coby,Coby,1.0,positional_extremist_rb,False,19
27,Dameon Pierce,RB,25,Evan,Evan,1.0,positional_extremist_wr,False,19
28,Travis Hunter,WR,31,James,James,1.0,price_enforcer,False,19
29,Jacoby Brissett,QB,11,Sam,Sam,1.0,tier_controller,False,19
30,Brandon Aiyuk,WR,35,Ryan J,Ryan J,1.0,stars_and_scrubs,False,19
31,Will Shipley,RB,29,Shane,Shane,1.0,emotional,False,19
32,Durham Smythe,TE,13,Brad,Brad,1.0,positional_extremist_rb,False,19
33,Tommy Tremble,TE,5,Jason,Jason,1.0,balanced,False,19
34,Jeremy McNichols,RB,23,Travis,Travis,1.0,tier_controller,False,19
35,Evan Engram,TE,19,Brandon,Brandon,1.0,value_purist,False,19
36,Noah Fant,TE,5,Reid,Reid,1.0,balanced,False,19
37,Ja'Tavion Sanders,TE,6,CJ,CJ,1.0,price_enforcer,False,19
38,Treylon Burks,WR,18,Coby,Coby,1.0,positional_extremist_rb,False,19
39,Adam Trautman,TE,15,Evan,Evan,1.0,positional_extremist_wr,False,19
40,Malachi Fields,WR,41,James,James,1.0,price_enforcer,False,19
41,Eli Heidenreich,RB,19,Sam,Sam,1.0,tier_controller,False,19
42,Patrick Ricard,RB,28,Ryan J,Ryan J,1.0,stars_and_scrubs,False,19
43,Marquez Valdes-Scantling,WR,32,Shane,Shane,1.0,emotional,False,19
44,Nick Westbrook-Ikhine,WR,15,Brad,Brad,1.0,positional_extremist_rb,False,19
45,Omar Cooper Jr.,WR,37,Jason,Jason,1.0,balanced,False,19
46,Cade Klubnik,QB,8,Travis,Travis,1.0,tier_controller,False,19
47,Shedeur Sanders,QB,9,Brandon,Brandon,1.0,value_purist,False,19
48,Elic Ayomanor,WR,27,Reid,Reid,1.0,balanced,False,19
49,Mack Hollins,WR,36,CJ,CJ,1.0,price_enforcer,False,19
50,Ja'Kobi Lane,WR,33,Coby,Coby,1.0,positional_extremist_rb,False,19
51,Colby Parkinson,TE,16,Evan,Evan,1.0,positional_extremist_wr,False,19
52,Dylan Laube,RB,21,James,James,1.0,price_enforcer,False,19
53,Sam Roush,TE,15,Sam,Sam,1.0,tier_controller,False,19
54,Aaron Rodgers,QB,12,Ryan J,Ryan J,1.0,stars_and_scrubs,False,19
55,Josh Oliver,TE,10,Shane,Shane,1.0,emotional,False,19
56,Andrei Iosivas,WR,35,Brad,Brad,1.0,positional_extremist_rb,False,19
57,Deshaun Watson,QB,12,Jason,Jason,1.0,balanced,False,19
58,Kenneth Gainwell,RB,27,Travis,Travis,1.0,tier_controller,False,19
59,Zavion Thomas,WR,16,Brandon,Brandon,1.0,value_purist,False,19
60,Cade Otton,TE,12,Reid,Reid,1.0,balanced,False,19
61,Jaleel McLaughlin,RB,30,CJ,CJ,1.0,price_enforcer,False,19
62,Hunter Luepke,RB,25,Coby,Coby,1.0,positional_extremist_rb,False,19
63,Kene Nwangwu,RB,28,Evan,Evan,1.0,positional_extremist_wr,False,19
64,Theo Johnson,TE,16,James,James,1.0,price_enforcer,False,19
65,Noah Whittington,RB,26,Sam,Sam,1.0,tier_controller,False,19
66,Mitchell Evans,TE,11,Ryan J,Ryan J,1.0,stars_and_scrubs,False,19
67,Eli Stowers,TE,18,Shane,Shane,1.0,emotional,False,19
68,Daniel Jones,QB,10,Brad,Brad,1.0,positional_extremist_rb,False,19
69,Austin Hooper,TE,11,Jason,Jason,1.0,balanced,False,19
70,Cash Jones,RB,26,Travis,Travis,1.0,tier_controller,False,19
71,Rasheen Ali,RB,20,Brandon,Brandon,1.0,value_purist,False,19
72,Khalil Herbert,RB,22,Reid,Reid,1.0,balanced,False,19
73,Noah Gray,TE,6,CJ,CJ,1.0,price_enforcer,False,19
74,Cole Kmet,TE,8,Coby,Coby,1.0,positional_extremist_rb,False,19
75,Darnell Washington,TE,17,Evan,Evan,1.0,positional_extremist_wr,False,19
76,Josh Cameron,WR,28,James,James,1.0,price_enforcer,False,19
77,Tyson Bagent,QB,10,Sam,Sam,1.0,tier_controller,False,19
78,Jaylin Noel,WR,29,Ryan J,Ryan J,1.0,stars_and_scrubs,False,19
79,Reggie Virgil,WR,30,Shane,Shane,1.0,emotional,False,19
80,Oronde Gadsden,TE,19,Brad,Brad,1.0,positional_extremist_rb,False,19
81,Jack Bech,WR,39,Jason,Jason,1.0,balanced,False,19
82,Tyrod Taylor,QB,7,Travis,Travis,1.0,tier_controller,False,19
83,Kayshon Boutte,WR,32,Brandon,Brandon,1.0,value_purist,False,19
84,Mason Taylor,TE,14,Reid,Reid,1.0,balanced,False,19
85,KeAndre Lambert-Smith,WR,30,CJ,CJ,1.0,price_enforcer,False,19
86,Adam Prentice,RB,19,Coby,Coby,1.0,positional_extremist_rb,False,19
87,Erick All Jr.,TE,8,Evan,Evan,1.0,positional_extremist_wr,False,19
88,Carson Beck,QB,7,James,James,1.0,price_enforcer,False,19
89,Deion Burks,WR,26,Sam,Sam,1.0,tier_controller,False,19
90,Matt Hibner,TE,10,Ryan J,Ryan J,1.0,stars_and_scrubs,False,19
91,Cade Stover,TE,9,Shane,Shane,1.0,emotional,False,19
92,Kareem Hunt,RB,31,Brad,Brad,1.0,positional_extremist_rb,False,19
93,Michael Mayer,TE,7,Jason,Jason,1.0,balanced,False,19
94,Moliki Matavao,TE,9,Travis,Travis,1.0,tier_controller,False,19
95,Josh Williams,RB,21,Brandon,Brandon,1.0,value_purist,False,19
96,Savion Williams,WR,24,Reid,Reid,1.0,balanced,False,19
97,Jarquez Hunter,RB,31,CJ,CJ,1.0,price_enforcer,False,19
98,Brian Thomas Jr,WR,10,Coby,Sam,8.733503976848166,tier_controller,False,19
99,Brashard Smith,RB,17,Evan,Sam,1.9483684186075303,tier_controller,False,19
100,Jordan James,RB,13,James,Shane,2.129215610930309,emotional,False,19
101,Brenton Strange,TE,4,Sam,Coby,8.023121238870207,positional_extremist_rb,False,19
102,Devin Singletary,RB,17,Ryan J,Brad,1.8438259250270357,positional_extremist_rb,False,19
103,Josh Downs,WR,5,Shane,Sam,50.70290606773625,tier_controller,False,19
104,Rhamondre Stevenson,RB,2,Brad,Ryan J,200.0,stars_and_scrubs,False,19
105,Deebo Samuel,WR,3,Jason,Sam,120.0,tier_controller,False,19
106,Caleb Williams,QB,2,Travis,Shane,13.0,emotional,False,19
107,Stefon Diggs,WR,7,Brandon,Evan,33.33730949931258,positional_extremist_wr,False,19
108,Travis Etienne,RB,5,Reid,Brad,58.3966808830533,positional_extremist_rb,False,19
109,Jalen McMillan,WR,14,CJ,Sam,152.62,tier_controller,True,19
110,Pat Bryant,WR,13,Coby,Coby,1.7822295375909805,positional_extremist_rb,False,19
111,Alvin Kamara,RB,7,Evan,Shane,327.87,emotional,True,19
112,Tank Bigsby,RB,9,James,Brad,15.103666419115644,positional_extremist_rb,False,19
113,Aaron Jones Sr,RB,4,Ryan J,Brad,263.66,positional_extremist_rb,True,19
114,De'Zhaun Stribling,WR,12,Jason,Coby,278.2,positional_extremist_rb,True,19
115,Jordyn Tyson,WR,12,Travis,Evan,193.66,positional_extremist_wr,True,19
116,Makai Lemon,WR,8,Brandon,Travis,23.606837806935154,tier_controller,False,19
117,Tucker Kraft,TE,1,Reid,Travis,26.208569170424155,tier_controller,False,19
118,Tre Harris,WR,38,CJ,CJ,240.0,price_enforcer,True,19
119,Devontez Walker,WR,19,James,James,1.0,price_enforcer,False,19
120,Keenan Allen,WR,11,Ryan J,Travis,4.648056470303838,tier_controller,False,19
121,Cyrus Allen,WR,38,Jason,Jason,1.0,balanced,False,19
122,Tory Horton,WR,27,Travis,Travis,1.0,tier_controller,False,19
123,Hunter Henry,TE,3,Brandon,Travis,309.53,tier_controller,True,19
124,Greg Dortch,WR,25,Reid,Reid,1.0,balanced,False,19
125,Jawhar Jordan,RB,24,James,James,1.0,price_enforcer,False,19
126,Justice Hill,RB,11,Ryan J,Brandon,174.0,value_purist,True,19
127,Dalton Schultz,TE,4,Jason,Ryan J,5.167560448464695,stars_and_scrubs,False,19
128,Trevor Lawrence,QB,3,Reid,Ryan J,5.312392622854138,stars_and_scrubs,False,19
129,Xavier Smith,WR,23,James,James,324.0,price_enforcer,True,19
130,Jacob Cowing,WR,23,Ryan J,Ryan J,1.0,stars_and_scrubs,False,19
131,Chris Brazzell II,WR,18,Jason,Jason,1.0,balanced,False,19
132,Roman Wilson,WR,24,Reid,Reid,1.0,balanced,False,19
133,Caleb Douglas,WR,40,Ryan J,Ryan J,158.52,stars_and_scrubs,True,19
134,Jordan Watkins,WR,21,Jason,Jason,1.0,balanced,False,19
135,Austin Ekeler,RB,6,Reid,Jason,286.0,balanced,True,19
136,Reggie Gilliam,RB,23,Reid,Reid,1.0,balanced,False,19
137,Elijah Higgins,TE,12,Reid,Reid,1.0,balanced,False,19
138,Tai Felton,WR,26,Reid,Reid,313.0,balanced,True,19
1,Marcus Mariota,QB,6,Reid,Reid,1.0,positional_extremist_wr,False,20
2,Tyrod Taylor,QB,7,Evan,Evan,1.0,stars_and_scrubs,False,20
3,Riley Leonard,QB,8,CJ,CJ,1.0,positional_extremist_wr,False,20
4,Darnell Washington,TE,17,Ryan J,Ryan J,1.0,positional_extremist_wr,False,20
5,Jacoby Brissett,QB,11,Coby,Coby,1.0,price_enforcer,False,20
6,Shedeur Sanders,QB,9,James,James,1.0,positional_extremist_rb,False,20
7,Moliki Matavao,TE,9,Shane,Shane,1.0,positional_extremist_wr,False,20
8,Mack Hollins,WR,36,Brandon,Brandon,1.0,value_purist,False,20
9,Carson Beck,QB,7,Travis,Travis,1.0,value_purist,False,20
10,Tommy Tremble,TE,5,Sam,Sam,1.0,stars_and_scrubs,False,20
11,Isaac TeSlaa,WR,33,Jason,Jason,1.0,positional_extremist_wr,False,20
12,Evan Engram,TE,19,Brad,Brad,1.0,positional_extremist_wr,False,20
13,Jameis Winston,QB,6,Reid,Reid,1.0,positional_extremist_wr,False,20
14,Mike Gesicki,TE,18,Evan,Evan,1.0,stars_and_scrubs,False,20
15,JJ McCarthy,QB,11,CJ,CJ,1.0,positional_extremist_wr,False,20
16,Will Shipley,RB,29,Ryan J,Ryan J,1.0,positional_extremist_wr,False,20
17,Cam Ward,QB,14,Coby,Coby,1.0,price_enforcer,False,20
18,Fernando Mendoza,QB,14,James,James,1.0,positional_extremist_rb,False,20
19,Tyson Bagent,QB,10,Shane,Shane,1.0,positional_extremist_wr,False,20
20,David Njoku,TE,20,Brandon,Brandon,1.0,value_purist,False,20
21,Sam Darnold,QB,13,Travis,Travis,1.0,value_purist,False,20
22,DeMario Douglas,WR,34,Sam,Sam,1.0,stars_and_scrubs,False,20
23,Marquez Valdes-Scantling,WR,32,Jason,Jason,1.0,positional_extremist_wr,False,20
24,Nick Westbrook-Ikhine,WR,15,Brad,Brad,1.0,positional_extremist_wr,False,20
25,Theo Johnson,TE,16,Reid,Reid,1.0,positional_extremist_wr,False,20
26,Cash Jones,RB,26,Evan,Evan,1.0,stars_and_scrubs,False,20
27,Antonio Williams,WR,40,CJ,CJ,1.0,positional_extremist_wr,False,20
28,Ja'Kobi Lane,WR,33,Ryan J,Ryan J,1.0,positional_extremist_wr,False,20
29,Aaron Rodgers,QB,12,Coby,Coby,1.0,price_enforcer,False,20
30,Jaleel McLaughlin,RB,30,James,James,1.0,positional_extremist_rb,False,20
31,Colby Parkinson,TE,16,Shane,Shane,1.0,positional_extremist_wr,False,20
32,Luke Schoonmaker,TE,13,Brandon,Brandon,1.0,value_purist,False,20
33,Tory Horton,WR,27,Travis,Travis,1.0,value_purist,False,20
34,Tua Tagovailoa,QB,13,Sam,Sam,1.0,stars_and_scrubs,False,20
35,Cade Klubnik,QB,8,Jason,Jason,1.0,positional_extremist_wr,False,20
36,Sam Roush,TE,15,Brad,Brad,1.0,positional_extremist_wr,False,20
37,Noah Fant,TE,5,Reid,Reid,1.0,positional_extremist_wr,False,20
38,Michael Mayer,TE,7,Evan,Evan,1.0,stars_and_scrubs,False,20
39,Jackson Hawes,TE,14,CJ,CJ,1.0,positional_extremist_wr,False,20
40,Demarcus Robinson,WR,15,Ryan J,Ryan J,1.0,positional_extremist_wr,False,20
41,Jaylin Noel,WR,29,Coby,Coby,1.0,price_enforcer,False,20
42,Kenneth Gainwell,RB,27,James,James,1.0,positional_extremist_rb,False,20
43,Jack Bech,WR,39,Shane,Shane,1.0,positional_extremist_wr,False,20
44,Chris Bell,WR,39,Brandon,Brandon,1.0,value_purist,False,20
45,Malik Washington,WR,29,Travis,Travis,1.0,value_purist,False,20
46,Reggie Virgil,WR,30,Sam,Sam,1.0,stars_and_scrubs,False,20
47,Greg Dulcich,TE,20,Jason,Jason,1.0,positional_extremist_wr,False,20
48,Raheim Sanders,RB,18,Brad,Brad,1.0,positional_extremist_wr,False,20
49,Roschon Johnson,RB,18,Reid,Reid,1.0,positional_extremist_wr,False,20
50,Mason Taylor,TE,14,Evan,Evan,1.0,stars_and_scrubs,False,20
51,Jahan Dotson,WR,34,CJ,CJ,1.0,positional_extremist_wr,False,20
52,Justin Fields,QB,9,Ryan J,Ryan J,1.0,positional_extremist_wr,False,20
53,Kareem Hunt,RB,31,Coby,Coby,1.0,price_enforcer,False,20
54,Austin Hooper,TE,11,James,James,1.0,positional_extremist_rb,False,20
55,Xavier Smith,WR,23,Shane,Shane,1.0,positional_extremist_wr,False,20
56,Caleb Douglas,WR,40,Brandon,Brandon,1.0,value_purist,False,20
57,Kene Nwangwu,RB,28,Travis,Travis,1.0,value_purist,False,20
58,Daniel Jones,QB,10,Sam,Sam,1.0,stars_and_scrubs,False,20
59,Adam Trautman,TE,15,Jason,Jason,1.0,positional_extremist_wr,False,20
60,Josh Cameron,WR,28,Brad,Brad,1.0,positional_extremist_wr,False,20
61,Mitchell Evans,TE,11,Reid,Reid,1.0,positional_extremist_wr,False,20
62,Elic Ayomanor,WR,27,Evan,Evan,1.0,stars_and_scrubs,False,20
63,Pat Freiermuth,TE,17,CJ,CJ,1.0,positional_extremist_wr,False,20
64,Erick All Jr.,TE,8,Ryan J,Ryan J,1.0,positional_extremist_wr,False,20
65,Kayshon Boutte,WR,32,Coby,Coby,1.0,price_enforcer,False,20
66,Matt Hibner,TE,10,James,James,1.0,positional_extremist_rb,False,20
67,Durham Smythe,TE,13,Shane,Shane,1.0,positional_extremist_wr,False,20
68,Deshaun Watson,QB,12,Brandon,Brandon,1.0,value_purist,False,20
69,Noah Gray,TE,6,Travis,Travis,1.0,value_purist,False,20
70,Jawhar Jordan,RB,24,Sam,Sam,1.0,stars_and_scrubs,False,20
71,Tre Harris,WR,38,Jason,Jason,1.0,positional_extremist_wr,False,20
72,Chris Brazzell II,WR,18,Brad,Brad,1.0,positional_extremist_wr,False,20
73,Patrick Ricard,RB,28,Reid,Reid,1.0,positional_extremist_wr,False,20
74,Travis Hunter,WR,31,Evan,Evan,1.0,stars_and_scrubs,False,20
75,Elijah Higgins,TE,12,CJ,CJ,1.0,positional_extremist_wr,False,20
76,Malachi Fields,WR,41,Ryan J,Ryan J,1.0,positional_extremist_wr,False,20
77,Savion Williams,WR,24,Coby,Coby,1.0,price_enforcer,False,20
78,Brandon Aiyuk,WR,35,James,James,1.0,positional_extremist_rb,False,20
79,Ollie Gordon,RB,27,Shane,Shane,1.0,positional_extremist_wr,False,20
80,KeAndre Lambert-Smith,WR,30,Brandon,Brandon,1.0,value_purist,False,20
81,Cade Otton,TE,12,Travis,Travis,1.0,value_purist,False,20
82,Deion Burks,WR,26,Sam,Sam,1.0,stars_and_scrubs,False,20
83,Adam Prentice,RB,19,Jason,Jason,1.0,positional_extremist_wr,False,20
84,Cyrus Allen,WR,38,Brad,Brad,1.0,positional_extremist_wr,False,20
85,Jordan Watkins,WR,21,Reid,Reid,1.0,positional_extremist_wr,False,20
86,Evan Hull,RB,29,Evan,Evan,1.0,stars_and_scrubs,False,20
87,Josh Oliver,TE,10,CJ,CJ,1.0,positional_extremist_wr,False,20
88,Hunter Luepke,RB,25,Ryan J,Ryan J,1.0,positional_extremist_wr,False,20
89,Kyle Juszczyk,RB,24,Coby,Coby,1.0,price_enforcer,False,20
90,Eli Heidenreich,RB,19,James,James,1.0,positional_extremist_rb,False,20
91,Dameon Pierce,RB,25,Shane,Shane,1.0,positional_extremist_wr,False,20
92,Oscar Delp,TE,7,Brandon,Brandon,1.0,value_purist,False,20
93,Jeremy McNichols,RB,23,Travis,Travis,1.0,value_purist,False,20
94,Ty Johnson,RB,32,Sam,Sam,1.0,stars_and_scrubs,False,20
95,Dylan Laube,RB,21,Jason,Jason,1.0,positional_extremist_wr,False,20
96,Matthew Stafford,QB,5,Brad,Brad,1.4886171321994444,positional_extremist_wr,False,20
97,Oronde Gadsden,TE,19,Reid,Reid,1.0,positional_extremist_wr,False,20
98,Tank Bigsby,RB,9,Evan,Brad,14.163556315568382,positional_extremist_wr,False,20
99,Dyami Brown,WR,25,CJ,CJ,1.0,positional_extremist_wr,False,20
100,Jordyn Tyson,WR,12,Ryan J,CJ,240.0,positional_extremist_wr,True,20
101,Luther Burden,WR,28,Coby,Coby,1.0,price_enforcer,False,20
102,Ja'Tavion Sanders,TE,6,James,James,1.0,positional_extremist_rb,False,20
103,Cade Stover,TE,9,Shane,Shane,1.0,positional_extremist_wr,False,20
104,Khalil Herbert,RB,22,Brandon,Brandon,174.0,value_purist,True,20
105,Emmett Johnson,RB,10,Travis,Reid,11.003890896642755,positional_extremist_wr,False,20
106,Cole Kmet,TE,8,Sam,Sam,1.0,stars_and_scrubs,False,20
107,Omar Cooper Jr.,WR,37,Jason,Jason,1.0,positional_extremist_wr,False,20
108,Rasheen Ali,RB,20,Brad,Brad,1.0,positional_extremist_wr,False,20
109,Eli Stowers,TE,18,Reid,Reid,1.0,positional_extremist_wr,False,20
110,Marvin Mims Jr.,WR,36,Evan,Evan,1.0,stars_and_scrubs,False,20
111,Hunter Henry,TE,3,Ryan J,Evan,226.0,stars_and_scrubs,True,20
112,Dontayvion Wicks,WR,37,Coby,Coby,1.0,price_enforcer,False,20
113,Tucker Kraft,TE,1,James,Sam,25.144241129928233,stars_and_scrubs,False,20
114,Seth McGowan,RB,15,Shane,James,1.6037951017956793,positional_extremist_rb,False,20
115,Mike Washington Jr.,RB,8,Travis,Brad,20.927076297628332,positional_extremist_wr,False,20
116,Aaron Jones Sr,RB,4,Sam,James,323.4,positional_extremist_rb,True,20
117,Bucky Irving,RB,1,Jason,Sam,230.6,stars_and_scrubs,False,20
118,Marvin Harrison Jr,WR,10,Brad,Reid,10.396132790103842,positional_extremist_wr,False,20
119,Devin Singletary,RB,17,Reid,Reid,293.6,positional_extremist_wr,True,20
120,Jaylen Wright,RB,15,Ryan J,Brad,302.42,positional_extremist_wr,True,20
121,Jahdae Walker,WR,22,Coby,Coby,286.0,price_enforcer,True,20
122,Sione Vaki,RB,20,Shane,Shane,1.0,positional_extremist_wr,False,20
123,Jaxson Dart,QB,4,Travis,Sam,3.890793257672866,stars_and_scrubs,False,20
124,Keenan Allen,WR,11,Sam,Ryan J,5.550626146339555,positional_extremist_wr,False,20
125,Dallas Goedert,TE,2,Jason,Sam,73.37,stars_and_scrubs,True,20
126,Caleb Williams,QB,2,Ryan J,Travis,5.0,value_purist,False,20
127,Devontez Walker,WR,19,Shane,Shane,341.0,positional_extremist_wr,True,20
128,Tai Felton,WR,26,Travis,Travis,1.0,value_purist,False,20
129,Antonio Gibson,RB,22,Jason,Jason,1.0,positional_extremist_wr,False,20
130,Ashton Dulin,WR,14,Ryan J,Ryan J,1.0,positional_extremist_wr,False,20
131,Olamide Zaccheaus,WR,20,Travis,Travis,1.0,value_purist,False,20
132,Jacob Cowing,WR,23,Jason,Jason,1.0,positional_extremist_wr,False,20
133,Brashard Smith,RB,17,Ryan J,Ryan J,1.7289987512271972,positional_extremist_wr,False,20
134,Mark Andrews,TE,2,Travis,Travis,6.0,value_purist,False,20
135,Sean Tucker,RB,14,Jason,Travis,352.0,value_purist,True,20
136,Tyler Allgeier,RB,7,Ryan J,Jason,286.0,positional_extremist_wr,True,20
137,Roman Wilson,WR,24,Ryan J,Ryan J,1.0,positional_extremist_wr,False,20
138,Jaylin Lane,WR,19,Ryan J,Ryan J,360.72,positional_extremist_wr,True,20
1,Marcus Mariota,QB,6,Brandon,Brandon,1.0,balanced,False,21
2,Carson Beck,QB,7,Evan,Evan,1.0,balanced,False,21
3,Tyrod Taylor,QB,7,Sam,Sam,1.0,balanced,False,21
4,Erick All Jr.,TE,8,Jason,Jason,1.0,value_purist,False,21
5,Cade Klubnik,QB,8,Travis,Travis,1.0,balanced,False,21
6,Jacoby Brissett,QB,11,Coby,Coby,1.0,anchor,False,21
7,Durham Smythe,TE,13,CJ,CJ,1.0,positional_extremist_rb,False,21
8,Antonio Williams,WR,40,James,James,1.0,positional_extremist_rb,False,21
9,Greg Dulcich,TE,20,Brad,Brad,1.0,price_enforcer,False,21
10,Fernando Mendoza,QB,14,Shane,Shane,1.0,anchor,False,21
11,Colby Parkinson,TE,16,Ryan J,Ryan J,1.0,value_purist,False,21
12,Kayshon Boutte,WR,32,Reid,Reid,1.0,emotional,False,21
13,Will Shipley,RB,29,Brandon,Brandon,1.0,balanced,False,21
14,Theo Johnson,TE,16,Evan,Evan,1.0,balanced,False,21
15,Eli Heidenreich,RB,19,Sam,Sam,1.0,balanced,False,21
16,Kareem Hunt,RB,31,Jason,Jason,1.0,value_purist,False,21
17,JJ McCarthy,QB,11,Travis,Travis,1.0,balanced,False,21
18,Malachi Fields,WR,41,Coby,Coby,1.0,anchor,False,21
19,Cam Ward,QB,14,CJ,CJ,1.0,positional_extremist_rb,False,21
20,Jack Bech,WR,39,James,James,1.0,positional_extremist_rb,False,21
21,Jahan Dotson,WR,34,Brad,Brad,1.0,price_enforcer,False,21
22,Van Jefferson,WR,31,Shane,Shane,1.0,anchor,False,21
23,Chris Brazzell II,WR,18,Ryan J,Ryan J,1.0,value_purist,False,21
24,Jarquez Hunter,RB,31,Reid,Reid,1.0,emotional,False,21
25,Evan Hull,RB,29,Brandon,Brandon,1.0,balanced,False,21
26,Jaleel McLaughlin,RB,30,Evan,Evan,1.0,balanced,False,21
27,Sam Darnold,QB,13,Sam,Sam,1.0,balanced,False,21
28,Cade Stover,TE,9,Jason,Jason,1.0,value_purist,False,21
29,Jahdae Walker,WR,22,Travis,Travis,1.0,balanced,False,21
30,Pat Freiermuth,TE,17,Coby,Coby,1.0,anchor,False,21
31,Marquez Valdes-Scantling,WR,32,CJ,CJ,1.0,positional_extremist_rb,False,21
32,Riley Leonard,QB,8,James,James,1.0,positional_extremist_rb,False,21
33,Noah Gray,TE,6,Brad,Brad,1.0,price_enforcer,False,21
34,Ja'Kobi Lane,WR,33,Shane,Shane,1.0,anchor,False,21
35,Cash Jones,RB,26,Ryan J,Ryan J,1.0,value_purist,False,21
36,Jaylin Noel,WR,29,Reid,Reid,1.0,emotional,False,21
37,Chris Bell,WR,39,Brandon,Brandon,1.0,balanced,False,21
38,Moliki Matavao,TE,9,Evan,Evan,1.0,balanced,False,21
39,Elijah Higgins,TE,12,Sam,Sam,1.0,balanced,False,21
40,Tua Tagovailoa,QB,13,Jason,Jason,1.0,value_purist,False,21
41,Deion Burks,WR,26,Travis,Travis,1.0,balanced,False,21
42,Tyson Bagent,QB,10,Coby,Coby,1.0,anchor,False,21
43,Travis Hunter,WR,31,CJ,CJ,1.0,positional_extremist_rb,False,21
44,Malik Washington,WR,29,James,James,1.0,positional_extremist_rb,False,21
45,Noah Whittington,RB,26,Brad,Brad,1.0,price_enforcer,False,21
46,Kene Nwangwu,RB,28,Shane,Shane,1.0,anchor,False,21
47,Patrick Ricard,RB,28,Ryan J,Ryan J,1.0,value_purist,False,21
48,David Njoku,TE,20,Reid,Reid,1.0,emotional,False,21
49,Ollie Gordon,RB,27,Brandon,Brandon,1.0,balanced,False,21
50,Treylon Burks,WR,18,Evan,Evan,1.0,balanced,False,21
51,Tai Felton,WR,26,Sam,Sam,1.0,balanced,False,21
52,Reggie Virgil,WR,30,Jason,Jason,1.0,value_purist,False,21
53,Shedeur Sanders,QB,9,Travis,Travis,1.0,balanced,False,21
54,Daniel Jones,QB,10,Coby,Coby,1.0,anchor,False,21
55,Jameis Winston,QB,6,CJ,CJ,1.0,positional_extremist_rb,False,21
56,Josh Williams,RB,21,James,James,1.0,positional_extremist_rb,False,21
57,Aaron Rodgers,QB,12,Brad,Brad,1.0,price_enforcer,False,21
58,Caleb Douglas,WR,40,Shane,Shane,1.0,anchor,False,21
59,Ashton Dulin,WR,14,Ryan J,Ryan J,1.0,value_purist,False,21
60,Sam Roush,TE,15,Reid,Reid,1.0,emotional,False,21
61,Elic Ayomanor,WR,27,Brandon,Brandon,1.0,balanced,False,21
62,Tory Horton,WR,27,Evan,Evan,1.0,balanced,False,21
63,Luther Burden,WR,28,Sam,Sam,1.0,balanced,False,21
64,Kenneth Gainwell,RB,27,Jason,Jason,1.0,value_purist,False,21
65,Jackson Hawes,TE,14,Travis,Travis,1.0,balanced,False,21
66,Reggie Gilliam,RB,23,Coby,Coby,1.0,anchor,False,21
67,Sione Vaki,RB,20,CJ,CJ,1.0,positional_extremist_rb,False,21
68,Antonio Gibson,RB,22,James,James,1.0,positional_extremist_rb,False,21
69,Dameon Pierce,RB,25,Brad,Brad,1.0,price_enforcer,False,21
70,Deshaun Watson,QB,12,Shane,Shane,1.0,anchor,False,21
71,Isaac TeSlaa,WR,33,Ryan J,Ryan J,1.0,value_purist,False,21
72,Josh Cameron,WR,28,Reid,Reid,1.0,emotional,False,21
73,Ty Johnson,RB,32,Brandon,Brandon,1.0,balanced,False,21
74,Adam Trautman,TE,15,Evan,Evan,1.0,balanced,False,21
75,Andrei Iosivas,WR,35,Sam,Sam,1.0,balanced,False,21
76,Cade Otton,TE,12,Jason,Jason,1.0,value_purist,False,21
77,Eli Stowers,TE,18,Travis,Travis,1.0,balanced,False,21
78,Mitch Tinsley,WR,22,Coby,Coby,1.0,anchor,False,21
79,Hunter Luepke,RB,25,CJ,CJ,1.0,positional_extremist_rb,False,21
80,Adam Prentice,RB,19,James,James,1.0,positional_extremist_rb,False,21
81,Justin Fields,QB,9,Brad,Brad,1.0,price_enforcer,False,21
82,Cole Kmet,TE,8,Shane,Shane,1.0,anchor,False,21
83,Kyle Juszczyk,RB,24,Ryan J,Ryan J,1.0,value_purist,False,21
84,Rasheen Ali,RB,20,Reid,Reid,1.0,emotional,False,21
85,Audric Estime,RB,30,Brandon,Brandon,1.0,balanced,False,21
86,Rhamondre Stevenson,RB,2,Evan,James,200.0,positional_extremist_rb,False,21
87,Jeremy McNichols,RB,23,Sam,Sam,1.0,balanced,False,21
88,Pat Bryant,WR,13,Jason,Shane,1.3771780963122335,anchor,False,21
89,KeAndre Lambert-Smith,WR,30,Travis,Travis,1.0,balanced,False,21
90,Jared Goff,QB,3,Coby,Reid,4.486302222398905,emotional,False,21
91,Austin Ekeler,RB,6,CJ,Reid,43.48865996858078,emotional,False,21
92,Raheim Sanders,RB,18,James,James,1.0,positional_extremist_rb,False,21
93,Noah Fant,TE,5,Brad,Brad,1.0,price_enforcer,False,21
94,Dylan Laube,RB,21,Shane,Shane,1.0,anchor,False,21
95,Devin Singletary,RB,17,Ryan J,James,1.8829042660120054,positional_extremist_rb,False,21
96,Alvin Kamara,RB,7,Reid,CJ,21.85737845961587,positional_extremist_rb,False,21
97,Khalil Herbert,RB,22,Brandon,Brandon,174.0,balanced,True,21
98,Jawhar Jordan,RB,24,Evan,Evan,1.0,balanced,False,21
99,Tyler Lockett,WR,21,Sam,Sam,1.0,balanced,False,21
100,Brandon Aiyuk,WR,35,Jason,Jason,1.0,value_purist,False,21
101,Dontayvion Wicks,WR,37,Travis,Travis,1.0,balanced,False,21
102,Tyler Allgeier,RB,7,Coby,CJ,28.348574745510547,positional_extremist_rb,False,21
103,Dyami Brown,WR,25,CJ,CJ,191.79,positional_extremist_rb,True,21
104,Omar Cooper Jr.,WR,37,James,James,124.12,positional_extremist_rb,True,21
105,Evan Engram,TE,19,Brad,Brad,1.0,price_enforcer,False,21
106,Savion Williams,WR,24,Shane,Shane,1.0,anchor,False,21
107,Jayden Reed,WR,6,Ryan J,Reid,32.96269189165699,emotional,False,21
108,DeVonta Smith,WR,1,Reid,Coby,177.5,anchor,False,21
109,DK Metcalf,WR,5,Evan,Reid,43.15275304180602,emotional,False,21
110,Tank Bigsby,RB,9,Sam,Reid,11.013811563037008,emotional,False,21
111,DJ Moore,WR,3,Jason,Shane,340.62,anchor,True,21
112,RJ Harvey,RB,3,Travis,Reid,182.9,emotional,True,21
113,Jacob Cowing,WR,23,Coby,Coby,1.0,anchor,False,21
114,Tre Harris,WR,38,Brad,Brad,1.0,price_enforcer,False,21
115,Greg Dortch,WR,25,Ryan J,Ryan J,1.0,value_purist,False,21
116,Luke McCaffrey,WR,17,Evan,Evan,1.0,balanced,False,21
117,Jaxson Dart,QB,4,Sam,Coby,3.74982261198033,anchor,False,21
118,Drake Maye,QB,1,Jason,Evan,226.0,balanced,True,21
119,Josh Oliver,TE,10,Travis,Travis,1.0,balanced,False,21
120,Michael Mayer,TE,7,Coby,Coby,106.75,anchor,True,21
121,Cyrus Allen,WR,38,Brad,Brad,1.0,price_enforcer,False,21
122,CJ Stroud,QB,2,Ryan J,Travis,16.822674120432133,balanced,False,21
123,Jonathon Brooks,RB,2,Sam,Ryan J,72.66612046977548,value_purist,False,21
124,Seth McGowan,RB,15,Jason,Travis,1.107719431545885,balanced,False,21
125,Keenan Allen,WR,11,Travis,Ryan J,3.7843182137021296,value_purist,False,21
126,Adam Randall,RB,16,Brad,Travis,345.07,balanced,True,21
127,Dalton Schultz,TE,4,Ryan J,Jason,4.227065782032147,value_purist,False,21
128,Nicholas Singleton,RB,16,Sam,Brad,336.0,price_enforcer,True,21
129,Jaylin Lane,WR,19,Jason,Jason,1.0,value_purist,False,21
130,Matt Hibner,TE,10,Ryan J,Ryan J,1.0,value_purist,False,21
131,Kendrick Bourne,WR,17,Sam,Sam,1.0,balanced,False,21
132,Roman Wilson,WR,24,Jason,Jason,1.0,value_purist,False,21
133,Jadarian Price,RB,1,Ryan J,Jason,282.77,value_purist,True,21
134,Roschon Johnson,RB,18,Sam,Sam,1.0,balanced,False,21
135,Sam LaPorta,TE,1,Ryan J,Sam,16.0,balanced,False,21
136,Mason Taylor,TE,14,Sam,Sam,315.0,balanced,True,21
137,Dont'e Thornton Jr.,WR,16,Ryan J,Ryan J,1.0,value_purist,False,21
138,Marvin Mims Jr.,WR,36,Ryan J,Ryan J,291.55,value_purist,True,21
1,Deshaun Watson,QB,12,Jason,Jason,1.0,value_purist,False,22
2,Riley Leonard,QB,8,Sam,Sam,1.0,positional_extremist_rb,False,22
3,Jameis Winston,QB,6,Brandon,Brandon,1.0,stars_and_scrubs,False,22
4,Tyson Bagent,QB,10,Brad,Brad,1.0,price_enforcer,False,22
5,Greg Dulcich,TE,20,Reid,Reid,1.0,emotional,False,22
6,Pat Freiermuth,TE,17,Evan,Evan,1.0,balanced,False,22
7,Jacoby Brissett,QB,11,James,James,1.0,tier_controller,False,22
8,Isaac TeSlaa,WR,33,Shane,Shane,1.0,anchor,False,22
9,Jahan Dotson,WR,34,CJ,CJ,1.0,positional_extremist_wr,False,22
10,Demarcus Robinson,WR,15,Ryan J,Ryan J,1.0,anchor,False,22
11,Tyrod Taylor,QB,7,Travis,Travis,1.0,price_enforcer,False,22
12,Austin Hooper,TE,11,Coby,Coby,1.0,value_purist,False,22
13,Marquez Valdes-Scantling,WR,32,Jason,Jason,1.0,value_purist,False,22
14,Kareem Hunt,RB,31,Sam,Sam,1.0,positional_extremist_rb,False,22
15,Durham Smythe,TE,13,Brandon,Brandon,1.0,stars_and_scrubs,False,22
16,Ty Johnson,RB,32,Brad,Brad,1.0,price_enforcer,False,22
17,Ja'Tavion Sanders,TE,6,Reid,Reid,1.0,emotional,False,22
18,Will Shipley,RB,29,Evan,Evan,1.0,balanced,False,22
19,Michael Mayer,TE,7,James,James,1.0,tier_controller,False,22
20,Marcus Mariota,QB,6,Shane,Shane,1.0,anchor,False,22
21,Oscar Delp,TE,7,CJ,CJ,1.0,positional_extremist_wr,False,22
22,Antonio Williams,WR,40,Ryan J,Ryan J,1.0,anchor,False,22
23,David Njoku,TE,20,Travis,Travis,1.0,price_enforcer,False,22
24,Jarquez Hunter,RB,31,Coby,Coby,1.0,value_purist,False,22
25,JJ McCarthy,QB,11,Jason,Jason,1.0,value_purist,False,22
26,Van Jefferson,WR,31,Sam,Sam,1.0,positional_extremist_rb,False,22
27,Ja'Kobi Lane,WR,33,Brandon,Brandon,1.0,stars_and_scrubs,False,22
28,Audric Estime,RB,30,Brad,Brad,1.0,price_enforcer,False,22
29,Cade Klubnik,QB,8,Reid,Reid,1.0,emotional,False,22
30,Tommy Tremble,TE,5,Evan,Evan,1.0,balanced,False,22
31,Zavion Thomas,WR,16,James,James,1.0,tier_controller,False,22
32,Theo Johnson,TE,16,Shane,Shane,1.0,anchor,False,22
33,Mack Hollins,WR,36,CJ,CJ,1.0,positional_extremist_wr,False,22
34,Kenneth Gainwell,RB,27,Ryan J,Ryan J,1.0,anchor,False,22
35,Shedeur Sanders,QB,9,Travis,Travis,1.0,price_enforcer,False,22
36,Sam Darnold,QB,13,Coby,Coby,1.0,value_purist,False,22
37,Jack Bech,WR,39,Jason,Jason,1.0,value_purist,False,22
38,Tre Harris,WR,38,Sam,Sam,1.0,positional_extremist_rb,False,22
39,Jackson Hawes,TE,14,Brandon,Brandon,1.0,stars_and_scrubs,False,22
40,Kendrick Bourne,WR,17,Brad,Brad,1.0,price_enforcer,False,22
41,Malik Washington,WR,29,Reid,Reid,1.0,emotional,False,22
42,Patrick Ricard,RB,28,Evan,Evan,1.0,balanced,False,22
43,Cam Ward,QB,14,James,James,1.0,tier_controller,False,22
44,Ollie Gordon,RB,27,Shane,Shane,1.0,anchor,False,22
45,Kene Nwangwu,RB,28,CJ,CJ,1.0,positional_extremist_wr,False,22
46,Cash Jones,RB,26,Ryan J,Ryan J,1.0,anchor,False,22
47,Colby Parkinson,TE,16,Travis,Travis,1.0,price_enforcer,False,22
48,Daniel Jones,QB,10,Coby,Coby,1.0,value_purist,False,22
49,Fernando Mendoza,QB,14,Jason,Jason,1.0,value_purist,False,22
50,Roschon Johnson,RB,18,Sam,Sam,1.0,positional_extremist_rb,False,22
51,Evan Hull,RB,29,Brandon,Brandon,1.0,stars_and_scrubs,False,22
52,Josh Oliver,TE,10,Brad,Brad,1.0,price_enforcer,False,22
53,Matt Hibner,TE,10,Reid,Reid,1.0,emotional,False,22
54,Dameon Pierce,RB,25,Evan,Evan,1.0,balanced,False,22
55,Mitchell Evans,TE,11,James,James,1.0,tier_controller,False,22
56,Darnell Washington,TE,17,Shane,Shane,1.0,anchor,False,22
57,Adam Trautman,TE,15,CJ,CJ,1.0,positional_extremist_wr,False,22
58,Jaleel McLaughlin,RB,30,Ryan J,Ryan J,1.0,anchor,False,22
59,Raheim Sanders,RB,18,Travis,Travis,1.0,price_enforcer,False,22
60,Cole Kmet,TE,8,Coby,Coby,1.0,value_purist,False,22
61,Aaron Rodgers,QB,12,Jason,Jason,1.0,value_purist,False,22
62,Eli Stowers,TE,18,Sam,Sam,1.0,positional_extremist_rb,False,22
63,Cade Otton,TE,12,Brandon,Brandon,1.0,stars_and_scrubs,False,22
64,Carson Beck,QB,7,Brad,Brad,1.0,price_enforcer,False,22
65,Justin Fields,QB,9,Reid,Reid,1.0,emotional,False,22
66,Jordan Watkins,WR,21,Evan,Evan,1.0,balanced,False,22
67,Noah Gray,TE,6,James,James,1.0,tier_controller,False,22
68,Caleb Douglas,WR,40,Shane,Shane,1.0,anchor,False,22
69,Dyami Brown,WR,25,CJ,CJ,1.0,positional_extremist_wr,False,22
70,KeAndre Lambert-Smith,WR,30,Ryan J,Ryan J,1.0,anchor,False,22
71,Treylon Burks,WR,18,Travis,Travis,1.0,price_enforcer,False,22
72,Noah Fant,TE,5,Coby,Coby,1.0,value_purist,False,22
73,Jawhar Jordan,RB,24,Jason,Jason,1.0,value_purist,False,22
74,Sione Vaki,RB,20,Sam,Sam,1.0,positional_extremist_rb,False,22
75,Dylan Laube,RB,21,Brandon,Brandon,1.0,stars_and_scrubs,False,22
76,Khalil Herbert,RB,22,Brad,Brad,1.0,price_enforcer,False,22
77,Antonio Gibson,RB,22,Reid,Reid,1.0,emotional,False,22
78,Evan Engram,TE,19,Evan,Evan,1.0,balanced,False,22
79,Luke Schoonmaker,TE,13,James,James,1.0,tier_controller,False,22
80,Sam Roush,TE,15,Shane,Shane,1.0,anchor,False,22
81,Elijah Higgins,TE,12,CJ,CJ,1.0,positional_extremist_wr,False,22
82,Cade Stover,TE,9,Ryan J,Ryan J,1.0,anchor,False,22
83,Travis Hunter,WR,31,Travis,Travis,1.0,price_enforcer,False,22
84,Greg Dortch,WR,25,Coby,Coby,1.0,value_purist,False,22
85,Jaylin Noel,WR,29,Jason,Jason,1.0,value_purist,False,22
86,Chris Bell,WR,39,Sam,Sam,1.0,positional_extremist_rb,False,22
87,Tua Tagovailoa,QB,13,Brandon,Brandon,1.0,stars_and_scrubs,False,22
88,Hunter Luepke,RB,25,Brad,Brad,1.0,price_enforcer,False,22
89,De'Zhaun Stribling,WR,12,Reid,CJ,3.3986283781153617,positional_extremist_wr,False,22
90,Jeremy McNichols,RB,23,Evan,Evan,1.0,balanced,False,22
91,Adam Prentice,RB,19,James,James,1.0,tier_controller,False,22
92,Elic Ayomanor,WR,27,Shane,Shane,1.0,anchor,False,22
93,Kyler Murray,QB,5,CJ,James,3.449333172426866,tier_controller,False,22
94,Malachi Fields,WR,41,Ryan J,Ryan J,1.0,anchor,False,22
95,Luther Burden,WR,28,Travis,Travis,1.0,price_enforcer,False,22
96,Moliki Matavao,TE,9,Coby,Coby,1.0,value_purist,False,22
97,Josh Cameron,WR,28,Jason,Jason,1.0,value_purist,False,22
98,Kayshon Boutte,WR,32,Sam,Sam,1.0,positional_extremist_rb,False,22
99,DeMario Douglas,WR,34,Brandon,Brandon,174.0,stars_and_scrubs,True,22
100,Cyrus Allen,WR,38,Brad,Brad,1.0,price_enforcer,False,22
101,Jared Goff,QB,3,Reid,CJ,5.258647571136103,positional_extremist_wr,False,22
102,Nicholas Singleton,RB,16,Evan,Sam,1.8884272682105094,positional_extremist_rb,False,22
103,Emmett Johnson,RB,10,James,CJ,233.34,positional_extremist_wr,True,22
104,Tory Horton,WR,27,Shane,Shane,1.0,anchor,False,22
105,Chris Brazzell II,WR,18,Ryan J,Ryan J,1.0,anchor,False,22
106,Savion Williams,WR,24,Travis,Travis,1.0,price_enforcer,False,22
107,Jordyn Tyson,WR,12,Coby,Reid,3.7371794468172097,emotional,False,22
108,Caleb Williams,QB,2,Jason,Reid,13.665084735933545,emotional,False,22
109,Mike Gesicki,TE,18,Sam,Sam,1.0,positional_extremist_rb,False,22
110,Jaylin Lane,WR,19,Brad,Brad,1.0,price_enforcer,False,22
111,Jordan Love,QB,4,Reid,James,3.139938996489179,tier_controller,False,22
112,Chris Godwin Jr,WR,4,Evan,James,319.41,tier_controller,True,22
113,Ashton Dulin,WR,14,Shane,Shane,1.0,anchor,False,22
114,Jordan Addison,WR,7,Ryan J,Reid,25.598539232967543,emotional,False,22
115,Stefon Diggs,WR,7,Travis,Reid,26.892061401037616,emotional,False,22
116,Cooper Kupp,WR,11,Coby,Shane,341.0,anchor,True,22
117,Omar Cooper Jr.,WR,37,Jason,Jason,1.0,value_purist,False,22
118,Xavier Smith,WR,23,Sam,Sam,1.0,positional_extremist_rb,False,22
119,Sam LaPorta,TE,1,Brad,Reid,26.0,emotional,False,22
120,Matthew Stafford,QB,5,Reid,Ryan J,1.2263274097689931,anchor,False,22
121,Tre Tucker,WR,13,Evan,Reid,222.1,emotional,True,22
122,Hunter Henry,TE,3,Ryan J,Ryan J,6.6917504866223005,anchor,False,22
123,Mark Andrews,TE,2,Travis,Ryan J,12.922040017447898,anchor,False,22
124,Jaxson Dart,QB,4,Coby,Ryan J,348.16,anchor,True,22
125,Trevor Lawrence,QB,3,Jason,Evan,5.899878713422598,balanced,False,22
126,Alvin Kamara,RB,7,Sam,Sam,329.11,positional_extremist_rb,True,22
127,Deebo Samuel,WR,3,Brad,Coby,49.0,value_purist,False,22
128,Mason Taylor,TE,14,Evan,Evan,221.1,balanced,True,22
129,Roman Wilson,WR,24,Travis,Travis,1.0,price_enforcer,False,22
130,Oronde Gadsden,TE,19,Coby,Coby,1.0,value_purist,False,22
131,Tank Bigsby,RB,9,Jason,Coby,238.0,value_purist,True,22
132,Erick All Jr.,TE,8,Brad,Brad,1.0,price_enforcer,False,22
133,Jalen McMillan,WR,14,Travis,Brad,336.0,price_enforcer,True,22
134,Reggie Gilliam,RB,23,Jason,Jason,1.0,value_purist,False,22
135,Jayden Reed,WR,6,Travis,Jason,286.0,value_purist,True,22
136,Reggie Virgil,WR,30,Travis,Travis,1.0,price_enforcer,False,22
137,Luke McCaffrey,WR,17,Travis,Travis,1.0,price_enforcer,False,22
138,Kyle Juszczyk,RB,24,Travis,Travis,361.0,price_enforcer,True,22
1,Jacoby Brissett,QB,11,Brad,Brad,1.0,anchor,False,23
2,Cade Klubnik,QB,8,Brandon,Brandon,1.0,anchor,False,23
3,Deshaun Watson,QB,12,Evan,Evan,1.0,positional_extremist_wr,False,23
4,Fernando Mendoza,QB,14,CJ,CJ,1.0,tier_controller,False,23
5,Pat Freiermuth,TE,17,James,James,1.0,price_enforcer,False,23
6,Adam Trautman,TE,15,Jason,Jason,1.0,price_enforcer,False,23
7,Greg Dulcich,TE,20,Coby,Coby,1.0,value_purist,False,23
8,Daniel Jones,QB,10,Ryan J,Ryan J,1.0,value_purist,False,23
9,Aaron Rodgers,QB,12,Reid,Reid,1.0,positional_extremist_wr,False,23
10,Malachi Fields,WR,41,Travis,Travis,1.0,balanced,False,23
11,Josh Oliver,TE,10,Shane,Shane,1.0,value_purist,False,23
12,Will Shipley,RB,29,Sam,Sam,1.0,anchor,False,23
13,Nick Westbrook-Ikhine,WR,15,Brad,Brad,1.0,anchor,False,23
14,JJ McCarthy,QB,11,Brandon,Brandon,1.0,anchor,False,23
15,Kene Nwangwu,RB,28,Evan,Evan,1.0,positional_extremist_wr,False,23
16,Noah Fant,TE,5,CJ,CJ,1.0,tier_controller,False,23
17,Luther Burden,WR,28,James,James,1.0,price_enforcer,False,23
18,Isaac TeSlaa,WR,33,Jason,Jason,1.0,price_enforcer,False,23
19,Carson Beck,QB,7,Coby,Coby,1.0,value_purist,False,23
20,Cam Ward,QB,14,Ryan J,Ryan J,1.0,value_purist,False,23
21,Antonio Williams,WR,40,Reid,Reid,1.0,positional_extremist_wr,False,23
22,Jameis Winston,QB,6,Travis,Travis,1.0,balanced,False,23
23,Evan Hull,RB,29,Shane,Shane,1.0,value_purist,False,23
24,Durham Smythe,TE,13,Sam,Sam,1.0,anchor,False,23
25,Roschon Johnson,RB,18,Brad,Brad,1.0,anchor,False,23
26,Eli Heidenreich,RB,19,Brandon,Brandon,1.0,anchor,False,23
27,Raheim Sanders,RB,18,Evan,Evan,1.0,positional_extremist_wr,False,23
28,Hunter Luepke,RB,25,CJ,CJ,1.0,tier_controller,False,23
29,Josh Williams,RB,21,James,James,1.0,price_enforcer,False,23
30,Ty Johnson,RB,32,Jason,Jason,1.0,price_enforcer,False,23
31,Audric Estime,RB,30,Coby,Coby,1.0,value_purist,False,23
32,Ja'Kobi Lane,WR,33,Ryan J,Ryan J,1.0,value_purist,False,23
33,Theo Johnson,TE,16,Reid,Reid,1.0,positional_extremist_wr,False,23
34,Shedeur Sanders,QB,9,Travis,Travis,1.0,balanced,False,23
35,Jeremy McNichols,RB,23,Shane,Shane,1.0,value_purist,False,23
36,Noah Whittington,RB,26,Sam,Sam,1.0,anchor,False,23
37,Sione Vaki,RB,20,Brad,Brad,1.0,anchor,False,23
38,Justin Fields,QB,9,Brandon,Brandon,1.0,anchor,False,23
39,Marcus Mariota,QB,6,Evan,Evan,1.0,positional_extremist_wr,False,23
40,Marvin Mims Jr.,WR,36,CJ,CJ,1.0,tier_controller,False,23
41,Reggie Virgil,WR,30,James,James,1.0,price_enforcer,False,23
42,Tyson Bagent,QB,10,Jason,Jason,1.0,price_enforcer,False,23
43,Jaylin Noel,WR,29,Coby,Coby,1.0,value_purist,False,23
44,Elijah Higgins,TE,12,Ryan J,Ryan J,1.0,value_purist,False,23
45,DeMario Douglas,WR,34,Reid,Reid,1.0,positional_extremist_wr,False,23
46,KeAndre Lambert-Smith,WR,30,Travis,Travis,1.0,balanced,False,23
47,Dylan Laube,RB,21,Shane,Shane,1.0,value_purist,False,23
48,Van Jefferson,WR,31,Sam,Sam,1.0,anchor,False,23
49,Cash Jones,RB,26,Brad,Brad,1.0,anchor,False,23
50,Patrick Ricard,RB,28,Brandon,Brandon,1.0,anchor,False,23
51,Cyrus Allen,WR,38,Evan,Evan,1.0,positional_extremist_wr,False,23
52,Jack Bech,WR,39,CJ,CJ,1.0,tier_controller,False,23
53,Marquez Valdes-Scantling,WR,32,James,James,1.0,price_enforcer,False,23
54,Adam Prentice,RB,19,Jason,Jason,1.0,price_enforcer,False,23
55,Kenneth Gainwell,RB,27,Coby,Coby,1.0,value_purist,False,23
56,Chris Bell,WR,39,Ryan J,Ryan J,1.0,value_purist,False,23
57,Travis Hunter,WR,31,Reid,Reid,1.0,positional_extremist_wr,False,23
58,Konata Mumpfield,WR,20,Travis,Travis,1.0,balanced,False,23
59,Kayshon Boutte,WR,32,Shane,Shane,1.0,value_purist,False,23
60,Ollie Gordon,RB,27,Sam,Sam,1.0,anchor,False,23
61,Dyami Brown,WR,25,Brad,Brad,1.0,anchor,False,23
62,Tai Felton,WR,26,Brandon,Brandon,1.0,anchor,False,23
63,Sam Darnold,QB,13,Evan,Evan,1.0,positional_extremist_wr,False,23
64,Dameon Pierce,RB,25,CJ,CJ,1.0,tier_controller,False,23
65,Khalil Herbert,RB,22,James,James,1.0,price_enforcer,False,23
66,Jaleel McLaughlin,RB,30,Jason,Jason,1.0,price_enforcer,False,23
67,Rasheen Ali,RB,20,Coby,Coby,1.0,value_purist,False,23
68,Tyrod Taylor,QB,7,Ryan J,Ryan J,1.0,value_purist,False,23
69,Antonio Gibson,RB,22,Reid,Reid,1.0,positional_extremist_wr,False,23
70,Colby Parkinson,TE,16,Travis,Travis,1.0,balanced,False,23
71,Jahan Dotson,WR,34,Shane,Shane,1.0,value_purist,False,23
72,Kareem Hunt,RB,31,Sam,Sam,1.0,anchor,False,23
73,Jacob Cowing,WR,23,Brad,Brad,1.0,anchor,False,23
74,Tua Tagovailoa,QB,13,Brandon,Brandon,1.0,anchor,False,23
75,Greg Dortch,WR,25,Evan,Evan,1.0,positional_extremist_wr,False,23
76,Dontayvion Wicks,WR,37,CJ,CJ,1.0,tier_controller,False,23
77,Kyle Juszczyk,RB,24,James,James,1.0,price_enforcer,False,23
78,Jordan Watkins,WR,21,Jason,Jason,1.0,price_enforcer,False,23
79,Tyler Lockett,WR,21,Coby,Coby,1.0,value_purist,False,23
80,Luke Schoonmaker,TE,13,Ryan J,Ryan J,1.0,value_purist,False,23
81,Jawhar Jordan,RB,24,Reid,Reid,1.0,positional_extremist_wr,False,23
82,David Njoku,TE,20,Travis,Travis,1.0,balanced,False,23
83,Matt Hibner,TE,10,Shane,Shane,1.0,value_purist,False,23
84,Reggie Gilliam,RB,23,Sam,Sam,1.0,anchor,False,23
85,Jaylin Lane,WR,19,Brad,Brad,1.0,anchor,False,23
86,Erick All Jr.,TE,8,Brandon,Brandon,1.0,anchor,False,23
87,Mason Taylor,TE,14,Evan,Evan,1.0,positional_extremist_wr,False,23
88,Tory Horton,WR,27,CJ,CJ,1.0,tier_controller,False,23
89,Xavier Smith,WR,23,James,James,1.0,price_enforcer,False,23
90,Olamide Zaccheaus,WR,20,Jason,Jason,1.0,price_enforcer,False,23
91,Riley Leonard,QB,8,Coby,Coby,1.0,value_purist,False,23
92,Deion Burks,WR,26,Ryan J,Ryan J,1.0,value_purist,False,23
93,Matthew Golden,WR,6,Reid,CJ,33.5512013413174,tier_controller,False,23
94,Najee Harris,RB,13,Travis,CJ,207.45,tier_controller,True,23
95,Devin Singletary,RB,17,Shane,Evan,1.609275386292191,positional_extremist_wr,False,23
96,Tank Bigsby,RB,9,Sam,Evan,225.39,positional_extremist_wr,True,23
97,Bucky Irving,RB,1,Brad,Sam,243.50000483874607,anchor,False,23
98,Roman Wilson,WR,24,Brandon,Brandon,174.0,anchor,True,23
99,Brandon Aiyuk,WR,35,James,James,1.0,price_enforcer,False,23
100,Kendrick Bourne,WR,17,Jason,Jason,1.0,price_enforcer,False,23
101,Jahdae Walker,WR,22,Coby,Coby,1.0,value_purist,False,23
102,Josh Cameron,WR,28,Ryan J,Ryan J,1.0,value_purist,False,23
103,Chris Brazzell II,WR,18,Reid,Reid,1.0,positional_extremist_wr,False,23
104,Tre Harris,WR,38,Travis,Travis,1.0,balanced,False,23
105,Devontez Walker,WR,19,Shane,Shane,1.0,value_purist,False,23
106,Ashton Dulin,WR,14,Sam,Sam,1.0,anchor,False,23
107,Caleb Douglas,WR,40,Brad,Brad,1.0,anchor,False,23
108,Savion Williams,WR,24,James,James,1.0,price_enforcer,False,23
109,Devin Neal,RB,12,Jason,Brad,1.2632437870607345,anchor,False,23
110,Austin Ekeler,RB,6,Coby,Travis,32.86698830934227,balanced,False,23
111,Jordyn Tyson,WR,12,Ryan J,Reid,3.0614988801480334,positional_extremist_wr,False,23
112,Jacory Croskey-Merritt,RB,4,Reid,Reid,147.5,positional_extremist_wr,False,23
113,Jared Goff,QB,3,Travis,Shane,3.7726071652691173,value_purist,False,23
114,Jordan Addison,WR,7,Shane,Reid,25.343734493199072,positional_extremist_wr,False,23
115,DJ Moore,WR,3,Sam,Reid,120.0,positional_extremist_wr,False,23
116,DK Metcalf,WR,5,Brad,James,324.0,price_enforcer,True,23
117,Austin Hooper,TE,11,Jason,Jason,1.0,price_enforcer,False,23
118,De'Zhaun Stribling,WR,12,Coby,Brad,2.696052277415571,anchor,False,23
119,Brenton Strange,TE,4,Ryan J,Reid,21.1,positional_extremist_wr,True,23
120,DeVonta Smith,WR,1,Travis,Brad,334.04,anchor,True,23
121,Luke McCaffrey,WR,17,Shane,Shane,1.0,value_purist,False,23
122,Chris Rodriguez Jr,RB,11,Sam,Shane,338.23,value_purist,True,23
123,Mitch Tinsley,WR,22,Jason,Jason,1.0,price_enforcer,False,23
124,Demond Claiborne,RB,14,Coby,Travis,1.0511418860821937,balanced,False,23
125,Brashard Smith,RB,17,Ryan J,Travis,1.1092500726191854,balanced,False,23
126,Tyler Allgeier,RB,7,Travis,Ryan J,19.552090927778433,value_purist,False,23
127,Jalen Hurts,QB,1,Sam,Jason,286.0,price_enforcer,True,23
128,Cade Otton,TE,12,Coby,Coby,1.0,value_purist,False,23
129,Tucker Kraft,TE,1,Ryan J,Travis,22.904898659242786,balanced,False,23
130,Romeo Doubs,WR,8,Travis,Coby,286.0,value_purist,True,23
131,Kyler Murray,QB,5,Sam,Sam,2.2500275343675096,anchor,False,23
132,Matthew Stafford,QB,5,Ryan J,Sam,1.2562542291172616,anchor,False,23
133,Oscar Delp,TE,7,Travis,Travis,307.07,balanced,True,23
134,Elic Ayomanor,WR,27,Sam,Sam,1.0,anchor,False,23
135,Mike Gesicki,TE,18,Ryan J,Ryan J,1.0,value_purist,False,23
136,Oronde Gadsden,TE,19,Sam,Sam,85.99,anchor,True,23
137,Jackson Hawes,TE,14,Ryan J,Ryan J,1.0,value_purist,False,23
138,Mack Hollins,WR,36,Ryan J,Ryan J,347.45,value_purist,True,23
1,Aaron Rodgers,QB,12,Brandon,Brandon,1.0,balanced,False,24
2,Riley Leonard,QB,8,Sam,Sam,1.0,positional_extremist_wr,False,24
3,Justin Fields,QB,9,Brad,Brad,1.0,emotional,False,24
4,Noah Fant,TE,5,James,James,1.0,emotional,False,24
5,Deshaun Watson,QB,12,CJ,CJ,1.0,anchor,False,24
6,Pat Freiermuth,TE,17,Jason,Jason,1.0,positional_extremist_rb,False,24
7,Tyrod Taylor,QB,7,Travis,Travis,1.0,emotional,False,24
8,Colby Parkinson,TE,16,Ryan J,Ryan J,1.0,value_purist,False,24
9,Ashton Dulin,WR,14,Evan,Evan,1.0,balanced,False,24
10,Marquez Valdes-Scantling,WR,32,Coby,Coby,1.0,stars_and_scrubs,False,24
11,Malachi Fields,WR,41,Shane,Shane,1.0,positional_extremist_rb,False,24
12,Greg Dulcich,TE,20,Reid,Reid,1.0,emotional,False,24
13,Jahan Dotson,WR,34,Brandon,Brandon,1.0,balanced,False,24
14,Jacoby Brissett,QB,11,Sam,Sam,1.0,positional_extremist_wr,False,24
15,Cade Klubnik,QB,8,Brad,Brad,1.0,emotional,False,24
16,Marcus Mariota,QB,6,James,James,1.0,emotional,False,24
17,Caleb Douglas,WR,40,CJ,CJ,1.0,anchor,False,24
18,Cam Ward,QB,14,Jason,Jason,1.0,positional_extremist_rb,False,24
19,Will Shipley,RB,29,Travis,Travis,1.0,emotional,False,24
20,Brandon Aiyuk,WR,35,Ryan J,Ryan J,1.0,value_purist,False,24
21,Mason Taylor,TE,14,Evan,Evan,1.0,balanced,False,24
22,Ty Johnson,RB,32,Coby,Coby,1.0,stars_and_scrubs,False,24
23,Travis Hunter,WR,31,Shane,Shane,1.0,positional_extremist_rb,False,24
24,Nick Westbrook-Ikhine,WR,15,Reid,Reid,1.0,emotional,False,24
25,Audric Estime,RB,30,Brandon,Brandon,1.0,balanced,False,24
26,Tommy Tremble,TE,5,Sam,Sam,1.0,positional_extremist_wr,False,24
27,Evan Hull,RB,29,Brad,Brad,1.0,emotional,False,24
28,Rasheen Ali,RB,20,James,James,1.0,emotional,False,24
29,Tua Tagovailoa,QB,13,CJ,CJ,1.0,anchor,False,24
30,Fernando Mendoza,QB,14,Jason,Jason,1.0,positional_extremist_rb,False,24
31,Carson Beck,QB,7,Travis,Travis,1.0,emotional,False,24
32,JJ McCarthy,QB,11,Ryan J,Ryan J,1.0,value_purist,False,24
33,Ollie Gordon,RB,27,Evan,Evan,1.0,balanced,False,24
34,Theo Johnson,TE,16,Coby,Coby,1.0,stars_and_scrubs,False,24
35,Andrei Iosivas,WR,35,Shane,Shane,1.0,positional_extremist_rb,False,24
36,Antonio Williams,WR,40,Reid,Reid,1.0,emotional,False,24
37,Jahdae Walker,WR,22,Brandon,Brandon,1.0,balanced,False,24
38,Van Jefferson,WR,31,Sam,Sam,1.0,positional_extremist_wr,False,24
39,Chris Bell,WR,39,Brad,Brad,1.0,emotional,False,24
40,Isaac TeSlaa,WR,33,James,James,1.0,emotional,False,24
41,Dontayvion Wicks,WR,37,CJ,CJ,1.0,anchor,False,24
42,KeAndre Lambert-Smith,WR,30,Jason,Jason,1.0,positional_extremist_rb,False,24
43,Jaylin Noel,WR,29,Travis,Travis,1.0,emotional,False,24
44,Evan Engram,TE,19,Ryan J,Ryan J,1.0,value_purist,False,24
45,Elijah Higgins,TE,12,Evan,Evan,1.0,balanced,False,24
46,Jackson Hawes,TE,14,Coby,Coby,1.0,stars_and_scrubs,False,24
47,Sam Darnold,QB,13,Shane,Shane,1.0,positional_extremist_rb,False,24
48,Kenneth Gainwell,RB,27,Reid,Reid,1.0,emotional,False,24
49,Shedeur Sanders,QB,9,Brandon,Brandon,1.0,balanced,False,24
50,Durham Smythe,TE,13,Sam,Sam,1.0,positional_extremist_wr,False,24
51,Jameis Winston,QB,6,Brad,Brad,1.0,emotional,False,24
52,Adam Trautman,TE,15,James,James,1.0,emotional,False,24
53,Michael Mayer,TE,7,CJ,CJ,1.0,anchor,False,24
54,Sam Roush,TE,15,Jason,Jason,1.0,positional_extremist_rb,False,24
55,Luther Burden,WR,28,Travis,Travis,1.0,emotional,False,24
56,Ja'Kobi Lane,WR,33,Ryan J,Ryan J,1.0,value_purist,False,24
57,Malik Washington,WR,29,Evan,Evan,1.0,balanced,False,24
58,Cash Jones,RB,26,Coby,Coby,1.0,stars_and_scrubs,False,24
59,Josh Cameron,WR,28,Shane,Shane,1.0,positional_extremist_rb,False,24
60,Darnell Washington,TE,17,Reid,Reid,1.0,emotional,False,24
61,Hunter Luepke,RB,25,Brandon,Brandon,1.0,balanced,False,24
62,Eli Stowers,TE,18,Sam,Sam,1.0,positional_extremist_wr,False,24
63,Daniel Jones,QB,10,Brad,Brad,1.0,emotional,False,24
64,Tyson Bagent,QB,10,James,James,1.0,emotional,False,24
65,Elic Ayomanor,WR,27,CJ,CJ,1.0,anchor,False,24
66,Cyrus Allen,WR,38,Jason,Jason,1.0,positional_extremist_rb,False,24
67,Luke Schoonmaker,TE,13,Travis,Travis,1.0,emotional,False,24
68,Dont'e Thornton Jr.,WR,16,Ryan J,Ryan J,1.0,value_purist,False,24
69,Jaylin Lane,WR,19,Evan,Evan,1.0,balanced,False,24
70,Josh Williams,RB,21,Coby,Coby,1.0,stars_and_scrubs,False,24
71,Eli Heidenreich,RB,19,Shane,Shane,1.0,positional_extremist_rb,False,24
72,Olamide Zaccheaus,WR,20,Reid,Reid,1.0,emotional,False,24
73,Jawhar Jordan,RB,24,Brandon,Brandon,1.0,balanced,False,24
74,Noah Whittington,RB,26,Sam,Sam,1.0,positional_extremist_wr,False,24
75,Patrick Ricard,RB,28,Brad,Brad,1.0,emotional,False,24
76,DeMario Douglas,WR,34,James,James,1.0,emotional,False,24
77,Roman Wilson,WR,24,CJ,CJ,1.0,anchor,False,24
78,Xavier Smith,WR,23,Jason,Jason,1.0,positional_extremist_rb,False,24
79,Jordan Watkins,WR,21,Travis,Travis,1.0,emotional,False,24
80,Tai Felton,WR,26,Ryan J,Ryan J,1.0,value_purist,False,24
81,Deion Burks,WR,26,Evan,Evan,1.0,balanced,False,24
82,Jacob Cowing,WR,23,Coby,Coby,1.0,stars_and_scrubs,False,24
83,Tyler Lockett,WR,21,Shane,Shane,1.0,positional_extremist_rb,False,24
84,Kene Nwangwu,RB,28,Reid,Reid,1.0,emotional,False,24
85,Cole Kmet,TE,8,Brandon,Brandon,1.0,balanced,False,24
86,Deebo Samuel,WR,3,Sam,Reid,120.0,emotional,False,24
87,Jajuan Jennings,WR,9,Brad,Reid,19.867733282297902,emotional,False,24
88,Jalen Hurts,QB,1,James,Coby,23.98777752288571,stars_and_scrubs,False,24
89,Sione Vaki,RB,20,CJ,CJ,1.0,anchor,False,24
90,Moliki Matavao,TE,9,Jason,Jason,1.0,positional_extremist_rb,False,24
91,Mike Washington Jr.,RB,8,Travis,Shane,18.763247781630632,positional_extremist_rb,False,24
92,Tucker Kraft,TE,1,Ryan J,James,35.061429732515634,emotional,False,24
93,Kyle Juszczyk,RB,24,Evan,Evan,1.0,balanced,False,24
94,Tre Tucker,WR,13,Coby,Sam,3.512456317318832,positional_extremist_wr,False,24
95,Antonio Gibson,RB,22,Shane,Shane,1.0,positional_extremist_rb,False,24
96,Jordan James,RB,13,Reid,Shane,1.8332216084881998,positional_extremist_rb,False,24
97,Jared Goff,QB,3,Brandon,Brad,4.633378435474461,emotional,False,24
98,Brenton Strange,TE,4,Sam,Shane,322.41,positional_extremist_rb,True,24
99,Jeremy McNichols,RB,23,Brad,Brad,1.0,emotional,False,24
100,Caleb Williams,QB,2,James,Coby,9.993756207338478,stars_and_scrubs,False,24
101,Jarquez Hunter,RB,31,CJ,CJ,1.0,anchor,False,24
102,Drake Maye,QB,1,Jason,Reid,30.25281400564813,emotional,False,24
103,Dylan Sampson,RB,8,Travis,Brad,23.0,emotional,False,24
104,Tank Bigsby,RB,9,Ryan J,Brad,14.422452933173775,emotional,False,24
105,Kyler Murray,QB,5,Evan,Travis,3.5797348401003237,emotional,False,24
106,Hunter Henry,TE,3,Coby,Brad,296.95,emotional,True,24
107,Keenan Allen,WR,11,Reid,Sam,5.0,positional_extremist_wr,False,24
108,Devin Neal,RB,12,Brandon,Reid,1.8609178231785914,emotional,False,24
109,Chuba Hubbard,RB,3,Sam,Sam,162.5,positional_extremist_wr,False,24
110,Marvin Harrison Jr,WR,10,James,Sam,9.660036074185571,positional_extremist_wr,False,24
111,Khalil Herbert,RB,22,CJ,CJ,240.0,anchor,True,24
112,Jack Bech,WR,39,Jason,Jason,1.0,positional_extremist_rb,False,24
113,Jaylen Wright,RB,15,Travis,Jason,1.549025558055967,positional_extremist_rb,False,24
114,David Njoku,TE,20,Ryan J,Ryan J,1.0,value_purist,False,24
115,Kareem Hunt,RB,31,Evan,Evan,1.0,balanced,False,24
116,Demond Claiborne,RB,14,Coby,Jason,1.9095450870502635,positional_extremist_rb,False,24
117,Seth McGowan,RB,15,Reid,Jason,284.54,positional_extremist_rb,True,24
118,Nicholas Singleton,RB,16,Brandon,Travis,1.42607074443549,emotional,False,24
119,CJ Stroud,QB,2,Sam,James,21.759889236928945,emotional,False,24
120,Jadarian Price,RB,1,James,Coby,252.5,stars_and_scrubs,False,24
121,Trevor Lawrence,QB,3,Travis,Brandon,174.0,balanced,True,24
122,Chris Godwin Jr,WR,4,Ryan J,Sam,44.55936777281824,positional_extremist_wr,False,24
123,Mack Hollins,WR,36,Evan,Evan,226.0,balanced,True,24
124,Dameon Pierce,RB,25,Coby,Coby,2.52,stars_and_scrubs,True,24
125,Reggie Gilliam,RB,23,Reid,Reid,1.0,emotional,False,24
126,Jaleel McLaughlin,RB,30,Sam,Sam,109.77,positional_extremist_wr,True,24
127,Roschon Johnson,RB,18,James,James,1.0,emotional,False,24
128,Stefon Diggs,WR,7,Travis,James,269.18,emotional,True,24
129,Dyami Brown,WR,25,Ryan J,Ryan J,1.0,value_purist,False,24
130,Reggie Virgil,WR,30,Reid,Reid,145.02,emotional,True,24
131,Kayshon Boutte,WR,32,Travis,Travis,1.0,emotional,False,24
132,Konata Mumpfield,WR,20,Ryan J,Ryan J,1.0,value_purist,False,24
133,Raheim Sanders,RB,18,Travis,Travis,1.0,emotional,False,24
134,Rhamondre Stevenson,RB,2,Ryan J,Travis,73.79362058049811,emotional,False,24
135,Austin Hooper,TE,11,Travis,Travis,285.2,emotional,True,24
136,Dylan Laube,RB,21,Ryan J,Ryan J,1.0,value_purist,False,24
137,Tre Harris,WR,38,Ryan J,Ryan J,1.0,value_purist,False,24
138,Marvin Mims Jr.,WR,36,Ryan J,Ryan J,366.0,value_purist,True,24
1,Cade Klubnik,QB,8,Ryan J,Ryan J,1.0,positional_extremist_wr,False,25
2,Marcus Mariota,QB,6,Jason,Jason,1.0,positional_extremist_wr,False,25
3,Fernando Mendoza,QB,14,Brad,Brad,1.0,emotional,False,25
4,Sam Darnold,QB,13,Shane,Shane,1.0,price_enforcer,False,25
5,Colby Parkinson,TE,16,Evan,Evan,1.0,balanced,False,25
6,JJ McCarthy,QB,11,Sam,Sam,1.0,value_purist,False,25
7,Theo Johnson,TE,16,CJ,CJ,1.0,positional_extremist_rb,False,25
8,Caleb Douglas,WR,40,Brandon,Brandon,1.0,stars_and_scrubs,False,25
9,Durham Smythe,TE,13,Travis,Travis,1.0,positional_extremist_wr,False,25
10,Cam Ward,QB,14,Reid,Reid,1.0,tier_controller,False,25
11,Jacoby Brissett,QB,11,Coby,Coby,1.0,price_enforcer,False,25
12,Jack Bech,WR,39,James,James,1.0,value_purist,False,25
13,Mack Hollins,WR,36,Ryan J,Ryan J,1.0,positional_extremist_wr,False,25
14,Noah Whittington,RB,26,Jason,Jason,1.0,positional_extremist_wr,False,25
15,Ty Johnson,RB,32,Brad,Brad,1.0,emotional,False,25
16,Greg Dulcich,TE,20,Shane,Shane,1.0,price_enforcer,False,25
17,Sione Vaki,RB,20,Evan,Evan,1.0,balanced,False,25
18,Antonio Williams,WR,40,Sam,Sam,1.0,value_purist,False,25
19,Cyrus Allen,WR,38,CJ,CJ,1.0,positional_extremist_rb,False,25
20,Tua Tagovailoa,QB,13,Brandon,Brandon,1.0,stars_and_scrubs,False,25
21,Eli Heidenreich,RB,19,Travis,Travis,1.0,positional_extremist_wr,False,25
22,Tommy Tremble,TE,5,Reid,Reid,1.0,tier_controller,False,25
23,Kayshon Boutte,WR,32,Coby,Coby,1.0,price_enforcer,False,25
24,Malachi Fields,WR,41,James,James,1.0,value_purist,False,25
25,Van Jefferson,WR,31,Ryan J,Ryan J,1.0,positional_extremist_wr,False,25
26,Mitch Tinsley,WR,22,Jason,Jason,1.0,positional_extremist_wr,False,25
27,Darnell Washington,TE,17,Brad,Brad,1.0,emotional,False,25
28,DeMario Douglas,WR,34,Shane,Shane,1.0,price_enforcer,False,25
29,Dontayvion Wicks,WR,37,Evan,Evan,1.0,balanced,False,25
30,Noah Fant,TE,5,Sam,Sam,1.0,value_purist,False,25
31,Isaac TeSlaa,WR,33,CJ,CJ,1.0,positional_extremist_rb,False,25
32,Marvin Mims Jr.,WR,36,Brandon,Brandon,1.0,stars_and_scrubs,False,25
33,Jaylin Noel,WR,29,Travis,Travis,1.0,positional_extremist_wr,False,25
34,Evan Hull,RB,29,Reid,Reid,1.0,tier_controller,False,25
35,Tyrod Taylor,QB,7,Coby,Coby,1.0,price_enforcer,False,25
36,Luke McCaffrey,WR,17,James,James,1.0,value_purist,False,25
37,Justin Fields,QB,9,Ryan J,Ryan J,1.0,positional_extremist_wr,False,25
38,Tyson Bagent,QB,10,Jason,Jason,1.0,positional_extremist_wr,False,25
39,Carson Beck,QB,7,Brad,Brad,1.0,emotional,False,25
40,Deshaun Watson,QB,12,Shane,Shane,1.0,price_enforcer,False,25
41,Chris Bell,WR,39,Evan,Evan,1.0,balanced,False,25
42,Riley Leonard,QB,8,Sam,Sam,1.0,value_purist,False,25
43,Aaron Rodgers,QB,12,CJ,CJ,1.0,positional_extremist_rb,False,25
44,KeAndre Lambert-Smith,WR,30,Brandon,Brandon,1.0,stars_and_scrubs,False,25
45,Kene Nwangwu,RB,28,Travis,Travis,1.0,positional_extremist_wr,False,25
46,Ollie Gordon,RB,27,Reid,Reid,1.0,tier_controller,False,25
47,Jackson Hawes,TE,14,Coby,Coby,1.0,price_enforcer,False,25
48,Deion Burks,WR,26,James,James,1.0,value_purist,False,25
49,Ja'Kobi Lane,WR,33,Ryan J,Ryan J,1.0,positional_extremist_wr,False,25
50,Marquez Valdes-Scantling,WR,32,Jason,Jason,1.0,positional_extremist_wr,False,25
51,Cash Jones,RB,26,Brad,Brad,1.0,emotional,False,25
52,Tory Horton,WR,27,Shane,Shane,1.0,price_enforcer,False,25
53,Luther Burden,WR,28,Evan,Evan,1.0,balanced,False,25
54,Tre Harris,WR,38,Sam,Sam,1.0,value_purist,False,25
55,Daniel Jones,QB,10,CJ,CJ,1.0,positional_extremist_rb,False,25
56,Ja'Tavion Sanders,TE,6,Brandon,Brandon,1.0,stars_and_scrubs,False,25
57,Shedeur Sanders,QB,9,Travis,Travis,1.0,positional_extremist_wr,False,25
58,Mason Taylor,TE,14,Reid,Reid,1.0,tier_controller,False,25
59,Travis Hunter,WR,31,Coby,Coby,1.0,price_enforcer,False,25
60,Jaleel McLaughlin,RB,30,James,James,1.0,value_purist,False,25
61,Erick All Jr.,TE,8,Ryan J,Ryan J,1.0,positional_extremist_wr,False,25
62,Reggie Virgil,WR,30,Jason,Jason,1.0,positional_extremist_wr,False,25
63,Austin Hooper,TE,11,Brad,Brad,1.0,emotional,False,25
64,Pat Freiermuth,TE,17,Shane,Shane,1.0,price_enforcer,False,25
65,Oronde Gadsden,TE,19,Evan,Evan,1.0,balanced,False,25
66,Hunter Luepke,RB,25,Sam,Sam,1.0,value_purist,False,25
67,Patrick Ricard,RB,28,CJ,CJ,1.0,positional_extremist_rb,False,25
68,Jameis Winston,QB,6,Brandon,Brandon,1.0,stars_and_scrubs,False,25
69,Josh Cameron,WR,28,Travis,Travis,1.0,positional_extremist_wr,False,25
70,Devontez Walker,WR,19,Reid,Reid,1.0,tier_controller,False,25
71,Adam Trautman,TE,15,Coby,Coby,1.0,price_enforcer,False,25
72,Mitchell Evans,TE,11,James,James,1.0,value_purist,False,25
73,Luke Schoonmaker,TE,13,Ryan J,Ryan J,1.0,positional_extremist_wr,False,25
74,Kenneth Gainwell,RB,27,Jason,Jason,1.0,positional_extremist_wr,False,25
75,Reggie Gilliam,RB,23,Brad,Brad,1.0,emotional,False,25
76,David Njoku,TE,20,Shane,Shane,1.0,price_enforcer,False,25
77,Dameon Pierce,RB,25,Evan,Evan,1.0,balanced,False,25
78,Kareem Hunt,RB,31,Sam,Sam,1.0,value_purist,False,25
79,Sam Roush,TE,15,CJ,CJ,1.0,positional_extremist_rb,False,25
80,Oscar Delp,TE,7,Brandon,Brandon,1.0,stars_and_scrubs,False,25
81,Cade Otton,TE,12,Travis,Travis,1.0,positional_extremist_wr,False,25
82,Cole Kmet,TE,8,Reid,Reid,1.0,tier_controller,False,25
83,Kyle Juszczyk,RB,24,Coby,Coby,1.0,price_enforcer,False,25
84,Adam Prentice,RB,19,James,James,1.0,value_purist,False,25
85,Jawhar Jordan,RB,24,Ryan J,Ryan J,1.0,positional_extremist_wr,False,25
86,Moliki Matavao,TE,9,Jason,Jason,1.0,positional_extremist_wr,False,25
87,Josh Oliver,TE,10,Brad,Brad,1.0,emotional,False,25
88,Cade Stover,TE,9,Shane,Shane,1.0,price_enforcer,False,25
89,Malik Washington,WR,29,Evan,Evan,1.0,balanced,False,25
90,Rasheen Ali,RB,20,Sam,Sam,1.0,value_purist,False,25
91,Tyler Lockett,WR,21,CJ,CJ,1.0,positional_extremist_rb,False,25
92,Jahdae Walker,WR,22,Brandon,Brandon,1.0,stars_and_scrubs,False,25
93,Olamide Zaccheaus,WR,20,Travis,Travis,1.0,positional_extremist_wr,False,25
94,Konata Mumpfield,WR,20,Reid,Reid,1.0,tier_controller,False,25
95,Savion Williams,WR,24,Coby,Coby,1.0,price_enforcer,False,25
96,Jordan Watkins,WR,21,James,James,1.0,value_purist,False,25
97,Elijah Higgins,TE,12,Ryan J,Ryan J,1.0,positional_extremist_wr,False,25
98,Josh Williams,RB,21,Jason,Jason,1.0,positional_extremist_wr,False,25
99,Jalen Hurts,QB,1,Brad,Reid,20.5013789041301,tier_controller,False,25
100,Mike Gesicki,TE,18,Shane,Shane,1.0,price_enforcer,False,25
101,Tai Felton,WR,26,Evan,Evan,1.0,balanced,False,25
102,DJ Moore,WR,3,Sam,Brandon,174.0,stars_and_scrubs,True,25
103,Tre Tucker,WR,13,CJ,Ryan J,3.4496769247040975,positional_extremist_wr,False,25
104,CJ Stroud,QB,2,Travis,Reid,18.110883505308635,tier_controller,False,25
105,Jaxson Dart,QB,4,Reid,Reid,4.505300046659168,tier_controller,False,25
106,Caleb Williams,QB,2,Coby,Brad,11.374704226959427,emotional,False,25
107,Austin Ekeler,RB,6,James,Reid,50.7385671438891,tier_controller,False,25
108,Jordan Love,QB,4,Ryan J,Reid,223.14,tier_controller,True,25
109,Brenton Strange,TE,4,Jason,Jason,6.990397627459094,positional_extremist_wr,False,25
110,Chris Rodriguez Jr,RB,11,Brad,CJ,4.999594819673844,positional_extremist_rb,False,25
111,Jajuan Jennings,WR,9,Shane,Ryan J,15.959471756352348,positional_extremist_wr,False,25
112,Travis Etienne,RB,5,Evan,Ryan J,63.254993048767844,positional_extremist_wr,False,25
113,Devin Singletary,RB,17,Sam,Ryan J,286.34,positional_extremist_wr,True,25
114,Stefon Diggs,WR,7,CJ,Travis,32.47289706942575,positional_extremist_wr,False,25
115,Ladd McConkey,WR,2,Travis,Travis,145.0,positional_extremist_wr,False,25
116,DeVonta Smith,WR,1,Coby,Brad,177.5,emotional,False,25
117,Tyrone Tracy Jr,RB,9,James,Travis,18.56319756739501,positional_extremist_wr,False,25
118,Kimani Vidal,RB,10,Jason,CJ,236.0,positional_extremist_rb,True,25
119,Jordyn Tyson,WR,12,Brad,Travis,3.5949867801374538,positional_extremist_wr,False,25
120,Jordan James,RB,13,Shane,Travis,165.38,positional_extremist_wr,True,25
121,Noah Gray,TE,6,Evan,Evan,226.0,balanced,True,25
122,Jacory Croskey-Merritt,RB,4,Sam,Brad,73.89774647479241,emotional,False,25
123,Xavier Smith,WR,23,Coby,Coby,1.0,price_enforcer,False,25
124,Dyami Brown,WR,25,James,James,1.0,value_purist,False,25
125,Jeremy McNichols,RB,23,Jason,Jason,1.0,positional_extremist_wr,False,25
126,Dalton Kincaid,TE,3,Brad,Sam,8.81685822708376,value_purist,False,25
127,Zach Charbonnet,RB,5,Shane,James,39.10331415656361,value_purist,False,25
128,Rhamondre Stevenson,RB,2,Sam,James,285.9,value_purist,True,25
129,Josh Downs,WR,5,Coby,Jason,280.01,positional_extremist_wr,True,25
130,Nicholas Singleton,RB,16,Brad,Sam,1.0979298518924587,value_purist,False,25
131,Chris Brazzell II,WR,18,Shane,Shane,1.0,price_enforcer,False,25
132,Bucky Irving,RB,1,Sam,Sam,48.2952,value_purist,False,25
133,Terry McLaurin,WR,2,Coby,Sam,48.74,value_purist,False,25
134,Deebo Samuel,WR,3,Brad,Sam,227.04,value_purist,True,25
135,Jarquez Hunter,RB,31,Shane,Shane,341.0,price_enforcer,True,25
136,Ashton Dulin,WR,14,Coby,Coby,1.0,price_enforcer,False,25
137,Chris Godwin Jr,WR,4,Brad,Coby,286.0,price_enforcer,True,25
138,Greg Dortch,WR,25,Brad,Brad,76.23,emotional,True,25
1,Carson Beck,QB,7,Shane,Shane,1.0,anchor,False,26
2,Marcus Mariota,QB,6,CJ,CJ,1.0,value_purist,False,26
3,JJ McCarthy,QB,11,Brandon,Brandon,1.0,positional_extremist_rb,False,26
4,Greg Dulcich,TE,20,Reid,Reid,1.0,anchor,False,26
5,Jacoby Brissett,QB,11,Jason,Jason,1.0,emotional,False,26
6,Pat Freiermuth,TE,17,Brad,Brad,1.0,value_purist,False,26
7,Sam Darnold,QB,13,Ryan J,Ryan J,1.0,balanced,False,26
8,Oscar Delp,TE,7,Travis,Travis,1.0,tier_controller,False,26
9,Ashton Dulin,WR,14,James,James,1.0,positional_extremist_rb,False,26
10,Demarcus Robinson,WR,15,Sam,Sam,1.0,anchor,False,26
11,Kayshon Boutte,WR,32,Evan,Evan,1.0,price_enforcer,False,26
12,Dont'e Thornton Jr.,WR,16,Coby,Coby,1.0,tier_controller,False,26
13,Justin Fields,QB,9,Shane,Shane,1.0,anchor,False,26
14,Josh Cameron,WR,28,CJ,CJ,1.0,value_purist,False,26
15,Isaac TeSlaa,WR,33,Brandon,Brandon,1.0,positional_extremist_rb,False,26
16,David Njoku,TE,20,Reid,Reid,1.0,anchor,False,26
17,Mitchell Evans,TE,11,Jason,Jason,1.0,emotional,False,26
18,Cam Ward,QB,14,Brad,Brad,1.0,value_purist,False,26
19,Evan Hull,RB,29,Ryan J,Ryan J,1.0,balanced,False,26
20,Jameis Winston,QB,6,Travis,Travis,1.0,tier_controller,False,26
21,Antonio Williams,WR,40,James,James,1.0,positional_extremist_rb,False,26
22,Noah Gray,TE,6,Sam,Sam,1.0,anchor,False,26
23,Jack Bech,WR,39,Evan,Evan,1.0,price_enforcer,False,26
24,Malachi Fields,WR,41,Coby,Coby,1.0,tier_controller,False,26
25,Tua Tagovailoa,QB,13,Shane,Shane,1.0,anchor,False,26
26,Fernando Mendoza,QB,14,CJ,CJ,1.0,value_purist,False,26
27,Ja'Kobi Lane,WR,33,Brandon,Brandon,1.0,positional_extremist_rb,False,26
28,Cyrus Allen,WR,38,Reid,Reid,1.0,anchor,False,26
29,Cash Jones,RB,26,Jason,Jason,1.0,emotional,False,26
30,Roschon Johnson,RB,18,Brad,Brad,1.0,value_purist,False,26
31,Will Shipley,RB,29,Ryan J,Ryan J,1.0,balanced,False,26
32,Durham Smythe,TE,13,Travis,Travis,1.0,tier_controller,False,26
33,Adam Trautman,TE,15,James,James,1.0,positional_extremist_rb,False,26
34,Jarquez Hunter,RB,31,Sam,Sam,1.0,anchor,False,26
35,Cole Kmet,TE,8,Evan,Evan,1.0,price_enforcer,False,26
36,Raheim Sanders,RB,18,Coby,Coby,1.0,tier_controller,False,26
37,Noah Whittington,RB,26,Shane,Shane,1.0,anchor,False,26
38,Patrick Ricard,RB,28,CJ,CJ,1.0,value_purist,False,26
39,Hunter Luepke,RB,25,Brandon,Brandon,1.0,positional_extremist_rb,False,26
40,Jawhar Jordan,RB,24,Reid,Reid,1.0,anchor,False,26
41,Andrei Iosivas,WR,35,Jason,Jason,1.0,emotional,False,26
42,Ollie Gordon,RB,27,Brad,Brad,1.0,value_purist,False,26
43,Evan Engram,TE,19,Ryan J,Ryan J,1.0,balanced,False,26
44,Cade Klubnik,QB,8,Travis,Travis,1.0,tier_controller,False,26
45,Aaron Rodgers,QB,12,James,James,1.0,positional_extremist_rb,False,26
46,Deshaun Watson,QB,12,Sam,Sam,1.0,anchor,False,26
47,Caleb Douglas,WR,40,Evan,Evan,1.0,price_enforcer,False,26
48,Kene Nwangwu,RB,28,Coby,Coby,1.0,tier_controller,False,26
49,Travis Hunter,WR,31,Shane,Shane,1.0,anchor,False,26
50,KeAndre Lambert-Smith,WR,30,CJ,CJ,1.0,value_purist,False,26
51,Tommy Tremble,TE,5,Brandon,Brandon,1.0,positional_extremist_rb,False,26
52,Reggie Virgil,WR,30,Reid,Reid,1.0,anchor,False,26
53,Colby Parkinson,TE,16,Jason,Jason,1.0,emotional,False,26
54,Luke Schoonmaker,TE,13,Brad,Brad,1.0,value_purist,False,26
55,Audric Estime,RB,30,Ryan J,Ryan J,1.0,balanced,False,26
56,Ty Johnson,RB,32,Travis,Travis,1.0,tier_controller,False,26
57,Marquez Valdes-Scantling,WR,32,James,James,1.0,positional_extremist_rb,False,26
58,Van Jefferson,WR,31,Sam,Sam,1.0,anchor,False,26
59,Cade Otton,TE,12,Evan,Evan,1.0,price_enforcer,False,26
60,Michael Mayer,TE,7,Coby,Coby,1.0,tier_controller,False,26
61,Tyrod Taylor,QB,7,Shane,Shane,1.0,anchor,False,26
62,Tyson Bagent,QB,10,CJ,CJ,1.0,value_purist,False,26
63,Malik Washington,WR,29,Brandon,Brandon,1.0,positional_extremist_rb,False,26
64,Konata Mumpfield,WR,20,Reid,Reid,1.0,anchor,False,26
65,Daniel Jones,QB,10,Jason,Jason,1.0,emotional,False,26
66,Jaleel McLaughlin,RB,30,Brad,Brad,1.0,value_purist,False,26
67,Erick All Jr.,TE,8,Ryan J,Ryan J,1.0,balanced,False,26
68,Eli Heidenreich,RB,19,Travis,Travis,1.0,tier_controller,False,26
69,Mason Taylor,TE,14,James,James,1.0,positional_extremist_rb,False,26
70,Tre Harris,WR,38,Sam,Sam,1.0,anchor,False,26
71,Oronde Gadsden,TE,19,Evan,Evan,1.0,price_enforcer,False,26
72,Kyle Juszczyk,RB,24,Coby,Coby,1.0,tier_controller,False,26
73,Deion Burks,WR,26,Shane,Shane,1.0,anchor,False,26
74,Adam Prentice,RB,19,CJ,CJ,1.0,value_purist,False,26
75,Elic Ayomanor,WR,27,Brandon,Brandon,1.0,positional_extremist_rb,False,26
76,Brandon Aiyuk,WR,35,Reid,Reid,1.0,anchor,False,26
77,Mike Gesicki,TE,18,Jason,Jason,1.0,emotional,False,26
78,Jackson Hawes,TE,14,Brad,Brad,1.0,value_purist,False,26
79,Luke McCaffrey,WR,17,Ryan J,Ryan J,1.0,balanced,False,26
80,Shedeur Sanders,QB,9,Travis,Travis,1.0,tier_controller,False,26
81,Riley Leonard,QB,8,James,James,1.0,positional_extremist_rb,False,26
82,Sam Roush,TE,15,Sam,Sam,1.0,anchor,False,26
83,Austin Hooper,TE,11,Evan,Evan,1.0,price_enforcer,False,26
84,Elijah Higgins,TE,12,Coby,Coby,1.0,tier_controller,False,26
85,Matt Hibner,TE,10,Shane,Shane,1.0,anchor,False,26
86,Dameon Pierce,RB,25,CJ,CJ,1.0,value_purist,False,26
87,Kenneth Gainwell,RB,27,Brandon,Brandon,1.0,positional_extremist_rb,False,26
88,Josh Williams,RB,21,Reid,Reid,1.0,anchor,False,26
89,Reggie Gilliam,RB,23,Jason,Jason,1.0,emotional,False,26
90,Khalil Herbert,RB,22,Brad,Brad,1.0,value_purist,False,26
91,Caleb Williams,QB,2,Ryan J,Coby,13.26477445383641,tier_controller,False,26
92,Tai Felton,WR,26,Travis,Travis,1.0,tier_controller,False,26
93,Kareem Hunt,RB,31,James,James,1.0,positional_extremist_rb,False,26
94,Dylan Laube,RB,21,Sam,Sam,1.0,anchor,False,26
95,Rasheen Ali,RB,20,Evan,Evan,1.0,price_enforcer,False,26
96,Josh Oliver,TE,10,Coby,Coby,1.0,tier_controller,False,26
97,Dyami Brown,WR,25,Shane,Shane,1.0,anchor,False,26
98,Cade Stover,TE,9,CJ,CJ,1.0,value_purist,False,26
99,Tetairoa McMillan,WR,1,Brandon,Shane,170.0,anchor,False,26
100,Trevor Lawrence,QB,3,Reid,Coby,7.525689800749754,tier_controller,False,26
101,Marvin Harrison Jr,WR,10,Jason,Coby,267.21,tier_controller,True,26
102,Jalen McMillan,WR,14,Brad,Travis,1.5064010022507721,tier_controller,False,26
103,Devin Singletary,RB,17,Ryan J,Jason,1.8341874663544606,emotional,False,26
104,Aaron Jones Sr,RB,4,Travis,James,147.5,positional_extremist_rb,False,26
105,Sean Tucker,RB,14,James,Brandon,174.0,positional_extremist_rb,True,26
106,Jajuan Jennings,WR,9,Sam,Travis,16.0,tier_controller,False,26
107,Romeo Doubs,WR,8,Evan,Travis,22.150788906435032,tier_controller,False,26
108,CJ Stroud,QB,2,Shane,Travis,18.72096453758299,tier_controller,False,26
109,Jordan Addison,WR,7,CJ,Travis,306.62,tier_controller,True,26
110,Adam Randall,RB,16,Reid,James,1.3777647211328974,positional_extremist_rb,False,26
111,Travis Etienne,RB,5,Jason,James,177.12,positional_extremist_rb,True,26
112,Tre Tucker,WR,13,Brad,Jason,2.71215000981824,emotional,False,26
113,Jared Goff,QB,3,Ryan J,Jason,4.047159442860953,emotional,False,26
114,Jonathon Brooks,RB,2,Sam,Reid,195.0,anchor,False,26
115,Chris Rodriguez Jr,RB,11,Evan,Jason,280.41,emotional,True,26
116,Jaxson Dart,QB,4,Shane,Reid,3.9566986958343597,anchor,False,26
117,Jayden Reed,WR,6,CJ,Shane,172.0,anchor,True,26
118,Sam LaPorta,TE,1,Reid,CJ,240.0,value_purist,True,26
119,Tory Horton,WR,27,Brad,Brad,1.0,value_purist,False,26
120,Theo Johnson,TE,16,Ryan J,Ryan J,1.0,balanced,False,26
121,Savion Williams,WR,24,Sam,Sam,1.0,anchor,False,26
122,Chris Bell,WR,39,Evan,Evan,1.0,price_enforcer,False,26
123,Dalton Kincaid,TE,3,Reid,Sam,8.19175952858741,anchor,False,26
124,Emmett Johnson,RB,10,Brad,Sam,8.0,anchor,False,26
125,Zach Charbonnet,RB,5,Ryan J,Brad,45.013625853147104,value_purist,False,26
126,Kyler Murray,QB,5,Sam,Brad,2.3554724180688806,value_purist,False,26
127,Hunter Henry,TE,3,Evan,Ryan J,6.760782269083905,balanced,False,26
128,DJ Moore,WR,3,Reid,Sam,53.64,anchor,False,26
129,Jordan James,RB,13,Brad,Sam,263.17,anchor,True,26
130,Matthew Stafford,QB,5,Ryan J,Brad,290.63,value_purist,True,26
131,Luther Burden,WR,28,Evan,Evan,226.0,price_enforcer,True,26
132,Xavier Smith,WR,23,Reid,Reid,1.0,anchor,False,26
133,Dontayvion Wicks,WR,37,Ryan J,Ryan J,1.0,balanced,False,26
134,Noah Fant,TE,5,Reid,Reid,1.0,anchor,False,26
135,Marvin Mims Jr.,WR,36,Ryan J,Ryan J,1.0,balanced,False,26
136,Jahan Dotson,WR,34,Reid,Reid,116.04,anchor,True,26
137,Roman Wilson,WR,24,Ryan J,Ryan J,1.0,balanced,False,26
138,Chris Brazzell II,WR,18,Ryan J,Ryan J,360.24,balanced,True,26
1,Fernando Mendoza,QB,14,Travis,Travis,1.0,positional_extremist_wr,False,27
2,JJ McCarthy,QB,11,James,James,1.0,price_enforcer,False,27
3,Cade Klubnik,QB,8,Coby,Coby,1.0,positional_extremist_rb,False,27
4,Luke Schoonmaker,TE,13,Ryan J,Ryan J,1.0,positional_extremist_wr,False,27
5,Carson Beck,QB,7,Shane,Shane,1.0,tier_controller,False,27
6,Mitchell Evans,TE,11,Brandon,Brandon,1.0,value_purist,False,27
7,Mike Gesicki,TE,18,CJ,CJ,1.0,balanced,False,27
8,Tyrod Taylor,QB,7,Reid,Reid,1.0,tier_controller,False,27
9,Jack Bech,WR,39,Evan,Evan,1.0,value_purist,False,27
10,Tua Tagovailoa,QB,13,Brad,Brad,1.0,price_enforcer,False,27
11,Marvin Mims Jr.,WR,36,Jason,Jason,1.0,balanced,False,27
12,Pat Freiermuth,TE,17,Sam,Sam,1.0,anchor,False,27
13,Antonio Williams,WR,40,Travis,Travis,1.0,positional_extremist_wr,False,27
14,Theo Johnson,TE,16,James,James,1.0,price_enforcer,False,27
15,Will Shipley,RB,29,Coby,Coby,1.0,positional_extremist_rb,False,27
16,Cam Ward,QB,14,Ryan J,Ryan J,1.0,positional_extremist_wr,False,27
17,Kenneth Gainwell,RB,27,Shane,Shane,1.0,tier_controller,False,27
18,Cash Jones,RB,26,Brandon,Brandon,1.0,value_purist,False,27
19,Audric Estime,RB,30,CJ,CJ,1.0,balanced,False,27
20,Noah Gray,TE,6,Reid,Reid,1.0,tier_controller,False,27
21,Raheim Sanders,RB,18,Evan,Evan,1.0,value_purist,False,27
22,Aaron Rodgers,QB,12,Brad,Brad,1.0,price_enforcer,False,27
23,Kendrick Bourne,WR,17,Jason,Jason,1.0,balanced,False,27
24,Ja'Kobi Lane,WR,33,Sam,Sam,1.0,anchor,False,27
25,Jahan Dotson,WR,34,Travis,Travis,1.0,positional_extremist_wr,False,27
26,Marquez Valdes-Scantling,WR,32,James,James,1.0,price_enforcer,False,27
27,Isaac TeSlaa,WR,33,Coby,Coby,1.0,positional_extremist_rb,False,27
28,Darnell Washington,TE,17,Ryan J,Ryan J,1.0,positional_extremist_wr,False,27
29,Evan Hull,RB,29,Shane,Shane,1.0,tier_controller,False,27
30,Patrick Ricard,RB,28,Brandon,Brandon,1.0,value_purist,False,27
31,Malachi Fields,WR,41,CJ,CJ,1.0,balanced,False,27
32,Brandon Aiyuk,WR,35,Reid,Reid,1.0,tier_controller,False,27
33,Tommy Tremble,TE,5,Evan,Evan,1.0,value_purist,False,27
34,Jarquez Hunter,RB,31,Brad,Brad,1.0,price_enforcer,False,27
35,Sione Vaki,RB,20,Jason,Jason,1.0,balanced,False,27
36,Khalil Herbert,RB,22,Sam,Sam,1.0,anchor,False,27
37,Riley Leonard,QB,8,Travis,Travis,1.0,positional_extremist_wr,False,27
38,Daniel Jones,QB,10,James,James,1.0,price_enforcer,False,27
39,Kene Nwangwu,RB,28,Coby,Coby,1.0,positional_extremist_rb,False,27
40,Jameis Winston,QB,6,Ryan J,Ryan J,1.0,positional_extremist_wr,False,27
41,Jacoby Brissett,QB,11,Shane,Shane,1.0,tier_controller,False,27
42,Ty Johnson,RB,32,Brandon,Brandon,1.0,value_purist,False,27
43,Deshaun Watson,QB,12,CJ,CJ,1.0,balanced,False,27
44,Roschon Johnson,RB,18,Reid,Reid,1.0,tier_controller,False,27
45,Deion Burks,WR,26,Evan,Evan,1.0,value_purist,False,27
46,Oronde Gadsden,TE,19,Brad,Brad,1.0,price_enforcer,False,27
47,Ollie Gordon,RB,27,Jason,Jason,1.0,balanced,False,27
48,Durham Smythe,TE,13,Sam,Sam,1.0,anchor,False,27
49,Mack Hollins,WR,36,Travis,Travis,1.0,positional_extremist_wr,False,27
50,Omar Cooper Jr.,WR,37,James,James,1.0,price_enforcer,False,27
51,Van Jefferson,WR,31,Coby,Coby,1.0,positional_extremist_rb,False,27
52,Sam Roush,TE,15,Ryan J,Ryan J,1.0,positional_extremist_wr,False,27
53,Noah Whittington,RB,26,Shane,Shane,1.0,tier_controller,False,27
54,Noah Fant,TE,5,Brandon,Brandon,1.0,value_purist,False,27
55,Matt Hibner,TE,10,CJ,CJ,1.0,balanced,False,27
56,Josh Oliver,TE,10,Reid,Reid,1.0,tier_controller,False,27
57,Greg Dulcich,TE,20,Evan,Evan,1.0,value_purist,False,27
58,Tyson Bagent,QB,10,Brad,Brad,1.0,price_enforcer,False,27
59,Adam Trautman,TE,15,Jason,Jason,1.0,balanced,False,27
60,Justin Fields,QB,9,Sam,Sam,1.0,anchor,False,27
61,Josh Williams,RB,21,Travis,Travis,1.0,positional_extremist_wr,False,27
62,Reggie Virgil,WR,30,James,James,1.0,price_enforcer,False,27
63,Luther Burden,WR,28,Coby,Coby,1.0,positional_extremist_rb,False,27
64,Tai Felton,WR,26,Ryan J,Ryan J,1.0,positional_extremist_wr,False,27
65,David Njoku,TE,20,Shane,Shane,1.0,tier_controller,False,27
66,Shedeur Sanders,QB,9,Brandon,Brandon,1.0,value_purist,False,27
67,Jeremy McNichols,RB,23,CJ,CJ,1.0,balanced,False,27
68,Adam Prentice,RB,19,Reid,Reid,1.0,tier_controller,False,27
69,Jawhar Jordan,RB,24,Evan,Evan,1.0,value_purist,False,27
70,Dylan Laube,RB,21,Brad,Brad,1.0,price_enforcer,False,27
71,Caleb Douglas,WR,40,Jason,Jason,1.0,balanced,False,27
72,Zavion Thomas,WR,16,Sam,Sam,1.0,anchor,False,27
73,Mason Taylor,TE,14,Travis,Travis,1.0,positional_extremist_wr,False,27
74,Kyle Juszczyk,RB,24,James,James,1.0,price_enforcer,False,27
75,Chris Bell,WR,39,Coby,Coby,1.0,positional_extremist_rb,False,27
76,Evan Engram,TE,19,Ryan J,Ryan J,1.0,positional_extremist_wr,False,27
77,Kareem Hunt,RB,31,Shane,Shane,1.0,tier_controller,False,27
78,Marcus Mariota,QB,6,Brandon,Brandon,1.0,value_purist,False,27
79,Tory Horton,WR,27,CJ,CJ,1.0,balanced,False,27
80,Malik Washington,WR,29,Reid,Reid,1.0,tier_controller,False,27
81,Austin Hooper,TE,11,Evan,Evan,1.0,value_purist,False,27
82,Elijah Higgins,TE,12,Brad,Brad,1.0,price_enforcer,False,27
83,Reggie Gilliam,RB,23,Jason,Jason,1.0,balanced,False,27
84,Greg Dortch,WR,25,Sam,Sam,1.0,anchor,False,27
85,Travis Hunter,WR,31,Travis,Travis,1.0,positional_extremist_wr,False,27
86,Jackson Hawes,TE,14,James,James,1.0,price_enforcer,False,27
87,Josh Cameron,WR,28,Coby,Coby,1.0,positional_extremist_rb,False,27
88,Jaylin Noel,WR,29,Ryan J,Ryan J,1.0,positional_extremist_wr,False,27
89,Cyrus Allen,WR,38,Shane,Shane,1.0,tier_controller,False,27
90,Oscar Delp,TE,7,Brandon,Brandon,1.0,value_purist,False,27
91,KeAndre Lambert-Smith,WR,30,CJ,CJ,1.0,balanced,False,27
92,Cole Kmet,TE,8,Reid,Reid,1.0,tier_controller,False,27
93,Keenan Allen,WR,11,Evan,Reid,5.679107279526265,tier_controller,False,27
94,Erick All Jr.,TE,8,Brad,Brad,1.0,price_enforcer,False,27
95,Konata Mumpfield,WR,20,Jason,Jason,1.0,balanced,False,27
96,Michael Mayer,TE,7,Sam,Sam,1.0,anchor,False,27
97,Demarcus Robinson,WR,15,Travis,Travis,1.0,positional_extremist_wr,False,27
98,Rasheen Ali,RB,20,James,James,1.0,price_enforcer,False,27
99,Cade Otton,TE,12,Coby,Coby,1.0,positional_extremist_rb,False,27
100,Sam Darnold,QB,13,Ryan J,Ryan J,1.0,positional_extremist_wr,False,27
101,Jahdae Walker,WR,22,Shane,Shane,1.0,tier_controller,False,27
102,De'Zhaun Stribling,WR,12,Brandon,Reid,3.5639498091243156,tier_controller,False,27
103,Elic Ayomanor,WR,27,CJ,CJ,1.0,balanced,False,27
104,Mike Washington Jr.,RB,8,Reid,Coby,21.998971587173365,positional_extremist_rb,False,27
105,Marvin Harrison Jr,WR,10,Evan,Travis,11.302862597205825,positional_extremist_wr,False,27
106,Matthew Golden,WR,6,Brad,Ryan J,37.1046091444115,positional_extremist_wr,False,27
107,Tre Tucker,WR,13,Jason,Shane,3.182570766923985,tier_controller,False,27
108,Travis Etienne,RB,5,Sam,Shane,338.82,tier_controller,True,27
109,Kyler Murray,QB,5,Travis,Reid,2.9687979534881292,tier_controller,False,27
110,Romeo Doubs,WR,8,James,Reid,27.0,tier_controller,False,27
111,Jalen Hurts,QB,1,Coby,Reid,277.79,tier_controller,True,27
112,Brian Robinson Jr,RB,6,Ryan J,Coby,265.0,positional_extremist_rb,True,27
113,Mark Andrews,TE,2,Brandon,Travis,17.415482347629613,positional_extremist_wr,False,27
114,Deebo Samuel,WR,3,CJ,Travis,120.0,positional_extremist_wr,False,27
115,Brenton Strange,TE,4,Evan,Sam,5.83078498482689,anchor,False,27
116,Jordan Addison,WR,7,Brad,Ryan J,26.994347581811535,positional_extremist_wr,False,27
117,Josh Downs,WR,5,Jason,Ryan J,37.78612728162727,positional_extremist_wr,False,27
118,Brian Thomas Jr,WR,10,Sam,Ryan J,267.12,positional_extremist_wr,True,27
119,Seth McGowan,RB,15,Travis,Travis,215.28,positional_extremist_wr,True,27
120,Tetairoa McMillan,WR,1,James,Sam,74.043,anchor,False,27
121,Drake Maye,QB,1,Brandon,Sam,20.860533923806727,anchor,False,27
122,Nick Westbrook-Ikhine,WR,15,CJ,CJ,240.0,balanced,True,27
123,Najee Harris,RB,13,Evan,Brandon,174.0,value_purist,True,27
124,Jaylin Lane,WR,19,Brad,Brad,1.0,price_enforcer,False,27
125,Kayshon Boutte,WR,32,Jason,Jason,1.0,balanced,False,27
126,Mitch Tinsley,WR,22,Sam,Sam,1.0,anchor,False,27
127,Caleb Williams,QB,2,James,Jason,9.289217062252185,balanced,False,27
128,Justice Hill,RB,11,Evan,Sam,232.27,anchor,True,27
129,Jordan Watkins,WR,21,Brad,Brad,1.0,price_enforcer,False,27
130,Cade Stover,TE,9,Jason,Jason,1.0,balanced,False,27
131,Jaxson Dart,QB,4,James,Jason,277.71,balanced,True,27
132,Jacob Cowing,WR,23,Evan,Evan,1.0,value_purist,False,27
133,Xavier Smith,WR,23,Brad,Brad,1.0,price_enforcer,False,27
134,Austin Ekeler,RB,6,James,Evan,35.37664343567369,value_purist,False,27
135,Matthew Stafford,QB,5,Evan,Brad,336.0,price_enforcer,True,27
136,Nicholas Singleton,RB,16,James,Evan,191.62,value_purist,True,27
137,Eli Stowers,TE,18,James,James,1.0,price_enforcer,False,27
138,Roman Wilson,WR,24,James,James,324.0,price_enforcer,True,27
1,Cam Ward,QB,14,Coby,Coby,1.0,price_enforcer,False,28
2,Justin Fields,QB,9,Ryan J,Ryan J,1.0,anchor,False,28
3,Daniel Jones,QB,10,James,James,1.0,emotional,False,28
4,David Njoku,TE,20,Brad,Brad,1.0,stars_and_scrubs,False,28
5,Austin Hooper,TE,11,Travis,Travis,1.0,anchor,False,28
6,Deshaun Watson,QB,12,Jason,Jason,1.0,stars_and_scrubs,False,28
7,Michael Mayer,TE,7,Reid,Reid,1.0,value_purist,False,28
8,Tua Tagovailoa,QB,13,Brandon,Brandon,1.0,balanced,False,28
9,Brandon Aiyuk,WR,35,Shane,Shane,1.0,positional_extremist_rb,False,28
10,Caleb Douglas,WR,40,Sam,Sam,1.0,anchor,False,28
11,Antonio Williams,WR,40,CJ,CJ,1.0,value_purist,False,28
12,Jack Bech,WR,39,Evan,Evan,1.0,emotional,False,28
13,Roman Wilson,WR,24,Coby,Coby,1.0,price_enforcer,False,28
14,Fernando Mendoza,QB,14,Ryan J,Ryan J,1.0,anchor,False,28
15,Mack Hollins,WR,36,James,James,1.0,emotional,False,28
16,Van Jefferson,WR,31,Brad,Brad,1.0,stars_and_scrubs,False,28
17,Dont'e Thornton Jr.,WR,16,Travis,Travis,1.0,anchor,False,28
18,Mason Taylor,TE,14,Jason,Jason,1.0,stars_and_scrubs,False,28
19,Cade Klubnik,QB,8,Reid,Reid,1.0,value_purist,False,28
20,Greg Dulcich,TE,20,Brandon,Brandon,1.0,balanced,False,28
21,Evan Engram,TE,19,Shane,Shane,1.0,positional_extremist_rb,False,28
22,Ty Johnson,RB,32,Sam,Sam,1.0,anchor,False,28
23,Travis Hunter,WR,31,CJ,CJ,1.0,value_purist,False,28
24,Cyrus Allen,WR,38,Evan,Evan,1.0,emotional,False,28
25,Dontayvion Wicks,WR,37,Coby,Coby,1.0,price_enforcer,False,28
26,Audric Estime,RB,30,Ryan J,Ryan J,1.0,anchor,False,28
27,Jameis Winston,QB,6,James,James,1.0,emotional,False,28
28,Tyrod Taylor,QB,7,Brad,Brad,1.0,stars_and_scrubs,False,28
29,Colby Parkinson,TE,16,Travis,Travis,1.0,anchor,False,28
30,Pat Freiermuth,TE,17,Jason,Jason,1.0,stars_and_scrubs,False,28
31,Ja'Kobi Lane,WR,33,Reid,Reid,1.0,value_purist,False,28
32,Jacoby Brissett,QB,11,Brandon,Brandon,1.0,balanced,False,28
33,Theo Johnson,TE,16,Shane,Shane,1.0,positional_extremist_rb,False,28
34,Ja'Tavion Sanders,TE,6,Sam,Sam,1.0,anchor,False,28
35,Kene Nwangwu,RB,28,CJ,CJ,1.0,value_purist,False,28
36,JJ McCarthy,QB,11,Evan,Evan,1.0,emotional,False,28
37,Noah Whittington,RB,26,Coby,Coby,1.0,price_enforcer,False,28
38,Patrick Ricard,RB,28,Ryan J,Ryan J,1.0,anchor,False,28
39,Roschon Johnson,RB,18,James,James,1.0,emotional,False,28
40,Malachi Fields,WR,41,Brad,Brad,1.0,stars_and_scrubs,False,28
41,Will Shipley,RB,29,Travis,Travis,1.0,anchor,False,28
42,Darnell Washington,TE,17,Jason,Jason,1.0,stars_and_scrubs,False,28
43,Demarcus Robinson,WR,15,Reid,Reid,1.0,value_purist,False,28
44,DeMario Douglas,WR,34,Brandon,Brandon,1.0,balanced,False,28
45,Adam Trautman,TE,15,Shane,Shane,1.0,positional_extremist_rb,False,28
46,Jackson Hawes,TE,14,Sam,Sam,1.0,anchor,False,28
47,Riley Leonard,QB,8,CJ,CJ,1.0,value_purist,False,28
48,Moliki Matavao,TE,9,Evan,Evan,1.0,emotional,False,28
49,Sam Roush,TE,15,Coby,Coby,1.0,price_enforcer,False,28
50,Reggie Virgil,WR,30,Ryan J,Ryan J,1.0,anchor,False,28
51,Raheim Sanders,RB,18,James,James,1.0,emotional,False,28
52,Shedeur Sanders,QB,9,Brad,Brad,1.0,stars_and_scrubs,False,28
53,Jarquez Hunter,RB,31,Travis,Travis,1.0,anchor,False,28
54,Antonio Gibson,RB,22,Jason,Jason,1.0,stars_and_scrubs,False,28
55,Ollie Gordon,RB,27,Reid,Reid,1.0,value_purist,False,28
56,Carson Beck,QB,7,Brandon,Brandon,1.0,balanced,False,28
57,Chris Bell,WR,39,Shane,Shane,1.0,positional_extremist_rb,False,28
58,Chris Brazzell II,WR,18,Sam,Sam,1.0,anchor,False,28
59,Tyson Bagent,QB,10,CJ,CJ,1.0,value_purist,False,28
60,Dylan Laube,RB,21,Evan,Evan,1.0,emotional,False,28
61,Marcus Mariota,QB,6,Coby,Coby,1.0,price_enforcer,False,28
62,Noah Fant,TE,5,Ryan J,Ryan J,1.0,anchor,False,28
63,Malik Washington,WR,29,James,James,1.0,emotional,False,28
64,Kenneth Gainwell,RB,27,Brad,Brad,1.0,stars_and_scrubs,False,28
65,Treylon Burks,WR,18,Travis,Travis,1.0,anchor,False,28
66,Elijah Higgins,TE,12,Jason,Jason,1.0,stars_and_scrubs,False,28
67,Jaylin Noel,WR,29,Reid,Reid,1.0,value_purist,False,28
68,Aaron Rodgers,QB,12,Brandon,Brandon,1.0,balanced,False,28
69,Cole Kmet,TE,8,Shane,Shane,1.0,positional_extremist_rb,False,28
70,Adam Prentice,RB,19,Sam,Sam,1.0,anchor,False,28
71,Sam Darnold,QB,13,CJ,CJ,1.0,value_purist,False,28
72,Luke Schoonmaker,TE,13,Evan,Evan,1.0,emotional,False,28
73,KeAndre Lambert-Smith,WR,30,Coby,Coby,1.0,price_enforcer,False,28
74,Erick All Jr.,TE,8,Ryan J,Ryan J,1.0,anchor,False,28
75,Kayshon Boutte,WR,32,James,James,1.0,emotional,False,28
76,Isaac TeSlaa,WR,33,Brad,Brad,1.0,stars_and_scrubs,False,28
77,Devontez Walker,WR,19,Travis,Travis,1.0,anchor,False,28
78,Luther Burden,WR,28,Jason,Jason,1.0,stars_and_scrubs,False,28
79,Matt Hibner,TE,10,Reid,Reid,1.0,value_purist,False,28
80,Rasheen Ali,RB,20,Brandon,Brandon,1.0,balanced,False,28
81,Cade Otton,TE,12,Shane,Shane,1.0,positional_extremist_rb,False,28
82,Durham Smythe,TE,13,Sam,Sam,1.0,anchor,False,28
83,Reggie Gilliam,RB,23,CJ,CJ,1.0,value_purist,False,28
84,Oscar Delp,TE,7,Evan,Evan,1.0,emotional,False,28
85,Mike Gesicki,TE,18,Coby,Coby,1.0,price_enforcer,False,28
86,Sione Vaki,RB,20,Ryan J,Ryan J,1.0,anchor,False,28
87,Cash Jones,RB,26,James,James,1.0,emotional,False,28
88,Evan Hull,RB,29,Brad,Brad,1.0,stars_and_scrubs,False,28
89,Drake Maye,QB,1,Travis,Brad,31.382355293865288,stars_and_scrubs,False,28
90,Deion Burks,WR,26,Jason,Jason,1.0,stars_and_scrubs,False,28
91,Jaylin Lane,WR,19,Reid,Reid,1.0,value_purist,False,28
92,Noah Gray,TE,6,Brandon,Brandon,1.0,balanced,False,28
93,Oronde Gadsden,TE,19,Shane,Shane,1.0,positional_extremist_rb,False,28
94,Josh Oliver,TE,10,Sam,Sam,1.0,anchor,False,28
95,Tyler Lockett,WR,21,CJ,CJ,1.0,value_purist,False,28
96,Brian Thomas Jr,WR,10,Evan,Brad,8.047998641759412,stars_and_scrubs,False,28
97,Eli Stowers,TE,18,Coby,Coby,1.0,price_enforcer,False,28
98,Greg Dortch,WR,25,Ryan J,Ryan J,1.0,anchor,False,28
99,Makai Lemon,WR,8,James,Brad,22.584992141172584,stars_and_scrubs,False,28
100,Cade Stover,TE,9,Brad,Brad,276.99,stars_and_scrubs,True,28
101,Jaleel McLaughlin,RB,30,Travis,Travis,1.0,anchor,False,28
102,Elic Ayomanor,WR,27,Jason,Jason,1.0,stars_and_scrubs,False,28
103,Omar Cooper Jr.,WR,37,Reid,Reid,1.0,value_purist,False,28
104,Josh Williams,RB,21,Brandon,Brandon,174.0,balanced,True,28
105,Jordan Watkins,WR,21,Shane,Shane,1.0,positional_extremist_rb,False,28
106,Tommy Tremble,TE,5,Sam,Sam,1.0,anchor,False,28
107,Tetairoa McMillan,WR,1,CJ,Sam,170.0,anchor,False,28
108,RJ Harvey,RB,3,Evan,Shane,177.5,positional_extremist_rb,False,28
109,CJ Stroud,QB,2,Coby,Shane,164.5,positional_extremist_rb,True,28
110,Kyle Juszczyk,RB,24,Ryan J,Ryan J,1.0,anchor,False,28
111,Kareem Hunt,RB,31,James,James,1.0,emotional,False,28
112,Carnell Tate,WR,4,Travis,James,50.00579239145716,emotional,False,28
113,Adam Randall,RB,16,Jason,James,274.99,emotional,True,28
114,Dyami Brown,WR,25,Reid,Reid,1.0,value_purist,False,28
115,Jeremy McNichols,RB,23,Sam,Sam,1.0,anchor,False,28
116,Khalil Herbert,RB,22,CJ,CJ,1.0,value_purist,False,28
117,Sam LaPorta,TE,1,Evan,Sam,27.94224247601377,anchor,False,28
118,Brashard Smith,RB,17,Coby,Ryan J,1.2897747343177453,anchor,False,28
119,Jaxson Dart,QB,4,Ryan J,Jason,4.216273483362344,stars_and_scrubs,False,28
120,Sean Tucker,RB,14,Travis,Evan,1.5663685670900123,emotional,False,28
121,Tyrone Tracy Jr,RB,9,Jason,Sam,134.06,anchor,True,28
122,Justice Hill,RB,11,Reid,Evan,2.844809530868389,emotional,False,28
123,Jordan Love,QB,4,CJ,Evan,223.59,emotional,True,28
124,Kimani Vidal,RB,10,Coby,Travis,6.470392991419306,anchor,False,28
125,Ladd McConkey,WR,2,Ryan J,Travis,145.0,anchor,False,28
126,Jajuan Jennings,WR,9,Travis,Jason,13.341208729215028,stars_and_scrubs,False,28
127,Devin Singletary,RB,17,Jason,Jason,270.44,stars_and_scrubs,True,28
128,Austin Ekeler,RB,6,Reid,Travis,35.276781696854314,anchor,False,28
129,Hunter Luepke,RB,25,CJ,CJ,240.0,value_purist,True,28
130,Marquez Valdes-Scantling,WR,32,Coby,Coby,1.0,price_enforcer,False,28
131,Mark Andrews,TE,2,Ryan J,Travis,12.38126276394276,anchor,False,28
132,Jordan Addison,WR,7,Travis,Ryan J,24.131961226413406,anchor,False,28
133,Kyler Murray,QB,5,Reid,Ryan J,342.58,anchor,True,28
134,Tai Felton,WR,26,Coby,Coby,286.0,price_enforcer,True,28
135,Mitchell Evans,TE,11,Travis,Travis,165.87,anchor,True,28
136,Xavier Smith,WR,23,Reid,Reid,1.0,value_purist,False,28
137,Luke McCaffrey,WR,17,Reid,Reid,1.0,value_purist,False,28
138,Tory Horton,WR,27,Reid,Reid,313.0,value_purist,True,28
1,Daniel Jones,QB,10,Jason,Jason,1.0,positional_extremist_wr,False,29
2,JJ McCarthy,QB,11,Sam,Sam,1.0,stars_and_scrubs,False,29
3,Shedeur Sanders,QB,9,Brad,Brad,1.0,value_purist,False,29
4,Greg Dulcich,TE,20,Ryan J,Ryan J,1.0,value_purist,False,29
5,Riley Leonard,QB,8,Travis,Travis,1.0,positional_extremist_rb,False,29
6,Adam Trautman,TE,15,Coby,Coby,1.0,positional_extremist_rb,False,29
7,Cade Klubnik,QB,8,James,James,1.0,balanced,False,29
8,Noah Fant,TE,5,Reid,Reid,1.0,balanced,False,29
9,Jack Bech,WR,39,Brandon,Brandon,1.0,price_enforcer,False,29
10,Deshaun Watson,QB,12,Evan,Evan,1.0,positional_extremist_rb,False,29
11,Kene Nwangwu,RB,28,CJ,CJ,1.0,balanced,False,29
12,Mason Taylor,TE,14,Shane,Shane,1.0,balanced,False,29
13,KeAndre Lambert-Smith,WR,30,Jason,Jason,1.0,positional_extremist_wr,False,29
14,Aaron Rodgers,QB,12,Sam,Sam,1.0,stars_and_scrubs,False,29
15,Reggie Gilliam,RB,23,Brad,Brad,1.0,value_purist,False,29
16,Kenneth Gainwell,RB,27,Ryan J,Ryan J,1.0,value_purist,False,29
17,Jameis Winston,QB,6,Travis,Travis,1.0,positional_extremist_rb,False,29
18,Raheim Sanders,RB,18,Coby,Coby,1.0,positional_extremist_rb,False,29
19,Tyrod Taylor,QB,7,James,James,1.0,balanced,False,29
20,Audric Estime,RB,30,Reid,Reid,1.0,balanced,False,29
21,Marcus Mariota,QB,6,Brandon,Brandon,1.0,price_enforcer,False,29
22,Ja'Kobi Lane,WR,33,Evan,Evan,1.0,positional_extremist_rb,False,29
23,Malachi Fields,WR,41,CJ,CJ,1.0,balanced,False,29
24,Isaac TeSlaa,WR,33,Shane,Shane,1.0,balanced,False,29
25,Tommy Tremble,TE,5,Jason,Jason,1.0,positional_extremist_wr,False,29
26,Marquez Valdes-Scantling,WR,32,Sam,Sam,1.0,stars_and_scrubs,False,29
27,Josh Cameron,WR,28,Brad,Brad,1.0,value_purist,False,29
28,Van Jefferson,WR,31,Ryan J,Ryan J,1.0,value_purist,False,29
29,Jahan Dotson,WR,34,Travis,Travis,1.0,positional_extremist_rb,False,29
30,Colby Parkinson,TE,16,Coby,Coby,1.0,positional_extremist_rb,False,29
31,Evan Hull,RB,29,James,James,1.0,balanced,False,29
32,Darnell Washington,TE,17,Reid,Reid,1.0,balanced,False,29
33,Justin Fields,QB,9,Brandon,Brandon,1.0,price_enforcer,False,29
34,Cade Otton,TE,12,Evan,Evan,1.0,positional_extremist_rb,False,29
35,Treylon Burks,WR,18,CJ,CJ,1.0,balanced,False,29
36,Antonio Williams,WR,40,Shane,Shane,1.0,balanced,False,29
37,Tyson Bagent,QB,10,Jason,Jason,1.0,positional_extremist_wr,False,29
38,Mike Gesicki,TE,18,Sam,Sam,1.0,stars_and_scrubs,False,29
39,Tua Tagovailoa,QB,13,Brad,Brad,1.0,value_purist,False,29
40,Jordan Watkins,WR,21,Ryan J,Ryan J,1.0,value_purist,False,29
41,Fernando Mendoza,QB,14,Travis,Travis,1.0,positional_extremist_rb,False,29
42,Will Shipley,RB,29,Coby,Coby,1.0,positional_extremist_rb,False,29
43,Carson Beck,QB,7,James,James,1.0,balanced,False,29
44,Travis Hunter,WR,31,Reid,Reid,1.0,balanced,False,29
45,Ollie Gordon,RB,27,Brandon,Brandon,1.0,price_enforcer,False,29
46,Dylan Laube,RB,21,Evan,Evan,1.0,positional_extremist_rb,False,29
47,Jawhar Jordan,RB,24,CJ,CJ,1.0,balanced,False,29
48,Jacoby Brissett,QB,11,Shane,Shane,1.0,balanced,False,29
49,Ty Johnson,RB,32,Jason,Jason,1.0,positional_extremist_wr,False,29
50,Ashton Dulin,WR,14,Sam,Sam,1.0,stars_and_scrubs,False,29
51,Kyle Juszczyk,RB,24,Brad,Brad,1.0,value_purist,False,29
52,Evan Engram,TE,19,Ryan J,Ryan J,1.0,value_purist,False,29
53,Cade Stover,TE,9,Travis,Travis,1.0,positional_extremist_rb,False,29
54,Cyrus Allen,WR,38,Coby,Coby,1.0,positional_extremist_rb,False,29
55,Sam Darnold,QB,13,James,James,1.0,balanced,False,29
56,DeMario Douglas,WR,34,Reid,Reid,1.0,balanced,False,29
57,Sam Roush,TE,15,Brandon,Brandon,1.0,price_enforcer,False,29
58,Cam Ward,QB,14,Evan,Evan,1.0,positional_extremist_rb,False,29
59,Jaylin Lane,WR,19,CJ,CJ,1.0,balanced,False,29
60,Ja'Tavion Sanders,TE,6,Shane,Shane,1.0,balanced,False,29
61,Deion Burks,WR,26,Jason,Jason,1.0,positional_extremist_wr,False,29
62,Savion Williams,WR,24,Sam,Sam,1.0,stars_and_scrubs,False,29
63,Jaleel McLaughlin,RB,30,Brad,Brad,1.0,value_purist,False,29
64,David Njoku,TE,20,Ryan J,Ryan J,1.0,value_purist,False,29
65,Noah Whittington,RB,26,Travis,Travis,1.0,positional_extremist_rb,False,29
66,Jackson Hawes,TE,14,Coby,Coby,1.0,positional_extremist_rb,False,29
67,Pat Freiermuth,TE,17,James,James,1.0,balanced,False,29
68,Jaylin Noel,WR,29,Reid,Reid,1.0,balanced,False,29
69,Caleb Douglas,WR,40,Brandon,Brandon,1.0,price_enforcer,False,29
70,Reggie Virgil,WR,30,Evan,Evan,1.0,positional_extremist_rb,False,29
71,Tyler Lockett,WR,21,CJ,CJ,1.0,balanced,False,29
72,Erick All Jr.,TE,8,Shane,Shane,1.0,balanced,False,29
73,Durham Smythe,TE,13,Jason,Jason,1.0,positional_extremist_wr,False,29
74,Jahdae Walker,WR,22,Sam,Sam,1.0,stars_and_scrubs,False,29
75,Tre Harris,WR,38,Brad,Brad,1.0,value_purist,False,29
76,Chris Bell,WR,39,Ryan J,Ryan J,1.0,value_purist,False,29
77,Tai Felton,WR,26,Travis,Travis,1.0,positional_extremist_rb,False,29
78,Olamide Zaccheaus,WR,20,Coby,Coby,1.0,positional_extremist_rb,False,29
79,Theo Johnson,TE,16,James,James,1.0,balanced,False,29
80,Elijah Higgins,TE,12,Reid,Reid,1.0,balanced,False,29
81,Noah Gray,TE,6,Brandon,Brandon,1.0,price_enforcer,False,29
82,Eli Stowers,TE,18,Evan,Evan,1.0,positional_extremist_rb,False,29
83,Dameon Pierce,RB,25,CJ,CJ,1.0,balanced,False,29
84,Austin Hooper,TE,11,Shane,Shane,1.0,balanced,False,29
85,Matt Hibner,TE,10,Jason,Jason,1.0,positional_extremist_wr,False,29
86,Luke Schoonmaker,TE,13,Sam,Sam,1.0,stars_and_scrubs,False,29
87,Josh Oliver,TE,10,Brad,Brad,1.0,value_purist,False,29
88,Mitchell Evans,TE,11,Ryan J,Ryan J,1.0,value_purist,False,29
89,Oronde Gadsden,TE,19,Travis,Travis,1.0,positional_extremist_rb,False,29
90,Greg Dortch,WR,25,Coby,Coby,1.0,positional_extremist_rb,False,29
91,Michael Mayer,TE,7,James,James,1.0,balanced,False,29
92,Patrick Ricard,RB,28,Reid,Reid,1.0,balanced,False,29
93,Kayshon Boutte,WR,32,Brandon,Brandon,1.0,price_enforcer,False,29
94,Caleb Williams,QB,2,Evan,Coby,10.36453274999051,positional_extremist_rb,False,29
95,Jalen Hurts,QB,1,CJ,Sam,20.740967932030543,stars_and_scrubs,False,29
96,Mark Andrews,TE,2,Shane,Sam,14.085248712602427,stars_and_scrubs,False,29
97,Jaxson Dart,QB,4,Jason,Shane,3.9166339711467493,balanced,False,29
98,Roman Wilson,WR,24,Sam,Sam,1.0,stars_and_scrubs,False,29
99,Chuba Hubbard,RB,3,Brad,Coby,162.5,positional_extremist_rb,False,29
100,Jaylen Wright,RB,15,Ryan J,Travis,1.7581449625071968,positional_extremist_rb,False,29
101,Omar Cooper Jr.,WR,37,Travis,Travis,1.0,positional_extremist_rb,False,29
102,Moliki Matavao,TE,9,Coby,Coby,115.14,positional_extremist_rb,True,29
103,Cole Kmet,TE,8,James,James,1.0,balanced,False,29
104,Mitch Tinsley,WR,22,Reid,Reid,1.0,balanced,False,29
105,Oscar Delp,TE,7,Brandon,Brandon,174.0,price_enforcer,True,29
106,Andrei Iosivas,WR,35,Evan,Evan,1.0,positional_extremist_rb,False,29
107,Jared Goff,QB,3,CJ,Sam,4.089283353825884,stars_and_scrubs,False,29
108,CJ Stroud,QB,2,Shane,Sam,294.08,stars_and_scrubs,True,29
109,Dontayvion Wicks,WR,37,Jason,Jason,1.0,positional_extremist_wr,False,29
110,Kareem Hunt,RB,31,Brad,Brad,1.0,value_purist,False,29
111,Jordan Love,QB,4,Ryan J,James,2.568003969480127,balanced,False,29
112,Matthew Stafford,QB,5,Travis,Brad,1.1875653544586966,value_purist,False,29
113,Eli Heidenreich,RB,19,James,James,322.43,balanced,True,29
114,Kyler Murray,QB,5,Reid,CJ,2.3576456020182133,balanced,False,29
115,Xavier Smith,WR,23,Evan,Evan,1.0,positional_extremist_rb,False,29
116,Bucky Irving,RB,1,CJ,Travis,249.2191148704327,positional_extremist_rb,False,29
117,Tank Bigsby,RB,9,Shane,Evan,226.0,positional_extremist_rb,True,29
118,Jeremy McNichols,RB,23,Jason,Jason,1.0,positional_extremist_wr,False,29
119,Hunter Luepke,RB,25,Brad,Brad,1.0,value_purist,False,29
120,AD Mitchell,WR,9,Ryan J,Jason,15.288425713286207,positional_extremist_wr,False,29
121,Sean Tucker,RB,14,Travis,Travis,2.030688483016539,positional_extremist_rb,False,29
122,Dallas Goedert,TE,2,Reid,Reid,10.641277217238839,balanced,False,29
123,Kimani Vidal,RB,10,CJ,Travis,110.99,positional_extremist_rb,True,29
124,Dylan Sampson,RB,8,Shane,Jason,271.71,positional_extremist_wr,True,29
125,Luther Burden,WR,28,Brad,Brad,335.81,value_purist,True,29
126,Elic Ayomanor,WR,27,Ryan J,Ryan J,1.0,value_purist,False,29
127,Cash Jones,RB,26,Reid,Reid,1.0,balanced,False,29
128,Khalil Herbert,RB,22,CJ,CJ,1.0,balanced,False,29
129,Zach Charbonnet,RB,5,Shane,Ryan J,44.42798596978882,value_purist,False,29
130,DK Metcalf,WR,5,Ryan J,CJ,238.64,balanced,True,29
131,Sione Vaki,RB,20,Reid,Reid,1.0,balanced,False,29
132,Jadarian Price,RB,1,Shane,Ryan J,63.72832000000001,value_purist,False,29
133,Chris Godwin Jr,WR,4,Ryan J,Reid,303.36,balanced,True,29
134,Jacob Cowing,WR,23,Shane,Shane,1.0,balanced,False,29
135,Dyami Brown,WR,25,Ryan J,Ryan J,1.0,value_purist,False,29
136,Marvin Harrison Jr,WR,10,Shane,Ryan J,259.84,value_purist,True,29
137,Marvin Mims Jr.,WR,36,Shane,Shane,1.0,balanced,False,29
138,Jarquez Hunter,RB,31,Shane,Shane,338.08,balanced,True,29
