player,run_valuation_confirmed_mode_status,run_valuation_confirmed_mode_eligible,mock_draft_data_status,mock_draft_data_eligible,difference_explained,explanation
aaron rodgers,UNKNOWN_STATUS,False,VETERAN_AUCTION_ELIGIBLE,True,True,"fp_only_fallback_eligible divergence (documented, intentional -- see module docstring): no data/nflverse/player_stats_reg_2025.csv in this environment to verify NFL debut, so the mock-draft path treats an unverified FantasyPros-ranked player as eligible for pool-depth purposes while the real price sheet keeps them excluded pending real data."
adam prentice,UNKNOWN_STATUS,False,VETERAN_AUCTION_ELIGIBLE,True,True,"fp_only_fallback_eligible divergence (documented, intentional -- see module docstring): no data/nflverse/player_stats_reg_2025.csv in this environment to verify NFL debut, so the mock-draft path treats an unverified FantasyPros-ranked player as eligible for pool-depth purposes while the real price sheet keeps them excluded pending real data."
adam trautman,UNKNOWN_STATUS,False,VETERAN_AUCTION_ELIGIBLE,True,True,"fp_only_fallback_eligible divergence (documented, intentional -- see module docstring): no data/nflverse/player_stats_reg_2025.csv in this environment to verify NFL debut, so the mock-draft path treats an unverified FantasyPros-ranked player as eligible for pool-depth purposes while the real price sheet keeps them excluded pending real data."
adonai mitchell,UNKNOWN_STATUS,False,VETERAN_AUCTION_ELIGIBLE,True,True,"fp_only_fallback_eligible divergence (documented, intentional -- see module docstring): no data/nflverse/player_stats_reg_2025.csv in this environment to verify NFL debut, so the mock-draft path treats an unverified FantasyPros-ranked player as eligible for pool-depth purposes while the real price sheet keeps them excluded pending real data."
alec ingold,UNKNOWN_STATUS,False,VETERAN_AUCTION_ELIGIBLE,True,True,"fp_only_fallback_eligible divergence (documented, intentional -- see module docstring): no data/nflverse/player_stats_reg_2025.csv in this environment to verify NFL debut, so the mock-draft path treats an unverified FantasyPros-ranked player as eligible for pool-depth purposes while the real price sheet keeps them excluded pending real data."
andrei iosivas,UNKNOWN_STATUS,False,VETERAN_AUCTION_ELIGIBLE,True,True,"fp_only_fallback_eligible divergence (documented, intentional -- see module docstring): no data/nflverse/player_stats_reg_2025.csv in this environment to verify NFL debut, so the mock-draft path treats an unverified FantasyPros-ranked player as eligible for pool-depth purposes while the real price sheet keeps them excluded pending real data."
anthony richardson,UNKNOWN_STATUS,False,VETERAN_AUCTION_ELIGIBLE,True,True,"fp_only_fallback_eligible divergence (documented, intentional -- see module docstring): no data/nflverse/player_stats_reg_2025.csv in this environment to verify NFL debut, so the mock-draft path treats an unverified FantasyPros-ranked player as eligible for pool-depth purposes while the real price sheet keeps them excluded pending real data."
antonio gibson,UNKNOWN_STATUS,False,VETERAN_AUCTION_ELIGIBLE,True,True,"fp_only_fallback_eligible divergence (documented, intentional -- see module docstring): no data/nflverse/player_stats_reg_2025.csv in this environment to verify NFL debut, so the mock-draft path treats an unverified FantasyPros-ranked player as eligible for pool-depth purposes while the real price sheet keeps them excluded pending real data."
ashton dulin,UNKNOWN_STATUS,False,VETERAN_AUCTION_ELIGIBLE,True,True,"fp_only_fallback_eligible divergence (documented, intentional -- see module docstring): no data/nflverse/player_stats_reg_2025.csv in this environment to verify NFL debut, so the mock-draft path treats an unverified FantasyPros-ranked player as eligible for pool-depth purposes while the real price sheet keeps them excluded pending real data."
audric estime,UNKNOWN_STATUS,False,VETERAN_AUCTION_ELIGIBLE,True,True,"fp_only_fallback_eligible divergence (documented, intentional -- see module docstring): no data/nflverse/player_stats_reg_2025.csv in this environment to verify NFL debut, so the mock-draft path treats an unverified FantasyPros-ranked player as eligible for pool-depth purposes while the real price sheet keeps them excluded pending real data."
austin hooper,UNKNOWN_STATUS,False,VETERAN_AUCTION_ELIGIBLE,True,True,"fp_only_fallback_eligible divergence (documented, intentional -- see module docstring): no data/nflverse/player_stats_reg_2025.csv in this environment to verify NFL debut, so the mock-draft path treats an unverified FantasyPros-ranked player as eligible for pool-depth purposes while the real price sheet keeps them excluded pending real data."
bam knight,UNKNOWN_STATUS,False,VETERAN_AUCTION_ELIGIBLE,True,True,"fp_only_fallback_eligible divergence (documented, intentional -- see module docstring): no data/nflverse/player_stats_reg_2025.csv in this environment to verify NFL debut, so the mock-draft path treats an unverified FantasyPros-ranked player as eligible for pool-depth purposes while the real price sheet keeps them excluded pending real data."
barion brown,UNKNOWN_STATUS,False,VETERAN_AUCTION_ELIGIBLE,True,True,"fp_only_fallback_eligible divergence (documented, intentional -- see module docstring): no data/nflverse/player_stats_reg_2025.csv in this environment to verify NFL debut, so the mock-draft path treats an unverified FantasyPros-ranked player as eligible for pool-depth purposes while the real price sheet keeps them excluded pending real data."
ben sinnott,UNKNOWN_STATUS,False,VETERAN_AUCTION_ELIGIBLE,True,True,"fp_only_fallback_eligible divergence (documented, intentional -- see module docstring): no data/nflverse/player_stats_reg_2025.csv in this environment to verify NFL debut, so the mock-draft path treats an unverified FantasyPros-ranked player as eligible for pool-depth purposes while the real price sheet keeps them excluded pending real data."
brandon aiyuk,UNKNOWN_STATUS,False,VETERAN_AUCTION_ELIGIBLE,True,True,"fp_only_fallback_eligible divergence (documented, intentional -- see module docstring): no data/nflverse/player_stats_reg_2025.csv in this environment to verify NFL debut, so the mock-draft path treats an unverified FantasyPros-ranked player as eligible for pool-depth purposes while the real price sheet keeps them excluded pending real data."
brashard smith,UNKNOWN_STATUS,False,VETERAN_AUCTION_ELIGIBLE,True,True,"fp_only_fallback_eligible divergence (documented, intentional -- see module docstring): no data/nflverse/player_stats_reg_2025.csv in this environment to verify NFL debut, so the mock-draft path treats an unverified FantasyPros-ranked player as eligible for pool-depth purposes while the real price sheet keeps them excluded pending real data."
brenen thompson,UNKNOWN_STATUS,False,VETERAN_AUCTION_ELIGIBLE,True,True,"fp_only_fallback_eligible divergence (documented, intentional -- see module docstring): no data/nflverse/player_stats_reg_2025.csv in this environment to verify NFL debut, so the mock-draft path treats an unverified FantasyPros-ranked player as eligible for pool-depth purposes while the real price sheet keeps them excluded pending real data."
british brooks,UNKNOWN_STATUS,False,VETERAN_AUCTION_ELIGIBLE,True,True,"fp_only_fallback_eligible divergence (documented, intentional -- see module docstring): no data/nflverse/player_stats_reg_2025.csv in this environment to verify NFL debut, so the mock-draft path treats an unverified FantasyPros-ranked player as eligible for pool-depth purposes while the real price sheet keeps them excluded pending real data."
bryce lance,UNKNOWN_STATUS,False,VETERAN_AUCTION_ELIGIBLE,True,True,"fp_only_fallback_eligible divergence (documented, intentional -- see module docstring): no data/nflverse/player_stats_reg_2025.csv in this environment to verify NFL debut, so the mock-draft path treats an unverified FantasyPros-ranked player as eligible for pool-depth purposes while the real price sheet keeps them excluded pending real data."
bryce young,UNKNOWN_STATUS,False,VETERAN_AUCTION_ELIGIBLE,True,True,"fp_only_fallback_eligible divergence (documented, intentional -- see module docstring): no data/nflverse/player_stats_reg_2025.csv in this environment to verify NFL debut, so the mock-draft path treats an unverified FantasyPros-ranked player as eligible for pool-depth purposes while the real price sheet keeps them excluded pending real data."
cade klubnik,UNKNOWN_STATUS,False,VETERAN_AUCTION_ELIGIBLE,True,True,"fp_only_fallback_eligible divergence (documented, intentional -- see module docstring): no data/nflverse/player_stats_reg_2025.csv in this environment to verify NFL debut, so the mock-draft path treats an unverified FantasyPros-ranked player as eligible for pool-depth purposes while the real price sheet keeps them excluded pending real data."
cade stover,UNKNOWN_STATUS,False,VETERAN_AUCTION_ELIGIBLE,True,True,"fp_only_fallback_eligible divergence (documented, intentional -- see module docstring): no data/nflverse/player_stats_reg_2025.csv in this environment to verify NFL debut, so the mock-draft path treats an unverified FantasyPros-ranked player as eligible for pool-depth purposes while the real price sheet keeps them excluded pending real data."
caleb douglas,UNKNOWN_STATUS,False,VETERAN_AUCTION_ELIGIBLE,True,True,"fp_only_fallback_eligible divergence (documented, intentional -- see module docstring): no data/nflverse/player_stats_reg_2025.csv in this environment to verify NFL debut, so the mock-draft path treats an unverified FantasyPros-ranked player as eligible for pool-depth purposes while the real price sheet keeps them excluded pending real data."
calvin ridley,UNKNOWN_STATUS,False,VETERAN_AUCTION_ELIGIBLE,True,True,"fp_only_fallback_eligible divergence (documented, intentional -- see module docstring): no data/nflverse/player_stats_reg_2025.csv in this environment to verify NFL debut, so the mock-draft path treats an unverified FantasyPros-ranked player as eligible for pool-depth purposes while the real price sheet keeps them excluded pending real data."
cam ward,UNKNOWN_STATUS,False,VETERAN_AUCTION_ELIGIBLE,True,True,"fp_only_fallback_eligible divergence (documented, intentional -- see module docstring): no data/nflverse/player_stats_reg_2025.csv in this environment to verify NFL debut, so the mock-draft path treats an unverified FantasyPros-ranked player as eligible for pool-depth purposes while the real price sheet keeps them excluded pending real data."
carson beck,UNKNOWN_STATUS,False,VETERAN_AUCTION_ELIGIBLE,True,True,"fp_only_fallback_eligible divergence (documented, intentional -- see module docstring): no data/nflverse/player_stats_reg_2025.csv in this environment to verify NFL debut, so the mock-draft path treats an unverified FantasyPros-ranked player as eligible for pool-depth purposes while the real price sheet keeps them excluded pending real data."
cash jones,UNKNOWN_STATUS,False,VETERAN_AUCTION_ELIGIBLE,True,True,"fp_only_fallback_eligible divergence (documented, intentional -- see module docstring): no data/nflverse/player_stats_reg_2025.csv in this environment to verify NFL debut, so the mock-draft path treats an unverified FantasyPros-ranked player as eligible for pool-depth purposes while the real price sheet keeps them excluded pending real data."
charlie kolar,UNKNOWN_STATUS,False,VETERAN_AUCTION_ELIGIBLE,True,True,"fp_only_fallback_eligible divergence (documented, intentional -- see module docstring): no data/nflverse/player_stats_reg_2025.csv in this environment to verify NFL debut, so the mock-draft path treats an unverified FantasyPros-ranked player as eligible for pool-depth purposes while the real price sheet keeps them excluded pending real data."
chig okonkwo,UNKNOWN_STATUS,False,VETERAN_AUCTION_ELIGIBLE,True,True,"fp_only_fallback_eligible divergence (documented, intentional -- see module docstring): no data/nflverse/player_stats_reg_2025.csv in this environment to verify NFL debut, so the mock-draft path treats an unverified FantasyPros-ranked player as eligible for pool-depth purposes while the real price sheet keeps them excluded pending real data."
chimere dike,UNKNOWN_STATUS,False,VETERAN_AUCTION_ELIGIBLE,True,True,"fp_only_fallback_eligible divergence (documented, intentional -- see module docstring): no data/nflverse/player_stats_reg_2025.csv in this environment to verify NFL debut, so the mock-draft path treats an unverified FantasyPros-ranked player as eligible for pool-depth purposes while the real price sheet keeps them excluded pending real data."
chris blair,UNKNOWN_STATUS,False,VETERAN_AUCTION_ELIGIBLE,True,True,"fp_only_fallback_eligible divergence (documented, intentional -- see module docstring): no data/nflverse/player_stats_reg_2025.csv in this environment to verify NFL debut, so the mock-draft path treats an unverified FantasyPros-ranked player as eligible for pool-depth purposes while the real price sheet keeps them excluded pending real data."
chris brooks,UNKNOWN_STATUS,False,VETERAN_AUCTION_ELIGIBLE,True,True,"fp_only_fallback_eligible divergence (documented, intentional -- see module docstring): no data/nflverse/player_stats_reg_2025.csv in this environment to verify NFL debut, so the mock-draft path treats an unverified FantasyPros-ranked player as eligible for pool-depth purposes while the real price sheet keeps them excluded pending real data."
cj daniels,UNKNOWN_STATUS,False,VETERAN_AUCTION_ELIGIBLE,True,True,"fp_only_fallback_eligible divergence (documented, intentional -- see module docstring): no data/nflverse/player_stats_reg_2025.csv in this environment to verify NFL debut, so the mock-draft path treats an unverified FantasyPros-ranked player as eligible for pool-depth purposes while the real price sheet keeps them excluded pending real data."
colbie young,UNKNOWN_STATUS,False,VETERAN_AUCTION_ELIGIBLE,True,True,"fp_only_fallback_eligible divergence (documented, intentional -- see module docstring): no data/nflverse/player_stats_reg_2025.csv in this environment to verify NFL debut, so the mock-draft path treats an unverified FantasyPros-ranked player as eligible for pool-depth purposes while the real price sheet keeps them excluded pending real data."
cole kmet,UNKNOWN_STATUS,False,VETERAN_AUCTION_ELIGIBLE,True,True,"fp_only_fallback_eligible divergence (documented, intentional -- see module docstring): no data/nflverse/player_stats_reg_2025.csv in this environment to verify NFL debut, so the mock-draft path treats an unverified FantasyPros-ranked player as eligible for pool-depth purposes while the real price sheet keeps them excluded pending real data."
cyrus allen,UNKNOWN_STATUS,False,VETERAN_AUCTION_ELIGIBLE,True,True,"fp_only_fallback_eligible divergence (documented, intentional -- see module docstring): no data/nflverse/player_stats_reg_2025.csv in this environment to verify NFL debut, so the mock-draft path treats an unverified FantasyPros-ranked player as eligible for pool-depth purposes while the real price sheet keeps them excluded pending real data."
dameon pierce,UNKNOWN_STATUS,False,VETERAN_AUCTION_ELIGIBLE,True,True,"fp_only_fallback_eligible divergence (documented, intentional -- see module docstring): no data/nflverse/player_stats_reg_2025.csv in this environment to verify NFL debut, so the mock-draft path treats an unverified FantasyPros-ranked player as eligible for pool-depth purposes while the real price sheet keeps them excluded pending real data."
damien martinez,UNKNOWN_STATUS,False,VETERAN_AUCTION_ELIGIBLE,True,True,"fp_only_fallback_eligible divergence (documented, intentional -- see module docstring): no data/nflverse/player_stats_reg_2025.csv in this environment to verify NFL debut, so the mock-draft path treats an unverified FantasyPros-ranked player as eligible for pool-depth purposes while the real price sheet keeps them excluded pending real data."
daniel bellinger,UNKNOWN_STATUS,False,VETERAN_AUCTION_ELIGIBLE,True,True,"fp_only_fallback_eligible divergence (documented, intentional -- see module docstring): no data/nflverse/player_stats_reg_2025.csv in this environment to verify NFL debut, so the mock-draft path treats an unverified FantasyPros-ranked player as eligible for pool-depth purposes while the real price sheet keeps them excluded pending real data."
darnell mooney,UNKNOWN_STATUS,False,VETERAN_AUCTION_ELIGIBLE,True,True,"fp_only_fallback_eligible divergence (documented, intentional -- see module docstring): no data/nflverse/player_stats_reg_2025.csv in this environment to verify NFL debut, so the mock-draft path treats an unverified FantasyPros-ranked player as eligible for pool-depth purposes while the real price sheet keeps them excluded pending real data."
darnell washington,UNKNOWN_STATUS,False,VETERAN_AUCTION_ELIGIBLE,True,True,"fp_only_fallback_eligible divergence (documented, intentional -- see module docstring): no data/nflverse/player_stats_reg_2025.csv in this environment to verify NFL debut, so the mock-draft path treats an unverified FantasyPros-ranked player as eligible for pool-depth purposes while the real price sheet keeps them excluded pending real data."
david njoku,UNKNOWN_STATUS,False,VETERAN_AUCTION_ELIGIBLE,True,True,"fp_only_fallback_eligible divergence (documented, intentional -- see module docstring): no data/nflverse/player_stats_reg_2025.csv in this environment to verify NFL debut, so the mock-draft path treats an unverified FantasyPros-ranked player as eligible for pool-depth purposes while the real price sheet keeps them excluded pending real data."
dawson knox,UNKNOWN_STATUS,False,VETERAN_AUCTION_ELIGIBLE,True,True,"fp_only_fallback_eligible divergence (documented, intentional -- see module docstring): no data/nflverse/player_stats_reg_2025.csv in this environment to verify NFL debut, so the mock-draft path treats an unverified FantasyPros-ranked player as eligible for pool-depth purposes while the real price sheet keeps them excluded pending real data."
deandre hopkins,UNKNOWN_STATUS,False,VETERAN_AUCTION_ELIGIBLE,True,True,"fp_only_fallback_eligible divergence (documented, intentional -- see module docstring): no data/nflverse/player_stats_reg_2025.csv in this environment to verify NFL debut, so the mock-draft path treats an unverified FantasyPros-ranked player as eligible for pool-depth purposes while the real price sheet keeps them excluded pending real data."
deion burks,UNKNOWN_STATUS,False,VETERAN_AUCTION_ELIGIBLE,True,True,"fp_only_fallback_eligible divergence (documented, intentional -- see module docstring): no data/nflverse/player_stats_reg_2025.csv in this environment to verify NFL debut, so the mock-draft path treats an unverified FantasyPros-ranked player as eligible for pool-depth purposes while the real price sheet keeps them excluded pending real data."
demarcus robinson,UNKNOWN_STATUS,False,VETERAN_AUCTION_ELIGIBLE,True,True,"fp_only_fallback_eligible divergence (documented, intentional -- see module docstring): no data/nflverse/player_stats_reg_2025.csv in this environment to verify NFL debut, so the mock-draft path treats an unverified FantasyPros-ranked player as eligible for pool-depth purposes while the real price sheet keeps them excluded pending real data."
demario douglas,UNKNOWN_STATUS,False,VETERAN_AUCTION_ELIGIBLE,True,True,"fp_only_fallback_eligible divergence (documented, intentional -- see module docstring): no data/nflverse/player_stats_reg_2025.csv in this environment to verify NFL debut, so the mock-draft path treats an unverified FantasyPros-ranked player as eligible for pool-depth purposes while the real price sheet keeps them excluded pending real data."
demond claiborne,UNKNOWN_STATUS,False,VETERAN_AUCTION_ELIGIBLE,True,True,"fp_only_fallback_eligible divergence (documented, intentional -- see module docstring): no data/nflverse/player_stats_reg_2025.csv in this environment to verify NFL debut, so the mock-draft path treats an unverified FantasyPros-ranked player as eligible for pool-depth purposes while the real price sheet keeps them excluded pending real data."
deshaun watson,UNKNOWN_STATUS,False,VETERAN_AUCTION_ELIGIBLE,True,True,"fp_only_fallback_eligible divergence (documented, intentional -- see module docstring): no data/nflverse/player_stats_reg_2025.csv in this environment to verify NFL debut, so the mock-draft path treats an unverified FantasyPros-ranked player as eligible for pool-depth purposes while the real price sheet keeps them excluded pending real data."
devin singletary,UNKNOWN_STATUS,False,VETERAN_AUCTION_ELIGIBLE,True,True,"fp_only_fallback_eligible divergence (documented, intentional -- see module docstring): no data/nflverse/player_stats_reg_2025.csv in this environment to verify NFL debut, so the mock-draft path treats an unverified FantasyPros-ranked player as eligible for pool-depth purposes while the real price sheet keeps them excluded pending real data."
devontez walker,UNKNOWN_STATUS,False,VETERAN_AUCTION_ELIGIBLE,True,True,"fp_only_fallback_eligible divergence (documented, intentional -- see module docstring): no data/nflverse/player_stats_reg_2025.csv in this environment to verify NFL debut, so the mock-draft path treats an unverified FantasyPros-ranked player as eligible for pool-depth purposes while the real price sheet keeps them excluded pending real data."
dezhaun stribling,UNKNOWN_STATUS,False,VETERAN_AUCTION_ELIGIBLE,True,True,"fp_only_fallback_eligible divergence (documented, intentional -- see module docstring): no data/nflverse/player_stats_reg_2025.csv in this environment to verify NFL debut, so the mock-draft path treats an unverified FantasyPros-ranked player as eligible for pool-depth purposes while the real price sheet keeps them excluded pending real data."
dj giddens,UNKNOWN_STATUS,False,VETERAN_AUCTION_ELIGIBLE,True,True,"fp_only_fallback_eligible divergence (documented, intentional -- see module docstring): no data/nflverse/player_stats_reg_2025.csv in this environment to verify NFL debut, so the mock-draft path treats an unverified FantasyPros-ranked player as eligible for pool-depth purposes while the real price sheet keeps them excluded pending real data."
dontayvion wicks,UNKNOWN_STATUS,False,VETERAN_AUCTION_ELIGIBLE,True,True,"fp_only_fallback_eligible divergence (documented, intentional -- see module docstring): no data/nflverse/player_stats_reg_2025.csv in this environment to verify NFL debut, so the mock-draft path treats an unverified FantasyPros-ranked player as eligible for pool-depth purposes while the real price sheet keeps them excluded pending real data."
donte thornton,UNKNOWN_STATUS,False,VETERAN_AUCTION_ELIGIBLE,True,True,"fp_only_fallback_eligible divergence (documented, intentional -- see module docstring): no data/nflverse/player_stats_reg_2025.csv in this environment to verify NFL debut, so the mock-draft path treats an unverified FantasyPros-ranked player as eligible for pool-depth purposes while the real price sheet keeps them excluded pending real data."
drew allar,UNKNOWN_STATUS,False,VETERAN_AUCTION_ELIGIBLE,True,True,"fp_only_fallback_eligible divergence (documented, intentional -- see module docstring): no data/nflverse/player_stats_reg_2025.csv in this environment to verify NFL debut, so the mock-draft path treats an unverified FantasyPros-ranked player as eligible for pool-depth purposes while the real price sheet keeps them excluded pending real data."
drew sample,UNKNOWN_STATUS,False,VETERAN_AUCTION_ELIGIBLE,True,True,"fp_only_fallback_eligible divergence (documented, intentional -- see module docstring): no data/nflverse/player_stats_reg_2025.csv in this environment to verify NFL debut, so the mock-draft path treats an unverified FantasyPros-ranked player as eligible for pool-depth purposes while the real price sheet keeps them excluded pending real data."
durham smythe,UNKNOWN_STATUS,False,VETERAN_AUCTION_ELIGIBLE,True,True,"fp_only_fallback_eligible divergence (documented, intentional -- see module docstring): no data/nflverse/player_stats_reg_2025.csv in this environment to verify NFL debut, so the mock-draft path treats an unverified FantasyPros-ranked player as eligible for pool-depth purposes while the real price sheet keeps them excluded pending real data."
dyami brown,UNKNOWN_STATUS,False,VETERAN_AUCTION_ELIGIBLE,True,True,"fp_only_fallback_eligible divergence (documented, intentional -- see module docstring): no data/nflverse/player_stats_reg_2025.csv in this environment to verify NFL debut, so the mock-draft path treats an unverified FantasyPros-ranked player as eligible for pool-depth purposes while the real price sheet keeps them excluded pending real data."
dylan laube,UNKNOWN_STATUS,False,VETERAN_AUCTION_ELIGIBLE,True,True,"fp_only_fallback_eligible divergence (documented, intentional -- see module docstring): no data/nflverse/player_stats_reg_2025.csv in this environment to verify NFL debut, so the mock-draft path treats an unverified FantasyPros-ranked player as eligible for pool-depth purposes while the real price sheet keeps them excluded pending real data."
dylan sampson,UNKNOWN_STATUS,False,VETERAN_AUCTION_ELIGIBLE,True,True,"fp_only_fallback_eligible divergence (documented, intentional -- see module docstring): no data/nflverse/player_stats_reg_2025.csv in this environment to verify NFL debut, so the mock-draft path treats an unverified FantasyPros-ranked player as eligible for pool-depth purposes while the real price sheet keeps them excluded pending real data."
eli heidenreich,UNKNOWN_STATUS,False,VETERAN_AUCTION_ELIGIBLE,True,True,"fp_only_fallback_eligible divergence (documented, intentional -- see module docstring): no data/nflverse/player_stats_reg_2025.csv in this environment to verify NFL debut, so the mock-draft path treats an unverified FantasyPros-ranked player as eligible for pool-depth purposes while the real price sheet keeps them excluded pending real data."
eli raridon,UNKNOWN_STATUS,False,VETERAN_AUCTION_ELIGIBLE,True,True,"fp_only_fallback_eligible divergence (documented, intentional -- see module docstring): no data/nflverse/player_stats_reg_2025.csv in this environment to verify NFL debut, so the mock-draft path treats an unverified FantasyPros-ranked player as eligible for pool-depth purposes while the real price sheet keeps them excluded pending real data."
eli stowers,UNKNOWN_STATUS,False,VETERAN_AUCTION_ELIGIBLE,True,True,"fp_only_fallback_eligible divergence (documented, intentional -- see module docstring): no data/nflverse/player_stats_reg_2025.csv in this environment to verify NFL debut, so the mock-draft path treats an unverified FantasyPros-ranked player as eligible for pool-depth purposes while the real price sheet keeps them excluded pending real data."
elijah arroyo,UNKNOWN_STATUS,False,VETERAN_AUCTION_ELIGIBLE,True,True,"fp_only_fallback_eligible divergence (documented, intentional -- see module docstring): no data/nflverse/player_stats_reg_2025.csv in this environment to verify NFL debut, so the mock-draft path treats an unverified FantasyPros-ranked player as eligible for pool-depth purposes while the real price sheet keeps them excluded pending real data."
elijah higgins,UNKNOWN_STATUS,False,VETERAN_AUCTION_ELIGIBLE,True,True,"fp_only_fallback_eligible divergence (documented, intentional -- see module docstring): no data/nflverse/player_stats_reg_2025.csv in this environment to verify NFL debut, so the mock-draft path treats an unverified FantasyPros-ranked player as eligible for pool-depth purposes while the real price sheet keeps them excluded pending real data."
elijah moore,UNKNOWN_STATUS,False,VETERAN_AUCTION_ELIGIBLE,True,True,"fp_only_fallback_eligible divergence (documented, intentional -- see module docstring): no data/nflverse/player_stats_reg_2025.csv in this environment to verify NFL debut, so the mock-draft path treats an unverified FantasyPros-ranked player as eligible for pool-depth purposes while the real price sheet keeps them excluded pending real data."
emari demercado,UNKNOWN_STATUS,False,VETERAN_AUCTION_ELIGIBLE,True,True,"fp_only_fallback_eligible divergence (documented, intentional -- see module docstring): no data/nflverse/player_stats_reg_2025.csv in this environment to verify NFL debut, so the mock-draft path treats an unverified FantasyPros-ranked player as eligible for pool-depth purposes while the real price sheet keeps them excluded pending real data."
erick all,UNKNOWN_STATUS,False,VETERAN_AUCTION_ELIGIBLE,True,True,"fp_only_fallback_eligible divergence (documented, intentional -- see module docstring): no data/nflverse/player_stats_reg_2025.csv in this environment to verify NFL debut, so the mock-draft path treats an unverified FantasyPros-ranked player as eligible for pool-depth purposes while the real price sheet keeps them excluded pending real data."
evan engram,UNKNOWN_STATUS,False,VETERAN_AUCTION_ELIGIBLE,True,True,"fp_only_fallback_eligible divergence (documented, intentional -- see module docstring): no data/nflverse/player_stats_reg_2025.csv in this environment to verify NFL debut, so the mock-draft path treats an unverified FantasyPros-ranked player as eligible for pool-depth purposes while the real price sheet keeps them excluded pending real data."
frank gore,UNKNOWN_STATUS,False,VETERAN_AUCTION_ELIGIBLE,True,True,"fp_only_fallback_eligible divergence (documented, intentional -- see module docstring): no data/nflverse/player_stats_reg_2025.csv in this environment to verify NFL debut, so the mock-draft path treats an unverified FantasyPros-ranked player as eligible for pool-depth purposes while the real price sheet keeps them excluded pending real data."
gardner minshew,UNKNOWN_STATUS,False,VETERAN_AUCTION_ELIGIBLE,True,True,"fp_only_fallback_eligible divergence (documented, intentional -- see module docstring): no data/nflverse/player_stats_reg_2025.csv in this environment to verify NFL debut, so the mock-draft path treats an unverified FantasyPros-ranked player as eligible for pool-depth purposes while the real price sheet keeps them excluded pending real data."
geno smith,UNKNOWN_STATUS,False,VETERAN_AUCTION_ELIGIBLE,True,True,"fp_only_fallback_eligible divergence (documented, intentional -- see module docstring): no data/nflverse/player_stats_reg_2025.csv in this environment to verify NFL debut, so the mock-draft path treats an unverified FantasyPros-ranked player as eligible for pool-depth purposes while the real price sheet keeps them excluded pending real data."
george holani,UNKNOWN_STATUS,False,VETERAN_AUCTION_ELIGIBLE,True,True,"fp_only_fallback_eligible divergence (documented, intentional -- see module docstring): no data/nflverse/player_stats_reg_2025.csv in this environment to verify NFL debut, so the mock-draft path treats an unverified FantasyPros-ranked player as eligible for pool-depth purposes while the real price sheet keeps them excluded pending real data."
greg dortch,UNKNOWN_STATUS,False,VETERAN_AUCTION_ELIGIBLE,True,True,"fp_only_fallback_eligible divergence (documented, intentional -- see module docstring): no data/nflverse/player_stats_reg_2025.csv in this environment to verify NFL debut, so the mock-draft path treats an unverified FantasyPros-ranked player as eligible for pool-depth purposes while the real price sheet keeps them excluded pending real data."
greg dulcich,UNKNOWN_STATUS,False,VETERAN_AUCTION_ELIGIBLE,True,True,"fp_only_fallback_eligible divergence (documented, intentional -- see module docstring): no data/nflverse/player_stats_reg_2025.csv in this environment to verify NFL debut, so the mock-draft path treats an unverified FantasyPros-ranked player as eligible for pool-depth purposes while the real price sheet keeps them excluded pending real data."
gunnar helm,UNKNOWN_STATUS,False,VETERAN_AUCTION_ELIGIBLE,True,True,"fp_only_fallback_eligible divergence (documented, intentional -- see module docstring): no data/nflverse/player_stats_reg_2025.csv in this environment to verify NFL debut, so the mock-draft path treats an unverified FantasyPros-ranked player as eligible for pool-depth purposes while the real price sheet keeps them excluded pending real data."
hollywood brown,UNKNOWN_STATUS,False,VETERAN_AUCTION_ELIGIBLE,True,True,"fp_only_fallback_eligible divergence (documented, intentional -- see module docstring): no data/nflverse/player_stats_reg_2025.csv in this environment to verify NFL debut, so the mock-draft path treats an unverified FantasyPros-ranked player as eligible for pool-depth purposes while the real price sheet keeps them excluded pending real data."
hunter luepke,UNKNOWN_STATUS,False,VETERAN_AUCTION_ELIGIBLE,True,True,"fp_only_fallback_eligible divergence (documented, intentional -- see module docstring): no data/nflverse/player_stats_reg_2025.csv in this environment to verify NFL debut, so the mock-draft path treats an unverified FantasyPros-ranked player as eligible for pool-depth purposes while the real price sheet keeps them excluded pending real data."
isaac guerendo,UNKNOWN_STATUS,False,VETERAN_AUCTION_ELIGIBLE,True,True,"fp_only_fallback_eligible divergence (documented, intentional -- see module docstring): no data/nflverse/player_stats_reg_2025.csv in this environment to verify NFL debut, so the mock-draft path treats an unverified FantasyPros-ranked player as eligible for pool-depth purposes while the real price sheet keeps them excluded pending real data."
isaac teslaa,UNKNOWN_STATUS,False,VETERAN_AUCTION_ELIGIBLE,True,True,"fp_only_fallback_eligible divergence (documented, intentional -- see module docstring): no data/nflverse/player_stats_reg_2025.csv in this environment to verify NFL debut, so the mock-draft path treats an unverified FantasyPros-ranked player as eligible for pool-depth purposes while the real price sheet keeps them excluded pending real data."
isaiah likely,UNKNOWN_STATUS,False,VETERAN_AUCTION_ELIGIBLE,True,True,"fp_only_fallback_eligible divergence (documented, intentional -- see module docstring): no data/nflverse/player_stats_reg_2025.csv in this environment to verify NFL debut, so the mock-draft path treats an unverified FantasyPros-ranked player as eligible for pool-depth purposes while the real price sheet keeps them excluded pending real data."
isaiah williams,UNKNOWN_STATUS,False,VETERAN_AUCTION_ELIGIBLE,True,True,"fp_only_fallback_eligible divergence (documented, intentional -- see module docstring): no data/nflverse/player_stats_reg_2025.csv in this environment to verify NFL debut, so the mock-draft path treats an unverified FantasyPros-ranked player as eligible for pool-depth purposes while the real price sheet keeps them excluded pending real data."
jack bech,UNKNOWN_STATUS,False,VETERAN_AUCTION_ELIGIBLE,True,True,"fp_only_fallback_eligible divergence (documented, intentional -- see module docstring): no data/nflverse/player_stats_reg_2025.csv in this environment to verify NFL debut, so the mock-draft path treats an unverified FantasyPros-ranked player as eligible for pool-depth purposes while the real price sheet keeps them excluded pending real data."
jackson hawes,UNKNOWN_STATUS,False,VETERAN_AUCTION_ELIGIBLE,True,True,"fp_only_fallback_eligible divergence (documented, intentional -- see module docstring): no data/nflverse/player_stats_reg_2025.csv in this environment to verify NFL debut, so the mock-draft path treats an unverified FantasyPros-ranked player as eligible for pool-depth purposes while the real price sheet keeps them excluded pending real data."
jacob cowing,UNKNOWN_STATUS,False,VETERAN_AUCTION_ELIGIBLE,True,True,"fp_only_fallback_eligible divergence (documented, intentional -- see module docstring): no data/nflverse/player_stats_reg_2025.csv in this environment to verify NFL debut, so the mock-draft path treats an unverified FantasyPros-ranked player as eligible for pool-depth purposes while the real price sheet keeps them excluded pending real data."
jacob saylors,UNKNOWN_STATUS,False,VETERAN_AUCTION_ELIGIBLE,True,True,"fp_only_fallback_eligible divergence (documented, intentional -- see module docstring): no data/nflverse/player_stats_reg_2025.csv in this environment to verify NFL debut, so the mock-draft path treats an unverified FantasyPros-ranked player as eligible for pool-depth purposes while the real price sheet keeps them excluded pending real data."
jacory croskey merritt,UNKNOWN_STATUS,False,VETERAN_AUCTION_ELIGIBLE,True,True,"fp_only_fallback_eligible divergence (documented, intentional -- see module docstring): no data/nflverse/player_stats_reg_2025.csv in this environment to verify NFL debut, so the mock-draft path treats an unverified FantasyPros-ranked player as eligible for pool-depth purposes while the real price sheet keeps them excluded pending real data."
jahan dotson,UNKNOWN_STATUS,False,VETERAN_AUCTION_ELIGIBLE,True,True,"fp_only_fallback_eligible divergence (documented, intentional -- see module docstring): no data/nflverse/player_stats_reg_2025.csv in this environment to verify NFL debut, so the mock-draft path treats an unverified FantasyPros-ranked player as eligible for pool-depth purposes while the real price sheet keeps them excluded pending real data."
jahdae walker,UNKNOWN_STATUS,False,VETERAN_AUCTION_ELIGIBLE,True,True,"fp_only_fallback_eligible divergence (documented, intentional -- see module docstring): no data/nflverse/player_stats_reg_2025.csv in this environment to verify NFL debut, so the mock-draft path treats an unverified FantasyPros-ranked player as eligible for pool-depth purposes while the real price sheet keeps them excluded pending real data."
jake browning,UNKNOWN_STATUS,False,VETERAN_AUCTION_ELIGIBLE,True,True,"fp_only_fallback_eligible divergence (documented, intentional -- see module docstring): no data/nflverse/player_stats_reg_2025.csv in this environment to verify NFL debut, so the mock-draft path treats an unverified FantasyPros-ranked player as eligible for pool-depth purposes while the real price sheet keeps them excluded pending real data."
jake tonges,UNKNOWN_STATUS,False,VETERAN_AUCTION_ELIGIBLE,True,True,"fp_only_fallback_eligible divergence (documented, intentional -- see module docstring): no data/nflverse/player_stats_reg_2025.csv in this environment to verify NFL debut, so the mock-draft path treats an unverified FantasyPros-ranked player as eligible for pool-depth purposes while the real price sheet keeps them excluded pending real data."
jaleel mclaughlin,UNKNOWN_STATUS,False,VETERAN_AUCTION_ELIGIBLE,True,True,"fp_only_fallback_eligible divergence (documented, intentional -- see module docstring): no data/nflverse/player_stats_reg_2025.csv in this environment to verify NFL debut, so the mock-draft path treats an unverified FantasyPros-ranked player as eligible for pool-depth purposes while the real price sheet keeps them excluded pending real data."
jalen nailor,UNKNOWN_STATUS,False,VETERAN_AUCTION_ELIGIBLE,True,True,"fp_only_fallback_eligible divergence (documented, intentional -- see module docstring): no data/nflverse/player_stats_reg_2025.csv in this environment to verify NFL debut, so the mock-draft path treats an unverified FantasyPros-ranked player as eligible for pool-depth purposes while the real price sheet keeps them excluded pending real data."
jalen reagor,UNKNOWN_STATUS,False,VETERAN_AUCTION_ELIGIBLE,True,True,"fp_only_fallback_eligible divergence (documented, intentional -- see module docstring): no data/nflverse/player_stats_reg_2025.csv in this environment to verify NFL debut, so the mock-draft path treats an unverified FantasyPros-ranked player as eligible for pool-depth purposes while the real price sheet keeps them excluded pending real data."
jalen tolbert,UNKNOWN_STATUS,False,VETERAN_AUCTION_ELIGIBLE,True,True,"fp_only_fallback_eligible divergence (documented, intentional -- see module docstring): no data/nflverse/player_stats_reg_2025.csv in this environment to verify NFL debut, so the mock-draft path treats an unverified FantasyPros-ranked player as eligible for pool-depth purposes while the real price sheet keeps them excluded pending real data."
jam miller,UNKNOWN_STATUS,False,VETERAN_AUCTION_ELIGIBLE,True,True,"fp_only_fallback_eligible divergence (documented, intentional -- see module docstring): no data/nflverse/player_stats_reg_2025.csv in this environment to verify NFL debut, so the mock-draft path treats an unverified FantasyPros-ranked player as eligible for pool-depth purposes while the real price sheet keeps them excluded pending real data."
jameis winston,UNKNOWN_STATUS,False,VETERAN_AUCTION_ELIGIBLE,True,True,"fp_only_fallback_eligible divergence (documented, intentional -- see module docstring): no data/nflverse/player_stats_reg_2025.csv in this environment to verify NFL debut, so the mock-draft path treats an unverified FantasyPros-ranked player as eligible for pool-depth purposes while the real price sheet keeps them excluded pending real data."
jaret patterson,UNKNOWN_STATUS,False,VETERAN_AUCTION_ELIGIBLE,True,True,"fp_only_fallback_eligible divergence (documented, intentional -- see module docstring): no data/nflverse/player_stats_reg_2025.csv in this environment to verify NFL debut, so the mock-draft path treats an unverified FantasyPros-ranked player as eligible for pool-depth purposes while the real price sheet keeps them excluded pending real data."
jarquez hunter,UNKNOWN_STATUS,False,VETERAN_AUCTION_ELIGIBLE,True,True,"fp_only_fallback_eligible divergence (documented, intentional -- see module docstring): no data/nflverse/player_stats_reg_2025.csv in this environment to verify NFL debut, so the mock-draft path treats an unverified FantasyPros-ranked player as eligible for pool-depth purposes while the real price sheet keeps them excluded pending real data."
jatavion sanders,UNKNOWN_STATUS,False,VETERAN_AUCTION_ELIGIBLE,True,True,"fp_only_fallback_eligible divergence (documented, intentional -- see module docstring): no data/nflverse/player_stats_reg_2025.csv in this environment to verify NFL debut, so the mock-draft path treats an unverified FantasyPros-ranked player as eligible for pool-depth purposes while the real price sheet keeps them excluded pending real data."
jauan jennings,UNKNOWN_STATUS,False,VETERAN_AUCTION_ELIGIBLE,True,True,"fp_only_fallback_eligible divergence (documented, intentional -- see module docstring): no data/nflverse/player_stats_reg_2025.csv in this environment to verify NFL debut, so the mock-draft path treats an unverified FantasyPros-ranked player as eligible for pool-depth purposes while the real price sheet keeps them excluded pending real data."
jawhar jordan,UNKNOWN_STATUS,False,VETERAN_AUCTION_ELIGIBLE,True,True,"fp_only_fallback_eligible divergence (documented, intentional -- see module docstring): no data/nflverse/player_stats_reg_2025.csv in this environment to verify NFL debut, so the mock-draft path treats an unverified FantasyPros-ranked player as eligible for pool-depth purposes while the real price sheet keeps them excluded pending real data."
jaylen wright,UNKNOWN_STATUS,False,VETERAN_AUCTION_ELIGIBLE,True,True,"fp_only_fallback_eligible divergence (documented, intentional -- see module docstring): no data/nflverse/player_stats_reg_2025.csv in this environment to verify NFL debut, so the mock-draft path treats an unverified FantasyPros-ranked player as eligible for pool-depth purposes while the real price sheet keeps them excluded pending real data."
jaylin lane,UNKNOWN_STATUS,False,VETERAN_AUCTION_ELIGIBLE,True,True,"fp_only_fallback_eligible divergence (documented, intentional -- see module docstring): no data/nflverse/player_stats_reg_2025.csv in this environment to verify NFL debut, so the mock-draft path treats an unverified FantasyPros-ranked player as eligible for pool-depth purposes while the real price sheet keeps them excluded pending real data."
jaylin noel,UNKNOWN_STATUS,False,VETERAN_AUCTION_ELIGIBLE,True,True,"fp_only_fallback_eligible divergence (documented, intentional -- see module docstring): no data/nflverse/player_stats_reg_2025.csv in this environment to verify NFL debut, so the mock-draft path treats an unverified FantasyPros-ranked player as eligible for pool-depth purposes while the real price sheet keeps them excluded pending real data."
jeremy mcnichols,UNKNOWN_STATUS,False,VETERAN_AUCTION_ELIGIBLE,True,True,"fp_only_fallback_eligible divergence (documented, intentional -- see module docstring): no data/nflverse/player_stats_reg_2025.csv in this environment to verify NFL debut, so the mock-draft path treats an unverified FantasyPros-ranked player as eligible for pool-depth purposes while the real price sheet keeps them excluded pending real data."
jeremy ruckert,UNKNOWN_STATUS,False,VETERAN_AUCTION_ELIGIBLE,True,True,"fp_only_fallback_eligible divergence (documented, intentional -- see module docstring): no data/nflverse/player_stats_reg_2025.csv in this environment to verify NFL debut, so the mock-draft path treats an unverified FantasyPros-ranked player as eligible for pool-depth purposes while the real price sheet keeps them excluded pending real data."
jerome ford,UNKNOWN_STATUS,False,VETERAN_AUCTION_ELIGIBLE,True,True,"fp_only_fallback_eligible divergence (documented, intentional -- see module docstring): no data/nflverse/player_stats_reg_2025.csv in this environment to verify NFL debut, so the mock-draft path treats an unverified FantasyPros-ranked player as eligible for pool-depth purposes while the real price sheet keeps them excluded pending real data."
jerry jeudy,UNKNOWN_STATUS,False,VETERAN_AUCTION_ELIGIBLE,True,True,"fp_only_fallback_eligible divergence (documented, intentional -- see module docstring): no data/nflverse/player_stats_reg_2025.csv in this environment to verify NFL debut, so the mock-draft path treats an unverified FantasyPros-ranked player as eligible for pool-depth purposes while the real price sheet keeps them excluded pending real data."
jimmy horn,UNKNOWN_STATUS,False,VETERAN_AUCTION_ELIGIBLE,True,True,"fp_only_fallback_eligible divergence (documented, intentional -- see module docstring): no data/nflverse/player_stats_reg_2025.csv in this environment to verify NFL debut, so the mock-draft path treats an unverified FantasyPros-ranked player as eligible for pool-depth purposes while the real price sheet keeps them excluded pending real data."
jmari taylor,UNKNOWN_STATUS,False,VETERAN_AUCTION_ELIGIBLE,True,True,"fp_only_fallback_eligible divergence (documented, intentional -- see module docstring): no data/nflverse/player_stats_reg_2025.csv in this environment to verify NFL debut, so the mock-draft path treats an unverified FantasyPros-ranked player as eligible for pool-depth purposes while the real price sheet keeps them excluded pending real data."
joe flacco,UNKNOWN_STATUS,False,VETERAN_AUCTION_ELIGIBLE,True,True,"fp_only_fallback_eligible divergence (documented, intentional -- see module docstring): no data/nflverse/player_stats_reg_2025.csv in this environment to verify NFL debut, so the mock-draft path treats an unverified FantasyPros-ranked player as eligible for pool-depth purposes while the real price sheet keeps them excluded pending real data."
joe milton,UNKNOWN_STATUS,False,VETERAN_AUCTION_ELIGIBLE,True,True,"fp_only_fallback_eligible divergence (documented, intentional -- see module docstring): no data/nflverse/player_stats_reg_2025.csv in this environment to verify NFL debut, so the mock-draft path treats an unverified FantasyPros-ranked player as eligible for pool-depth purposes while the real price sheet keeps them excluded pending real data."
joe mixon,UNKNOWN_STATUS,False,VETERAN_AUCTION_ELIGIBLE,True,True,"fp_only_fallback_eligible divergence (documented, intentional -- see module docstring): no data/nflverse/player_stats_reg_2025.csv in this environment to verify NFL debut, so the mock-draft path treats an unverified FantasyPros-ranked player as eligible for pool-depth purposes while the real price sheet keeps them excluded pending real data."
john bates,UNKNOWN_STATUS,False,VETERAN_AUCTION_ELIGIBLE,True,True,"fp_only_fallback_eligible divergence (documented, intentional -- see module docstring): no data/nflverse/player_stats_reg_2025.csv in this environment to verify NFL debut, so the mock-draft path treats an unverified FantasyPros-ranked player as eligible for pool-depth purposes while the real price sheet keeps them excluded pending real data."
john metchie,UNKNOWN_STATUS,False,VETERAN_AUCTION_ELIGIBLE,True,True,"fp_only_fallback_eligible divergence (documented, intentional -- see module docstring): no data/nflverse/player_stats_reg_2025.csv in this environment to verify NFL debut, so the mock-draft path treats an unverified FantasyPros-ranked player as eligible for pool-depth purposes while the real price sheet keeps them excluded pending real data."
jonathon brooks,UNKNOWN_STATUS,False,VETERAN_AUCTION_ELIGIBLE,True,True,"fp_only_fallback_eligible divergence (documented, intentional -- see module docstring): no data/nflverse/player_stats_reg_2025.csv in this environment to verify NFL debut, so the mock-draft path treats an unverified FantasyPros-ranked player as eligible for pool-depth purposes while the real price sheet keeps them excluded pending real data."
jonnu smith,UNKNOWN_STATUS,False,VETERAN_AUCTION_ELIGIBLE,True,True,"fp_only_fallback_eligible divergence (documented, intentional -- see module docstring): no data/nflverse/player_stats_reg_2025.csv in this environment to verify NFL debut, so the mock-draft path treats an unverified FantasyPros-ranked player as eligible for pool-depth purposes while the real price sheet keeps them excluded pending real data."
jordan watkins,UNKNOWN_STATUS,False,VETERAN_AUCTION_ELIGIBLE,True,True,"fp_only_fallback_eligible divergence (documented, intentional -- see module docstring): no data/nflverse/player_stats_reg_2025.csv in this environment to verify NFL debut, so the mock-draft path treats an unverified FantasyPros-ranked player as eligible for pool-depth purposes while the real price sheet keeps them excluded pending real data."
jordan whittington,UNKNOWN_STATUS,False,VETERAN_AUCTION_ELIGIBLE,True,True,"fp_only_fallback_eligible divergence (documented, intentional -- see module docstring): no data/nflverse/player_stats_reg_2025.csv in this environment to verify NFL debut, so the mock-draft path treats an unverified FantasyPros-ranked player as eligible for pool-depth purposes while the real price sheet keeps them excluded pending real data."
josh cameron,UNKNOWN_STATUS,False,VETERAN_AUCTION_ELIGIBLE,True,True,"fp_only_fallback_eligible divergence (documented, intentional -- see module docstring): no data/nflverse/player_stats_reg_2025.csv in this environment to verify NFL debut, so the mock-draft path treats an unverified FantasyPros-ranked player as eligible for pool-depth purposes while the real price sheet keeps them excluded pending real data."
josh oliver,UNKNOWN_STATUS,False,VETERAN_AUCTION_ELIGIBLE,True,True,"fp_only_fallback_eligible divergence (documented, intentional -- see module docstring): no data/nflverse/player_stats_reg_2025.csv in this environment to verify NFL debut, so the mock-draft path treats an unverified FantasyPros-ranked player as eligible for pool-depth purposes while the real price sheet keeps them excluded pending real data."
josh williams,UNKNOWN_STATUS,False,VETERAN_AUCTION_ELIGIBLE,True,True,"fp_only_fallback_eligible divergence (documented, intentional -- see module docstring): no data/nflverse/player_stats_reg_2025.csv in this environment to verify NFL debut, so the mock-draft path treats an unverified FantasyPros-ranked player as eligible for pool-depth purposes while the real price sheet keeps them excluded pending real data."
joshua palmer,UNKNOWN_STATUS,False,VETERAN_AUCTION_ELIGIBLE,True,True,"fp_only_fallback_eligible divergence (documented, intentional -- see module docstring): no data/nflverse/player_stats_reg_2025.csv in this environment to verify NFL debut, so the mock-draft path treats an unverified FantasyPros-ranked player as eligible for pool-depth purposes while the real price sheet keeps them excluded pending real data."
justice hill,UNKNOWN_STATUS,False,VETERAN_AUCTION_ELIGIBLE,True,True,"fp_only_fallback_eligible divergence (documented, intentional -- see module docstring): no data/nflverse/player_stats_reg_2025.csv in this environment to verify NFL debut, so the mock-draft path treats an unverified FantasyPros-ranked player as eligible for pool-depth purposes while the real price sheet keeps them excluded pending real data."
justin fields,UNKNOWN_STATUS,False,VETERAN_AUCTION_ELIGIBLE,True,True,"fp_only_fallback_eligible divergence (documented, intentional -- see module docstring): no data/nflverse/player_stats_reg_2025.csv in this environment to verify NFL debut, so the mock-draft path treats an unverified FantasyPros-ranked player as eligible for pool-depth purposes while the real price sheet keeps them excluded pending real data."
justin joly,UNKNOWN_STATUS,False,VETERAN_AUCTION_ELIGIBLE,True,True,"fp_only_fallback_eligible divergence (documented, intentional -- see module docstring): no data/nflverse/player_stats_reg_2025.csv in this environment to verify NFL debut, so the mock-draft path treats an unverified FantasyPros-ranked player as eligible for pool-depth purposes while the real price sheet keeps them excluded pending real data."
kaelon black,UNKNOWN_STATUS,False,VETERAN_AUCTION_ELIGIBLE,True,True,"fp_only_fallback_eligible divergence (documented, intentional -- see module docstring): no data/nflverse/player_stats_reg_2025.csv in this environment to verify NFL debut, so the mock-draft path treats an unverified FantasyPros-ranked player as eligible for pool-depth purposes while the real price sheet keeps them excluded pending real data."
kalif raymond,UNKNOWN_STATUS,False,VETERAN_AUCTION_ELIGIBLE,True,True,"fp_only_fallback_eligible divergence (documented, intentional -- see module docstring): no data/nflverse/player_stats_reg_2025.csv in this environment to verify NFL debut, so the mock-draft path treats an unverified FantasyPros-ranked player as eligible for pool-depth purposes while the real price sheet keeps them excluded pending real data."
kavontae turpin,UNKNOWN_STATUS,False,VETERAN_AUCTION_ELIGIBLE,True,True,"fp_only_fallback_eligible divergence (documented, intentional -- see module docstring): no data/nflverse/player_stats_reg_2025.csv in this environment to verify NFL debut, so the mock-draft path treats an unverified FantasyPros-ranked player as eligible for pool-depth purposes while the real price sheet keeps them excluded pending real data."
kc concepcion,UNKNOWN_STATUS,False,VETERAN_AUCTION_ELIGIBLE,True,True,"fp_only_fallback_eligible divergence (documented, intentional -- see module docstring): no data/nflverse/player_stats_reg_2025.csv in this environment to verify NFL debut, so the mock-draft path treats an unverified FantasyPros-ranked player as eligible for pool-depth purposes while the real price sheet keeps them excluded pending real data."
keandre lambert smith,UNKNOWN_STATUS,False,VETERAN_AUCTION_ELIGIBLE,True,True,"fp_only_fallback_eligible divergence (documented, intentional -- see module docstring): no data/nflverse/player_stats_reg_2025.csv in this environment to verify NFL debut, so the mock-draft path treats an unverified FantasyPros-ranked player as eligible for pool-depth purposes while the real price sheet keeps them excluded pending real data."
kendre miller,UNKNOWN_STATUS,False,VETERAN_AUCTION_ELIGIBLE,True,True,"fp_only_fallback_eligible divergence (documented, intentional -- see module docstring): no data/nflverse/player_stats_reg_2025.csv in this environment to verify NFL debut, so the mock-draft path treats an unverified FantasyPros-ranked player as eligible for pool-depth purposes while the real price sheet keeps them excluded pending real data."
kendrick bourne,UNKNOWN_STATUS,False,VETERAN_AUCTION_ELIGIBLE,True,True,"fp_only_fallback_eligible divergence (documented, intentional -- see module docstring): no data/nflverse/player_stats_reg_2025.csv in this environment to verify NFL debut, so the mock-draft path treats an unverified FantasyPros-ranked player as eligible for pool-depth purposes while the real price sheet keeps them excluded pending real data."
kene nwangwu,UNKNOWN_STATUS,False,VETERAN_AUCTION_ELIGIBLE,True,True,"fp_only_fallback_eligible divergence (documented, intentional -- see module docstring): no data/nflverse/player_stats_reg_2025.csv in this environment to verify NFL debut, so the mock-draft path treats an unverified FantasyPros-ranked player as eligible for pool-depth purposes while the real price sheet keeps them excluded pending real data."
kenny gainwell,UNKNOWN_STATUS,False,VETERAN_AUCTION_ELIGIBLE,True,True,"fp_only_fallback_eligible divergence (documented, intentional -- see module docstring): no data/nflverse/player_stats_reg_2025.csv in this environment to verify NFL debut, so the mock-draft path treats an unverified FantasyPros-ranked player as eligible for pool-depth purposes while the real price sheet keeps them excluded pending real data."
kevin coleman,UNKNOWN_STATUS,False,VETERAN_AUCTION_ELIGIBLE,True,True,"fp_only_fallback_eligible divergence (documented, intentional -- see module docstring): no data/nflverse/player_stats_reg_2025.csv in this environment to verify NFL debut, so the mock-draft path treats an unverified FantasyPros-ranked player as eligible for pool-depth purposes while the real price sheet keeps them excluded pending real data."
khalil herbert,UNKNOWN_STATUS,False,VETERAN_AUCTION_ELIGIBLE,True,True,"fp_only_fallback_eligible divergence (documented, intentional -- see module docstring): no data/nflverse/player_stats_reg_2025.csv in this environment to verify NFL debut, so the mock-draft path treats an unverified FantasyPros-ranked player as eligible for pool-depth purposes while the real price sheet keeps them excluded pending real data."
kirk cousins,UNKNOWN_STATUS,False,VETERAN_AUCTION_ELIGIBLE,True,True,"fp_only_fallback_eligible divergence (documented, intentional -- see module docstring): no data/nflverse/player_stats_reg_2025.csv in this environment to verify NFL debut, so the mock-draft path treats an unverified FantasyPros-ranked player as eligible for pool-depth purposes while the real price sheet keeps them excluded pending real data."
konata mumpfield,UNKNOWN_STATUS,False,VETERAN_AUCTION_ELIGIBLE,True,True,"fp_only_fallback_eligible divergence (documented, intentional -- see module docstring): no data/nflverse/player_stats_reg_2025.csv in this environment to verify NFL debut, so the mock-draft path treats an unverified FantasyPros-ranked player as eligible for pool-depth purposes while the real price sheet keeps them excluded pending real data."
kyle juszczyk,UNKNOWN_STATUS,False,VETERAN_AUCTION_ELIGIBLE,True,True,"fp_only_fallback_eligible divergence (documented, intentional -- see module docstring): no data/nflverse/player_stats_reg_2025.csv in this environment to verify NFL debut, so the mock-draft path treats an unverified FantasyPros-ranked player as eligible for pool-depth purposes while the real price sheet keeps them excluded pending real data."
kyle williams,UNKNOWN_STATUS,False,VETERAN_AUCTION_ELIGIBLE,True,True,"fp_only_fallback_eligible divergence (documented, intentional -- see module docstring): no data/nflverse/player_stats_reg_2025.csv in this environment to verify NFL debut, so the mock-draft path treats an unverified FantasyPros-ranked player as eligible for pool-depth purposes while the real price sheet keeps them excluded pending real data."
lequint allen,UNKNOWN_STATUS,False,VETERAN_AUCTION_ELIGIBLE,True,True,"fp_only_fallback_eligible divergence (documented, intentional -- see module docstring): no data/nflverse/player_stats_reg_2025.csv in this environment to verify NFL debut, so the mock-draft path treats an unverified FantasyPros-ranked player as eligible for pool-depth purposes while the real price sheet keeps them excluded pending real data."
lew nichols,UNKNOWN_STATUS,False,VETERAN_AUCTION_ELIGIBLE,True,True,"fp_only_fallback_eligible divergence (documented, intentional -- see module docstring): no data/nflverse/player_stats_reg_2025.csv in this environment to verify NFL debut, so the mock-draft path treats an unverified FantasyPros-ranked player as eligible for pool-depth purposes while the real price sheet keeps them excluded pending real data."
liljordan humphrey,UNKNOWN_STATUS,False,VETERAN_AUCTION_ELIGIBLE,True,True,"fp_only_fallback_eligible divergence (documented, intentional -- see module docstring): no data/nflverse/player_stats_reg_2025.csv in this environment to verify NFL debut, so the mock-draft path treats an unverified FantasyPros-ranked player as eligible for pool-depth purposes while the real price sheet keeps them excluded pending real data."
luke mccaffrey,UNKNOWN_STATUS,False,VETERAN_AUCTION_ELIGIBLE,True,True,"fp_only_fallback_eligible divergence (documented, intentional -- see module docstring): no data/nflverse/player_stats_reg_2025.csv in this environment to verify NFL debut, so the mock-draft path treats an unverified FantasyPros-ranked player as eligible for pool-depth purposes while the real price sheet keeps them excluded pending real data."
luke musgrave,UNKNOWN_STATUS,False,VETERAN_AUCTION_ELIGIBLE,True,True,"fp_only_fallback_eligible divergence (documented, intentional -- see module docstring): no data/nflverse/player_stats_reg_2025.csv in this environment to verify NFL debut, so the mock-draft path treats an unverified FantasyPros-ranked player as eligible for pool-depth purposes while the real price sheet keeps them excluded pending real data."
luke schoonmaker,UNKNOWN_STATUS,False,VETERAN_AUCTION_ELIGIBLE,True,True,"fp_only_fallback_eligible divergence (documented, intentional -- see module docstring): no data/nflverse/player_stats_reg_2025.csv in this environment to verify NFL debut, so the mock-draft path treats an unverified FantasyPros-ranked player as eligible for pool-depth purposes while the real price sheet keeps them excluded pending real data."
mac jones,UNKNOWN_STATUS,False,VETERAN_AUCTION_ELIGIBLE,True,True,"fp_only_fallback_eligible divergence (documented, intentional -- see module docstring): no data/nflverse/player_stats_reg_2025.csv in this environment to verify NFL debut, so the mock-draft path treats an unverified FantasyPros-ranked player as eligible for pool-depth purposes while the real price sheet keeps them excluded pending real data."
mack hollins,UNKNOWN_STATUS,False,VETERAN_AUCTION_ELIGIBLE,True,True,"fp_only_fallback_eligible divergence (documented, intentional -- see module docstring): no data/nflverse/player_stats_reg_2025.csv in this environment to verify NFL debut, so the mock-draft path treats an unverified FantasyPros-ranked player as eligible for pool-depth purposes while the real price sheet keeps them excluded pending real data."
malik benson,UNKNOWN_STATUS,False,VETERAN_AUCTION_ELIGIBLE,True,True,"fp_only_fallback_eligible divergence (documented, intentional -- see module docstring): no data/nflverse/player_stats_reg_2025.csv in this environment to verify NFL debut, so the mock-draft path treats an unverified FantasyPros-ranked player as eligible for pool-depth purposes while the real price sheet keeps them excluded pending real data."
malik davis,UNKNOWN_STATUS,False,VETERAN_AUCTION_ELIGIBLE,True,True,"fp_only_fallback_eligible divergence (documented, intentional -- see module docstring): no data/nflverse/player_stats_reg_2025.csv in this environment to verify NFL debut, so the mock-draft path treats an unverified FantasyPros-ranked player as eligible for pool-depth purposes while the real price sheet keeps them excluded pending real data."
malik willis,UNKNOWN_STATUS,False,VETERAN_AUCTION_ELIGIBLE,True,True,"fp_only_fallback_eligible divergence (documented, intentional -- see module docstring): no data/nflverse/player_stats_reg_2025.csv in this environment to verify NFL debut, so the mock-draft path treats an unverified FantasyPros-ranked player as eligible for pool-depth purposes while the real price sheet keeps them excluded pending real data."
marcus mariota,UNKNOWN_STATUS,False,VETERAN_AUCTION_ELIGIBLE,True,True,"fp_only_fallback_eligible divergence (documented, intentional -- see module docstring): no data/nflverse/player_stats_reg_2025.csv in this environment to verify NFL debut, so the mock-draft path treats an unverified FantasyPros-ranked player as eligible for pool-depth purposes while the real price sheet keeps them excluded pending real data."
marlin klein,UNKNOWN_STATUS,False,VETERAN_AUCTION_ELIGIBLE,True,True,"fp_only_fallback_eligible divergence (documented, intentional -- see module docstring): no data/nflverse/player_stats_reg_2025.csv in this environment to verify NFL debut, so the mock-draft path treats an unverified FantasyPros-ranked player as eligible for pool-depth purposes while the real price sheet keeps them excluded pending real data."
marquez valdes scantling,UNKNOWN_STATUS,False,VETERAN_AUCTION_ELIGIBLE,True,True,"fp_only_fallback_eligible divergence (documented, intentional -- see module docstring): no data/nflverse/player_stats_reg_2025.csv in this environment to verify NFL debut, so the mock-draft path treats an unverified FantasyPros-ranked player as eligible for pool-depth purposes while the real price sheet keeps them excluded pending real data."
marvin mims,UNKNOWN_STATUS,False,VETERAN_AUCTION_ELIGIBLE,True,True,"fp_only_fallback_eligible divergence (documented, intentional -- see module docstring): no data/nflverse/player_stats_reg_2025.csv in this environment to verify NFL debut, so the mock-draft path treats an unverified FantasyPros-ranked player as eligible for pool-depth purposes while the real price sheet keeps them excluded pending real data."
matt hibner,UNKNOWN_STATUS,False,VETERAN_AUCTION_ELIGIBLE,True,True,"fp_only_fallback_eligible divergence (documented, intentional -- see module docstring): no data/nflverse/player_stats_reg_2025.csv in this environment to verify NFL debut, so the mock-draft path treats an unverified FantasyPros-ranked player as eligible for pool-depth purposes while the real price sheet keeps them excluded pending real data."
max bredeson,UNKNOWN_STATUS,False,VETERAN_AUCTION_ELIGIBLE,True,True,"fp_only_fallback_eligible divergence (documented, intentional -- see module docstring): no data/nflverse/player_stats_reg_2025.csv in this environment to verify NFL debut, so the mock-draft path treats an unverified FantasyPros-ranked player as eligible for pool-depth purposes while the real price sheet keeps them excluded pending real data."
max klare,UNKNOWN_STATUS,False,VETERAN_AUCTION_ELIGIBLE,True,True,"fp_only_fallback_eligible divergence (documented, intentional -- see module docstring): no data/nflverse/player_stats_reg_2025.csv in this environment to verify NFL debut, so the mock-draft path treats an unverified FantasyPros-ranked player as eligible for pool-depth purposes while the real price sheet keeps them excluded pending real data."
michael burton,UNKNOWN_STATUS,False,VETERAN_AUCTION_ELIGIBLE,True,True,"fp_only_fallback_eligible divergence (documented, intentional -- see module docstring): no data/nflverse/player_stats_reg_2025.csv in this environment to verify NFL debut, so the mock-draft path treats an unverified FantasyPros-ranked player as eligible for pool-depth purposes while the real price sheet keeps them excluded pending real data."
michael mayer,UNKNOWN_STATUS,False,VETERAN_AUCTION_ELIGIBLE,True,True,"fp_only_fallback_eligible divergence (documented, intentional -- see module docstring): no data/nflverse/player_stats_reg_2025.csv in this environment to verify NFL debut, so the mock-draft path treats an unverified FantasyPros-ranked player as eligible for pool-depth purposes while the real price sheet keeps them excluded pending real data."
michael penix,UNKNOWN_STATUS,False,VETERAN_AUCTION_ELIGIBLE,True,True,"fp_only_fallback_eligible divergence (documented, intentional -- see module docstring): no data/nflverse/player_stats_reg_2025.csv in this environment to verify NFL debut, so the mock-draft path treats an unverified FantasyPros-ranked player as eligible for pool-depth purposes while the real price sheet keeps them excluded pending real data."
michael woods,UNKNOWN_STATUS,False,VETERAN_AUCTION_ELIGIBLE,True,True,"fp_only_fallback_eligible divergence (documented, intentional -- see module docstring): no data/nflverse/player_stats_reg_2025.csv in this environment to verify NFL debut, so the mock-draft path treats an unverified FantasyPros-ranked player as eligible for pool-depth purposes while the real price sheet keeps them excluded pending real data."
mike gesicki,UNKNOWN_STATUS,False,VETERAN_AUCTION_ELIGIBLE,True,True,"fp_only_fallback_eligible divergence (documented, intentional -- see module docstring): no data/nflverse/player_stats_reg_2025.csv in this environment to verify NFL debut, so the mock-draft path treats an unverified FantasyPros-ranked player as eligible for pool-depth purposes while the real price sheet keeps them excluded pending real data."
mike washington,UNKNOWN_STATUS,False,VETERAN_AUCTION_ELIGIBLE,True,True,"fp_only_fallback_eligible divergence (documented, intentional -- see module docstring): no data/nflverse/player_stats_reg_2025.csv in this environment to verify NFL debut, so the mock-draft path treats an unverified FantasyPros-ranked player as eligible for pool-depth purposes while the real price sheet keeps them excluded pending real data."
mitch tinsley,UNKNOWN_STATUS,False,VETERAN_AUCTION_ELIGIBLE,True,True,"fp_only_fallback_eligible divergence (documented, intentional -- see module docstring): no data/nflverse/player_stats_reg_2025.csv in this environment to verify NFL debut, so the mock-draft path treats an unverified FantasyPros-ranked player as eligible for pool-depth purposes while the real price sheet keeps them excluded pending real data."
mitchell evans,UNKNOWN_STATUS,False,VETERAN_AUCTION_ELIGIBLE,True,True,"fp_only_fallback_eligible divergence (documented, intentional -- see module docstring): no data/nflverse/player_stats_reg_2025.csv in this environment to verify NFL debut, so the mock-draft path treats an unverified FantasyPros-ranked player as eligible for pool-depth purposes while the real price sheet keeps them excluded pending real data."
moliki matavao,UNKNOWN_STATUS,False,VETERAN_AUCTION_ELIGIBLE,True,True,"fp_only_fallback_eligible divergence (documented, intentional -- see module docstring): no data/nflverse/player_stats_reg_2025.csv in this environment to verify NFL debut, so the mock-draft path treats an unverified FantasyPros-ranked player as eligible for pool-depth purposes while the real price sheet keeps them excluded pending real data."
nate boerkircher,UNKNOWN_STATUS,False,VETERAN_AUCTION_ELIGIBLE,True,True,"fp_only_fallback_eligible divergence (documented, intentional -- see module docstring): no data/nflverse/player_stats_reg_2025.csv in this environment to verify NFL debut, so the mock-draft path treats an unverified FantasyPros-ranked player as eligible for pool-depth purposes while the real price sheet keeps them excluded pending real data."
nick westbrook ikhine,UNKNOWN_STATUS,False,VETERAN_AUCTION_ELIGIBLE,True,True,"fp_only_fallback_eligible divergence (documented, intentional -- see module docstring): no data/nflverse/player_stats_reg_2025.csv in this environment to verify NFL debut, so the mock-draft path treats an unverified FantasyPros-ranked player as eligible for pool-depth purposes while the real price sheet keeps them excluded pending real data."
noah fant,UNKNOWN_STATUS,False,VETERAN_AUCTION_ELIGIBLE,True,True,"fp_only_fallback_eligible divergence (documented, intentional -- see module docstring): no data/nflverse/player_stats_reg_2025.csv in this environment to verify NFL debut, so the mock-draft path treats an unverified FantasyPros-ranked player as eligible for pool-depth purposes while the real price sheet keeps them excluded pending real data."
noah gray,UNKNOWN_STATUS,False,VETERAN_AUCTION_ELIGIBLE,True,True,"fp_only_fallback_eligible divergence (documented, intentional -- see module docstring): no data/nflverse/player_stats_reg_2025.csv in this environment to verify NFL debut, so the mock-draft path treats an unverified FantasyPros-ranked player as eligible for pool-depth purposes while the real price sheet keeps them excluded pending real data."
noah whittington,UNKNOWN_STATUS,False,VETERAN_AUCTION_ELIGIBLE,True,True,"fp_only_fallback_eligible divergence (documented, intentional -- see module docstring): no data/nflverse/player_stats_reg_2025.csv in this environment to verify NFL debut, so the mock-draft path treats an unverified FantasyPros-ranked player as eligible for pool-depth purposes while the real price sheet keeps them excluded pending real data."
odell beckham,UNKNOWN_STATUS,False,VETERAN_AUCTION_ELIGIBLE,True,True,"fp_only_fallback_eligible divergence (documented, intentional -- see module docstring): no data/nflverse/player_stats_reg_2025.csv in this environment to verify NFL debut, so the mock-draft path treats an unverified FantasyPros-ranked player as eligible for pool-depth purposes while the real price sheet keeps them excluded pending real data."
olamide zaccheaus,UNKNOWN_STATUS,False,VETERAN_AUCTION_ELIGIBLE,True,True,"fp_only_fallback_eligible divergence (documented, intentional -- see module docstring): no data/nflverse/player_stats_reg_2025.csv in this environment to verify NFL debut, so the mock-draft path treats an unverified FantasyPros-ranked player as eligible for pool-depth purposes while the real price sheet keeps them excluded pending real data."
omar cooper,UNKNOWN_STATUS,False,VETERAN_AUCTION_ELIGIBLE,True,True,"fp_only_fallback_eligible divergence (documented, intentional -- see module docstring): no data/nflverse/player_stats_reg_2025.csv in this environment to verify NFL debut, so the mock-draft path treats an unverified FantasyPros-ranked player as eligible for pool-depth purposes while the real price sheet keeps them excluded pending real data."
pat freiermuth,UNKNOWN_STATUS,False,VETERAN_AUCTION_ELIGIBLE,True,True,"fp_only_fallback_eligible divergence (documented, intentional -- see module docstring): no data/nflverse/player_stats_reg_2025.csv in this environment to verify NFL debut, so the mock-draft path treats an unverified FantasyPros-ranked player as eligible for pool-depth purposes while the real price sheet keeps them excluded pending real data."
patrick ricard,UNKNOWN_STATUS,False,VETERAN_AUCTION_ELIGIBLE,True,True,"fp_only_fallback_eligible divergence (documented, intentional -- see module docstring): no data/nflverse/player_stats_reg_2025.csv in this environment to verify NFL debut, so the mock-draft path treats an unverified FantasyPros-ranked player as eligible for pool-depth purposes while the real price sheet keeps them excluded pending real data."
phil mafah,UNKNOWN_STATUS,False,VETERAN_AUCTION_ELIGIBLE,True,True,"fp_only_fallback_eligible divergence (documented, intentional -- see module docstring): no data/nflverse/player_stats_reg_2025.csv in this environment to verify NFL debut, so the mock-draft path treats an unverified FantasyPros-ranked player as eligible for pool-depth purposes while the real price sheet keeps them excluded pending real data."
quinn ewers,UNKNOWN_STATUS,False,VETERAN_AUCTION_ELIGIBLE,True,True,"fp_only_fallback_eligible divergence (documented, intentional -- see module docstring): no data/nflverse/player_stats_reg_2025.csv in this environment to verify NFL debut, so the mock-draft path treats an unverified FantasyPros-ranked player as eligible for pool-depth purposes while the real price sheet keeps them excluded pending real data."
rachaad white,UNKNOWN_STATUS,False,VETERAN_AUCTION_ELIGIBLE,True,True,"fp_only_fallback_eligible divergence (documented, intentional -- see module docstring): no data/nflverse/player_stats_reg_2025.csv in this environment to verify NFL debut, so the mock-draft path treats an unverified FantasyPros-ranked player as eligible for pool-depth purposes while the real price sheet keeps them excluded pending real data."
raheim sanders,UNKNOWN_STATUS,False,VETERAN_AUCTION_ELIGIBLE,True,True,"fp_only_fallback_eligible divergence (documented, intentional -- see module docstring): no data/nflverse/player_stats_reg_2025.csv in this environment to verify NFL debut, so the mock-draft path treats an unverified FantasyPros-ranked player as eligible for pool-depth purposes while the real price sheet keeps them excluded pending real data."
rasheen ali,UNKNOWN_STATUS,False,VETERAN_AUCTION_ELIGIBLE,True,True,"fp_only_fallback_eligible divergence (documented, intentional -- see module docstring): no data/nflverse/player_stats_reg_2025.csv in this environment to verify NFL debut, so the mock-draft path treats an unverified FantasyPros-ranked player as eligible for pool-depth purposes while the real price sheet keeps them excluded pending real data."
ray davis,UNKNOWN_STATUS,False,VETERAN_AUCTION_ELIGIBLE,True,True,"fp_only_fallback_eligible divergence (documented, intentional -- see module docstring): no data/nflverse/player_stats_reg_2025.csv in this environment to verify NFL debut, so the mock-draft path treats an unverified FantasyPros-ranked player as eligible for pool-depth purposes while the real price sheet keeps them excluded pending real data."
reggie gilliam,UNKNOWN_STATUS,False,VETERAN_AUCTION_ELIGIBLE,True,True,"fp_only_fallback_eligible divergence (documented, intentional -- see module docstring): no data/nflverse/player_stats_reg_2025.csv in this environment to verify NFL debut, so the mock-draft path treats an unverified FantasyPros-ranked player as eligible for pool-depth purposes while the real price sheet keeps them excluded pending real data."
reggie virgil,UNKNOWN_STATUS,False,VETERAN_AUCTION_ELIGIBLE,True,True,"fp_only_fallback_eligible divergence (documented, intentional -- see module docstring): no data/nflverse/player_stats_reg_2025.csv in this environment to verify NFL debut, so the mock-draft path treats an unverified FantasyPros-ranked player as eligible for pool-depth purposes while the real price sheet keeps them excluded pending real data."
riley leonard,UNKNOWN_STATUS,False,VETERAN_AUCTION_ELIGIBLE,True,True,"fp_only_fallback_eligible divergence (documented, intentional -- see module docstring): no data/nflverse/player_stats_reg_2025.csv in this environment to verify NFL debut, so the mock-draft path treats an unverified FantasyPros-ranked player as eligible for pool-depth purposes while the real price sheet keeps them excluded pending real data."
robert henry,UNKNOWN_STATUS,False,VETERAN_AUCTION_ELIGIBLE,True,True,"fp_only_fallback_eligible divergence (documented, intentional -- see module docstring): no data/nflverse/player_stats_reg_2025.csv in this environment to verify NFL debut, so the mock-draft path treats an unverified FantasyPros-ranked player as eligible for pool-depth purposes while the real price sheet keeps them excluded pending real data."
roman hemby,UNKNOWN_STATUS,False,VETERAN_AUCTION_ELIGIBLE,True,True,"fp_only_fallback_eligible divergence (documented, intentional -- see module docstring): no data/nflverse/player_stats_reg_2025.csv in this environment to verify NFL debut, so the mock-draft path treats an unverified FantasyPros-ranked player as eligible for pool-depth purposes while the real price sheet keeps them excluded pending real data."
roman wilson,UNKNOWN_STATUS,False,VETERAN_AUCTION_ELIGIBLE,True,True,"fp_only_fallback_eligible divergence (documented, intentional -- see module docstring): no data/nflverse/player_stats_reg_2025.csv in this environment to verify NFL debut, so the mock-draft path treats an unverified FantasyPros-ranked player as eligible for pool-depth purposes while the real price sheet keeps them excluded pending real data."
ronnie rivers,UNKNOWN_STATUS,False,VETERAN_AUCTION_ELIGIBLE,True,True,"fp_only_fallback_eligible divergence (documented, intentional -- see module docstring): no data/nflverse/player_stats_reg_2025.csv in this environment to verify NFL debut, so the mock-draft path treats an unverified FantasyPros-ranked player as eligible for pool-depth purposes while the real price sheet keeps them excluded pending real data."
roschon johnson,UNKNOWN_STATUS,False,VETERAN_AUCTION_ELIGIBLE,True,True,"fp_only_fallback_eligible divergence (documented, intentional -- see module docstring): no data/nflverse/player_stats_reg_2025.csv in this environment to verify NFL debut, so the mock-draft path treats an unverified FantasyPros-ranked player as eligible for pool-depth purposes while the real price sheet keeps them excluded pending real data."
ryan flournoy,UNKNOWN_STATUS,False,VETERAN_AUCTION_ELIGIBLE,True,True,"fp_only_fallback_eligible divergence (documented, intentional -- see module docstring): no data/nflverse/player_stats_reg_2025.csv in this environment to verify NFL debut, so the mock-draft path treats an unverified FantasyPros-ranked player as eligible for pool-depth purposes while the real price sheet keeps them excluded pending real data."
sam darnold,UNKNOWN_STATUS,False,VETERAN_AUCTION_ELIGIBLE,True,True,"fp_only_fallback_eligible divergence (documented, intentional -- see module docstring): no data/nflverse/player_stats_reg_2025.csv in this environment to verify NFL debut, so the mock-draft path treats an unverified FantasyPros-ranked player as eligible for pool-depth purposes while the real price sheet keeps them excluded pending real data."
sam roush,UNKNOWN_STATUS,False,VETERAN_AUCTION_ELIGIBLE,True,True,"fp_only_fallback_eligible divergence (documented, intentional -- see module docstring): no data/nflverse/player_stats_reg_2025.csv in this environment to verify NFL debut, so the mock-draft path treats an unverified FantasyPros-ranked player as eligible for pool-depth purposes while the real price sheet keeps them excluded pending real data."
samaje perine,UNKNOWN_STATUS,False,VETERAN_AUCTION_ELIGIBLE,True,True,"fp_only_fallback_eligible divergence (documented, intentional -- see module docstring): no data/nflverse/player_stats_reg_2025.csv in this environment to verify NFL debut, so the mock-draft path treats an unverified FantasyPros-ranked player as eligible for pool-depth purposes while the real price sheet keeps them excluded pending real data."
savion williams,UNKNOWN_STATUS,False,VETERAN_AUCTION_ELIGIBLE,True,True,"fp_only_fallback_eligible divergence (documented, intentional -- see module docstring): no data/nflverse/player_stats_reg_2025.csv in this environment to verify NFL debut, so the mock-draft path treats an unverified FantasyPros-ranked player as eligible for pool-depth purposes while the real price sheet keeps them excluded pending real data."
sean tucker,UNKNOWN_STATUS,False,VETERAN_AUCTION_ELIGIBLE,True,True,"fp_only_fallback_eligible divergence (documented, intentional -- see module docstring): no data/nflverse/player_stats_reg_2025.csv in this environment to verify NFL debut, so the mock-draft path treats an unverified FantasyPros-ranked player as eligible for pool-depth purposes while the real price sheet keeps them excluded pending real data."
seth mcgowan,UNKNOWN_STATUS,False,VETERAN_AUCTION_ELIGIBLE,True,True,"fp_only_fallback_eligible divergence (documented, intentional -- see module docstring): no data/nflverse/player_stats_reg_2025.csv in this environment to verify NFL debut, so the mock-draft path treats an unverified FantasyPros-ranked player as eligible for pool-depth purposes while the real price sheet keeps them excluded pending real data."
shedeur sanders,UNKNOWN_STATUS,False,VETERAN_AUCTION_ELIGIBLE,True,True,"fp_only_fallback_eligible divergence (documented, intentional -- see module docstring): no data/nflverse/player_stats_reg_2025.csv in this environment to verify NFL debut, so the mock-draft path treats an unverified FantasyPros-ranked player as eligible for pool-depth purposes while the real price sheet keeps them excluded pending real data."
sione vaki,UNKNOWN_STATUS,False,VETERAN_AUCTION_ELIGIBLE,True,True,"fp_only_fallback_eligible divergence (documented, intentional -- see module docstring): no data/nflverse/player_stats_reg_2025.csv in this environment to verify NFL debut, so the mock-draft path treats an unverified FantasyPros-ranked player as eligible for pool-depth purposes while the real price sheet keeps them excluded pending real data."
skyler bell,UNKNOWN_STATUS,False,VETERAN_AUCTION_ELIGIBLE,True,True,"fp_only_fallback_eligible divergence (documented, intentional -- see module docstring): no data/nflverse/player_stats_reg_2025.csv in this environment to verify NFL debut, so the mock-draft path treats an unverified FantasyPros-ranked player as eligible for pool-depth purposes while the real price sheet keeps them excluded pending real data."
tahj brooks,UNKNOWN_STATUS,False,VETERAN_AUCTION_ELIGIBLE,True,True,"fp_only_fallback_eligible divergence (documented, intentional -- see module docstring): no data/nflverse/player_stats_reg_2025.csv in this environment to verify NFL debut, so the mock-draft path treats an unverified FantasyPros-ranked player as eligible for pool-depth purposes while the real price sheet keeps them excluded pending real data."
tai felton,UNKNOWN_STATUS,False,VETERAN_AUCTION_ELIGIBLE,True,True,"fp_only_fallback_eligible divergence (documented, intentional -- see module docstring): no data/nflverse/player_stats_reg_2025.csv in this environment to verify NFL debut, so the mock-draft path treats an unverified FantasyPros-ranked player as eligible for pool-depth purposes while the real price sheet keeps them excluded pending real data."
tank bigsby,UNKNOWN_STATUS,False,VETERAN_AUCTION_ELIGIBLE,True,True,"fp_only_fallback_eligible divergence (documented, intentional -- see module docstring): no data/nflverse/player_stats_reg_2025.csv in this environment to verify NFL debut, so the mock-draft path treats an unverified FantasyPros-ranked player as eligible for pool-depth purposes while the real price sheet keeps them excluded pending real data."
tank dell,UNKNOWN_STATUS,False,VETERAN_AUCTION_ELIGIBLE,True,True,"fp_only_fallback_eligible divergence (documented, intentional -- see module docstring): no data/nflverse/player_stats_reg_2025.csv in this environment to verify NFL debut, so the mock-draft path treats an unverified FantasyPros-ranked player as eligible for pool-depth purposes while the real price sheet keeps them excluded pending real data."
tanner hudson,UNKNOWN_STATUS,False,VETERAN_AUCTION_ELIGIBLE,True,True,"fp_only_fallback_eligible divergence (documented, intentional -- see module docstring): no data/nflverse/player_stats_reg_2025.csv in this environment to verify NFL debut, so the mock-draft path treats an unverified FantasyPros-ranked player as eligible for pool-depth purposes while the real price sheet keeps them excluded pending real data."
tanner koziol,UNKNOWN_STATUS,False,VETERAN_AUCTION_ELIGIBLE,True,True,"fp_only_fallback_eligible divergence (documented, intentional -- see module docstring): no data/nflverse/player_stats_reg_2025.csv in this environment to verify NFL debut, so the mock-draft path treats an unverified FantasyPros-ranked player as eligible for pool-depth purposes while the real price sheet keeps them excluded pending real data."
ted hurst,UNKNOWN_STATUS,False,VETERAN_AUCTION_ELIGIBLE,True,True,"fp_only_fallback_eligible divergence (documented, intentional -- see module docstring): no data/nflverse/player_stats_reg_2025.csv in this environment to verify NFL debut, so the mock-draft path treats an unverified FantasyPros-ranked player as eligible for pool-depth purposes while the real price sheet keeps them excluded pending real data."
terrance ferguson,UNKNOWN_STATUS,False,VETERAN_AUCTION_ELIGIBLE,True,True,"fp_only_fallback_eligible divergence (documented, intentional -- see module docstring): no data/nflverse/player_stats_reg_2025.csv in this environment to verify NFL debut, so the mock-draft path treats an unverified FantasyPros-ranked player as eligible for pool-depth purposes while the real price sheet keeps them excluded pending real data."
terrell jennings,UNKNOWN_STATUS,False,VETERAN_AUCTION_ELIGIBLE,True,True,"fp_only_fallback_eligible divergence (documented, intentional -- see module docstring): no data/nflverse/player_stats_reg_2025.csv in this environment to verify NFL debut, so the mock-draft path treats an unverified FantasyPros-ranked player as eligible for pool-depth purposes while the real price sheet keeps them excluded pending real data."
tez johnson,UNKNOWN_STATUS,False,VETERAN_AUCTION_ELIGIBLE,True,True,"fp_only_fallback_eligible divergence (documented, intentional -- see module docstring): no data/nflverse/player_stats_reg_2025.csv in this environment to verify NFL debut, so the mock-draft path treats an unverified FantasyPros-ranked player as eligible for pool-depth purposes while the real price sheet keeps them excluded pending real data."
tim patrick,UNKNOWN_STATUS,False,VETERAN_AUCTION_ELIGIBLE,True,True,"fp_only_fallback_eligible divergence (documented, intentional -- see module docstring): no data/nflverse/player_stats_reg_2025.csv in this environment to verify NFL debut, so the mock-draft path treats an unverified FantasyPros-ranked player as eligible for pool-depth purposes while the real price sheet keeps them excluded pending real data."
tommy myers,UNKNOWN_STATUS,False,VETERAN_AUCTION_ELIGIBLE,True,True,"fp_only_fallback_eligible divergence (documented, intentional -- see module docstring): no data/nflverse/player_stats_reg_2025.csv in this environment to verify NFL debut, so the mock-draft path treats an unverified FantasyPros-ranked player as eligible for pool-depth purposes while the real price sheet keeps them excluded pending real data."
tommy tremble,UNKNOWN_STATUS,False,VETERAN_AUCTION_ELIGIBLE,True,True,"fp_only_fallback_eligible divergence (documented, intentional -- see module docstring): no data/nflverse/player_stats_reg_2025.csv in this environment to verify NFL debut, so the mock-draft path treats an unverified FantasyPros-ranked player as eligible for pool-depth purposes while the real price sheet keeps them excluded pending real data."
trey lance,UNKNOWN_STATUS,False,VETERAN_AUCTION_ELIGIBLE,True,True,"fp_only_fallback_eligible divergence (documented, intentional -- see module docstring): no data/nflverse/player_stats_reg_2025.csv in this environment to verify NFL debut, so the mock-draft path treats an unverified FantasyPros-ranked player as eligible for pool-depth purposes while the real price sheet keeps them excluded pending real data."
treylon burks,UNKNOWN_STATUS,False,VETERAN_AUCTION_ELIGIBLE,True,True,"fp_only_fallback_eligible divergence (documented, intentional -- see module docstring): no data/nflverse/player_stats_reg_2025.csv in this environment to verify NFL debut, so the mock-draft path treats an unverified FantasyPros-ranked player as eligible for pool-depth purposes while the real price sheet keeps them excluded pending real data."
tua tagovailoa,UNKNOWN_STATUS,False,VETERAN_AUCTION_ELIGIBLE,True,True,"fp_only_fallback_eligible divergence (documented, intentional -- see module docstring): no data/nflverse/player_stats_reg_2025.csv in this environment to verify NFL debut, so the mock-draft path treats an unverified FantasyPros-ranked player as eligible for pool-depth purposes while the real price sheet keeps them excluded pending real data."
tutu atwell,UNKNOWN_STATUS,False,VETERAN_AUCTION_ELIGIBLE,True,True,"fp_only_fallback_eligible divergence (documented, intentional -- see module docstring): no data/nflverse/player_stats_reg_2025.csv in this environment to verify NFL debut, so the mock-draft path treats an unverified FantasyPros-ranked player as eligible for pool-depth purposes while the real price sheet keeps them excluded pending real data."
ty johnson,UNKNOWN_STATUS,False,VETERAN_AUCTION_ELIGIBLE,True,True,"fp_only_fallback_eligible divergence (documented, intentional -- see module docstring): no data/nflverse/player_stats_reg_2025.csv in this environment to verify NFL debut, so the mock-draft path treats an unverified FantasyPros-ranked player as eligible for pool-depth purposes while the real price sheet keeps them excluded pending real data."
ty simpson,UNKNOWN_STATUS,False,VETERAN_AUCTION_ELIGIBLE,True,True,"fp_only_fallback_eligible divergence (documented, intentional -- see module docstring): no data/nflverse/player_stats_reg_2025.csv in this environment to verify NFL debut, so the mock-draft path treats an unverified FantasyPros-ranked player as eligible for pool-depth purposes while the real price sheet keeps them excluded pending real data."
tyler badie,UNKNOWN_STATUS,False,VETERAN_AUCTION_ELIGIBLE,True,True,"fp_only_fallback_eligible divergence (documented, intentional -- see module docstring): no data/nflverse/player_stats_reg_2025.csv in this environment to verify NFL debut, so the mock-draft path treats an unverified FantasyPros-ranked player as eligible for pool-depth purposes while the real price sheet keeps them excluded pending real data."
tyler conklin,UNKNOWN_STATUS,False,VETERAN_AUCTION_ELIGIBLE,True,True,"fp_only_fallback_eligible divergence (documented, intentional -- see module docstring): no data/nflverse/player_stats_reg_2025.csv in this environment to verify NFL debut, so the mock-draft path treats an unverified FantasyPros-ranked player as eligible for pool-depth purposes while the real price sheet keeps them excluded pending real data."
tyler goodson,UNKNOWN_STATUS,False,VETERAN_AUCTION_ELIGIBLE,True,True,"fp_only_fallback_eligible divergence (documented, intentional -- see module docstring): no data/nflverse/player_stats_reg_2025.csv in this environment to verify NFL debut, so the mock-draft path treats an unverified FantasyPros-ranked player as eligible for pool-depth purposes while the real price sheet keeps them excluded pending real data."
tyler higbee,UNKNOWN_STATUS,False,VETERAN_AUCTION_ELIGIBLE,True,True,"fp_only_fallback_eligible divergence (documented, intentional -- see module docstring): no data/nflverse/player_stats_reg_2025.csv in this environment to verify NFL debut, so the mock-draft path treats an unverified FantasyPros-ranked player as eligible for pool-depth purposes while the real price sheet keeps them excluded pending real data."
tyler lockett,UNKNOWN_STATUS,False,VETERAN_AUCTION_ELIGIBLE,True,True,"fp_only_fallback_eligible divergence (documented, intentional -- see module docstring): no data/nflverse/player_stats_reg_2025.csv in this environment to verify NFL debut, so the mock-draft path treats an unverified FantasyPros-ranked player as eligible for pool-depth purposes while the real price sheet keeps them excluded pending real data."
tyler shough,UNKNOWN_STATUS,False,VETERAN_AUCTION_ELIGIBLE,True,True,"fp_only_fallback_eligible divergence (documented, intentional -- see module docstring): no data/nflverse/player_stats_reg_2025.csv in this environment to verify NFL debut, so the mock-draft path treats an unverified FantasyPros-ranked player as eligible for pool-depth purposes while the real price sheet keeps them excluded pending real data."
tyquan thornton,UNKNOWN_STATUS,False,VETERAN_AUCTION_ELIGIBLE,True,True,"fp_only_fallback_eligible divergence (documented, intentional -- see module docstring): no data/nflverse/player_stats_reg_2025.csv in this environment to verify NFL debut, so the mock-draft path treats an unverified FantasyPros-ranked player as eligible for pool-depth purposes while the real price sheet keeps them excluded pending real data."
tyreek hill,UNKNOWN_STATUS,False,VETERAN_AUCTION_ELIGIBLE,True,True,"fp_only_fallback_eligible divergence (documented, intentional -- see module docstring): no data/nflverse/player_stats_reg_2025.csv in this environment to verify NFL debut, so the mock-draft path treats an unverified FantasyPros-ranked player as eligible for pool-depth purposes while the real price sheet keeps them excluded pending real data."
tyrod taylor,UNKNOWN_STATUS,False,VETERAN_AUCTION_ELIGIBLE,True,True,"fp_only_fallback_eligible divergence (documented, intentional -- see module docstring): no data/nflverse/player_stats_reg_2025.csv in this environment to verify NFL debut, so the mock-draft path treats an unverified FantasyPros-ranked player as eligible for pool-depth purposes while the real price sheet keeps them excluded pending real data."
tyson bagent,UNKNOWN_STATUS,False,VETERAN_AUCTION_ELIGIBLE,True,True,"fp_only_fallback_eligible divergence (documented, intentional -- see module docstring): no data/nflverse/player_stats_reg_2025.csv in this environment to verify NFL debut, so the mock-draft path treats an unverified FantasyPros-ranked player as eligible for pool-depth purposes while the real price sheet keeps them excluded pending real data."
velus jones,UNKNOWN_STATUS,False,VETERAN_AUCTION_ELIGIBLE,True,True,"fp_only_fallback_eligible divergence (documented, intentional -- see module docstring): no data/nflverse/player_stats_reg_2025.csv in this environment to verify NFL debut, so the mock-draft path treats an unverified FantasyPros-ranked player as eligible for pool-depth purposes while the real price sheet keeps them excluded pending real data."
will kacmarek,UNKNOWN_STATUS,False,VETERAN_AUCTION_ELIGIBLE,True,True,"fp_only_fallback_eligible divergence (documented, intentional -- see module docstring): no data/nflverse/player_stats_reg_2025.csv in this environment to verify NFL debut, so the mock-draft path treats an unverified FantasyPros-ranked player as eligible for pool-depth purposes while the real price sheet keeps them excluded pending real data."
xavier hutchinson,UNKNOWN_STATUS,False,VETERAN_AUCTION_ELIGIBLE,True,True,"fp_only_fallback_eligible divergence (documented, intentional -- see module docstring): no data/nflverse/player_stats_reg_2025.csv in this environment to verify NFL debut, so the mock-draft path treats an unverified FantasyPros-ranked player as eligible for pool-depth purposes while the real price sheet keeps them excluded pending real data."
xavier restrepo,UNKNOWN_STATUS,False,VETERAN_AUCTION_ELIGIBLE,True,True,"fp_only_fallback_eligible divergence (documented, intentional -- see module docstring): no data/nflverse/player_stats_reg_2025.csv in this environment to verify NFL debut, so the mock-draft path treats an unverified FantasyPros-ranked player as eligible for pool-depth purposes while the real price sheet keeps them excluded pending real data."
xavier smith,UNKNOWN_STATUS,False,VETERAN_AUCTION_ELIGIBLE,True,True,"fp_only_fallback_eligible divergence (documented, intentional -- see module docstring): no data/nflverse/player_stats_reg_2025.csv in this environment to verify NFL debut, so the mock-draft path treats an unverified FantasyPros-ranked player as eligible for pool-depth purposes while the real price sheet keeps them excluded pending real data."
zavier scott,UNKNOWN_STATUS,False,VETERAN_AUCTION_ELIGIBLE,True,True,"fp_only_fallback_eligible divergence (documented, intentional -- see module docstring): no data/nflverse/player_stats_reg_2025.csv in this environment to verify NFL debut, so the mock-draft path treats an unverified FantasyPros-ranked player as eligible for pool-depth purposes while the real price sheet keeps them excluded pending real data."
zavion thomas,UNKNOWN_STATUS,False,VETERAN_AUCTION_ELIGIBLE,True,True,"fp_only_fallback_eligible divergence (documented, intentional -- see module docstring): no data/nflverse/player_stats_reg_2025.csv in this environment to verify NFL debut, so the mock-draft path treats an unverified FantasyPros-ranked player as eligible for pool-depth purposes while the real price sheet keeps them excluded pending real data."
