player,canonical_player_id,position,nfl_team,source_roster,source_status,verified_nfl_regular_season_debut,league_veteran_status,league_college_rights_status,conversion_status,final_auction_status,auction_eligible,eligibility_reason,evidence_source,verification_date,confidence,warning
Garrett Wilson,garrett wilson,WR,,historical_salaries,VETERAN_KEPT,,True,False,,VETERAN_KEPT,False,keeper decision removes from auction supply,historical_salaries,2026-09-03,1.0,
Austin Ekeler,austin ekeler,RB,,historical_salaries,VETERAN_ROSTERED_RELEASED,,True,False,,VETERAN_ROSTERED_RELEASED,True,2025 league roster with confirmed salary,historical_salaries_2025_raw.csv,2026-09-03,0.9,
CJ Stroud,cj stroud,QB,,historical_salaries,VETERAN_ROSTERED_RELEASED,,True,False,,VETERAN_ROSTERED_RELEASED,True,2025 league roster with confirmed salary,historical_salaries_2025_raw.csv,2026-09-03,0.9,
David Montgomery,david montgomery,RB,,historical_salaries,VETERAN_KEPT,,True,False,,VETERAN_KEPT,False,keeper decision removes from auction supply,historical_salaries,2026-09-03,1.0,
Travis Kelce,travis kelce,TE,,historical_salaries,VETERAN_ROSTERED_RELEASED,,True,False,,VETERAN_ROSTERED_RELEASED,True,2025 league roster with confirmed salary,historical_salaries_2025_raw.csv,2026-09-03,0.9,
DJ Moore,dj moore,WR,,historical_salaries,VETERAN_ROSTERED_RELEASED,,True,False,,VETERAN_ROSTERED_RELEASED,True,2025 league roster with confirmed salary,historical_salaries_2025_raw.csv,2026-09-03,0.9,
Deebo Samuel,deebo samuel,WR,,historical_salaries,VETERAN_ROSTERED_RELEASED,,True,False,,VETERAN_ROSTERED_RELEASED,True,2025 league roster with confirmed salary,historical_salaries_2025_raw.csv,2026-09-03,0.9,
Jaylen Waddle,jaylen waddle,WR,,historical_salaries,VETERAN_ROSTERED_RELEASED,,True,False,,VETERAN_ROSTERED_RELEASED,True,2025 league roster with confirmed salary,historical_salaries_2025_raw.csv,2026-09-03,0.9,
Cooper Kupp,cooper kupp,WR,,historical_salaries,VETERAN_ROSTERED_RELEASED,,True,False,,VETERAN_ROSTERED_RELEASED,True,2025 league roster with confirmed salary,historical_salaries_2025_raw.csv,2026-09-03,0.9,
Tyjae Spears,tyjae spears,RB,,historical_salaries,VETERAN_ROSTERED_RELEASED,,True,False,,VETERAN_ROSTERED_RELEASED,True,2025 league roster with confirmed salary,historical_salaries_2025_raw.csv,2026-09-03,0.9,
Jaxson Dart,jaxson dart,QB,,historical_salaries,VETERAN_KEPT,,True,False,,VETERAN_KEPT,False,keeper decision removes from auction supply,historical_salaries,2026-09-03,1.0,
Zach Ertz,zach ertz,TE,,historical_salaries,VETERAN_ROSTERED_RELEASED,,True,False,,VETERAN_ROSTERED_RELEASED,True,2025 league roster with confirmed salary,historical_salaries_2025_raw.csv,2026-09-03,0.9,
Will Shipley,will shipley,RB,,historical_salaries,VETERAN_ROSTERED_RELEASED,,True,False,,VETERAN_ROSTERED_RELEASED,True,2025 league roster with confirmed salary,historical_salaries_2025_raw.csv,2026-09-03,0.9,
Michael Carter,michael carter,RB,,historical_salaries,VETERAN_ROSTERED_RELEASED,,True,False,,VETERAN_ROSTERED_RELEASED,True,2025 league roster with confirmed salary,historical_salaries_2025_raw.csv,2026-09-03,0.9,
JJ McCarthy,jj mccarthy,QB,,historical_salaries,VETERAN_ROSTERED_RELEASED,,True,False,,VETERAN_ROSTERED_RELEASED,True,2025 league roster with confirmed salary,historical_salaries_2025_raw.csv,2026-09-03,0.9,
Van Jefferson,van jefferson,WR,,historical_salaries,VETERAN_ROSTERED_RELEASED,,True,False,,VETERAN_ROSTERED_RELEASED,True,2025 league roster with confirmed salary,historical_salaries_2025_raw.csv,2026-09-03,0.9,
Jonathan Taylor,jonathan taylor,RB,,historical_salaries,VETERAN_KEPT,,True,False,,VETERAN_KEPT,False,keeper decision removes from auction supply,historical_salaries,2026-09-03,1.0,
Justin Jefferson,justin jefferson,WR,,historical_salaries,VETERAN_KEPT,,True,False,,VETERAN_KEPT,False,keeper decision removes from auction supply,historical_salaries,2026-09-03,1.0,
Nico Collins,nico collins,WR,,historical_salaries,VETERAN_KEPT,,True,False,,VETERAN_KEPT,False,keeper decision removes from auction supply,historical_salaries,2026-09-03,1.0,
Breece Hall,breece hall,RB,,historical_salaries,VETERAN_KEPT,,True,False,,VETERAN_KEPT,False,keeper decision removes from auction supply,historical_salaries,2026-09-03,1.0,
Brock Bowers,brock bowers,TE,,historical_salaries,VETERAN_KEPT,,True,False,,VETERAN_KEPT,False,keeper decision removes from auction supply,historical_salaries,2026-09-03,1.0,
Christian McCaffrey,christian mccaffrey,RB,,historical_salaries,VETERAN_KEPT,,True,False,,VETERAN_KEPT,False,keeper decision removes from auction supply,historical_salaries,2026-09-03,1.0,
Travis Hunter,travis hunter,WR,,historical_salaries,VETERAN_ROSTERED_RELEASED,,True,False,,VETERAN_ROSTERED_RELEASED,True,2025 league roster with confirmed salary,historical_salaries_2025_raw.csv,2026-09-03,0.9,
Cam Skattebo,cam skattebo,RB,,historical_salaries,VETERAN_KEPT,,True,False,,VETERAN_KEPT,False,keeper decision removes from auction supply,historical_salaries,2026-09-03,1.0,
Theo Johnson,theo johnson,TE,,historical_salaries,VETERAN_ROSTERED_RELEASED,,True,False,,VETERAN_ROSTERED_RELEASED,True,2025 league roster with confirmed salary,historical_salaries_2025_raw.csv,2026-09-03,0.9,
Brian Robinson Jr,brian robinson,RB,,historical_salaries,VETERAN_ROSTERED_RELEASED,,True,False,,VETERAN_ROSTERED_RELEASED,True,2025 league roster with confirmed salary,historical_salaries_2025_raw.csv,2026-09-03,0.9,
Darius Slayton,darius slayton,WR,,historical_salaries,VETERAN_ROSTERED_RELEASED,,True,False,,VETERAN_ROSTERED_RELEASED,True,2025 league roster with confirmed salary,historical_salaries_2025_raw.csv,2026-09-03,0.9,
Colby Parkinson,colby parkinson,TE,,historical_salaries,VETERAN_ROSTERED_RELEASED,,True,False,,VETERAN_ROSTERED_RELEASED,True,2025 league roster with confirmed salary,historical_salaries_2025_raw.csv,2026-09-03,0.9,
Josh Allen,josh allen,QB,,historical_salaries,VETERAN_ROSTERED_RELEASED,,True,False,,VETERAN_ROSTERED_RELEASED,True,2025 league roster with confirmed salary,historical_salaries_2025_raw.csv,2026-09-03,0.9,
Derrick Henry,derrick henry,RB,,historical_salaries,VETERAN_KEPT,,True,False,,VETERAN_KEPT,False,keeper decision removes from auction supply,historical_salaries,2026-09-03,1.0,
Kyren Williams,kyren williams,RB,,historical_salaries,VETERAN_KEPT,,True,False,,VETERAN_KEPT,False,keeper decision removes from auction supply,historical_salaries,2026-09-03,1.0,
Kyler Murray,kyler murray,QB,,historical_salaries,VETERAN_ROSTERED_RELEASED,,True,False,,VETERAN_ROSTERED_RELEASED,True,2025 league roster with confirmed salary,historical_salaries_2025_raw.csv,2026-09-03,0.9,
Brian Thomas Jr,brian thomas,WR,,historical_salaries,VETERAN_KEPT,,True,False,,VETERAN_KEPT,False,keeper decision removes from auction supply,historical_salaries,2026-09-03,1.0,
Harold Fannin Jr,harold fannin,TE,,historical_salaries,VETERAN_KEPT,,True,False,,VETERAN_KEPT,False,keeper decision removes from auction supply,historical_salaries,2026-09-03,1.0,
TreVeyon Henderson,treveyon henderson,RB,,historical_salaries,VETERAN_KEPT,,True,False,,VETERAN_KEPT,False,keeper decision removes from auction supply,historical_salaries,2026-09-03,1.0,
Quinshon Judkins,quinshon judkins,RB,,historical_salaries,VETERAN_KEPT,,True,False,,VETERAN_KEPT,False,keeper decision removes from auction supply,historical_salaries,2026-09-03,1.0,
Bo Nix,bo nix,QB,,historical_salaries,UNKNOWN_STATUS,,False,False,,UNKNOWN_STATUS,False,insufficient evidence for veteran auction eligibility,historical_salaries,2026-09-03,0.2,unknown_status
Courtland Sutton,courtland sutton,WR,,historical_salaries,UNKNOWN_STATUS,,False,False,,UNKNOWN_STATUS,False,insufficient evidence for veteran auction eligibility,historical_salaries,2026-09-03,0.2,unknown_status
Mike Evans,mike evans,WR,,historical_salaries,UNKNOWN_STATUS,,False,False,,UNKNOWN_STATUS,False,insufficient evidence for veteran auction eligibility,historical_salaries,2026-09-03,0.2,unknown_status
Stefon Diggs,stefon diggs,WR,,historical_salaries,UNKNOWN_STATUS,,False,False,,UNKNOWN_STATUS,False,insufficient evidence for veteran auction eligibility,historical_salaries,2026-09-03,0.2,unknown_status
Dallas Goedert,dallas goedert,TE,,historical_salaries,UNKNOWN_STATUS,,False,False,,UNKNOWN_STATUS,False,insufficient evidence for veteran auction eligibility,historical_salaries,2026-09-03,0.2,unknown_status
Jacoby Brissett,jacoby brissett,QB,,historical_salaries,UNKNOWN_STATUS,,False,False,,UNKNOWN_STATUS,False,insufficient evidence for veteran auction eligibility,historical_salaries,2026-09-03,0.2,unknown_status
Bhayshul Tuten,bhayshul tuten,RB,,historical_salaries,UNKNOWN_STATUS,,False,False,,UNKNOWN_STATUS,False,insufficient evidence for veteran auction eligibility,historical_salaries,2026-09-03,0.2,unknown_status
Devaughn Vele,devaughn vele,WR,,historical_salaries,UNKNOWN_STATUS,,False,False,,UNKNOWN_STATUS,False,insufficient evidence for veteran auction eligibility,historical_salaries,2026-09-03,0.2,unknown_status
Braelon Allen,braelon allen,RB,,historical_salaries,UNKNOWN_STATUS,,False,False,,UNKNOWN_STATUS,False,insufficient evidence for veteran auction eligibility,historical_salaries,2026-09-03,0.2,unknown_status
Patrick Mahomes,patrick mahomes,QB,,historical_salaries,VETERAN_ROSTERED_RELEASED,,True,False,,VETERAN_ROSTERED_RELEASED,True,2025 league roster with confirmed salary,historical_salaries_2025_raw.csv,2026-09-03,0.9,
Jaxon Smith-Njigba,jaxon smith njigba,WR,,historical_salaries,VETERAN_KEPT,,True,False,,VETERAN_KEPT,False,keeper decision removes from auction supply,historical_salaries,2026-09-03,1.0,
Davante Adams,davante adams,WR,,historical_salaries,VETERAN_ROSTERED_RELEASED,,True,False,,VETERAN_ROSTERED_RELEASED,True,2025 league roster with confirmed salary,historical_salaries_2025_raw.csv,2026-09-03,0.9,
Jameson Williams,jameson williams,WR,,historical_salaries,VETERAN_KEPT,,True,False,,VETERAN_KEPT,False,keeper decision removes from auction supply,historical_salaries,2026-09-03,1.0,
Marvin Harrison Jr,marvin harrison,WR,,historical_salaries,VETERAN_KEPT,,True,False,,VETERAN_KEPT,False,keeper decision removes from auction supply,historical_salaries,2026-09-03,1.0,
Tyler Warren,tyler warren,TE,,historical_salaries,VETERAN_KEPT,,True,False,,VETERAN_KEPT,False,keeper decision removes from auction supply,historical_salaries,2026-09-03,1.0,
Kaleb Johnson,kaleb johnson,RB,,historical_salaries,VETERAN_ROSTERED_RELEASED,,True,False,,VETERAN_ROSTERED_RELEASED,True,2025 league roster with confirmed salary,historical_salaries_2025_raw.csv,2026-09-03,0.9,
James Conner,james conner,RB,,historical_salaries,VETERAN_ROSTERED_RELEASED,,True,False,,VETERAN_ROSTERED_RELEASED,True,2025 league roster with confirmed salary,historical_salaries_2025_raw.csv,2026-09-03,0.9,
JK Dobbins,jk dobbins,RB,,historical_salaries,VETERAN_ROSTERED_RELEASED,,True,False,,VETERAN_ROSTERED_RELEASED,True,2025 league roster with confirmed salary,historical_salaries_2025_raw.csv,2026-09-03,0.9,
Travis Etienne,travis etienne,RB,,historical_salaries,VETERAN_ROSTERED_RELEASED,,True,False,,VETERAN_ROSTERED_RELEASED,True,2025 league roster with confirmed salary,historical_salaries_2025_raw.csv,2026-09-03,0.9,
Jaylen Warren,jaylen warren,RB,,historical_salaries,VETERAN_ROSTERED_RELEASED,,True,False,,VETERAN_ROSTERED_RELEASED,True,2025 league roster with confirmed salary,historical_salaries_2025_raw.csv,2026-09-03,0.9,
Khalil Shakir,khalil shakir,WR,,historical_salaries,VETERAN_ROSTERED_RELEASED,,True,False,,VETERAN_ROSTERED_RELEASED,True,2025 league roster with confirmed salary,historical_salaries_2025_raw.csv,2026-09-03,0.9,
Christian Kirk,christian kirk,WR,,historical_salaries,VETERAN_ROSTERED_RELEASED,,True,False,,VETERAN_ROSTERED_RELEASED,True,2025 league roster with confirmed salary,historical_salaries_2025_raw.csv,2026-09-03,0.9,
Alec Pierce,alec pierce,WR,,historical_salaries,VETERAN_KEPT,,True,False,,VETERAN_KEPT,False,keeper decision removes from auction supply,historical_salaries,2026-09-03,1.0,
Ollie Gordon,ollie gordon,RB,,historical_salaries,VETERAN_ROSTERED_RELEASED,,True,False,,VETERAN_ROSTERED_RELEASED,True,2025 league roster with confirmed salary,historical_salaries_2025_raw.csv,2026-09-03,0.9,
Kenneth Gainwell,kenneth gainwell,RB,,historical_salaries,VETERAN_ROSTERED_RELEASED,,True,False,,VETERAN_ROSTERED_RELEASED,True,2025 league roster with confirmed salary,historical_salaries_2025_raw.csv,2026-09-03,0.9,
Jaydon Blue,jaydon blue,RB,,historical_salaries,VETERAN_KEPT,,True,False,,VETERAN_KEPT,False,keeper decision removes from auction supply,historical_salaries,2026-09-03,1.0,
Jordan Love,jordan love,QB,,historical_salaries,VETERAN_ROSTERED_RELEASED,,True,False,,VETERAN_ROSTERED_RELEASED,True,2025 league roster with confirmed salary,historical_salaries_2025_raw.csv,2026-09-03,0.9,
Tucker Kraft,tucker kraft,TE,,historical_salaries,VETERAN_KEPT,,True,False,,VETERAN_KEPT,False,keeper decision removes from auction supply,historical_salaries,2026-09-03,1.0,
Drake Maye,drake maye,QB,,historical_salaries,VETERAN_KEPT,,True,False,,VETERAN_KEPT,False,keeper decision removes from auction supply,historical_salaries,2026-09-03,1.0,
Chris Olave,chris olave,WR,,historical_salaries,VETERAN_KEPT,,True,False,,VETERAN_KEPT,False,keeper decision removes from auction supply,historical_salaries,2026-09-03,1.0,
Chuba Hubbard,chuba hubbard,RB,,historical_salaries,VETERAN_ROSTERED_RELEASED,,True,False,,VETERAN_ROSTERED_RELEASED,True,2025 league roster with confirmed salary,historical_salaries_2025_raw.csv,2026-09-03,0.9,
Javonte Williams,javonte williams,RB,,historical_salaries,VETERAN_KEPT,,True,False,,VETERAN_KEPT,False,keeper decision removes from auction supply,historical_salaries,2026-09-03,1.0,
Terry McLaurin,terry mclaurin,WR,,historical_salaries,VETERAN_ROSTERED_RELEASED,,True,False,,VETERAN_ROSTERED_RELEASED,True,2025 league roster with confirmed salary,historical_salaries_2025_raw.csv,2026-09-03,0.9,
Rashee Rice,rashee rice,WR,,historical_salaries,VETERAN_ROSTERED_RELEASED,,True,False,,VETERAN_ROSTERED_RELEASED,True,2025 league roster with confirmed salary,historical_salaries_2025_raw.csv,2026-09-03,0.9,
Rashod Bateman,rashod bateman,WR,,historical_salaries,VETERAN_ROSTERED_RELEASED,,True,False,,VETERAN_ROSTERED_RELEASED,True,2025 league roster with confirmed salary,historical_salaries_2025_raw.csv,2026-09-03,0.9,
Kyle Pitts Sr,kyle pitts,TE,,historical_salaries,VETERAN_KEPT,,True,False,,VETERAN_KEPT,False,keeper decision removes from auction supply,historical_salaries,2026-09-03,1.0,
Cedric Tillman,cedric tillman,WR,,historical_salaries,VETERAN_ROSTERED_RELEASED,,True,False,,VETERAN_ROSTERED_RELEASED,True,2025 league roster with confirmed salary,historical_salaries_2025_raw.csv,2026-09-03,0.9,
Najee Harris,najee harris,RB,,historical_salaries,VETERAN_ROSTERED_RELEASED,,True,False,,VETERAN_ROSTERED_RELEASED,True,2025 league roster with confirmed salary,historical_salaries_2025_raw.csv,2026-09-03,0.9,
Jalen Coker,jalen coker,WR,,historical_salaries,VETERAN_KEPT,,True,False,,VETERAN_KEPT,False,keeper decision removes from auction supply,historical_salaries,2026-09-03,1.0,
Chris Rodriguez Jr,chris rodriguez,RB,,historical_salaries,VETERAN_ROSTERED_RELEASED,,True,False,,VETERAN_ROSTERED_RELEASED,True,2025 league roster with confirmed salary,historical_salaries_2025_raw.csv,2026-09-03,0.9,
Kimani Vidal,kimani vidal,RB,,historical_salaries,VETERAN_ROSTERED_RELEASED,,True,False,,VETERAN_ROSTERED_RELEASED,True,2025 league roster with confirmed salary,historical_salaries_2025_raw.csv,2026-09-03,0.9,
Mason Taylor,mason taylor,TE,,historical_salaries,VETERAN_ROSTERED_RELEASED,,True,False,,VETERAN_ROSTERED_RELEASED,True,2025 league roster with confirmed salary,historical_salaries_2025_raw.csv,2026-09-03,0.9,
Malik Washington,malik washington,WR,,historical_salaries,VETERAN_ROSTERED_RELEASED,,True,False,,VETERAN_ROSTERED_RELEASED,True,2025 league roster with confirmed salary,historical_salaries_2025_raw.csv,2026-09-03,0.9,
Isaiah Davis,isaiah davis,RB,,historical_salaries,VETERAN_ROSTERED_RELEASED,,True,False,,VETERAN_ROSTERED_RELEASED,True,2025 league roster with confirmed salary,historical_salaries_2025_raw.csv,2026-09-03,0.9,
Amon-Ra St Brown,amon ra st brown,WR,,historical_salaries,VETERAN_KEPT,,True,False,,VETERAN_KEPT,False,keeper decision removes from auction supply,historical_salaries,2026-09-03,1.0,
Drake London,drake london,WR,,historical_salaries,VETERAN_KEPT,,True,False,,VETERAN_KEPT,False,keeper decision removes from auction supply,historical_salaries,2026-09-03,1.0,
Saquon Barkley,saquon barkley,RB,,historical_salaries,VETERAN_KEPT,,True,False,,VETERAN_KEPT,False,keeper decision removes from auction supply,historical_salaries,2026-09-03,1.0,
George Pickens,george pickens,WR,,historical_salaries,VETERAN_KEPT,,True,False,,VETERAN_KEPT,False,keeper decision removes from auction supply,historical_salaries,2026-09-03,1.0,
Puka Nacua,puka nacua,WR,,historical_salaries,VETERAN_KEPT,,True,False,,VETERAN_KEPT,False,keeper decision removes from auction supply,historical_salaries,2026-09-03,1.0,
Lamar Jackson,lamar jackson,QB,,historical_salaries,VETERAN_ROSTERED_RELEASED,,True,False,,VETERAN_ROSTERED_RELEASED,True,2025 league roster with confirmed salary,historical_salaries_2025_raw.csv,2026-09-03,0.9,
Emeka Egbuka,emeka egbuka,WR,,historical_salaries,VETERAN_KEPT,,True,False,,VETERAN_KEPT,False,keeper decision removes from auction supply,historical_salaries,2026-09-03,1.0,
Tony Pollard,tony pollard,RB,,historical_salaries,VETERAN_ROSTERED_RELEASED,,True,False,,VETERAN_ROSTERED_RELEASED,True,2025 league roster with confirmed salary,historical_salaries_2025_raw.csv,2026-09-03,0.9,
RJ Harvey,rj harvey,RB,,historical_salaries,VETERAN_ROSTERED_RELEASED,,True,False,,VETERAN_ROSTERED_RELEASED,True,2025 league roster with confirmed salary,historical_salaries_2025_raw.csv,2026-09-03,0.9,
Dalton Kincaid,dalton kincaid,TE,,historical_salaries,VETERAN_ROSTERED_RELEASED,,True,False,,VETERAN_ROSTERED_RELEASED,True,2025 league roster with confirmed salary,historical_salaries_2025_raw.csv,2026-09-03,0.9,
Josh Jacobs,josh jacobs,RB,,historical_salaries,VETERAN_ROSTERED_RELEASED,,True,False,,VETERAN_ROSTERED_RELEASED,True,2025 league roster with confirmed salary,historical_salaries_2025_raw.csv,2026-09-03,0.9,
Matthew Stafford,matthew stafford,QB,,historical_salaries,VETERAN_ROSTERED_RELEASED,,True,False,,VETERAN_ROSTERED_RELEASED,True,2025 league roster with confirmed salary,historical_salaries_2025_raw.csv,2026-09-03,0.9,
Dalton Schultz,dalton schultz,TE,,historical_salaries,VETERAN_ROSTERED_RELEASED,,True,False,,VETERAN_ROSTERED_RELEASED,True,2025 league roster with confirmed salary,historical_salaries_2025_raw.csv,2026-09-03,0.9,
Emanuel Wilson,emanuel wilson,RB,,historical_salaries,VETERAN_ROSTERED_RELEASED,,True,False,,VETERAN_ROSTERED_RELEASED,True,2025 league roster with confirmed salary,historical_salaries_2025_raw.csv,2026-09-03,0.9,
Jayden Daniels,jayden daniels,QB,,historical_salaries,VETERAN_ROSTERED_RELEASED,,True,False,,VETERAN_ROSTERED_RELEASED,True,2025 league roster with confirmed salary,historical_salaries_2025_raw.csv,2026-09-03,0.9,
Trey Benson,trey benson,RB,,historical_salaries,VETERAN_ROSTERED_RELEASED,,True,False,,VETERAN_ROSTERED_RELEASED,True,2025 league roster with confirmed salary,historical_salaries_2025_raw.csv,2026-09-03,0.9,
Jordan Addison,jordan addison,WR,,historical_salaries,VETERAN_KEPT,,True,False,,VETERAN_KEPT,False,keeper decision removes from auction supply,historical_salaries,2026-09-03,1.0,
Zay Flowers,zay flowers,WR,,historical_salaries,VETERAN_KEPT,,True,False,,VETERAN_KEPT,False,keeper decision removes from auction supply,historical_salaries,2026-09-03,1.0,
Colston Loveland,colston loveland,TE,,historical_salaries,VETERAN_KEPT,,True,False,,VETERAN_KEPT,False,keeper decision removes from auction supply,historical_salaries,2026-09-03,1.0,
Alvin Kamara,alvin kamara,RB,,historical_salaries,VETERAN_ROSTERED_RELEASED,,True,False,,VETERAN_ROSTERED_RELEASED,True,2025 league roster with confirmed salary,historical_salaries_2025_raw.csv,2026-09-03,0.9,
Aaron Jones Sr,aaron jones,RB,,historical_salaries,VETERAN_ROSTERED_RELEASED,,True,False,,VETERAN_ROSTERED_RELEASED,True,2025 league roster with confirmed salary,historical_salaries_2025_raw.csv,2026-09-03,0.9,
Keenan Allen,keenan allen,WR,,historical_salaries,VETERAN_ROSTERED_RELEASED,,True,False,,VETERAN_ROSTERED_RELEASED,True,2025 league roster with confirmed salary,historical_salaries_2025_raw.csv,2026-09-03,0.9,
Zach Charbonnet,zach charbonnet,RB,,historical_salaries,VETERAN_ROSTERED_RELEASED,,True,False,,VETERAN_ROSTERED_RELEASED,True,2025 league roster with confirmed salary,historical_salaries_2025_raw.csv,2026-09-03,0.9,
Jordan Mason,jordan mason,RB,,historical_salaries,VETERAN_ROSTERED_RELEASED,,True,False,,VETERAN_ROSTERED_RELEASED,True,2025 league roster with confirmed salary,historical_salaries_2025_raw.csv,2026-09-03,0.9,
Michael Pittman Jr,michael pittman,WR,,historical_salaries,VETERAN_ROSTERED_RELEASED,,True,False,,VETERAN_ROSTERED_RELEASED,True,2025 league roster with confirmed salary,historical_salaries_2025_raw.csv,2026-09-03,0.9,
Wan'Dale Robinson,wandale robinson,WR,,historical_salaries,VETERAN_KEPT,,True,False,,VETERAN_KEPT,False,keeper decision removes from auction supply,historical_salaries,2026-09-03,1.0,
Trevor Lawrence,trevor lawrence,QB,,historical_salaries,VETERAN_KEPT,,True,False,,VETERAN_KEPT,False,keeper decision removes from auction supply,historical_salaries,2026-09-03,1.0,
Rico Dowdle,rico dowdle,RB,,historical_salaries,VETERAN_KEPT,,True,False,,VETERAN_KEPT,False,keeper decision removes from auction supply,historical_salaries,2026-09-03,1.0,
Darren Waller,darren waller,TE,,historical_salaries,VETERAN_ROSTERED_RELEASED,,True,False,,VETERAN_ROSTERED_RELEASED,True,2025 league roster with confirmed salary,historical_salaries_2025_raw.csv,2026-09-03,0.9,
Juwan Johnson,juwan johnson,TE,,historical_salaries,VETERAN_ROSTERED_RELEASED,,True,False,,VETERAN_ROSTERED_RELEASED,True,2025 league roster with confirmed salary,historical_salaries_2025_raw.csv,2026-09-03,0.9,
DK Metcalf,dk metcalf,WR,,historical_salaries,VETERAN_ROSTERED_RELEASED,,True,False,,VETERAN_ROSTERED_RELEASED,True,2025 league roster with confirmed salary,historical_salaries_2025_raw.csv,2026-09-03,0.9,
Keon Coleman,keon coleman,WR,,historical_salaries,VETERAN_ROSTERED_RELEASED,,True,False,,VETERAN_ROSTERED_RELEASED,True,2025 league roster with confirmed salary,historical_salaries_2025_raw.csv,2026-09-03,0.9,
Jajuan Jennings,jajuan jennings,WR,,historical_salaries,VETERAN_ROSTERED_RELEASED,,True,False,,VETERAN_ROSTERED_RELEASED,True,2025 league roster with confirmed salary,historical_salaries_2025_raw.csv,2026-09-03,0.9,
DeVon Achane,devon achane,RB,,historical_salaries,VETERAN_KEPT,,True,False,,VETERAN_KEPT,False,keeper decision removes from auction supply,historical_salaries,2026-09-03,1.0,
Ashton Jeanty,ashton jeanty,RB,,historical_salaries,VETERAN_KEPT,,True,False,,VETERAN_KEPT,False,keeper decision removes from auction supply,historical_salaries,2026-09-03,1.0,
Tee Higgins,tee higgins,WR,,historical_salaries,VETERAN_ROSTERED_RELEASED,,True,False,,VETERAN_ROSTERED_RELEASED,True,2025 league roster with confirmed salary,historical_salaries_2025_raw.csv,2026-09-03,0.9,
Bucky Irving,bucky irving,RB,,historical_salaries,VETERAN_ROSTERED_RELEASED,,True,False,,VETERAN_ROSTERED_RELEASED,True,2025 league roster with confirmed salary,historical_salaries_2025_raw.csv,2026-09-03,0.9,
Jakobi Meyers,jakobi meyers,WR,,historical_salaries,VETERAN_ROSTERED_RELEASED,,True,False,,VETERAN_ROSTERED_RELEASED,True,2025 league roster with confirmed salary,historical_salaries_2025_raw.csv,2026-09-03,0.9,
Brock Purdy,brock purdy,QB,,historical_salaries,VETERAN_KEPT,,True,False,,VETERAN_KEPT,False,keeper decision removes from auction supply,historical_salaries,2026-09-03,1.0,
Michael Wilson,michael wilson,WR,,historical_salaries,VETERAN_KEPT,,True,False,,VETERAN_KEPT,False,keeper decision removes from auction supply,historical_salaries,2026-09-03,1.0,
Oronde Gadsden,oronde gadsden,TE,,historical_salaries,VETERAN_KEPT,,True,False,,VETERAN_KEPT,False,keeper decision removes from auction supply,historical_salaries,2026-09-03,1.0,
Brenton Strange,brenton strange,TE,,historical_salaries,VETERAN_ROSTERED_RELEASED,,True,False,,VETERAN_ROSTERED_RELEASED,True,2025 league roster with confirmed salary,historical_salaries_2025_raw.csv,2026-09-03,0.9,
Kareem Hunt,kareem hunt,RB,,historical_salaries,VETERAN_ROSTERED_RELEASED,,True,False,,VETERAN_ROSTERED_RELEASED,True,2025 league roster with confirmed salary,historical_salaries_2025_raw.csv,2026-09-03,0.9,
Tre Harris,tre harris,WR,,historical_salaries,VETERAN_ROSTERED_RELEASED,,True,False,,VETERAN_ROSTERED_RELEASED,True,2025 league roster with confirmed salary,historical_salaries_2025_raw.csv,2026-09-03,0.9,
Jalen McMillan,jalen mcmillan,WR,,historical_salaries,VETERAN_ROSTERED_RELEASED,,True,False,,VETERAN_ROSTERED_RELEASED,True,2025 league roster with confirmed salary,historical_salaries_2025_raw.csv,2026-09-03,0.9,
Devin Neal,devin neal,RB,,historical_salaries,VETERAN_ROSTERED_RELEASED,,True,False,,VETERAN_ROSTERED_RELEASED,True,2025 league roster with confirmed salary,historical_salaries_2025_raw.csv,2026-09-03,0.9,
Daniel Jones,daniel jones,QB,,historical_salaries,VETERAN_ROSTERED_RELEASED,,True,False,,VETERAN_ROSTERED_RELEASED,True,2025 league roster with confirmed salary,historical_salaries_2025_raw.csv,2026-09-03,0.9,
Ladd McConkey,ladd mcconkey,WR,,historical_salaries,VETERAN_KEPT,,True,False,,VETERAN_KEPT,False,keeper decision removes from auction supply,historical_salaries,2026-09-03,1.0,
Tyrone Tracy Jr,tyrone tracy,RB,,historical_salaries,VETERAN_ROSTERED_RELEASED,,True,False,,VETERAN_ROSTERED_RELEASED,True,2025 league roster with confirmed salary,historical_salaries_2025_raw.csv,2026-09-03,0.9,
Ja'Marr Chase,jamarr chase,WR,,historical_salaries,VETERAN_KEPT,,True,False,,VETERAN_KEPT,False,keeper decision removes from auction supply,historical_salaries,2026-09-03,1.0,
Chase Brown,chase brown,RB,,historical_salaries,VETERAN_KEPT,,True,False,,VETERAN_KEPT,False,keeper decision removes from auction supply,historical_salaries,2026-09-03,1.0,
Sam LaPorta,sam laporta,TE,,historical_salaries,VETERAN_KEPT,,True,False,,VETERAN_KEPT,False,keeper decision removes from auction supply,historical_salaries,2026-09-03,1.0,
Ricky Pearsall,ricky pearsall,WR,,historical_salaries,VETERAN_ROSTERED_RELEASED,,True,False,,VETERAN_ROSTERED_RELEASED,True,2025 league roster with confirmed salary,historical_salaries_2025_raw.csv,2026-09-03,0.9,
Omarion Hampton,omarion hampton,RB,,historical_salaries,VETERAN_KEPT,,True,False,,VETERAN_KEPT,False,keeper decision removes from auction supply,historical_salaries,2026-09-03,1.0,
D'Andre Swift,dandre swift,RB,,historical_salaries,VETERAN_ROSTERED_RELEASED,,True,False,,VETERAN_ROSTERED_RELEASED,True,2025 league roster with confirmed salary,historical_salaries_2025_raw.csv,2026-09-03,0.9,
Jalen Hurts,jalen hurts,QB,,historical_salaries,VETERAN_ROSTERED_RELEASED,,True,False,,VETERAN_ROSTERED_RELEASED,True,2025 league roster with confirmed salary,historical_salaries_2025_raw.csv,2026-09-03,0.9,
DeVonta Smith,devonta smith,WR,,historical_salaries,VETERAN_ROSTERED_RELEASED,,True,False,,VETERAN_ROSTERED_RELEASED,True,2025 league roster with confirmed salary,historical_salaries_2025_raw.csv,2026-09-03,0.9,
Matthew Golden,matthew golden,WR,,historical_salaries,VETERAN_ROSTERED_RELEASED,,True,False,,VETERAN_ROSTERED_RELEASED,True,2025 league roster with confirmed salary,historical_salaries_2025_raw.csv,2026-09-03,0.9,
Justin Herbert,justin herbert,QB,,historical_salaries,VETERAN_ROSTERED_RELEASED,,True,False,,VETERAN_ROSTERED_RELEASED,True,2025 league roster with confirmed salary,historical_salaries_2025_raw.csv,2026-09-03,0.9,
Tory Horton,tory horton,WR,,historical_salaries,VETERAN_KEPT,,True,False,,VETERAN_KEPT,False,keeper decision removes from auction supply,historical_salaries,2026-09-03,1.0,
Jake Ferguson,jake ferguson,TE,,historical_salaries,VETERAN_ROSTERED_RELEASED,,True,False,,VETERAN_ROSTERED_RELEASED,True,2025 league roster with confirmed salary,historical_salaries_2025_raw.csv,2026-09-03,0.9,
Elic Ayomanor,elic ayomanor,WR,,historical_salaries,VETERAN_ROSTERED_RELEASED,,True,False,,VETERAN_ROSTERED_RELEASED,True,2025 league roster with confirmed salary,historical_salaries_2025_raw.csv,2026-09-03,0.9,
Parker Washington,parker washington,WR,,historical_salaries,VETERAN_KEPT,,True,False,,VETERAN_KEPT,False,keeper decision removes from auction supply,historical_salaries,2026-09-03,1.0,
Cade Otton,cade otton,TE,,historical_salaries,VETERAN_ROSTERED_RELEASED,,True,False,,VETERAN_ROSTERED_RELEASED,True,2025 league roster with confirmed salary,historical_salaries_2025_raw.csv,2026-09-03,0.9,
Dontayavion Wicks,dontayavion wicks,WR,,historical_salaries,VETERAN_ROSTERED_RELEASED,,True,False,,VETERAN_ROSTERED_RELEASED,True,2025 league roster with confirmed salary,historical_salaries_2025_raw.csv,2026-09-03,0.9,
CeeDee Lamb,ceedee lamb,WR,,historical_salaries,VETERAN_KEPT,,True,False,,VETERAN_KEPT,False,keeper decision removes from auction supply,historical_salaries,2026-09-03,1.0,
Trey McBride,trey mcbride,TE,,historical_salaries,VETERAN_KEPT,,True,False,,VETERAN_KEPT,False,keeper decision removes from auction supply,historical_salaries,2026-09-03,1.0,
AJ Brown,aj brown,WR,,historical_salaries,VETERAN_KEPT,,True,False,,VETERAN_KEPT,False,keeper decision removes from auction supply,historical_salaries,2026-09-03,1.0,
Bijan Robinson,bijan robinson,RB,,historical_salaries,VETERAN_KEPT,,True,False,,VETERAN_KEPT,False,keeper decision removes from auction supply,historical_salaries,2026-09-03,1.0,
Jahmyr Gibbs,jahmyr gibbs,RB,,historical_salaries,VETERAN_KEPT,,True,False,,VETERAN_KEPT,False,keeper decision removes from auction supply,historical_salaries,2026-09-03,1.0,
Kenneth Walker,kenneth walker,RB,,historical_salaries,VETERAN_KEPT,,True,False,,VETERAN_KEPT,False,keeper decision removes from auction supply,historical_salaries,2026-09-03,1.0,
Joe Burrow,joe burrow,QB,,historical_salaries,VETERAN_ROSTERED_RELEASED,,True,False,,VETERAN_ROSTERED_RELEASED,True,2025 league roster with confirmed salary,historical_salaries_2025_raw.csv,2026-09-03,0.9,
Dak Prescott,dak prescott,QB,,historical_salaries,VETERAN_ROSTERED_RELEASED,,True,False,,VETERAN_ROSTERED_RELEASED,True,2025 league roster with confirmed salary,historical_salaries_2025_raw.csv,2026-09-03,0.9,
Chris Godwin Jr,chris godwin,WR,,historical_salaries,VETERAN_ROSTERED_RELEASED,,True,False,,VETERAN_ROSTERED_RELEASED,True,2025 league roster with confirmed salary,historical_salaries_2025_raw.csv,2026-09-03,0.9,
Nick Chubb,nick chubb,RB,,historical_salaries,VETERAN_ROSTERED_RELEASED,,True,False,,VETERAN_ROSTERED_RELEASED,True,2025 league roster with confirmed salary,historical_salaries_2025_raw.csv,2026-09-03,0.9,
Josh Downs,josh downs,WR,,historical_salaries,VETERAN_ROSTERED_RELEASED,,True,False,,VETERAN_ROSTERED_RELEASED,True,2025 league roster with confirmed salary,historical_salaries_2025_raw.csv,2026-09-03,0.9,
Troy Franklin,troy franklin,WR,,historical_salaries,VETERAN_ROSTERED_RELEASED,,True,False,,VETERAN_ROSTERED_RELEASED,True,2025 league roster with confirmed salary,historical_salaries_2025_raw.csv,2026-09-03,0.9,
Quentin Johnston,quentin johnston,WR,,historical_salaries,VETERAN_KEPT,,True,False,,VETERAN_KEPT,False,keeper decision removes from auction supply,historical_salaries,2026-09-03,1.0,
Romeo Doubs,romeo doubs,WR,,historical_salaries,VETERAN_ROSTERED_RELEASED,,True,False,,VETERAN_ROSTERED_RELEASED,True,2025 league roster with confirmed salary,historical_salaries_2025_raw.csv,2026-09-03,0.9,
Luther Burden,luther burden,WR,,historical_salaries,VETERAN_KEPT,,True,False,,VETERAN_KEPT,False,keeper decision removes from auction supply,historical_salaries,2026-09-03,1.0,
James Cook,james cook,RB,,historical_salaries,VETERAN_ROSTERED_RELEASED,,True,False,,VETERAN_ROSTERED_RELEASED,True,2025 league roster with confirmed salary,historical_salaries_2025_raw.csv,2026-09-03,0.9,
Rome Odunze,rome odunze,WR,,historical_salaries,VETERAN_KEPT,,True,False,,VETERAN_KEPT,False,keeper decision removes from auction supply,historical_salaries,2026-09-03,1.0,
Caleb Williams,caleb williams,QB,,historical_salaries,VETERAN_KEPT,,True,False,,VETERAN_KEPT,False,keeper decision removes from auction supply,historical_salaries,2026-09-03,1.0,
George Kittle,george kittle,TE,,historical_salaries,VETERAN_ROSTERED_RELEASED,,True,False,,VETERAN_ROSTERED_RELEASED,True,2025 league roster with confirmed salary,historical_salaries_2025_raw.csv,2026-09-03,0.9,
Kyle Monangai,kyle monangai,RB,,historical_salaries,VETERAN_KEPT,,True,False,,VETERAN_KEPT,False,keeper decision removes from auction supply,historical_salaries,2026-09-03,1.0,
Jayden Higgins,jayden higgins,WR,,historical_salaries,VETERAN_ROSTERED_RELEASED,,True,False,,VETERAN_ROSTERED_RELEASED,True,2025 league roster with confirmed salary,historical_salaries_2025_raw.csv,2026-09-03,0.9,
AD Mitchell,ad mitchell,WR,,historical_salaries,VETERAN_ROSTERED_RELEASED,,True,False,,VETERAN_ROSTERED_RELEASED,True,2025 league roster with confirmed salary,historical_salaries_2025_raw.csv,2026-09-03,0.9,
AJ Barner,aj barner,TE,,historical_salaries,VETERAN_ROSTERED_RELEASED,,True,False,,VETERAN_ROSTERED_RELEASED,True,2025 league roster with confirmed salary,historical_salaries_2025_raw.csv,2026-09-03,0.9,
Blake Corum,blake corum,RB,,historical_salaries,VETERAN_KEPT,,True,False,,VETERAN_KEPT,False,keeper decision removes from auction supply,historical_salaries,2026-09-03,1.0,
Tre Tucker,tre tucker,WR,,historical_salaries,VETERAN_ROSTERED_RELEASED,,True,False,,VETERAN_ROSTERED_RELEASED,True,2025 league roster with confirmed salary,historical_salaries_2025_raw.csv,2026-09-03,0.9,
Christian Watson,christian watson,WR,,historical_salaries,VETERAN_KEPT,,True,False,,VETERAN_KEPT,False,keeper decision removes from auction supply,historical_salaries,2026-09-03,1.0,
Kayshon Boutte,kayshon boutte,WR,,historical_salaries,VETERAN_ROSTERED_RELEASED,,True,False,,VETERAN_ROSTERED_RELEASED,True,2025 league roster with confirmed salary,historical_salaries_2025_raw.csv,2026-09-03,0.9,
Pat Bryant,pat bryant,WR,,historical_salaries,VETERAN_ROSTERED_RELEASED,,True,False,,VETERAN_ROSTERED_RELEASED,True,2025 league roster with confirmed salary,historical_salaries_2025_raw.csv,2026-09-03,0.9,
Bill Croskey-Merritt,bill croskey merritt,RB,,historical_salaries,VETERAN_ROSTERED_RELEASED,,True,False,,VETERAN_ROSTERED_RELEASED,True,2025 league roster with confirmed salary,historical_salaries_2025_raw.csv,2026-09-03,0.9,
Keaton Mitchell,keaton mitchell,RB,,historical_salaries,VETERAN_ROSTERED_RELEASED,,True,False,,VETERAN_ROSTERED_RELEASED,True,2025 league roster with confirmed salary,historical_salaries_2025_raw.csv,2026-09-03,0.9,
Evan Hull,evan hull,RB,,historical_salaries,VETERAN_ROSTERED_RELEASED,,True,False,,VETERAN_ROSTERED_RELEASED,True,2025 league roster with confirmed salary,historical_salaries_2025_raw.csv,2026-09-03,0.9,
Jayden Reed,jayden reed,WR,,historical_salaries,VETERAN_KEPT,,True,False,,VETERAN_KEPT,False,keeper decision removes from auction supply,historical_salaries,2026-09-03,1.0,
Malik Nabers,malik nabers,WR,,historical_salaries,VETERAN_KEPT,,True,False,,VETERAN_KEPT,False,keeper decision removes from auction supply,historical_salaries,2026-09-03,1.0,
Woody Marks,woody marks,RB,,historical_salaries,VETERAN_KEPT,,True,False,,VETERAN_KEPT,False,keeper decision removes from auction supply,historical_salaries,2026-09-03,1.0,
Xavier Worthy,xavier worthy,WR,,historical_salaries,VETERAN_ROSTERED_RELEASED,,True,False,,VETERAN_ROSTERED_RELEASED,True,2025 league roster with confirmed salary,historical_salaries_2025_raw.csv,2026-09-03,0.9,
Baker Mayfield,baker mayfield,QB,,historical_salaries,VETERAN_ROSTERED_RELEASED,,True,False,,VETERAN_ROSTERED_RELEASED,True,2025 league roster with confirmed salary,historical_salaries_2025_raw.csv,2026-09-03,0.9,
Tet McMillan,tet mcmillan,WR,,historical_salaries,VETERAN_ROSTERED_RELEASED,,True,False,,VETERAN_ROSTERED_RELEASED,True,2025 league roster with confirmed salary,historical_salaries_2025_raw.csv,2026-09-03,0.9,
Mark Andrews,mark andrews,TE,,historical_salaries,VETERAN_ROSTERED_RELEASED,,True,False,,VETERAN_ROSTERED_RELEASED,True,2025 league roster with confirmed salary,historical_salaries_2025_raw.csv,2026-09-03,0.9,
Rashid Shaheed,rashid shaheed,WR,,historical_salaries,VETERAN_ROSTERED_RELEASED,,True,False,,VETERAN_ROSTERED_RELEASED,True,2025 league roster with confirmed salary,historical_salaries_2025_raw.csv,2026-09-03,0.9,
Isiah Pacheco,isiah pacheco,RB,,historical_salaries,VETERAN_ROSTERED_RELEASED,,True,False,,VETERAN_ROSTERED_RELEASED,True,2025 league roster with confirmed salary,historical_salaries_2025_raw.csv,2026-09-03,0.9,
Jared Goff,jared goff,QB,,historical_salaries,VETERAN_ROSTERED_RELEASED,,True,False,,VETERAN_ROSTERED_RELEASED,True,2025 league roster with confirmed salary,historical_salaries_2025_raw.csv,2026-09-03,0.9,
Rhamondre Stevenson,rhamondre stevenson,RB,,historical_salaries,VETERAN_KEPT,,True,False,,VETERAN_KEPT,False,keeper decision removes from auction supply,historical_salaries,2026-09-03,1.0,
Tyler Allgeier,tyler allgeier,RB,,historical_salaries,VETERAN_ROSTERED_RELEASED,,True,False,,VETERAN_ROSTERED_RELEASED,True,2025 league roster with confirmed salary,historical_salaries_2025_raw.csv,2026-09-03,0.9,
Hunter Henry,hunter henry,TE,,historical_salaries,VETERAN_KEPT,,True,False,,VETERAN_KEPT,False,keeper decision removes from auction supply,historical_salaries,2026-09-03,1.0,
Xavier Legette,xavier legette,WR,,historical_salaries,VETERAN_ROSTERED_RELEASED,,True,False,,VETERAN_ROSTERED_RELEASED,True,2025 league roster with confirmed salary,historical_salaries_2025_raw.csv,2026-09-03,0.9,
TJ Hockenson,tj hockenson,TE,,historical_salaries,VETERAN_ROSTERED_RELEASED,,True,False,,VETERAN_ROSTERED_RELEASED,True,2025 league roster with confirmed salary,historical_salaries_2025_raw.csv,2026-09-03,0.9,
Tetairoa McMillan,tetairoa mcmillan,WR,,fantasypros_expansion,VETERAN_KEPT,,True,False,,VETERAN_KEPT,False,keeper decision removes from auction supply,fantasypros_expansion,2026-09-03,1.0,
MarShawn Lloyd,marshawn lloyd,RB,,fantasypros_expansion,VETERAN_KEPT,,True,False,,VETERAN_KEPT,False,keeper decision removes from auction supply,fantasypros_expansion,2026-09-03,1.0,
Jeremiyah Love,jeremiyah love,RB,ARI,fantasypros_expansion,COLLEGE_RIGHTS_HELD,,False,True,,COLLEGE_RIGHTS_HELD,False,college_holdings audit: no_nfl_debut_detected,college_holdings.csv,2026-09-03,0.95,college_rights_block
Carnell Tate,carnell tate,WR,TEN,fantasypros_expansion,COLLEGE_RIGHTS_HELD,,False,True,,COLLEGE_RIGHTS_HELD,False,college_holdings audit: no_nfl_debut_detected,college_holdings.csv,2026-09-03,0.95,college_rights_block
Jadarian Price,jadarian price,RB,SEA,fantasypros_expansion,COLLEGE_RIGHTS_HELD,,False,True,,COLLEGE_RIGHTS_HELD,False,college_holdings audit: no_nfl_debut_detected,college_holdings.csv,2026-09-03,0.95,college_rights_block
Jonathon Brooks,jonathon brooks,RB,CAR,fantasypros_expansion,UNKNOWN_STATUS,,False,False,,UNKNOWN_STATUS,False,FantasyPros-ranked only; no verified NFL debut or league salary,FantasyPros_2026_Draft_ALL_Rankings.csv,2026-09-03,0.3,fp_only_no_debut_verification
Kenny Gainwell,kenny gainwell,RB,TB,fantasypros_expansion,UNKNOWN_STATUS,,False,False,,UNKNOWN_STATUS,False,FantasyPros-ranked only; no verified NFL debut or league salary,FantasyPros_2026_Draft_ALL_Rankings.csv,2026-09-03,0.3,fp_only_no_debut_verification
Makai Lemon,makai lemon,WR,PHI,fantasypros_expansion,COLLEGE_RIGHTS_HELD,,False,True,,COLLEGE_RIGHTS_HELD,False,college_holdings audit: no_nfl_debut_detected,college_holdings.csv,2026-09-03,0.95,college_rights_block
Rachaad White,rachaad white,RB,WAS,fantasypros_expansion,UNKNOWN_STATUS,,False,False,,UNKNOWN_STATUS,False,FantasyPros-ranked only; no verified NFL debut or league salary,FantasyPros_2026_Draft_ALL_Rankings.csv,2026-09-03,0.3,fp_only_no_debut_verification
Jacory Croskey-Merritt,jacory croskey merritt,RB,WAS,fantasypros_expansion,UNKNOWN_STATUS,,False,False,,UNKNOWN_STATUS,False,FantasyPros-ranked only; no verified NFL debut or league salary,FantasyPros_2026_Draft_ALL_Rankings.csv,2026-09-03,0.3,fp_only_no_debut_verification
KC Concepcion,kc concepcion,WR,CLE,fantasypros_expansion,UNKNOWN_STATUS,,False,False,,UNKNOWN_STATUS,False,FantasyPros-ranked only; no verified NFL debut or league salary,FantasyPros_2026_Draft_ALL_Rankings.csv,2026-09-03,0.3,fp_only_no_debut_verification
Isaiah Likely,isaiah likely,TE,NYG,fantasypros_expansion,UNKNOWN_STATUS,,False,False,,UNKNOWN_STATUS,False,FantasyPros-ranked only; no verified NFL debut or league salary,FantasyPros_2026_Draft_ALL_Rankings.csv,2026-09-03,0.3,fp_only_no_debut_verification
Tyler Shough,tyler shough,QB,NO,fantasypros_expansion,UNKNOWN_STATUS,,False,False,,UNKNOWN_STATUS,False,FantasyPros-ranked only; no verified NFL debut or league salary,FantasyPros_2026_Draft_ALL_Rankings.csv,2026-09-03,0.3,fp_only_no_debut_verification
Malik Willis,malik willis,QB,MIA,fantasypros_expansion,UNKNOWN_STATUS,,False,False,,UNKNOWN_STATUS,False,FantasyPros-ranked only; no verified NFL debut or league salary,FantasyPros_2026_Draft_ALL_Rankings.csv,2026-09-03,0.3,fp_only_no_debut_verification
Jordyn Tyson,jordyn tyson,WR,NO,fantasypros_expansion,COLLEGE_RIGHTS_HELD,,False,True,,COLLEGE_RIGHTS_HELD,False,college_holdings audit: no_nfl_debut_detected,college_holdings.csv,2026-09-03,0.95,college_rights_block
De'Zhaun Stribling,dezhaun stribling,WR,SF,fantasypros_expansion,UNKNOWN_STATUS,,False,False,,UNKNOWN_STATUS,False,FantasyPros-ranked only; no verified NFL debut or league salary,FantasyPros_2026_Draft_ALL_Rankings.csv,2026-09-03,0.3,fp_only_no_debut_verification
Sam Darnold,sam darnold,QB,SEA,fantasypros_expansion,UNKNOWN_STATUS,,False,False,,UNKNOWN_STATUS,False,FantasyPros-ranked only; no verified NFL debut or league salary,FantasyPros_2026_Draft_ALL_Rankings.csv,2026-09-03,0.3,fp_only_no_debut_verification
Dylan Sampson,dylan sampson,RB,CLE,fantasypros_expansion,UNKNOWN_STATUS,,False,False,,UNKNOWN_STATUS,False,FantasyPros-ranked only; no verified NFL debut or league salary,FantasyPros_2026_Draft_ALL_Rankings.csv,2026-09-03,0.3,fp_only_no_debut_verification
Denzel Boston,denzel boston,WR,CLE,fantasypros_expansion,COLLEGE_RIGHTS_HELD,,False,True,,COLLEGE_RIGHTS_HELD,False,college_holdings audit: no_nfl_debut_detected,college_holdings.csv,2026-09-03,0.95,college_rights_block
Cam Ward,cam ward,QB,TEN,fantasypros_expansion,UNKNOWN_STATUS,,False,False,,UNKNOWN_STATUS,False,FantasyPros-ranked only; no verified NFL debut or league salary,FantasyPros_2026_Draft_ALL_Rankings.csv,2026-09-03,0.3,fp_only_no_debut_verification
Jonah Coleman,jonah coleman,RB,DEN,fantasypros_expansion,COLLEGE_RIGHTS_HELD,,False,True,,COLLEGE_RIGHTS_HELD,False,college_holdings audit: no_nfl_debut_detected,college_holdings.csv,2026-09-03,0.95,college_rights_block
Chig Okonkwo,chig okonkwo,TE,WAS,fantasypros_expansion,UNKNOWN_STATUS,,False,False,,UNKNOWN_STATUS,False,FantasyPros-ranked only; no verified NFL debut or league salary,FantasyPros_2026_Draft_ALL_Rankings.csv,2026-09-03,0.3,fp_only_no_debut_verification
Adonai Mitchell,adonai mitchell,WR,NYJ,fantasypros_expansion,UNKNOWN_STATUS,,False,False,,UNKNOWN_STATUS,False,FantasyPros-ranked only; no verified NFL debut or league salary,FantasyPros_2026_Draft_ALL_Rankings.csv,2026-09-03,0.3,fp_only_no_debut_verification
Tank Bigsby,tank bigsby,RB,PHI,fantasypros_expansion,UNKNOWN_STATUS,,False,False,,UNKNOWN_STATUS,False,FantasyPros-ranked only; no verified NFL debut or league salary,FantasyPros_2026_Draft_ALL_Rankings.csv,2026-09-03,0.3,fp_only_no_debut_verification
Bryce Young,bryce young,QB,CAR,fantasypros_expansion,UNKNOWN_STATUS,,False,False,,UNKNOWN_STATUS,False,FantasyPros-ranked only; no verified NFL debut or league salary,FantasyPros_2026_Draft_ALL_Rankings.csv,2026-09-03,0.3,fp_only_no_debut_verification
Jerry Jeudy,jerry jeudy,WR,CLE,fantasypros_expansion,UNKNOWN_STATUS,,False,False,,UNKNOWN_STATUS,False,FantasyPros-ranked only; no verified NFL debut or league salary,FantasyPros_2026_Draft_ALL_Rankings.csv,2026-09-03,0.3,fp_only_no_debut_verification
Mike Washington Jr.,mike washington,RB,LV,fantasypros_expansion,UNKNOWN_STATUS,,False,False,,UNKNOWN_STATUS,False,FantasyPros-ranked only; no verified NFL debut or league salary,FantasyPros_2026_Draft_ALL_Rankings.csv,2026-09-03,0.3,fp_only_no_debut_verification
Jauan Jennings,jauan jennings,WR,MIN,fantasypros_expansion,UNKNOWN_STATUS,,False,False,,UNKNOWN_STATUS,False,FantasyPros-ranked only; no verified NFL debut or league salary,FantasyPros_2026_Draft_ALL_Rankings.csv,2026-09-03,0.3,fp_only_no_debut_verification
Dontayvion Wicks,dontayvion wicks,WR,PHI,fantasypros_expansion,UNKNOWN_STATUS,,False,False,,UNKNOWN_STATUS,False,FantasyPros-ranked only; no verified NFL debut or league salary,FantasyPros_2026_Draft_ALL_Rankings.csv,2026-09-03,0.3,fp_only_no_debut_verification
Omar Cooper Jr.,omar cooper,WR,NYJ,fantasypros_expansion,UNKNOWN_STATUS,,False,False,,UNKNOWN_STATUS,False,FantasyPros-ranked only; no verified NFL debut or league salary,FantasyPros_2026_Draft_ALL_Rankings.csv,2026-09-03,0.3,fp_only_no_debut_verification
Ryan Flournoy,ryan flournoy,WR,DAL,fantasypros_expansion,UNKNOWN_STATUS,,False,False,,UNKNOWN_STATUS,False,FantasyPros-ranked only; no verified NFL debut or league salary,FantasyPros_2026_Draft_ALL_Rankings.csv,2026-09-03,0.3,fp_only_no_debut_verification
Emmett Johnson,emmett johnson,RB,KC,fantasypros_expansion,COLLEGE_RIGHTS_HELD,,False,True,,COLLEGE_RIGHTS_HELD,False,college_holdings audit: no_nfl_debut_detected,college_holdings.csv,2026-09-03,0.95,college_rights_block
Jalen Nailor,jalen nailor,WR,LV,fantasypros_expansion,UNKNOWN_STATUS,,False,False,,UNKNOWN_STATUS,False,FantasyPros-ranked only; no verified NFL debut or league salary,FantasyPros_2026_Draft_ALL_Rankings.csv,2026-09-03,0.3,fp_only_no_debut_verification
Ray Davis,ray davis,RB,BUF,fantasypros_expansion,UNKNOWN_STATUS,,False,False,,UNKNOWN_STATUS,False,FantasyPros-ranked only; no verified NFL debut or league salary,FantasyPros_2026_Draft_ALL_Rankings.csv,2026-09-03,0.3,fp_only_no_debut_verification
Calvin Ridley,calvin ridley,WR,TEN,fantasypros_expansion,UNKNOWN_STATUS,,False,False,,UNKNOWN_STATUS,False,FantasyPros-ranked only; no verified NFL debut or league salary,FantasyPros_2026_Draft_ALL_Rankings.csv,2026-09-03,0.3,fp_only_no_debut_verification
Terrance Ferguson,terrance ferguson,TE,LAR,fantasypros_expansion,UNKNOWN_STATUS,,False,False,,UNKNOWN_STATUS,False,FantasyPros-ranked only; no verified NFL debut or league salary,FantasyPros_2026_Draft_ALL_Rankings.csv,2026-09-03,0.3,fp_only_no_debut_verification
Jaylin Noel,jaylin noel,WR,HOU,fantasypros_expansion,UNKNOWN_STATUS,,False,False,,UNKNOWN_STATUS,False,FantasyPros-ranked only; no verified NFL debut or league salary,FantasyPros_2026_Draft_ALL_Rankings.csv,2026-09-03,0.3,fp_only_no_debut_verification
Sean Tucker,sean tucker,RB,TB,fantasypros_expansion,UNKNOWN_STATUS,,False,False,,UNKNOWN_STATUS,False,FantasyPros-ranked only; no verified NFL debut or league salary,FantasyPros_2026_Draft_ALL_Rankings.csv,2026-09-03,0.3,fp_only_no_debut_verification
Gunnar Helm,gunnar helm,TE,TEN,fantasypros_expansion,UNKNOWN_STATUS,,False,False,,UNKNOWN_STATUS,False,FantasyPros-ranked only; no verified NFL debut or league salary,FantasyPros_2026_Draft_ALL_Rankings.csv,2026-09-03,0.3,fp_only_no_debut_verification
Nicholas Singleton,nicholas singleton,RB,TEN,fantasypros_expansion,COLLEGE_RIGHTS_HELD,,False,True,,COLLEGE_RIGHTS_HELD,False,college_holdings audit: no_nfl_debut_detected,college_holdings.csv,2026-09-03,0.95,college_rights_block
Aaron Rodgers,aaron rodgers,QB,PIT,fantasypros_expansion,UNKNOWN_STATUS,,False,False,,UNKNOWN_STATUS,False,FantasyPros-ranked only; no verified NFL debut or league salary,FantasyPros_2026_Draft_ALL_Rankings.csv,2026-09-03,0.3,fp_only_no_debut_verification
Geno Smith,geno smith,QB,NYJ,fantasypros_expansion,UNKNOWN_STATUS,,False,False,,UNKNOWN_STATUS,False,FantasyPros-ranked only; no verified NFL debut or league salary,FantasyPros_2026_Draft_ALL_Rankings.csv,2026-09-03,0.3,fp_only_no_debut_verification
Kenyon Sadiq,kenyon sadiq,TE,NYJ,fantasypros_expansion,COLLEGE_RIGHTS_HELD,,False,True,,COLLEGE_RIGHTS_HELD,False,college_holdings audit: no_nfl_debut_detected,college_holdings.csv,2026-09-03,0.95,college_rights_block
Tank Dell,tank dell,WR,HOU,fantasypros_expansion,UNKNOWN_STATUS,,False,False,,UNKNOWN_STATUS,False,FantasyPros-ranked only; no verified NFL debut or league salary,FantasyPros_2026_Draft_ALL_Rankings.csv,2026-09-03,0.3,fp_only_no_debut_verification
Darnell Mooney,darnell mooney,WR,NYG,fantasypros_expansion,UNKNOWN_STATUS,,False,False,,UNKNOWN_STATUS,False,FantasyPros-ranked only; no verified NFL debut or league salary,FantasyPros_2026_Draft_ALL_Rankings.csv,2026-09-03,0.3,fp_only_no_debut_verification
Isaac TeSlaa,isaac teslaa,WR,DET,fantasypros_expansion,UNKNOWN_STATUS,,False,False,,UNKNOWN_STATUS,False,FantasyPros-ranked only; no verified NFL debut or league salary,FantasyPros_2026_Draft_ALL_Rankings.csv,2026-09-03,0.3,fp_only_no_debut_verification
Pat Freiermuth,pat freiermuth,TE,PIT,fantasypros_expansion,UNKNOWN_STATUS,,False,False,,UNKNOWN_STATUS,False,FantasyPros-ranked only; no verified NFL debut or league salary,FantasyPros_2026_Draft_ALL_Rankings.csv,2026-09-03,0.3,fp_only_no_debut_verification
Kaytron Allen,kaytron allen,RB,WAS,fantasypros_expansion,COLLEGE_RIGHTS_HELD,,False,True,,COLLEGE_RIGHTS_HELD,False,college_holdings audit: no_nfl_debut_detected,college_holdings.csv,2026-09-03,0.95,college_rights_block
Ja'Kobi Lane,jakobi lane,WR,BAL,fantasypros_expansion,COLLEGE_RIGHTS_HELD,,False,True,,COLLEGE_RIGHTS_HELD,False,college_holdings audit: no_nfl_debut_detected,college_holdings.csv,2026-09-03,0.95,college_rights_block
Germie Bernard,germie bernard,WR,PIT,fantasypros_expansion,COLLEGE_RIGHTS_HELD,,False,True,,COLLEGE_RIGHTS_HELD,False,college_holdings audit: no_nfl_debut_detected,college_holdings.csv,2026-09-03,0.95,college_rights_block
Zachariah Branch,zachariah branch,WR,ATL,fantasypros_expansion,COLLEGE_RIGHTS_HELD,,False,True,,COLLEGE_RIGHTS_HELD,False,college_holdings audit: no_nfl_debut_detected,college_holdings.csv,2026-09-03,0.95,college_rights_block
Greg Dulcich,greg dulcich,TE,MIA,fantasypros_expansion,UNKNOWN_STATUS,,False,False,,UNKNOWN_STATUS,False,FantasyPros-ranked only; no verified NFL debut or league salary,FantasyPros_2026_Draft_ALL_Rankings.csv,2026-09-03,0.3,fp_only_no_debut_verification
Justice Hill,justice hill,RB,BAL,fantasypros_expansion,UNKNOWN_STATUS,,False,False,,UNKNOWN_STATUS,False,FantasyPros-ranked only; no verified NFL debut or league salary,FantasyPros_2026_Draft_ALL_Rankings.csv,2026-09-03,0.3,fp_only_no_debut_verification
Antonio Williams,antonio williams,WR,WAS,fantasypros_expansion,COLLEGE_RIGHTS_HELD,,False,True,,COLLEGE_RIGHTS_HELD,False,college_holdings audit: no_nfl_debut_detected,college_holdings.csv,2026-09-03,0.95,college_rights_block
George Holani,george holani,RB,SEA,fantasypros_expansion,UNKNOWN_STATUS,,False,False,,UNKNOWN_STATUS,False,FantasyPros-ranked only; no verified NFL debut or league salary,FantasyPros_2026_Draft_ALL_Rankings.csv,2026-09-03,0.3,fp_only_no_debut_verification
Caleb Douglas,caleb douglas,WR,MIA,fantasypros_expansion,UNKNOWN_STATUS,,False,False,,UNKNOWN_STATUS,False,FantasyPros-ranked only; no verified NFL debut or league salary,FantasyPros_2026_Draft_ALL_Rankings.csv,2026-09-03,0.3,fp_only_no_debut_verification
Jaylen Wright,jaylen wright,RB,MIA,fantasypros_expansion,UNKNOWN_STATUS,,False,False,,UNKNOWN_STATUS,False,FantasyPros-ranked only; no verified NFL debut or league salary,FantasyPros_2026_Draft_ALL_Rankings.csv,2026-09-03,0.3,fp_only_no_debut_verification
Kaelon Black,kaelon black,RB,SF,fantasypros_expansion,UNKNOWN_STATUS,,False,False,,UNKNOWN_STATUS,False,FantasyPros-ranked only; no verified NFL debut or league salary,FantasyPros_2026_Draft_ALL_Rankings.csv,2026-09-03,0.3,fp_only_no_debut_verification
Malachi Fields,malachi fields,WR,NYG,fantasypros_expansion,COLLEGE_RIGHTS_HELD,,False,True,,COLLEGE_RIGHTS_HELD,False,college_holdings audit: no_nfl_debut_detected,college_holdings.csv,2026-09-03,0.95,college_rights_block
Evan Engram,evan engram,TE,DEN,fantasypros_expansion,UNKNOWN_STATUS,,False,False,,UNKNOWN_STATUS,False,FantasyPros-ranked only; no verified NFL debut or league salary,FantasyPros_2026_Draft_ALL_Rankings.csv,2026-09-03,0.3,fp_only_no_debut_verification
Jack Bech,jack bech,WR,LV,fantasypros_expansion,UNKNOWN_STATUS,,False,False,,UNKNOWN_STATUS,False,FantasyPros-ranked only; no verified NFL debut or league salary,FantasyPros_2026_Draft_ALL_Rankings.csv,2026-09-03,0.3,fp_only_no_debut_verification
David Njoku,david njoku,TE,LAC,fantasypros_expansion,UNKNOWN_STATUS,,False,False,,UNKNOWN_STATUS,False,FantasyPros-ranked only; no verified NFL debut or league salary,FantasyPros_2026_Draft_ALL_Rankings.csv,2026-09-03,0.3,fp_only_no_debut_verification
Chris Bell,chris bell,WR,MIA,fantasypros_expansion,COLLEGE_RIGHTS_HELD,,False,True,,COLLEGE_RIGHTS_HELD,False,college_holdings audit: no_nfl_debut_detected,college_holdings.csv,2026-09-03,0.95,college_rights_block
Ted Hurst III,ted hurst,WR,TB,fantasypros_expansion,UNKNOWN_STATUS,,False,False,,UNKNOWN_STATUS,False,FantasyPros-ranked only; no verified NFL debut or league salary,FantasyPros_2026_Draft_ALL_Rankings.csv,2026-09-03,0.3,fp_only_no_debut_verification
Fernando Mendoza,fernando mendoza,QB,LV,fantasypros_expansion,DEBUTED_PENDING_CONVERSION,CONFIRMED ALREADY DEBUTED - drafted #1 overall 2026 by Las Vegas Raiders - needs conversion,False,True,pending,DEBUTED_PENDING_CONVERSION,False,college_holdings audit: manual_sheet_flag,college_holdings.csv,2026-09-03,0.85,pending_conversion
Chimere Dike,chimere dike,WR,TEN,fantasypros_expansion,UNKNOWN_STATUS,,False,False,,UNKNOWN_STATUS,False,FantasyPros-ranked only; no verified NFL debut or league salary,FantasyPros_2026_Draft_ALL_Rankings.csv,2026-09-03,0.3,fp_only_no_debut_verification
Demond Claiborne,demond claiborne,RB,MIN,fantasypros_expansion,UNKNOWN_STATUS,,False,False,,UNKNOWN_STATUS,False,FantasyPros-ranked only; no verified NFL debut or league salary,FantasyPros_2026_Draft_ALL_Rankings.csv,2026-09-03,0.3,fp_only_no_debut_verification
Ty Johnson,ty johnson,RB,BUF,fantasypros_expansion,UNKNOWN_STATUS,,False,False,,UNKNOWN_STATUS,False,FantasyPros-ranked only; no verified NFL debut or league salary,FantasyPros_2026_Draft_ALL_Rankings.csv,2026-09-03,0.3,fp_only_no_debut_verification
Samaje Perine,samaje perine,RB,CIN,fantasypros_expansion,UNKNOWN_STATUS,,False,False,,UNKNOWN_STATUS,False,FantasyPros-ranked only; no verified NFL debut or league salary,FantasyPros_2026_Draft_ALL_Rankings.csv,2026-09-03,0.3,fp_only_no_debut_verification
Cyrus Allen,cyrus allen,WR,KC,fantasypros_expansion,UNKNOWN_STATUS,,False,False,,UNKNOWN_STATUS,False,FantasyPros-ranked only; no verified NFL debut or league salary,FantasyPros_2026_Draft_ALL_Rankings.csv,2026-09-03,0.3,fp_only_no_debut_verification
LeQuint Allen Jr.,lequint allen,RB,JAC,fantasypros_expansion,UNKNOWN_STATUS,,False,False,,UNKNOWN_STATUS,False,FantasyPros-ranked only; no verified NFL debut or league salary,FantasyPros_2026_Draft_ALL_Rankings.csv,2026-09-03,0.3,fp_only_no_debut_verification
Jordan James,jordan james,RB,SF,fantasypros_expansion,DEBUTED_PENDING_CONVERSION,CONFIRMED ALREADY DEBUTED - drafted 5th round 2025 by SF 49ers active roster - needs conversion,False,True,pending,DEBUTED_PENDING_CONVERSION,False,college_holdings audit: manual_sheet_flag,college_holdings.csv,2026-09-03,0.85,pending_conversion
Tua Tagovailoa,tua tagovailoa,QB,ATL,fantasypros_expansion,UNKNOWN_STATUS,,False,False,,UNKNOWN_STATUS,False,FantasyPros-ranked only; no verified NFL debut or league salary,FantasyPros_2026_Draft_ALL_Rankings.csv,2026-09-03,0.3,fp_only_no_debut_verification
Tyquan Thornton,tyquan thornton,WR,KC,fantasypros_expansion,UNKNOWN_STATUS,,False,False,,UNKNOWN_STATUS,False,FantasyPros-ranked only; no verified NFL debut or league salary,FantasyPros_2026_Draft_ALL_Rankings.csv,2026-09-03,0.3,fp_only_no_debut_verification
Chris Brooks,chris brooks,RB,GB,fantasypros_expansion,UNKNOWN_STATUS,,False,False,,UNKNOWN_STATUS,False,FantasyPros-ranked only; no verified NFL debut or league salary,FantasyPros_2026_Draft_ALL_Rankings.csv,2026-09-03,0.3,fp_only_no_debut_verification
Elijah Sarratt,elijah sarratt,WR,BAL,fantasypros_expansion,COLLEGE_RIGHTS_HELD,,False,True,,COLLEGE_RIGHTS_HELD,False,college_holdings audit: no_nfl_debut_detected,college_holdings.csv,2026-09-03,0.95,college_rights_block
Malik Davis,malik davis,RB,DAL,fantasypros_expansion,UNKNOWN_STATUS,,False,False,,UNKNOWN_STATUS,False,FantasyPros-ranked only; no verified NFL debut or league salary,FantasyPros_2026_Draft_ALL_Rankings.csv,2026-09-03,0.3,fp_only_no_debut_verification
Michael Penix Jr.,michael penix,QB,ATL,fantasypros_expansion,UNKNOWN_STATUS,,False,False,,UNKNOWN_STATUS,False,FantasyPros-ranked only; no verified NFL debut or league salary,FantasyPros_2026_Draft_ALL_Rankings.csv,2026-09-03,0.3,fp_only_no_debut_verification
Marvin Mims Jr.,marvin mims,WR,DEN,fantasypros_expansion,UNKNOWN_STATUS,,False,False,,UNKNOWN_STATUS,False,FantasyPros-ranked only; no verified NFL debut or league salary,FantasyPros_2026_Draft_ALL_Rankings.csv,2026-09-03,0.3,fp_only_no_debut_verification
Kirk Cousins,kirk cousins,QB,LV,fantasypros_expansion,UNKNOWN_STATUS,,False,False,,UNKNOWN_STATUS,False,FantasyPros-ranked only; no verified NFL debut or league salary,FantasyPros_2026_Draft_ALL_Rankings.csv,2026-09-03,0.3,fp_only_no_debut_verification
DJ Giddens,dj giddens,RB,IND,fantasypros_expansion,UNKNOWN_STATUS,,False,False,,UNKNOWN_STATUS,False,FantasyPros-ranked only; no verified NFL debut or league salary,FantasyPros_2026_Draft_ALL_Rankings.csv,2026-09-03,0.3,fp_only_no_debut_verification
Deshaun Watson,deshaun watson,QB,CLE,fantasypros_expansion,UNKNOWN_STATUS,,False,False,,UNKNOWN_STATUS,False,FantasyPros-ranked only; no verified NFL debut or league salary,FantasyPros_2026_Draft_ALL_Rankings.csv,2026-09-03,0.3,fp_only_no_debut_verification
Seth McGowan,seth mcgowan,RB,IND,fantasypros_expansion,UNKNOWN_STATUS,,False,False,,UNKNOWN_STATUS,False,FantasyPros-ranked only; no verified NFL debut or league salary,FantasyPros_2026_Draft_ALL_Rankings.csv,2026-09-03,0.3,fp_only_no_debut_verification
Eli Stowers,eli stowers,TE,PHI,fantasypros_expansion,UNKNOWN_STATUS,,False,False,,UNKNOWN_STATUS,False,FantasyPros-ranked only; no verified NFL debut or league salary,FantasyPros_2026_Draft_ALL_Rankings.csv,2026-09-03,0.3,fp_only_no_debut_verification
Shedeur Sanders,shedeur sanders,QB,CLE,fantasypros_expansion,UNKNOWN_STATUS,,False,False,,UNKNOWN_STATUS,False,FantasyPros-ranked only; no verified NFL debut or league salary,FantasyPros_2026_Draft_ALL_Rankings.csv,2026-09-03,0.3,fp_only_no_debut_verification
Kendre Miller,kendre miller,RB,NO,fantasypros_expansion,UNKNOWN_STATUS,,False,False,,UNKNOWN_STATUS,False,FantasyPros-ranked only; no verified NFL debut or league salary,FantasyPros_2026_Draft_ALL_Rankings.csv,2026-09-03,0.3,fp_only_no_debut_verification
Kyle Williams,kyle williams,WR,NE,fantasypros_expansion,UNKNOWN_STATUS,,False,False,,UNKNOWN_STATUS,False,FantasyPros-ranked only; no verified NFL debut or league salary,FantasyPros_2026_Draft_ALL_Rankings.csv,2026-09-03,0.3,fp_only_no_debut_verification
Brashard Smith,brashard smith,RB,KC,fantasypros_expansion,UNKNOWN_STATUS,,False,False,,UNKNOWN_STATUS,False,FantasyPros-ranked only; no verified NFL debut or league salary,FantasyPros_2026_Draft_ALL_Rankings.csv,2026-09-03,0.3,fp_only_no_debut_verification
Emari Demercado,emari demercado,RB,KC,fantasypros_expansion,UNKNOWN_STATUS,,False,False,,UNKNOWN_STATUS,False,FantasyPros-ranked only; no verified NFL debut or league salary,FantasyPros_2026_Draft_ALL_Rankings.csv,2026-09-03,0.3,fp_only_no_debut_verification
Hollywood Brown,hollywood brown,WR,PHI,fantasypros_expansion,UNKNOWN_STATUS,,False,False,,UNKNOWN_STATUS,False,FantasyPros-ranked only; no verified NFL debut or league salary,FantasyPros_2026_Draft_ALL_Rankings.csv,2026-09-03,0.3,fp_only_no_debut_verification
Adam Randall,adam randall,RB,BAL,fantasypros_expansion,COLLEGE_RIGHTS_HELD,,False,True,,COLLEGE_RIGHTS_HELD,False,college_holdings audit: no_nfl_debut_detected,college_holdings.csv,2026-09-03,0.95,college_rights_block
Mike Gesicki,mike gesicki,TE,CIN,fantasypros_expansion,UNKNOWN_STATUS,,False,False,,UNKNOWN_STATUS,False,FantasyPros-ranked only; no verified NFL debut or league salary,FantasyPros_2026_Draft_ALL_Rankings.csv,2026-09-03,0.3,fp_only_no_debut_verification
Devin Singletary,devin singletary,RB,NYG,fantasypros_expansion,UNKNOWN_STATUS,,False,False,,UNKNOWN_STATUS,False,FantasyPros-ranked only; no verified NFL debut or league salary,FantasyPros_2026_Draft_ALL_Rankings.csv,2026-09-03,0.3,fp_only_no_debut_verification
Mack Hollins,mack hollins,WR,NE,fantasypros_expansion,UNKNOWN_STATUS,,False,False,,UNKNOWN_STATUS,False,FantasyPros-ranked only; no verified NFL debut or league salary,FantasyPros_2026_Draft_ALL_Rankings.csv,2026-09-03,0.3,fp_only_no_debut_verification
Isaiah Bond,isaiah bond,WR,CLE,fantasypros_expansion,DEBUTED_PENDING_CONVERSION,CONFIRMED ALREADY DEBUTED - signed Cleveland Browns 2025 undrafted became starter - needs conversion,False,True,pending,DEBUTED_PENDING_CONVERSION,False,college_holdings audit: manual_sheet_flag,college_holdings.csv,2026-09-03,0.85,pending_conversion
Skyler Bell,skyler bell,WR,BUF,fantasypros_expansion,UNKNOWN_STATUS,,False,False,,UNKNOWN_STATUS,False,FantasyPros-ranked only; no verified NFL debut or league salary,FantasyPros_2026_Draft_ALL_Rankings.csv,2026-09-03,0.3,fp_only_no_debut_verification
Trevor Etienne,trevor etienne,RB,CAR,fantasypros_expansion,COLLEGE_RIGHTS_HELD,,False,True,,COLLEGE_RIGHTS_HELD,False,college_holdings audit: no_nfl_debut_detected,college_holdings.csv,2026-09-03,0.95,college_rights_block
Brandon Aiyuk,brandon aiyuk,WR,SF,fantasypros_expansion,UNKNOWN_STATUS,,False,False,,UNKNOWN_STATUS,False,FantasyPros-ranked only; no verified NFL debut or league salary,FantasyPros_2026_Draft_ALL_Rankings.csv,2026-09-03,0.3,fp_only_no_debut_verification
Jake Tonges,jake tonges,TE,SF,fantasypros_expansion,UNKNOWN_STATUS,,False,False,,UNKNOWN_STATUS,False,FantasyPros-ranked only; no verified NFL debut or league salary,FantasyPros_2026_Draft_ALL_Rankings.csv,2026-09-03,0.3,fp_only_no_debut_verification
Jarquez Hunter,jarquez hunter,RB,MIA,fantasypros_expansion,UNKNOWN_STATUS,,False,False,,UNKNOWN_STATUS,False,FantasyPros-ranked only; no verified NFL debut or league salary,FantasyPros_2026_Draft_ALL_Rankings.csv,2026-09-03,0.3,fp_only_no_debut_verification
Andrei Iosivas,andrei iosivas,WR,CIN,fantasypros_expansion,UNKNOWN_STATUS,,False,False,,UNKNOWN_STATUS,False,FantasyPros-ranked only; no verified NFL debut or league salary,FantasyPros_2026_Draft_ALL_Rankings.csv,2026-09-03,0.3,fp_only_no_debut_verification
Isaac Guerendo,isaac guerendo,RB,SF,fantasypros_expansion,UNKNOWN_STATUS,,False,False,,UNKNOWN_STATUS,False,FantasyPros-ranked only; no verified NFL debut or league salary,FantasyPros_2026_Draft_ALL_Rankings.csv,2026-09-03,0.3,fp_only_no_debut_verification
Jerome Ford,jerome ford,RB,WAS,fantasypros_expansion,UNKNOWN_STATUS,,False,False,,UNKNOWN_STATUS,False,FantasyPros-ranked only; no verified NFL debut or league salary,FantasyPros_2026_Draft_ALL_Rankings.csv,2026-09-03,0.3,fp_only_no_debut_verification
Jaleel McLaughlin,jaleel mclaughlin,RB,DEN,fantasypros_expansion,UNKNOWN_STATUS,,False,False,,UNKNOWN_STATUS,False,FantasyPros-ranked only; no verified NFL debut or league salary,FantasyPros_2026_Draft_ALL_Rankings.csv,2026-09-03,0.3,fp_only_no_debut_verification
DeMario Douglas,demario douglas,WR,NE,fantasypros_expansion,UNKNOWN_STATUS,,False,False,,UNKNOWN_STATUS,False,FantasyPros-ranked only; no verified NFL debut or league salary,FantasyPros_2026_Draft_ALL_Rankings.csv,2026-09-03,0.3,fp_only_no_debut_verification
Audric Estime,audric estime,RB,NO,fantasypros_expansion,UNKNOWN_STATUS,,False,False,,UNKNOWN_STATUS,False,FantasyPros-ranked only; no verified NFL debut or league salary,FantasyPros_2026_Draft_ALL_Rankings.csv,2026-09-03,0.3,fp_only_no_debut_verification
Tahj Brooks,tahj brooks,RB,CIN,fantasypros_expansion,UNKNOWN_STATUS,,False,False,,UNKNOWN_STATUS,False,FantasyPros-ranked only; no verified NFL debut or league salary,FantasyPros_2026_Draft_ALL_Rankings.csv,2026-09-03,0.3,fp_only_no_debut_verification
Darnell Washington,darnell washington,TE,PIT,fantasypros_expansion,UNKNOWN_STATUS,,False,False,,UNKNOWN_STATUS,False,FantasyPros-ranked only; no verified NFL debut or league salary,FantasyPros_2026_Draft_ALL_Rankings.csv,2026-09-03,0.3,fp_only_no_debut_verification
Jahan Dotson,jahan dotson,WR,ATL,fantasypros_expansion,UNKNOWN_STATUS,,False,False,,UNKNOWN_STATUS,False,FantasyPros-ranked only; no verified NFL debut or league salary,FantasyPros_2026_Draft_ALL_Rankings.csv,2026-09-03,0.3,fp_only_no_debut_verification
Oscar Delp,oscar delp,TE,NO,fantasypros_expansion,COLLEGE_RIGHTS_HELD,,False,True,,COLLEGE_RIGHTS_HELD,False,college_holdings audit: no_nfl_debut_detected,college_holdings.csv,2026-09-03,0.95,college_rights_block
Tyreek Hill,tyreek hill,WR,FA,fantasypros_expansion,UNKNOWN_STATUS,,False,False,,UNKNOWN_STATUS,False,FantasyPros-ranked only; no verified NFL debut or league salary,FantasyPros_2026_Draft_ALL_Rankings.csv,2026-09-03,0.3,fp_only_no_debut_verification
Michael Mayer,michael mayer,TE,LV,fantasypros_expansion,UNKNOWN_STATUS,,False,False,,UNKNOWN_STATUS,False,FantasyPros-ranked only; no verified NFL debut or league salary,FantasyPros_2026_Draft_ALL_Rankings.csv,2026-09-03,0.3,fp_only_no_debut_verification
Elijah Arroyo,elijah arroyo,TE,SEA,fantasypros_expansion,UNKNOWN_STATUS,,False,False,,UNKNOWN_STATUS,False,FantasyPros-ranked only; no verified NFL debut or league salary,FantasyPros_2026_Draft_ALL_Rankings.csv,2026-09-03,0.3,fp_only_no_debut_verification
Charlie Kolar,charlie kolar,TE,LAC,fantasypros_expansion,UNKNOWN_STATUS,,False,False,,UNKNOWN_STATUS,False,FantasyPros-ranked only; no verified NFL debut or league salary,FantasyPros_2026_Draft_ALL_Rankings.csv,2026-09-03,0.3,fp_only_no_debut_verification
Bryce Lance,bryce lance,WR,NO,fantasypros_expansion,UNKNOWN_STATUS,,False,False,,UNKNOWN_STATUS,False,FantasyPros-ranked only; no verified NFL debut or league salary,FantasyPros_2026_Draft_ALL_Rankings.csv,2026-09-03,0.3,fp_only_no_debut_verification
Jalen Tolbert,jalen tolbert,WR,MIA,fantasypros_expansion,UNKNOWN_STATUS,,False,False,,UNKNOWN_STATUS,False,FantasyPros-ranked only; no verified NFL debut or league salary,FantasyPros_2026_Draft_ALL_Rankings.csv,2026-09-03,0.3,fp_only_no_debut_verification
Xavier Hutchinson,xavier hutchinson,WR,HOU,fantasypros_expansion,UNKNOWN_STATUS,,False,False,,UNKNOWN_STATUS,False,FantasyPros-ranked only; no verified NFL debut or league salary,FantasyPros_2026_Draft_ALL_Rankings.csv,2026-09-03,0.3,fp_only_no_debut_verification
Carson Beck,carson beck,QB,ARI,fantasypros_expansion,UNKNOWN_STATUS,,False,False,,UNKNOWN_STATUS,False,FantasyPros-ranked only; no verified NFL debut or league salary,FantasyPros_2026_Draft_ALL_Rankings.csv,2026-09-03,0.3,fp_only_no_debut_verification
Cole Kmet,cole kmet,TE,CHI,fantasypros_expansion,UNKNOWN_STATUS,,False,False,,UNKNOWN_STATUS,False,FantasyPros-ranked only; no verified NFL debut or league salary,FantasyPros_2026_Draft_ALL_Rankings.csv,2026-09-03,0.3,fp_only_no_debut_verification
Erick All Jr.,erick all,TE,CIN,fantasypros_expansion,UNKNOWN_STATUS,,False,False,,UNKNOWN_STATUS,False,FantasyPros-ranked only; no verified NFL debut or league salary,FantasyPros_2026_Draft_ALL_Rankings.csv,2026-09-03,0.3,fp_only_no_debut_verification
Tyler Higbee,tyler higbee,TE,LAR,fantasypros_expansion,UNKNOWN_STATUS,,False,False,,UNKNOWN_STATUS,False,FantasyPros-ranked only; no verified NFL debut or league salary,FantasyPros_2026_Draft_ALL_Rankings.csv,2026-09-03,0.3,fp_only_no_debut_verification
Tez Johnson,tez johnson,WR,TB,fantasypros_expansion,UNKNOWN_STATUS,,False,False,,UNKNOWN_STATUS,False,FantasyPros-ranked only; no verified NFL debut or league salary,FantasyPros_2026_Draft_ALL_Rankings.csv,2026-09-03,0.3,fp_only_no_debut_verification
Eli Raridon,eli raridon,TE,NE,fantasypros_expansion,UNKNOWN_STATUS,,False,False,,UNKNOWN_STATUS,False,FantasyPros-ranked only; no verified NFL debut or league salary,FantasyPros_2026_Draft_ALL_Rankings.csv,2026-09-03,0.3,fp_only_no_debut_verification
Konata Mumpfield,konata mumpfield,WR,LAR,fantasypros_expansion,UNKNOWN_STATUS,,False,False,,UNKNOWN_STATUS,False,FantasyPros-ranked only; no verified NFL debut or league salary,FantasyPros_2026_Draft_ALL_Rankings.csv,2026-09-03,0.3,fp_only_no_debut_verification
Olamide Zaccheaus,olamide zaccheaus,WR,ATL,fantasypros_expansion,UNKNOWN_STATUS,,False,False,,UNKNOWN_STATUS,False,FantasyPros-ranked only; no verified NFL debut or league salary,FantasyPros_2026_Draft_ALL_Rankings.csv,2026-09-03,0.3,fp_only_no_debut_verification
Jalen Royals,jalen royals,WR,KC,fantasypros_expansion,COLLEGE_RIGHTS_HELD,,False,True,,COLLEGE_RIGHTS_HELD,False,college_holdings audit: no_nfl_debut_detected,college_holdings.csv,2026-09-03,0.95,college_rights_block
Kendrick Bourne,kendrick bourne,WR,ARI,fantasypros_expansion,UNKNOWN_STATUS,,False,False,,UNKNOWN_STATUS,False,FantasyPros-ranked only; no verified NFL debut or league salary,FantasyPros_2026_Draft_ALL_Rankings.csv,2026-09-03,0.3,fp_only_no_debut_verification
Luke McCaffrey,luke mccaffrey,WR,WAS,fantasypros_expansion,UNKNOWN_STATUS,,False,False,,UNKNOWN_STATUS,False,FantasyPros-ranked only; no verified NFL debut or league salary,FantasyPros_2026_Draft_ALL_Rankings.csv,2026-09-03,0.3,fp_only_no_debut_verification
Bam Knight,bam knight,RB,ARI,fantasypros_expansion,UNKNOWN_STATUS,,False,False,,UNKNOWN_STATUS,False,FantasyPros-ranked only; no verified NFL debut or league salary,FantasyPros_2026_Draft_ALL_Rankings.csv,2026-09-03,0.3,fp_only_no_debut_verification
Joe Mixon,joe mixon,RB,FA,fantasypros_expansion,UNKNOWN_STATUS,,False,False,,UNKNOWN_STATUS,False,FantasyPros-ranked only; no verified NFL debut or league salary,FantasyPros_2026_Draft_ALL_Rankings.csv,2026-09-03,0.3,fp_only_no_debut_verification
Dawson Knox,dawson knox,TE,BUF,fantasypros_expansion,UNKNOWN_STATUS,,False,False,,UNKNOWN_STATUS,False,FantasyPros-ranked only; no verified NFL debut or league salary,FantasyPros_2026_Draft_ALL_Rankings.csv,2026-09-03,0.3,fp_only_no_debut_verification
Brenen Thompson,brenen thompson,WR,LAC,fantasypros_expansion,UNKNOWN_STATUS,,False,False,,UNKNOWN_STATUS,False,FantasyPros-ranked only; no verified NFL debut or league salary,FantasyPros_2026_Draft_ALL_Rankings.csv,2026-09-03,0.3,fp_only_no_debut_verification
Max Klare,max klare,TE,LAR,fantasypros_expansion,UNKNOWN_STATUS,,False,False,,UNKNOWN_STATUS,False,FantasyPros-ranked only; no verified NFL debut or league salary,FantasyPros_2026_Draft_ALL_Rankings.csv,2026-09-03,0.3,fp_only_no_debut_verification
Joshua Palmer,joshua palmer,WR,BUF,fantasypros_expansion,UNKNOWN_STATUS,,False,False,,UNKNOWN_STATUS,False,FantasyPros-ranked only; no verified NFL debut or league salary,FantasyPros_2026_Draft_ALL_Rankings.csv,2026-09-03,0.3,fp_only_no_debut_verification
Noah Gray,noah gray,TE,KC,fantasypros_expansion,UNKNOWN_STATUS,,False,False,,UNKNOWN_STATUS,False,FantasyPros-ranked only; no verified NFL debut or league salary,FantasyPros_2026_Draft_ALL_Rankings.csv,2026-09-03,0.3,fp_only_no_debut_verification
Mac Jones,mac jones,QB,SF,fantasypros_expansion,UNKNOWN_STATUS,,False,False,,UNKNOWN_STATUS,False,FantasyPros-ranked only; no verified NFL debut or league salary,FantasyPros_2026_Draft_ALL_Rankings.csv,2026-09-03,0.3,fp_only_no_debut_verification
Chris Brazzell II,chris brazzell,WR,CAR,fantasypros_expansion,COLLEGE_RIGHTS_HELD,,False,True,,COLLEGE_RIGHTS_HELD,False,college_holdings audit: no_nfl_debut_detected,college_holdings.csv,2026-09-03,0.95,college_rights_block
Treylon Burks,treylon burks,WR,WAS,fantasypros_expansion,UNKNOWN_STATUS,,False,False,,UNKNOWN_STATUS,False,FantasyPros-ranked only; no verified NFL debut or league salary,FantasyPros_2026_Draft_ALL_Rankings.csv,2026-09-03,0.3,fp_only_no_debut_verification
Ja'Tavion Sanders,jatavion sanders,TE,CAR,fantasypros_expansion,UNKNOWN_STATUS,,False,False,,UNKNOWN_STATUS,False,FantasyPros-ranked only; no verified NFL debut or league salary,FantasyPros_2026_Draft_ALL_Rankings.csv,2026-09-03,0.3,fp_only_no_debut_verification
Eli Heidenreich,eli heidenreich,RB,PIT,fantasypros_expansion,UNKNOWN_STATUS,,False,False,,UNKNOWN_STATUS,False,FantasyPros-ranked only; no verified NFL debut or league salary,FantasyPros_2026_Draft_ALL_Rankings.csv,2026-09-03,0.3,fp_only_no_debut_verification
Malik Benson,malik benson,WR,LV,fantasypros_expansion,UNKNOWN_STATUS,,False,False,,UNKNOWN_STATUS,False,FantasyPros-ranked only; no verified NFL debut or league salary,FantasyPros_2026_Draft_ALL_Rankings.csv,2026-09-03,0.3,fp_only_no_debut_verification
Justin Fields,justin fields,QB,KC,fantasypros_expansion,UNKNOWN_STATUS,,False,False,,UNKNOWN_STATUS,False,FantasyPros-ranked only; no verified NFL debut or league salary,FantasyPros_2026_Draft_ALL_Rankings.csv,2026-09-03,0.3,fp_only_no_debut_verification
Jawhar Jordan,jawhar jordan,RB,HOU,fantasypros_expansion,UNKNOWN_STATUS,,False,False,,UNKNOWN_STATUS,False,FantasyPros-ranked only; no verified NFL debut or league salary,FantasyPros_2026_Draft_ALL_Rankings.csv,2026-09-03,0.3,fp_only_no_debut_verification
Justin Joly,justin joly,TE,DEN,fantasypros_expansion,UNKNOWN_STATUS,,False,False,,UNKNOWN_STATUS,False,FantasyPros-ranked only; no verified NFL debut or league salary,FantasyPros_2026_Draft_ALL_Rankings.csv,2026-09-03,0.3,fp_only_no_debut_verification
Roman Wilson,roman wilson,WR,PIT,fantasypros_expansion,UNKNOWN_STATUS,,False,False,,UNKNOWN_STATUS,False,FantasyPros-ranked only; no verified NFL debut or league salary,FantasyPros_2026_Draft_ALL_Rankings.csv,2026-09-03,0.3,fp_only_no_debut_verification
Ty Simpson,ty simpson,QB,LAR,fantasypros_expansion,UNKNOWN_STATUS,,False,False,,UNKNOWN_STATUS,False,FantasyPros-ranked only; no verified NFL debut or league salary,FantasyPros_2026_Draft_ALL_Rankings.csv,2026-09-03,0.3,fp_only_no_debut_verification
Savion Williams,savion williams,WR,GB,fantasypros_expansion,UNKNOWN_STATUS,,False,False,,UNKNOWN_STATUS,False,FantasyPros-ranked only; no verified NFL debut or league salary,FantasyPros_2026_Draft_ALL_Rankings.csv,2026-09-03,0.3,fp_only_no_debut_verification
Kalif Raymond,kalif raymond,WR,CHI,fantasypros_expansion,UNKNOWN_STATUS,,False,False,,UNKNOWN_STATUS,False,FantasyPros-ranked only; no verified NFL debut or league salary,FantasyPros_2026_Draft_ALL_Rankings.csv,2026-09-03,0.3,fp_only_no_debut_verification
KaVontae Turpin,kavontae turpin,WR,DAL,fantasypros_expansion,UNKNOWN_STATUS,,False,False,,UNKNOWN_STATUS,False,FantasyPros-ranked only; no verified NFL debut or league salary,FantasyPros_2026_Draft_ALL_Rankings.csv,2026-09-03,0.3,fp_only_no_debut_verification
Kevin Coleman Jr.,kevin coleman,WR,MIA,fantasypros_expansion,UNKNOWN_STATUS,,False,False,,UNKNOWN_STATUS,False,FantasyPros-ranked only; no verified NFL debut or league salary,FantasyPros_2026_Draft_ALL_Rankings.csv,2026-09-03,0.3,fp_only_no_debut_verification
Raheim Sanders,raheim sanders,RB,CLE,fantasypros_expansion,UNKNOWN_STATUS,,False,False,,UNKNOWN_STATUS,False,FantasyPros-ranked only; no verified NFL debut or league salary,FantasyPros_2026_Draft_ALL_Rankings.csv,2026-09-03,0.3,fp_only_no_debut_verification
Dont'e Thornton Jr.,donte thornton,WR,LV,fantasypros_expansion,UNKNOWN_STATUS,,False,False,,UNKNOWN_STATUS,False,FantasyPros-ranked only; no verified NFL debut or league salary,FantasyPros_2026_Draft_ALL_Rankings.csv,2026-09-03,0.3,fp_only_no_debut_verification
Zavion Thomas,zavion thomas,WR,CHI,fantasypros_expansion,UNKNOWN_STATUS,,False,False,,UNKNOWN_STATUS,False,FantasyPros-ranked only; no verified NFL debut or league salary,FantasyPros_2026_Draft_ALL_Rankings.csv,2026-09-03,0.3,fp_only_no_debut_verification
Colbie Young,colbie young,WR,CIN,fantasypros_expansion,UNKNOWN_STATUS,,False,False,,UNKNOWN_STATUS,False,FantasyPros-ranked only; no verified NFL debut or league salary,FantasyPros_2026_Draft_ALL_Rankings.csv,2026-09-03,0.3,fp_only_no_debut_verification
Noah Fant,noah fant,TE,NO,fantasypros_expansion,UNKNOWN_STATUS,,False,False,,UNKNOWN_STATUS,False,FantasyPros-ranked only; no verified NFL debut or league salary,FantasyPros_2026_Draft_ALL_Rankings.csv,2026-09-03,0.3,fp_only_no_debut_verification
Kyle Juszczyk,kyle juszczyk,RB,SF,fantasypros_expansion,UNKNOWN_STATUS,,False,False,,UNKNOWN_STATUS,False,FantasyPros-ranked only; no verified NFL debut or league salary,FantasyPros_2026_Draft_ALL_Rankings.csv,2026-09-03,0.3,fp_only_no_debut_verification
Anthony Richardson Sr.,anthony richardson,QB,IND,fantasypros_expansion,UNKNOWN_STATUS,,False,False,,UNKNOWN_STATUS,False,FantasyPros-ranked only; no verified NFL debut or league salary,FantasyPros_2026_Draft_ALL_Rankings.csv,2026-09-03,0.3,fp_only_no_debut_verification
Joe Flacco,joe flacco,QB,CIN,fantasypros_expansion,UNKNOWN_STATUS,,False,False,,UNKNOWN_STATUS,False,FantasyPros-ranked only; no verified NFL debut or league salary,FantasyPros_2026_Draft_ALL_Rankings.csv,2026-09-03,0.3,fp_only_no_debut_verification
Tutu Atwell,tutu atwell,WR,LAR,fantasypros_expansion,UNKNOWN_STATUS,,False,False,,UNKNOWN_STATUS,False,FantasyPros-ranked only; no verified NFL debut or league salary,FantasyPros_2026_Draft_ALL_Rankings.csv,2026-09-03,0.3,fp_only_no_debut_verification
John Metchie III,john metchie,WR,CAR,fantasypros_expansion,UNKNOWN_STATUS,,False,False,,UNKNOWN_STATUS,False,FantasyPros-ranked only; no verified NFL debut or league salary,FantasyPros_2026_Draft_ALL_Rankings.csv,2026-09-03,0.3,fp_only_no_debut_verification
Nick Westbrook-Ikhine,nick westbrook ikhine,WR,IND,fantasypros_expansion,UNKNOWN_STATUS,,False,False,,UNKNOWN_STATUS,False,FantasyPros-ranked only; no verified NFL debut or league salary,FantasyPros_2026_Draft_ALL_Rankings.csv,2026-09-03,0.3,fp_only_no_debut_verification
Phil Mafah,phil mafah,RB,DAL,fantasypros_expansion,UNKNOWN_STATUS,,False,False,,UNKNOWN_STATUS,False,FantasyPros-ranked only; no verified NFL debut or league salary,FantasyPros_2026_Draft_ALL_Rankings.csv,2026-09-03,0.3,fp_only_no_debut_verification
J'Mari Taylor,jmari taylor,RB,JAC,fantasypros_expansion,UNKNOWN_STATUS,,False,False,,UNKNOWN_STATUS,False,FantasyPros-ranked only; no verified NFL debut or league salary,FantasyPros_2026_Draft_ALL_Rankings.csv,2026-09-03,0.3,fp_only_no_debut_verification
Demarcus Robinson,demarcus robinson,WR,SF,fantasypros_expansion,UNKNOWN_STATUS,,False,False,,UNKNOWN_STATUS,False,FantasyPros-ranked only; no verified NFL debut or league salary,FantasyPros_2026_Draft_ALL_Rankings.csv,2026-09-03,0.3,fp_only_no_debut_verification
CJ Daniels,cj daniels,WR,LAR,fantasypros_expansion,UNKNOWN_STATUS,,False,False,,UNKNOWN_STATUS,False,FantasyPros-ranked only; no verified NFL debut or league salary,FantasyPros_2026_Draft_ALL_Rankings.csv,2026-09-03,0.3,fp_only_no_debut_verification
Jaylin Lane,jaylin lane,WR,WAS,fantasypros_expansion,UNKNOWN_STATUS,,False,False,,UNKNOWN_STATUS,False,FantasyPros-ranked only; no verified NFL debut or league salary,FantasyPros_2026_Draft_ALL_Rankings.csv,2026-09-03,0.3,fp_only_no_debut_verification
Devontez Walker,devontez walker,WR,BAL,fantasypros_expansion,UNKNOWN_STATUS,,False,False,,UNKNOWN_STATUS,False,FantasyPros-ranked only; no verified NFL debut or league salary,FantasyPros_2026_Draft_ALL_Rankings.csv,2026-09-03,0.3,fp_only_no_debut_verification
Roschon Johnson,roschon johnson,RB,CHI,fantasypros_expansion,UNKNOWN_STATUS,,False,False,,UNKNOWN_STATUS,False,FantasyPros-ranked only; no verified NFL debut or league salary,FantasyPros_2026_Draft_ALL_Rankings.csv,2026-09-03,0.3,fp_only_no_debut_verification
Luke Musgrave,luke musgrave,TE,GB,fantasypros_expansion,UNKNOWN_STATUS,,False,False,,UNKNOWN_STATUS,False,FantasyPros-ranked only; no verified NFL debut or league salary,FantasyPros_2026_Draft_ALL_Rankings.csv,2026-09-03,0.3,fp_only_no_debut_verification
Ashton Dulin,ashton dulin,WR,IND,fantasypros_expansion,UNKNOWN_STATUS,,False,False,,UNKNOWN_STATUS,False,FantasyPros-ranked only; no verified NFL debut or league salary,FantasyPros_2026_Draft_ALL_Rankings.csv,2026-09-03,0.3,fp_only_no_debut_verification
Jameis Winston,jameis winston,QB,NYG,fantasypros_expansion,UNKNOWN_STATUS,,False,False,,UNKNOWN_STATUS,False,FantasyPros-ranked only; no verified NFL debut or league salary,FantasyPros_2026_Draft_ALL_Rankings.csv,2026-09-03,0.3,fp_only_no_debut_verification
Tommy Tremble,tommy tremble,TE,CAR,fantasypros_expansion,UNKNOWN_STATUS,,False,False,,UNKNOWN_STATUS,False,FantasyPros-ranked only; no verified NFL debut or league salary,FantasyPros_2026_Draft_ALL_Rankings.csv,2026-09-03,0.3,fp_only_no_debut_verification
Marcus Mariota,marcus mariota,QB,WAS,fantasypros_expansion,UNKNOWN_STATUS,,False,False,,UNKNOWN_STATUS,False,FantasyPros-ranked only; no verified NFL debut or league salary,FantasyPros_2026_Draft_ALL_Rankings.csv,2026-09-03,0.3,fp_only_no_debut_verification
Jam Miller,jam miller,RB,NE,fantasypros_expansion,UNKNOWN_STATUS,,False,False,,UNKNOWN_STATUS,False,FantasyPros-ranked only; no verified NFL debut or league salary,FantasyPros_2026_Draft_ALL_Rankings.csv,2026-09-03,0.3,fp_only_no_debut_verification
Jordan Whittington,jordan whittington,WR,LAR,fantasypros_expansion,UNKNOWN_STATUS,,False,False,,UNKNOWN_STATUS,False,FantasyPros-ranked only; no verified NFL debut or league salary,FantasyPros_2026_Draft_ALL_Rankings.csv,2026-09-03,0.3,fp_only_no_debut_verification
Barion Brown,barion brown,WR,NO,fantasypros_expansion,UNKNOWN_STATUS,,False,False,,UNKNOWN_STATUS,False,FantasyPros-ranked only; no verified NFL debut or league salary,FantasyPros_2026_Draft_ALL_Rankings.csv,2026-09-03,0.3,fp_only_no_debut_verification
Rasheen Ali,rasheen ali,RB,BAL,fantasypros_expansion,UNKNOWN_STATUS,,False,False,,UNKNOWN_STATUS,False,FantasyPros-ranked only; no verified NFL debut or league salary,FantasyPros_2026_Draft_ALL_Rankings.csv,2026-09-03,0.3,fp_only_no_debut_verification
Sione Vaki,sione vaki,RB,DET,fantasypros_expansion,UNKNOWN_STATUS,,False,False,,UNKNOWN_STATUS,False,FantasyPros-ranked only; no verified NFL debut or league salary,FantasyPros_2026_Draft_ALL_Rankings.csv,2026-09-03,0.3,fp_only_no_debut_verification
Cade Klubnik,cade klubnik,QB,NYJ,fantasypros_expansion,UNKNOWN_STATUS,,False,False,,UNKNOWN_STATUS,False,FantasyPros-ranked only; no verified NFL debut or league salary,FantasyPros_2026_Draft_ALL_Rankings.csv,2026-09-03,0.3,fp_only_no_debut_verification
Ben Sinnott,ben sinnott,TE,WAS,fantasypros_expansion,UNKNOWN_STATUS,,False,False,,UNKNOWN_STATUS,False,FantasyPros-ranked only; no verified NFL debut or league salary,FantasyPros_2026_Draft_ALL_Rankings.csv,2026-09-03,0.3,fp_only_no_debut_verification
Joe Milton III,joe milton,QB,DAL,fantasypros_expansion,UNKNOWN_STATUS,,False,False,,UNKNOWN_STATUS,False,FantasyPros-ranked only; no verified NFL debut or league salary,FantasyPros_2026_Draft_ALL_Rankings.csv,2026-09-03,0.3,fp_only_no_debut_verification
John Bates,john bates,TE,WAS,fantasypros_expansion,UNKNOWN_STATUS,,False,False,,UNKNOWN_STATUS,False,FantasyPros-ranked only; no verified NFL debut or league salary,FantasyPros_2026_Draft_ALL_Rankings.csv,2026-09-03,0.3,fp_only_no_debut_verification
Elijah Higgins,elijah higgins,TE,ARI,fantasypros_expansion,UNKNOWN_STATUS,,False,False,,UNKNOWN_STATUS,False,FantasyPros-ranked only; no verified NFL debut or league salary,FantasyPros_2026_Draft_ALL_Rankings.csv,2026-09-03,0.3,fp_only_no_debut_verification
Austin Hooper,austin hooper,TE,ATL,fantasypros_expansion,UNKNOWN_STATUS,,False,False,,UNKNOWN_STATUS,False,FantasyPros-ranked only; no verified NFL debut or league salary,FantasyPros_2026_Draft_ALL_Rankings.csv,2026-09-03,0.3,fp_only_no_debut_verification
Isaiah Williams,isaiah williams,WR,NYJ,fantasypros_expansion,UNKNOWN_STATUS,,False,False,,UNKNOWN_STATUS,False,FantasyPros-ranked only; no verified NFL debut or league salary,FantasyPros_2026_Draft_ALL_Rankings.csv,2026-09-03,0.3,fp_only_no_debut_verification
Mitchell Evans,mitchell evans,TE,CAR,fantasypros_expansion,UNKNOWN_STATUS,,False,False,,UNKNOWN_STATUS,False,FantasyPros-ranked only; no verified NFL debut or league salary,FantasyPros_2026_Draft_ALL_Rankings.csv,2026-09-03,0.3,fp_only_no_debut_verification
Daniel Bellinger,daniel bellinger,TE,TEN,fantasypros_expansion,UNKNOWN_STATUS,,False,False,,UNKNOWN_STATUS,False,FantasyPros-ranked only; no verified NFL debut or league salary,FantasyPros_2026_Draft_ALL_Rankings.csv,2026-09-03,0.3,fp_only_no_debut_verification
Dyami Brown,dyami brown,WR,WAS,fantasypros_expansion,UNKNOWN_STATUS,,False,False,,UNKNOWN_STATUS,False,FantasyPros-ranked only; no verified NFL debut or league salary,FantasyPros_2026_Draft_ALL_Rankings.csv,2026-09-03,0.3,fp_only_no_debut_verification
Greg Dortch,greg dortch,WR,DET,fantasypros_expansion,UNKNOWN_STATUS,,False,False,,UNKNOWN_STATUS,False,FantasyPros-ranked only; no verified NFL debut or league salary,FantasyPros_2026_Draft_ALL_Rankings.csv,2026-09-03,0.3,fp_only_no_debut_verification
Tyler Goodson,tyler goodson,RB,ATL,fantasypros_expansion,UNKNOWN_STATUS,,False,False,,UNKNOWN_STATUS,False,FantasyPros-ranked only; no verified NFL debut or league salary,FantasyPros_2026_Draft_ALL_Rankings.csv,2026-09-03,0.3,fp_only_no_debut_verification
Tommy Myers,tommy myers,TE,FA,fantasypros_expansion,UNKNOWN_STATUS,,False,False,,UNKNOWN_STATUS,False,FantasyPros-ranked only; no verified NFL debut or league salary,FantasyPros_2026_Draft_ALL_Rankings.csv,2026-09-03,0.3,fp_only_no_debut_verification
Odell Beckham Jr.,odell beckham,WR,NYG,fantasypros_expansion,UNKNOWN_STATUS,,False,False,,UNKNOWN_STATUS,False,FantasyPros-ranked only; no verified NFL debut or league salary,FantasyPros_2026_Draft_ALL_Rankings.csv,2026-09-03,0.3,fp_only_no_debut_verification
Hunter Luepke,hunter luepke,RB,DAL,fantasypros_expansion,UNKNOWN_STATUS,,False,False,,UNKNOWN_STATUS,False,FantasyPros-ranked only; no verified NFL debut or league salary,FantasyPros_2026_Draft_ALL_Rankings.csv,2026-09-03,0.3,fp_only_no_debut_verification
Dameon Pierce,dameon pierce,RB,PHI,fantasypros_expansion,UNKNOWN_STATUS,,False,False,,UNKNOWN_STATUS,False,FantasyPros-ranked only; no verified NFL debut or league salary,FantasyPros_2026_Draft_ALL_Rankings.csv,2026-09-03,0.3,fp_only_no_debut_verification
Deion Burks,deion burks,WR,IND,fantasypros_expansion,UNKNOWN_STATUS,,False,False,,UNKNOWN_STATUS,False,FantasyPros-ranked only; no verified NFL debut or league salary,FantasyPros_2026_Draft_ALL_Rankings.csv,2026-09-03,0.3,fp_only_no_debut_verification
Terrell Jennings,terrell jennings,RB,FA,fantasypros_expansion,UNKNOWN_STATUS,,False,False,,UNKNOWN_STATUS,False,FantasyPros-ranked only; no verified NFL debut or league salary,FantasyPros_2026_Draft_ALL_Rankings.csv,2026-09-03,0.3,fp_only_no_debut_verification
Tai Felton,tai felton,WR,MIN,fantasypros_expansion,UNKNOWN_STATUS,,False,False,,UNKNOWN_STATUS,False,FantasyPros-ranked only; no verified NFL debut or league salary,FantasyPros_2026_Draft_ALL_Rankings.csv,2026-09-03,0.3,fp_only_no_debut_verification
Marlin Klein,marlin klein,TE,HOU,fantasypros_expansion,UNKNOWN_STATUS,,False,False,,UNKNOWN_STATUS,False,FantasyPros-ranked only; no verified NFL debut or league salary,FantasyPros_2026_Draft_ALL_Rankings.csv,2026-09-03,0.3,fp_only_no_debut_verification
Zavier Scott,zavier scott,RB,MIN,fantasypros_expansion,UNKNOWN_STATUS,,False,False,,UNKNOWN_STATUS,False,FantasyPros-ranked only; no verified NFL debut or league salary,FantasyPros_2026_Draft_ALL_Rankings.csv,2026-09-03,0.3,fp_only_no_debut_verification
Matt Hibner,matt hibner,TE,BAL,fantasypros_expansion,UNKNOWN_STATUS,,False,False,,UNKNOWN_STATUS,False,FantasyPros-ranked only; no verified NFL debut or league salary,FantasyPros_2026_Draft_ALL_Rankings.csv,2026-09-03,0.3,fp_only_no_debut_verification
Alec Ingold,alec ingold,RB,LAC,fantasypros_expansion,UNKNOWN_STATUS,,False,False,,UNKNOWN_STATUS,False,FantasyPros-ranked only; no verified NFL debut or league salary,FantasyPros_2026_Draft_ALL_Rankings.csv,2026-09-03,0.3,fp_only_no_debut_verification
Jeremy McNichols,jeremy mcnichols,RB,WAS,fantasypros_expansion,UNKNOWN_STATUS,,False,False,,UNKNOWN_STATUS,False,FantasyPros-ranked only; no verified NFL debut or league salary,FantasyPros_2026_Draft_ALL_Rankings.csv,2026-09-03,0.3,fp_only_no_debut_verification
Reggie Gilliam,reggie gilliam,RB,NE,fantasypros_expansion,UNKNOWN_STATUS,,False,False,,UNKNOWN_STATUS,False,FantasyPros-ranked only; no verified NFL debut or league salary,FantasyPros_2026_Draft_ALL_Rankings.csv,2026-09-03,0.3,fp_only_no_debut_verification
Robert Henry Jr.,robert henry,RB,WAS,fantasypros_expansion,UNKNOWN_STATUS,,False,False,,UNKNOWN_STATUS,False,FantasyPros-ranked only; no verified NFL debut or league salary,FantasyPros_2026_Draft_ALL_Rankings.csv,2026-09-03,0.3,fp_only_no_debut_verification
Jonnu Smith,jonnu smith,TE,GB,fantasypros_expansion,UNKNOWN_STATUS,,False,False,,UNKNOWN_STATUS,False,FantasyPros-ranked only; no verified NFL debut or league salary,FantasyPros_2026_Draft_ALL_Rankings.csv,2026-09-03,0.3,fp_only_no_debut_verification
Ronnie Rivers,ronnie rivers,RB,LAR,fantasypros_expansion,UNKNOWN_STATUS,,False,False,,UNKNOWN_STATUS,False,FantasyPros-ranked only; no verified NFL debut or league salary,FantasyPros_2026_Draft_ALL_Rankings.csv,2026-09-03,0.3,fp_only_no_debut_verification
Josh Williams,josh williams,RB,TB,fantasypros_expansion,UNKNOWN_STATUS,,False,False,,UNKNOWN_STATUS,False,FantasyPros-ranked only; no verified NFL debut or league salary,FantasyPros_2026_Draft_ALL_Rankings.csv,2026-09-03,0.3,fp_only_no_debut_verification
Dylan Laube,dylan laube,RB,LV,fantasypros_expansion,UNKNOWN_STATUS,,False,False,,UNKNOWN_STATUS,False,FantasyPros-ranked only; no verified NFL debut or league salary,FantasyPros_2026_Draft_ALL_Rankings.csv,2026-09-03,0.3,fp_only_no_debut_verification
Jahdae Walker,jahdae walker,WR,CHI,fantasypros_expansion,UNKNOWN_STATUS,,False,False,,UNKNOWN_STATUS,False,FantasyPros-ranked only; no verified NFL debut or league salary,FantasyPros_2026_Draft_ALL_Rankings.csv,2026-09-03,0.3,fp_only_no_debut_verification
Roman Hemby,roman hemby,RB,LV,fantasypros_expansion,UNKNOWN_STATUS,,False,False,,UNKNOWN_STATUS,False,FantasyPros-ranked only; no verified NFL debut or league salary,FantasyPros_2026_Draft_ALL_Rankings.csv,2026-09-03,0.3,fp_only_no_debut_verification
Mitch Tinsley,mitch tinsley,WR,CIN,fantasypros_expansion,UNKNOWN_STATUS,,False,False,,UNKNOWN_STATUS,False,FantasyPros-ranked only; no verified NFL debut or league salary,FantasyPros_2026_Draft_ALL_Rankings.csv,2026-09-03,0.3,fp_only_no_debut_verification
Tyler Badie,tyler badie,RB,DEN,fantasypros_expansion,UNKNOWN_STATUS,,False,False,,UNKNOWN_STATUS,False,FantasyPros-ranked only; no verified NFL debut or league salary,FantasyPros_2026_Draft_ALL_Rankings.csv,2026-09-03,0.3,fp_only_no_debut_verification
Patrick Ricard,patrick ricard,RB,NYG,fantasypros_expansion,UNKNOWN_STATUS,,False,False,,UNKNOWN_STATUS,False,FantasyPros-ranked only; no verified NFL debut or league salary,FantasyPros_2026_Draft_ALL_Rankings.csv,2026-09-03,0.3,fp_only_no_debut_verification
Elijah Moore,elijah moore,WR,PHI,fantasypros_expansion,UNKNOWN_STATUS,,False,False,,UNKNOWN_STATUS,False,FantasyPros-ranked only; no verified NFL debut or league salary,FantasyPros_2026_Draft_ALL_Rankings.csv,2026-09-03,0.3,fp_only_no_debut_verification
Will Kacmarek,will kacmarek,TE,MIA,fantasypros_expansion,UNKNOWN_STATUS,,False,False,,UNKNOWN_STATUS,False,FantasyPros-ranked only; no verified NFL debut or league salary,FantasyPros_2026_Draft_ALL_Rankings.csv,2026-09-03,0.3,fp_only_no_debut_verification
Damien Martinez,damien martinez,RB,GB,fantasypros_expansion,UNKNOWN_STATUS,,False,False,,UNKNOWN_STATUS,False,FantasyPros-ranked only; no verified NFL debut or league salary,FantasyPros_2026_Draft_ALL_Rankings.csv,2026-09-03,0.3,fp_only_no_debut_verification
Riley Leonard,riley leonard,QB,IND,fantasypros_expansion,UNKNOWN_STATUS,,False,False,,UNKNOWN_STATUS,False,FantasyPros-ranked only; no verified NFL debut or league salary,FantasyPros_2026_Draft_ALL_Rankings.csv,2026-09-03,0.3,fp_only_no_debut_verification
Khalil Herbert,khalil herbert,RB,SF,fantasypros_expansion,UNKNOWN_STATUS,,False,False,,UNKNOWN_STATUS,False,FantasyPros-ranked only; no verified NFL debut or league salary,FantasyPros_2026_Draft_ALL_Rankings.csv,2026-09-03,0.3,fp_only_no_debut_verification
DeAndre Hopkins,deandre hopkins,WR,BAL,fantasypros_expansion,UNKNOWN_STATUS,,False,False,,UNKNOWN_STATUS,False,FantasyPros-ranked only; no verified NFL debut or league salary,FantasyPros_2026_Draft_ALL_Rankings.csv,2026-09-03,0.3,fp_only_no_debut_verification
Josh Oliver,josh oliver,TE,MIN,fantasypros_expansion,UNKNOWN_STATUS,,False,False,,UNKNOWN_STATUS,False,FantasyPros-ranked only; no verified NFL debut or league salary,FantasyPros_2026_Draft_ALL_Rankings.csv,2026-09-03,0.3,fp_only_no_debut_verification
Max Bredeson,max bredeson,RB,MIN,fantasypros_expansion,UNKNOWN_STATUS,,False,False,,UNKNOWN_STATUS,False,FantasyPros-ranked only; no verified NFL debut or league salary,FantasyPros_2026_Draft_ALL_Rankings.csv,2026-09-03,0.3,fp_only_no_debut_verification
Tanner Koziol,tanner koziol,TE,JAC,fantasypros_expansion,UNKNOWN_STATUS,,False,False,,UNKNOWN_STATUS,False,FantasyPros-ranked only; no verified NFL debut or league salary,FantasyPros_2026_Draft_ALL_Rankings.csv,2026-09-03,0.3,fp_only_no_debut_verification
Tyler Lockett,tyler lockett,WR,LV,fantasypros_expansion,UNKNOWN_STATUS,,False,False,,UNKNOWN_STATUS,False,FantasyPros-ranked only; no verified NFL debut or league salary,FantasyPros_2026_Draft_ALL_Rankings.csv,2026-09-03,0.3,fp_only_no_debut_verification
Adam Prentice,adam prentice,RB,DEN,fantasypros_expansion,UNKNOWN_STATUS,,False,False,,UNKNOWN_STATUS,False,FantasyPros-ranked only; no verified NFL debut or league salary,FantasyPros_2026_Draft_ALL_Rankings.csv,2026-09-03,0.3,fp_only_no_debut_verification
Jordan Watkins,jordan watkins,WR,SF,fantasypros_expansion,UNKNOWN_STATUS,,False,False,,UNKNOWN_STATUS,False,FantasyPros-ranked only; no verified NFL debut or league salary,FantasyPros_2026_Draft_ALL_Rankings.csv,2026-09-03,0.3,fp_only_no_debut_verification
Antonio Gibson,antonio gibson,RB,FA,fantasypros_expansion,UNKNOWN_STATUS,,False,False,,UNKNOWN_STATUS,False,FantasyPros-ranked only; no verified NFL debut or league salary,FantasyPros_2026_Draft_ALL_Rankings.csv,2026-09-03,0.3,fp_only_no_debut_verification
Xavier Smith,xavier smith,WR,LAR,fantasypros_expansion,UNKNOWN_STATUS,,False,False,,UNKNOWN_STATUS,False,FantasyPros-ranked only; no verified NFL debut or league salary,FantasyPros_2026_Draft_ALL_Rankings.csv,2026-09-03,0.3,fp_only_no_debut_verification
Jacob Cowing,jacob cowing,WR,SF,fantasypros_expansion,UNKNOWN_STATUS,,False,False,,UNKNOWN_STATUS,False,FantasyPros-ranked only; no verified NFL debut or league salary,FantasyPros_2026_Draft_ALL_Rankings.csv,2026-09-03,0.3,fp_only_no_debut_verification
Quinn Ewers,quinn ewers,QB,MIA,fantasypros_expansion,UNKNOWN_STATUS,,False,False,,UNKNOWN_STATUS,False,FantasyPros-ranked only; no verified NFL debut or league salary,FantasyPros_2026_Draft_ALL_Rankings.csv,2026-09-03,0.3,fp_only_no_debut_verification
British Brooks,british brooks,RB,HOU,fantasypros_expansion,UNKNOWN_STATUS,,False,False,,UNKNOWN_STATUS,False,FantasyPros-ranked only; no verified NFL debut or league salary,FantasyPros_2026_Draft_ALL_Rankings.csv,2026-09-03,0.3,fp_only_no_debut_verification
Cade Stover,cade stover,TE,HOU,fantasypros_expansion,UNKNOWN_STATUS,,False,False,,UNKNOWN_STATUS,False,FantasyPros-ranked only; no verified NFL debut or league salary,FantasyPros_2026_Draft_ALL_Rankings.csv,2026-09-03,0.3,fp_only_no_debut_verification
Jimmy Horn Jr.,jimmy horn,WR,CAR,fantasypros_expansion,UNKNOWN_STATUS,,False,False,,UNKNOWN_STATUS,False,FantasyPros-ranked only; no verified NFL debut or league salary,FantasyPros_2026_Draft_ALL_Rankings.csv,2026-09-03,0.3,fp_only_no_debut_verification
Tim Patrick,tim patrick,WR,NYJ,fantasypros_expansion,UNKNOWN_STATUS,,False,False,,UNKNOWN_STATUS,False,FantasyPros-ranked only; no verified NFL debut or league salary,FantasyPros_2026_Draft_ALL_Rankings.csv,2026-09-03,0.3,fp_only_no_debut_verification
Lew Nichols III,lew nichols,RB,PIT,fantasypros_expansion,UNKNOWN_STATUS,,False,False,,UNKNOWN_STATUS,False,FantasyPros-ranked only; no verified NFL debut or league salary,FantasyPros_2026_Draft_ALL_Rankings.csv,2026-09-03,0.3,fp_only_no_debut_verification
Drew Allar,drew allar,QB,PIT,fantasypros_expansion,UNKNOWN_STATUS,,False,False,,UNKNOWN_STATUS,False,FantasyPros-ranked only; no verified NFL debut or league salary,FantasyPros_2026_Draft_ALL_Rankings.csv,2026-09-03,0.3,fp_only_no_debut_verification
Marquez Valdes-Scantling,marquez valdes scantling,WR,DAL,fantasypros_expansion,UNKNOWN_STATUS,,False,False,,UNKNOWN_STATUS,False,FantasyPros-ranked only; no verified NFL debut or league salary,FantasyPros_2026_Draft_ALL_Rankings.csv,2026-09-03,0.3,fp_only_no_debut_verification
Jacob Saylors,jacob saylors,RB,DET,fantasypros_expansion,UNKNOWN_STATUS,,False,False,,UNKNOWN_STATUS,False,FantasyPros-ranked only; no verified NFL debut or league salary,FantasyPros_2026_Draft_ALL_Rankings.csv,2026-09-03,0.3,fp_only_no_debut_verification
Chris Blair,chris blair,WR,ATL,fantasypros_expansion,UNKNOWN_STATUS,,False,False,,UNKNOWN_STATUS,False,FantasyPros-ranked only; no verified NFL debut or league salary,FantasyPros_2026_Draft_ALL_Rankings.csv,2026-09-03,0.3,fp_only_no_debut_verification
Jackson Hawes,jackson hawes,TE,BUF,fantasypros_expansion,UNKNOWN_STATUS,,False,False,,UNKNOWN_STATUS,False,FantasyPros-ranked only; no verified NFL debut or league salary,FantasyPros_2026_Draft_ALL_Rankings.csv,2026-09-03,0.3,fp_only_no_debut_verification
Tyrod Taylor,tyrod taylor,QB,GB,fantasypros_expansion,UNKNOWN_STATUS,,False,False,,UNKNOWN_STATUS,False,FantasyPros-ranked only; no verified NFL debut or league salary,FantasyPros_2026_Draft_ALL_Rankings.csv,2026-09-03,0.3,fp_only_no_debut_verification
Moliki Matavao,moliki matavao,TE,NO,fantasypros_expansion,UNKNOWN_STATUS,,False,False,,UNKNOWN_STATUS,False,FantasyPros-ranked only; no verified NFL debut or league salary,FantasyPros_2026_Draft_ALL_Rankings.csv,2026-09-03,0.3,fp_only_no_debut_verification
Jake Browning,jake browning,QB,TB,fantasypros_expansion,UNKNOWN_STATUS,,False,False,,UNKNOWN_STATUS,False,FantasyPros-ranked only; no verified NFL debut or league salary,FantasyPros_2026_Draft_ALL_Rankings.csv,2026-09-03,0.3,fp_only_no_debut_verification
Michael Woods II,michael woods,WR,DEN,fantasypros_expansion,UNKNOWN_STATUS,,False,False,,UNKNOWN_STATUS,False,FantasyPros-ranked only; no verified NFL debut or league salary,FantasyPros_2026_Draft_ALL_Rankings.csv,2026-09-03,0.3,fp_only_no_debut_verification
Jalen Reagor,jalen reagor,WR,MIA,fantasypros_expansion,UNKNOWN_STATUS,,False,False,,UNKNOWN_STATUS,False,FantasyPros-ranked only; no verified NFL debut or league salary,FantasyPros_2026_Draft_ALL_Rankings.csv,2026-09-03,0.3,fp_only_no_debut_verification
Xavier Restrepo,xavier restrepo,WR,TEN,fantasypros_expansion,UNKNOWN_STATUS,,False,False,,UNKNOWN_STATUS,False,FantasyPros-ranked only; no verified NFL debut or league salary,FantasyPros_2026_Draft_ALL_Rankings.csv,2026-09-03,0.3,fp_only_no_debut_verification
Frank Gore Jr.,frank gore,RB,BUF,fantasypros_expansion,UNKNOWN_STATUS,,False,False,,UNKNOWN_STATUS,False,FantasyPros-ranked only; no verified NFL debut or league salary,FantasyPros_2026_Draft_ALL_Rankings.csv,2026-09-03,0.3,fp_only_no_debut_verification
Drew Sample,drew sample,TE,CIN,fantasypros_expansion,UNKNOWN_STATUS,,False,False,,UNKNOWN_STATUS,False,FantasyPros-ranked only; no verified NFL debut or league salary,FantasyPros_2026_Draft_ALL_Rankings.csv,2026-09-03,0.3,fp_only_no_debut_verification
Adam Trautman,adam trautman,TE,DEN,fantasypros_expansion,UNKNOWN_STATUS,,False,False,,UNKNOWN_STATUS,False,FantasyPros-ranked only; no verified NFL debut or league salary,FantasyPros_2026_Draft_ALL_Rankings.csv,2026-09-03,0.3,fp_only_no_debut_verification
Kene Nwangwu,kene nwangwu,RB,NYJ,fantasypros_expansion,UNKNOWN_STATUS,,False,False,,UNKNOWN_STATUS,False,FantasyPros-ranked only; no verified NFL debut or league salary,FantasyPros_2026_Draft_ALL_Rankings.csv,2026-09-03,0.3,fp_only_no_debut_verification
Reggie Virgil,reggie virgil,WR,ARI,fantasypros_expansion,UNKNOWN_STATUS,,False,False,,UNKNOWN_STATUS,False,FantasyPros-ranked only; no verified NFL debut or league salary,FantasyPros_2026_Draft_ALL_Rankings.csv,2026-09-03,0.3,fp_only_no_debut_verification
Sam Roush,sam roush,TE,CHI,fantasypros_expansion,UNKNOWN_STATUS,,False,False,,UNKNOWN_STATUS,False,FantasyPros-ranked only; no verified NFL debut or league salary,FantasyPros_2026_Draft_ALL_Rankings.csv,2026-09-03,0.3,fp_only_no_debut_verification
Gardner Minshew II,gardner minshew,QB,ARI,fantasypros_expansion,UNKNOWN_STATUS,,False,False,,UNKNOWN_STATUS,False,FantasyPros-ranked only; no verified NFL debut or league salary,FantasyPros_2026_Draft_ALL_Rankings.csv,2026-09-03,0.3,fp_only_no_debut_verification
Noah Whittington,noah whittington,RB,HOU,fantasypros_expansion,UNKNOWN_STATUS,,False,False,,UNKNOWN_STATUS,False,FantasyPros-ranked only; no verified NFL debut or league salary,FantasyPros_2026_Draft_ALL_Rankings.csv,2026-09-03,0.3,fp_only_no_debut_verification
Cash Jones,cash jones,RB,ATL,fantasypros_expansion,UNKNOWN_STATUS,,False,False,,UNKNOWN_STATUS,False,FantasyPros-ranked only; no verified NFL debut or league salary,FantasyPros_2026_Draft_ALL_Rankings.csv,2026-09-03,0.3,fp_only_no_debut_verification
Michael Burton,michael burton,RB,CLE,fantasypros_expansion,UNKNOWN_STATUS,,False,False,,UNKNOWN_STATUS,False,FantasyPros-ranked only; no verified NFL debut or league salary,FantasyPros_2026_Draft_ALL_Rankings.csv,2026-09-03,0.3,fp_only_no_debut_verification
Durham Smythe,durham smythe,TE,BAL,fantasypros_expansion,UNKNOWN_STATUS,,False,False,,UNKNOWN_STATUS,False,FantasyPros-ranked only; no verified NFL debut or league salary,FantasyPros_2026_Draft_ALL_Rankings.csv,2026-09-03,0.3,fp_only_no_debut_verification
Tyson Bagent,tyson bagent,QB,CHI,fantasypros_expansion,UNKNOWN_STATUS,,False,False,,UNKNOWN_STATUS,False,FantasyPros-ranked only; no verified NFL debut or league salary,FantasyPros_2026_Draft_ALL_Rankings.csv,2026-09-03,0.3,fp_only_no_debut_verification
Nate Boerkircher,nate boerkircher,TE,JAC,fantasypros_expansion,UNKNOWN_STATUS,,False,False,,UNKNOWN_STATUS,False,FantasyPros-ranked only; no verified NFL debut or league salary,FantasyPros_2026_Draft_ALL_Rankings.csv,2026-09-03,0.3,fp_only_no_debut_verification
Jeremy Ruckert,jeremy ruckert,TE,NYJ,fantasypros_expansion,UNKNOWN_STATUS,,False,False,,UNKNOWN_STATUS,False,FantasyPros-ranked only; no verified NFL debut or league salary,FantasyPros_2026_Draft_ALL_Rankings.csv,2026-09-03,0.3,fp_only_no_debut_verification
KeAndre Lambert-Smith,keandre lambert smith,WR,LAC,fantasypros_expansion,UNKNOWN_STATUS,,False,False,,UNKNOWN_STATUS,False,FantasyPros-ranked only; no verified NFL debut or league salary,FantasyPros_2026_Draft_ALL_Rankings.csv,2026-09-03,0.3,fp_only_no_debut_verification
Tanner Hudson,tanner hudson,TE,CIN,fantasypros_expansion,UNKNOWN_STATUS,,False,False,,UNKNOWN_STATUS,False,FantasyPros-ranked only; no verified NFL debut or league salary,FantasyPros_2026_Draft_ALL_Rankings.csv,2026-09-03,0.3,fp_only_no_debut_verification
Tyler Conklin,tyler conklin,TE,DET,fantasypros_expansion,UNKNOWN_STATUS,,False,False,,UNKNOWN_STATUS,False,FantasyPros-ranked only; no verified NFL debut or league salary,FantasyPros_2026_Draft_ALL_Rankings.csv,2026-09-03,0.3,fp_only_no_debut_verification
Luke Schoonmaker,luke schoonmaker,TE,DAL,fantasypros_expansion,UNKNOWN_STATUS,,False,False,,UNKNOWN_STATUS,False,FantasyPros-ranked only; no verified NFL debut or league salary,FantasyPros_2026_Draft_ALL_Rankings.csv,2026-09-03,0.3,fp_only_no_debut_verification
Jaret Patterson,jaret patterson,RB,LAC,fantasypros_expansion,UNKNOWN_STATUS,,False,False,,UNKNOWN_STATUS,False,FantasyPros-ranked only; no verified NFL debut or league salary,FantasyPros_2026_Draft_ALL_Rankings.csv,2026-09-03,0.3,fp_only_no_debut_verification
Josh Cameron,josh cameron,WR,JAC,fantasypros_expansion,UNKNOWN_STATUS,,False,False,,UNKNOWN_STATUS,False,FantasyPros-ranked only; no verified NFL debut or league salary,FantasyPros_2026_Draft_ALL_Rankings.csv,2026-09-03,0.3,fp_only_no_debut_verification
Velus Jones Jr.,velus jones,WR,SEA,fantasypros_expansion,UNKNOWN_STATUS,,False,False,,UNKNOWN_STATUS,False,FantasyPros-ranked only; no verified NFL debut or league salary,FantasyPros_2026_Draft_ALL_Rankings.csv,2026-09-03,0.3,fp_only_no_debut_verification
Jaydn Ott,jaydn ott,RB,KC,fantasypros_expansion,COLLEGE_RIGHTS_HELD,,False,True,,COLLEGE_RIGHTS_HELD,False,college_holdings audit: no_nfl_debut_detected,college_holdings.csv,2026-09-03,0.95,college_rights_block
Trey Lance,trey lance,QB,LAC,fantasypros_expansion,UNKNOWN_STATUS,,False,False,,UNKNOWN_STATUS,False,FantasyPros-ranked only; no verified NFL debut or league salary,FantasyPros_2026_Draft_ALL_Rankings.csv,2026-09-03,0.3,fp_only_no_debut_verification
Lil'Jordan Humphrey,liljordan humphrey,WR,DEN,fantasypros_expansion,UNKNOWN_STATUS,,False,False,,UNKNOWN_STATUS,False,FantasyPros-ranked only; no verified NFL debut or league salary,FantasyPros_2026_Draft_ALL_Rankings.csv,2026-09-03,0.3,fp_only_no_debut_verification
