seed,player,position,base_value,team_marginal_value_noise_ratio,position_adjustment,scarcity_adjustment_NOTE,tier_adjustment,early_draft_adjustment,archetype_adjustment_tilt,is_star_candidate,star_reclamp_applied,final_highest_willingness,final_second_willingness,sale_price,winner,bidder_count,sale_price_divided_by_base_value,highest_willingness_divided_by_base_value,second_willingness_divided_by_base_value,stacked_premiums_flag
0,Jaylen Warren,RB,83.0,1.0656474935076337,1.3,no distinct scarcity signal exists in compute_willingness today -- position_fit_multiplier (position_targets) is the closest analog,1.25,1.6,1.0,True,True,207.5,207.5,207.5,CJ,12,2.5,2.5,2.5,True
0,Josh Jacobs,RB,126.0,1.1042513369442677,1.0,no distinct scarcity signal exists in compute_willingness today -- position_fit_multiplier (position_targets) is the closest analog,1.0,1.5944444444444446,1.0,True,True,315.0,315.0,256.0,James,12,2.032,2.5,2.5,False
0,Bhayshul Tuten,RB,95.0,0.9686077185463572,1.0,no distinct scarcity signal exists in compute_willingness today -- position_fit_multiplier (position_targets) is the closest analog,1.3,1.588888888888889,1.0,True,True,237.5,237.5,237.5,Reid,12,2.5,2.5,2.5,True
0,Jordan Mason,RB,63.0,0.7079991605243388,1.0,no distinct scarcity signal exists in compute_willingness today -- position_fit_multiplier (position_targets) is the closest analog,1.2,1.5833333333333333,1.0,True,True,157.5,157.5,157.5,Travis,12,2.5,2.5,2.5,True
0,Tee Higgins,WR,60.0,1.1086830784768362,1.3,no distinct scarcity signal exists in compute_willingness today -- position_fit_multiplier (position_targets) is the closest analog,1.25,1.5777777777777777,1.0,True,True,150.0,150.0,150.0,Shane,12,2.5,2.5,2.5,True
0,RJ Harvey,RB,71.0,0.9431450545852358,1.0,no distinct scarcity signal exists in compute_willingness today -- position_fit_multiplier (position_targets) is the closest analog,1.3,1.5722222222222222,1.0,True,True,177.5,177.5,100.5,Jason,12,1.415,2.5,2.5,True
0,Jaylen Waddle,WR,64.0,0.9196268151479323,1.3,no distinct scarcity signal exists in compute_willingness today -- position_fit_multiplier (position_targets) is the closest analog,1.25,1.5666666666666667,1.0,True,True,160.0,160.0,160.0,Brandon,12,2.5,2.5,2.5,True
0,DJ Moore,WR,48.0,0.9994123973303096,1.3,no distinct scarcity signal exists in compute_willingness today -- position_fit_multiplier (position_targets) is the closest analog,1.25,1.5611111111111111,1.0,True,True,120.0,120.0,102.5,Shane,12,2.135,2.5,2.5,True
0,Zach Charbonnet,RB,36.0,0.9752091544720913,1.0,no distinct scarcity signal exists in compute_willingness today -- position_fit_multiplier (position_targets) is the closest analog,1.3,1.5555555555555556,1.0,True,True,90.0,90.0,90.0,Jason,12,2.5,2.5,2.5,True
0,Kenny Gainwell,RB,64.0,1.2568966353644024,1.0,no distinct scarcity signal exists in compute_willingness today -- position_fit_multiplier (position_targets) is the closest analog,1.0,1.5499999999999998,1.0,True,True,125.12235623378679,124.6841462281487,78.24257472324972,Travis,11,1.223,1.948,1.948,False
0,Bucky Irving,RB,102.0,1.1175963205091994,1.0,no distinct scarcity signal exists in compute_willingness today -- position_fit_multiplier (position_targets) is the closest analog,1.0,1.0,1.0,False,False,209.302782665251,166.0534541107504,87.55284179185735,Coby,10,0.858,1.118,1.628,False
0,James Cook,RB,71.0,1.1041257905060513,1.0,no distinct scarcity signal exists in compute_willingness today -- position_fit_multiplier (position_targets) is the closest analog,1.0,1.0,1.0,False,False,177.5,162.22299414591723,74.80507195441173,Evan,10,1.054,1.104,2.285,False
0,Jacory Croskey-Merritt,RB,59.0,0.8715880482491909,1.0,no distinct scarcity signal exists in compute_willingness today -- position_fit_multiplier (position_targets) is the closest analog,1.1,1.5333333333333332,1.0,False,False,138.39867562749882,124.50238398899577,61.445558518040485,Ryan J,10,1.041,1.249,2.11,False
0,Deebo Samuel,WR,48.0,1.4133711337413928,1.0,no distinct scarcity signal exists in compute_willingness today -- position_fit_multiplier (position_targets) is the closest analog,1.0,1.0,1.0,False,False,105.25985176082372,102.28683505023267,60.73666383948896,Evan,11,1.265,1.413,2.131,False
0,Tony Pollard,RB,75.0,1.087174871861921,1.0,no distinct scarcity signal exists in compute_willingness today -- position_fit_multiplier (position_targets) is the closest analog,1.0,1.0,1.0,False,False,162.29436690692563,137.02731532995,60.88422222222223,Coby,11,0.812,1.087,1.827,False
0,DeVonta Smith,WR,71.0,0.9127538745385744,1.0,no distinct scarcity signal exists in compute_willingness today -- position_fit_multiplier (position_targets) is the closest analog,1.0,1.0,1.0,False,False,147.02530676825657,117.08454224681473,60.35033333333333,Coby,11,0.85,0.913,1.649,False
0,Rashee Rice,WR,72.0,1.077673529166467,1.0,no distinct scarcity signal exists in compute_willingness today -- position_fit_multiplier (position_targets) is the closest analog,1.0,1.511111111111111,1.0,False,False,130.76685568841953,125.92956207382909,58.51482708797197,Brad,11,0.813,0.826,1.749,False
0,JK Dobbins,RB,34.0,0.9306794114178482,1.0,no distinct scarcity signal exists in compute_willingness today -- position_fit_multiplier (position_targets) is the closest analog,1.1,1.5055555555555555,1.0,False,False,85.0,74.28095192711818,50.5,Ryan J,10,1.485,1.541,2.185,False
0,Bill Croskey-Merritt,RB,42.0,0.9974554683307456,1.3,no distinct scarcity signal exists in compute_willingness today -- position_fit_multiplier (position_targets) is the closest analog,1.25,1.5,1.0,True,True,102.1145035703601,85.27524154800106,49.48997774629043,CJ,11,1.178,2.431,2.03,True
0,Austin Ekeler,RB,31.0,1.0690529818739052,1.0,no distinct scarcity signal exists in compute_willingness today -- position_fit_multiplier (position_targets) is the closest analog,1.0,1.4944444444444445,1.0,False,False,46.65655555555556,46.54985222222223,46.65655555555556,Sam,9,1.505,1.505,1.502,False
0,DK Metcalf,WR,32.0,0.9627742513243058,1.0,no distinct scarcity signal exists in compute_willingness today -- position_fit_multiplier (position_targets) is the closest analog,1.0,1.488888888888889,1.0,False,False,45.870844329762484,40.385143333333346,41.385143333333346,Brad,9,1.293,1.433,1.262,False
0,Jonathon Brooks,RB,78.0,1.2733017044992485,1.0,no distinct scarcity signal exists in compute_willingness today -- position_fit_multiplier (position_targets) is the closest analog,1.0,1.0,1.0,False,False,130.9765766205369,123.02788984608425,42.60843333333334,Coby,9,0.546,1.273,1.577,False
0,Chuba Hubbard,RB,65.0,0.6452044140584539,1.0,no distinct scarcity signal exists in compute_willingness today -- position_fit_multiplier (position_targets) is the closest analog,1.0,1.0,1.0,False,False,107.85774528057065,100.12611482824133,40.467577777777784,Evan,9,0.623,0.645,1.54,False
0,Terry McLaurin,WR,57.0,0.9116114155200625,1.0,no distinct scarcity signal exists in compute_willingness today -- position_fit_multiplier (position_targets) is the closest analog,1.0,1.4722222222222223,1.0,False,False,122.23062654371637,75.82832324710584,37.32672222222223,Brad,9,0.655,0.655,1.33,False
1,Bhayshul Tuten,RB,95.0,1.0098112679039393,1.0,no distinct scarcity signal exists in compute_willingness today -- position_fit_multiplier (position_targets) is the closest analog,1.6,1.6,1.0,True,True,237.5,237.5,237.5,CJ,12,2.5,2.5,2.5,True
1,Jaylen Warren,RB,83.0,1.2560508168760587,1.0,no distinct scarcity signal exists in compute_willingness today -- position_fit_multiplier (position_targets) is the closest analog,1.2,1.5944444444444446,1.0,True,True,207.5,207.5,207.5,Reid,12,2.5,2.5,2.5,True
1,Jacory Croskey-Merritt,RB,59.0,0.9326697571609813,1.0,no distinct scarcity signal exists in compute_willingness today -- position_fit_multiplier (position_targets) is the closest analog,1.15,1.588888888888889,1.0,True,True,147.5,147.5,147.5,Travis,12,2.5,2.5,2.5,True
1,DJ Moore,WR,48.0,1.0077032421822503,1.0,no distinct scarcity signal exists in compute_willingness today -- position_fit_multiplier (position_targets) is the closest analog,1.3,1.5833333333333333,1.0,True,True,120.0,120.0,120.0,Evan,12,2.5,2.5,2.5,True
1,RJ Harvey,RB,71.0,1.7134113883352753,1.0,no distinct scarcity signal exists in compute_willingness today -- position_fit_multiplier (position_targets) is the closest analog,1.2,1.5777777777777777,1.0,True,True,177.5,177.5,177.5,Coby,12,2.5,2.5,2.5,True
1,James Cook,RB,71.0,0.9311435052365679,1.3,no distinct scarcity signal exists in compute_willingness today -- position_fit_multiplier (position_targets) is the closest analog,1.25,1.5722222222222222,1.0,True,True,177.5,177.5,177.5,Brad,12,2.5,2.5,2.5,True
1,Bill Croskey-Merritt,RB,42.0,0.9191672298113874,1.3,no distinct scarcity signal exists in compute_willingness today -- position_fit_multiplier (position_targets) is the closest analog,1.25,1.5666666666666667,1.0,True,True,105.0,105.0,97.5,Brandon,12,2.321,2.5,2.5,True
1,Bucky Irving,RB,102.0,1.3064157411238495,1.0,no distinct scarcity signal exists in compute_willingness today -- position_fit_multiplier (position_targets) is the closest analog,1.0,1.0,1.0,False,False,203.38549277042748,168.7586775911414,112.82050000000001,Ryan J,12,1.106,1.306,1.654,False
1,Josh Jacobs,RB,126.0,1.194109572159731,1.0,no distinct scarcity signal exists in compute_willingness today -- position_fit_multiplier (position_targets) is the closest analog,1.0,1.0,1.0,False,False,242.51559991291415,198.17994925859347,121.5,Sam,11,0.964,1.194,1.573,False
1,Jordan Mason,RB,63.0,0.9927501454380188,1.3,no distinct scarcity signal exists in compute_willingness today -- position_fit_multiplier (position_targets) is the closest analog,1.25,1.5499999999999998,1.0,True,True,157.5,134.61749999999998,90.308,Brad,12,1.433,2.5,2.137,True
1,Deebo Samuel,WR,48.0,1.2516471408802872,1.0,no distinct scarcity signal exists in compute_willingness today -- position_fit_multiplier (position_targets) is the closest analog,1.2,1.5444444444444443,1.0,True,True,120.0,120.0,80.5,Coby,12,1.677,2.5,2.5,True
1,Jaylen Waddle,WR,64.0,1.066667407733573,1.0,no distinct scarcity signal exists in compute_willingness today -- position_fit_multiplier (position_targets) is the closest analog,1.1,1.5388888888888888,1.0,False,False,160.0,115.232,80.5,James,11,1.258,1.335,1.8,False
1,Tony Pollard,RB,75.0,1.0290449272565731,1.0,no distinct scarcity signal exists in compute_willingness today -- position_fit_multiplier (position_targets) is the closest analog,1.0,1.0,1.0,False,False,139.9654270699319,97.95908985219457,70.552,Ryan J,12,0.941,1.029,1.306,False
1,Kenny Gainwell,RB,64.0,1.2958710780894687,1.0,no distinct scarcity signal exists in compute_willingness today -- position_fit_multiplier (position_targets) is the closest analog,1.0,1.0,1.0,False,False,116.94637683150225,95.46373640651021,69.61839250138557,Sam,12,1.088,1.296,1.492,False
1,Zach Charbonnet,RB,36.0,1.0592196691404487,1.0,no distinct scarcity signal exists in compute_willingness today -- position_fit_multiplier (position_targets) is the closest analog,1.3,1.5222222222222221,1.0,True,True,90.0,71.925,54.0,Evan,12,1.5,2.5,1.998,True
1,JK Dobbins,RB,34.0,1.059414838718084,1.0,no distinct scarcity signal exists in compute_willingness today -- position_fit_multiplier (position_targets) is the closest analog,1.0,1.5166666666666666,1.0,False,False,73.86373885964441,71.6625,54.37766666666667,Shane,11,1.599,1.607,2.108,False
1,Tee Higgins,WR,60.0,0.7288714562565227,1.3,no distinct scarcity signal exists in compute_willingness today -- position_fit_multiplier (position_targets) is the closest analog,1.25,1.511111111111111,1.0,True,True,127.44333333333334,104.43818015222412,62.51767366309463,Brandon,11,1.042,2.124,1.741,True
1,Jonathon Brooks,RB,78.0,1.0381582174776427,1.0,no distinct scarcity signal exists in compute_willingness today -- position_fit_multiplier (position_targets) is the closest analog,1.0,1.0,1.0,False,False,111.95213699910819,92.32836952016807,57.05255555555556,Ryan J,11,0.731,1.038,1.184,False
1,Rashee Rice,WR,72.0,0.8649487434952877,1.0,no distinct scarcity signal exists in compute_willingness today -- position_fit_multiplier (position_targets) is the closest analog,1.0,1.5,1.0,False,False,113.05876682715062,105.13239102959261,56.207499999999996,Shane,11,0.781,0.786,1.46,False
1,Davante Adams,WR,49.0,0.8768272553202872,1.0,no distinct scarcity signal exists in compute_willingness today -- position_fit_multiplier (position_targets) is the closest analog,1.0,1.4944444444444445,1.0,False,False,68.81464266761061,65.95295273954551,46.5,James,11,0.949,1.123,1.346,False
1,Josh Allen,QB,40.0,0.9773208536058456,1.0,no distinct scarcity signal exists in compute_willingness today -- position_fit_multiplier (position_targets) is the closest analog,1.0,1.488888888888889,1.0,True,True,59.34654661896598,58.625,44.564888888888895,Reid,11,1.114,1.466,1.466,False
1,Rachaad White,RB,59.0,1.0311270952526779,1.0,no distinct scarcity signal exists in compute_willingness today -- position_fit_multiplier (position_targets) is the closest analog,1.0,1.4833333333333334,1.0,False,False,94.10852184285865,54.34034366498015,44.31814333333334,Shane,10,0.751,0.751,0.921,False
1,DeVonta Smith,WR,71.0,1.040149194447367,1.0,no distinct scarcity signal exists in compute_willingness today -- position_fit_multiplier (position_targets) is the closest analog,1.0,1.4777777777777779,1.0,False,False,113.97118467956622,75.07820005589848,42.98284222222223,Jason,10,0.605,0.609,1.057,False
1,TJ Hockenson,TE,43.0,1.0107697548275567,1.0,no distinct scarcity signal exists in compute_willingness today -- position_fit_multiplier (position_targets) is the closest analog,1.0,1.4722222222222223,1.0,False,False,68.25658507476112,54.511303869280304,35.55348888888889,James,11,0.827,0.989,1.268,False
2,Jacory Croskey-Merritt,RB,59.0,0.8879322336834743,1.0,no distinct scarcity signal exists in compute_willingness today -- position_fit_multiplier (position_targets) is the closest analog,1.15,1.6,1.0,True,True,147.5,147.5,147.5,Evan,12,2.5,2.5,2.5,True
2,Bhayshul Tuten,RB,95.0,0.8314723434154578,1.0,no distinct scarcity signal exists in compute_willingness today -- position_fit_multiplier (position_targets) is the closest analog,1.6,1.5944444444444446,1.0,True,True,237.5,237.5,237.5,Travis,12,2.5,2.5,2.5,True
2,Jaylen Warren,RB,83.0,1.0153581886535958,1.0,no distinct scarcity signal exists in compute_willingness today -- position_fit_multiplier (position_targets) is the closest analog,1.3,1.588888888888889,1.0,True,True,207.5,207.5,207.5,CJ,11,2.5,2.5,2.5,True
2,James Cook,RB,71.0,1.167841903876216,1.0,no distinct scarcity signal exists in compute_willingness today -- position_fit_multiplier (position_targets) is the closest analog,1.15,1.5833333333333333,1.0,True,True,177.5,177.5,177.5,Ryan J,11,2.5,2.5,2.5,True
2,Josh Jacobs,RB,126.0,1.0841464972370143,1.0,no distinct scarcity signal exists in compute_willingness today -- position_fit_multiplier (position_targets) is the closest analog,1.0,1.5777777777777777,1.0,True,True,315.0,257.2093333333333,202.0,Reid,11,1.603,2.5,2.041,False
2,Rashee Rice,WR,72.0,0.9777764833645664,1.3,no distinct scarcity signal exists in compute_willingness today -- position_fit_multiplier (position_targets) is the closest analog,1.0,1.5722222222222222,1.0,True,True,180.0,125.98285677238152,79.0,Sam,11,1.097,2.5,1.75,False
2,Tony Pollard,RB,75.0,1.0416386535030178,1.3,no distinct scarcity signal exists in compute_willingness today -- position_fit_multiplier (position_targets) is the closest analog,1.0,1.5666666666666667,1.0,True,True,187.5,114.25051730972811,74.49105415731759,Jason,11,0.993,2.5,1.523,False
2,Jordan Mason,RB,63.0,1.0507887182206583,1.3,no distinct scarcity signal exists in compute_willingness today -- position_fit_multiplier (position_targets) is the closest analog,1.25,1.5611111111111111,1.0,True,True,157.5,132.28105291921705,71.0,Jason,12,1.127,2.5,2.1,True
2,Zach Charbonnet,RB,36.0,1.101162177986244,0.4,no distinct scarcity signal exists in compute_willingness today -- position_fit_multiplier (position_targets) is the closest analog,1.25,1.5555555555555556,1.0,True,True,90.0,90.0,59.44664108612723,Sam,11,1.651,1.867,2.5,True
2,DeVonta Smith,WR,71.0,0.9726199663640789,1.0,no distinct scarcity signal exists in compute_willingness today -- position_fit_multiplier (position_targets) is the closest analog,1.0,1.5499999999999998,1.0,False,False,117.17136552764987,92.77126967786664,64.48375,Shane,11,0.908,0.99,1.307,False
2,Bucky Irving,RB,102.0,1.1302690316817265,1.0,no distinct scarcity signal exists in compute_willingness today -- position_fit_multiplier (position_targets) is the closest analog,1.0,1.0,1.0,False,False,174.52082124977971,130.28933802075971,77.75844444444445,Coby,11,0.762,1.13,1.277,False
2,Tee Higgins,WR,60.0,1.0444584290307506,1.0,no distinct scarcity signal exists in compute_willingness today -- position_fit_multiplier (position_targets) is the closest analog,1.0,1.5388888888888888,1.0,False,False,126.96400919056232,117.16680747937089,61.60807227823198,James,11,1.027,1.066,1.953,False
2,Jonathon Brooks,RB,78.0,1.0716893948199484,1.0,no distinct scarcity signal exists in compute_willingness today -- position_fit_multiplier (position_targets) is the closest analog,1.0,1.0,1.0,False,False,133.93610395670532,127.37244104492248,77.76846059254413,Coby,9,0.997,1.072,1.633,False
2,Jaylen Waddle,WR,64.0,1.2583635094549444,1.0,no distinct scarcity signal exists in compute_willingness today -- position_fit_multiplier (position_targets) is the closest analog,1.0,1.0,1.0,False,False,123.4443719452693,115.82326754989991,72.17749211653957,Brandon,11,1.128,1.258,1.81,False
2,Kenny Gainwell,RB,64.0,1.0331501449483778,1.0,no distinct scarcity signal exists in compute_willingness today -- position_fit_multiplier (position_targets) is the closest analog,1.0,1.0,1.0,False,False,104.74915845143089,84.1393792093969,64.13584666666667,Coby,11,1.002,1.033,1.315,False
2,DJ Moore,WR,48.0,0.9540437991171196,1.0,no distinct scarcity signal exists in compute_willingness today -- position_fit_multiplier (position_targets) is the closest analog,1.0,1.5166666666666666,1.0,False,False,112.23805755663723,102.92099999999999,56.104746666666664,Brad,11,1.169,1.243,2.144,False
2,Chuba Hubbard,RB,65.0,0.9333314761441684,1.0,no distinct scarcity signal exists in compute_willingness today -- position_fit_multiplier (position_targets) is the closest analog,1.0,1.0,1.0,False,False,118.60517771403116,90.25945015065878,55.902897777777774,Brandon,10,0.86,0.933,1.389,False
2,JK Dobbins,RB,34.0,0.9812445366199904,1.0,no distinct scarcity signal exists in compute_willingness today -- position_fit_multiplier (position_targets) is the closest analog,1.3,1.5055555555555555,1.0,True,True,85.0,85.0,51.0,Reid,11,1.5,2.5,2.5,True
2,Rachaad White,RB,59.0,0.8925668039809347,1.0,no distinct scarcity signal exists in compute_willingness today -- position_fit_multiplier (position_targets) is the closest analog,1.0,1.4944444444444445,1.0,False,False,108.46501625187904,93.96378305586597,50.0,Shane,11,0.847,0.92,1.593,False
2,DK Metcalf,WR,32.0,1.0653055137337213,1.0,no distinct scarcity signal exists in compute_willingness today -- position_fit_multiplier (position_targets) is the closest analog,1.0,1.488888888888889,1.0,False,False,49.06573777777778,46.87915555555556,47.37441666666666,James,9,1.48,1.533,1.465,False
2,Austin Ekeler,RB,31.0,1.0758230455919018,1.0,no distinct scarcity signal exists in compute_willingness today -- position_fit_multiplier (position_targets) is the closest analog,1.0,1.4833333333333334,1.0,False,False,46.70423333333334,40.6227776205393,41.61050416666667,Brad,10,1.342,1.507,1.31,False
2,RJ Harvey,RB,71.0,1.108716474031164,1.0,no distinct scarcity signal exists in compute_willingness today -- position_fit_multiplier (position_targets) is the closest analog,1.0,1.0,1.0,False,False,147.28454568488834,117.99435157406957,49.92,Brandon,10,0.703,1.109,1.662,False
2,Deebo Samuel,WR,48.0,0.842717797297366,1.0,no distinct scarcity signal exists in compute_willingness today -- position_fit_multiplier (position_targets) is the closest analog,1.3,1.4722222222222223,1.0,True,True,97.32125,92.50039630060063,46.18440000000001,CJ,9,0.962,2.028,1.927,True
2,Aaron Jones Sr,RB,59.0,1.1781779962535475,1.0,no distinct scarcity signal exists in compute_willingness today -- position_fit_multiplier (position_targets) is the closest analog,1.0,1.0,1.0,False,False,84.49197882599582,83.79805349707254,44.02144000000001,Coby,9,0.746,1.178,1.42,False
3,RJ Harvey,RB,71.0,1.1759926283908253,1.0,no distinct scarcity signal exists in compute_willingness today -- position_fit_multiplier (position_targets) is the closest analog,1.3,1.6,1.0,True,True,177.5,177.5,177.5,Ryan J,12,2.5,2.5,2.5,True
3,Bhayshul Tuten,RB,95.0,0.8923594159899192,1.3,no distinct scarcity signal exists in compute_willingness today -- position_fit_multiplier (position_targets) is the closest analog,1.25,1.5944444444444446,1.0,True,True,237.5,237.5,237.5,Reid,12,2.5,2.5,2.5,True
3,Josh Jacobs,RB,126.0,0.9494771264385983,1.0,no distinct scarcity signal exists in compute_willingness today -- position_fit_multiplier (position_targets) is the closest analog,1.0,1.588888888888889,1.0,True,True,315.0,293.62666666666667,215.0,Travis,12,1.706,2.33,2.33,False
3,Jonathon Brooks,RB,78.0,0.9501960155248697,1.0,no distinct scarcity signal exists in compute_willingness today -- position_fit_multiplier (position_targets) is the closest analog,1.0,1.5833333333333333,1.0,True,True,195.0,195.0,177.0,Sam,11,2.269,2.5,2.5,False
3,Jaylen Waddle,WR,64.0,0.8664989042440617,1.0,no distinct scarcity signal exists in compute_willingness today -- position_fit_multiplier (position_targets) is the closest analog,1.3,1.5777777777777777,1.0,True,True,160.0,160.0,78.89173333333335,Brandon,11,1.233,2.5,2.5,True
3,Bucky Irving,RB,102.0,1.013727505492353,1.0,no distinct scarcity signal exists in compute_willingness today -- position_fit_multiplier (position_targets) is the closest analog,1.0,1.0,1.0,False,False,202.39498050083787,191.39902844016527,99.27355221008969,Shane,12,0.973,1.014,1.876,False
3,Jaylen Warren,RB,83.0,0.9794476950094207,1.0,no distinct scarcity signal exists in compute_willingness today -- position_fit_multiplier (position_targets) is the closest analog,1.3,1.5666666666666667,1.0,True,True,194.76309524404726,192.66663,94.592053388527,Brandon,12,1.14,2.321,2.321,True
3,James Cook,RB,71.0,1.160047496634297,1.0,no distinct scarcity signal exists in compute_willingness today -- position_fit_multiplier (position_targets) is the closest analog,1.0,1.0,1.0,False,False,177.5,165.68475522412737,77.5,Shane,12,1.092,1.16,2.334,False
3,Jacory Croskey-Merritt,RB,59.0,0.9047851310526203,1.0,no distinct scarcity signal exists in compute_willingness today -- position_fit_multiplier (position_targets) is the closest analog,1.1,1.5555555555555556,1.0,False,False,147.5,144.69,73.19555555555556,CJ,12,1.241,1.302,2.452,False
3,Rashee Rice,WR,72.0,1.2055108512000567,1.0,no distinct scarcity signal exists in compute_willingness today -- position_fit_multiplier (position_targets) is the closest analog,1.0,1.0,1.0,False,False,140.41939321899588,118.02089917574713,73.5,Coby,11,1.021,1.206,1.639,False
3,Jordan Mason,RB,63.0,1.1559026035463253,1.0,no distinct scarcity signal exists in compute_willingness today -- position_fit_multiplier (position_targets) is the closest analog,1.0,1.0,1.0,False,False,153.63832374992887,143.6565,72.8218640234185,Coby,11,1.156,1.156,2.28,False
3,DJ Moore,WR,48.0,1.0034163262067517,1.0,no distinct scarcity signal exists in compute_willingness today -- position_fit_multiplier (position_targets) is the closest analog,1.3,1.5388888888888888,1.0,True,True,120.0,118.57459815568126,64.5398888888889,Ryan J,11,1.345,2.5,2.47,True
3,Bill Croskey-Merritt,RB,42.0,0.9309430174625144,1.0,no distinct scarcity signal exists in compute_willingness today -- position_fit_multiplier (position_targets) is the closest analog,1.0,1.5333333333333332,1.0,False,False,105.0,91.54591596819498,58.847323618130794,Brad,10,1.401,1.427,2.18,False
3,Deebo Samuel,WR,48.0,1.0501915593666709,1.0,no distinct scarcity signal exists in compute_willingness today -- position_fit_multiplier (position_targets) is the closest analog,1.0,1.5277777777777777,1.0,False,False,117.96814474038105,107.59031516117712,55.0,James,11,1.146,1.323,2.241,False
3,Kenny Gainwell,RB,64.0,1.1279662411487703,1.0,no distinct scarcity signal exists in compute_willingness today -- position_fit_multiplier (position_targets) is the closest analog,1.0,1.0,1.0,False,False,136.9545414980216,113.93731097439783,52.57288888888889,Coby,11,0.821,1.128,1.78,False
3,Rachaad White,RB,59.0,1.0217375185548834,1.0,no distinct scarcity signal exists in compute_willingness today -- position_fit_multiplier (position_targets) is the closest analog,1.0,1.0,1.0,False,False,129.36017413252517,100.84706117727967,51.44133333333333,Shane,11,0.872,1.022,1.709,False
3,Tony Pollard,RB,75.0,1.1130345756264042,1.0,no distinct scarcity signal exists in compute_willingness today -- position_fit_multiplier (position_targets) is the closest analog,1.0,1.0,1.0,False,False,132.39402284408902,122.01874174060613,70.19644444444444,Shane,10,0.936,1.113,1.627,False
3,Chuba Hubbard,RB,65.0,0.9542283361333725,1.0,no distinct scarcity signal exists in compute_willingness today -- position_fit_multiplier (position_targets) is the closest analog,1.0,1.0,1.0,False,False,118.29505728147406,112.58869362311464,51.83420000000001,Coby,12,0.797,0.954,1.732,False
3,Austin Ekeler,RB,31.0,1.0631053494614529,1.0,no distinct scarcity signal exists in compute_willingness today -- position_fit_multiplier (position_targets) is the closest analog,1.1,1.5,1.0,False,False,51.612,49.134746942031,50.134746942031,Evan,10,1.617,1.665,1.585,False
3,Tee Higgins,WR,60.0,0.9693529159790955,1.0,no distinct scarcity signal exists in compute_willingness today -- position_fit_multiplier (position_targets) is the closest analog,1.1,1.4944444444444445,1.0,False,False,150.0,135.40013038911943,51.631777777777785,CJ,11,0.861,0.889,2.257,False
3,Aaron Jones Sr,RB,59.0,1.0676068870486262,1.0,no distinct scarcity signal exists in compute_willingness today -- position_fit_multiplier (position_targets) is the closest analog,1.0,1.488888888888889,1.0,False,False,104.79701490726967,90.98848729882883,47.305933333333336,James,10,0.802,0.855,1.542,False
3,DeVonta Smith,WR,71.0,1.072813829517165,1.0,no distinct scarcity signal exists in compute_willingness today -- position_fit_multiplier (position_targets) is the closest analog,1.0,1.4777777777777779,1.0,False,False,147.54549584607673,112.86544361548565,44.23977777777778,Brad,10,0.623,0.647,1.59,False
3,Davante Adams,WR,49.0,0.9965517845046568,1.0,no distinct scarcity signal exists in compute_willingness today -- position_fit_multiplier (position_targets) is the closest analog,1.0,1.4722222222222223,1.0,False,False,115.31049676267192,84.71814089383231,40.519999999999996,Jason,10,0.827,0.879,1.729,False
3,TJ Hockenson,TE,43.0,0.9463717571057016,1.0,no distinct scarcity signal exists in compute_willingness today -- position_fit_multiplier (position_targets) is the closest analog,1.0,1.4666666666666668,1.0,False,False,69.33967392161145,63.34351055617602,39.59456,James,10,0.921,0.93,1.473,False
4,Jaylen Waddle,WR,64.0,0.7920333455835891,1.0,no distinct scarcity signal exists in compute_willingness today -- position_fit_multiplier (position_targets) is the closest analog,1.2,1.6,1.0,True,True,160.0,160.0,160.0,Jason,12,2.5,2.5,2.5,True
4,Jordan Mason,RB,63.0,0.8774065706166531,1.0,no distinct scarcity signal exists in compute_willingness today -- position_fit_multiplier (position_targets) is the closest analog,1.2,1.5944444444444446,1.0,True,True,157.5,157.5,157.5,Brandon,12,2.5,2.5,2.5,True
4,Bhayshul Tuten,RB,95.0,0.9202177084833472,1.0,no distinct scarcity signal exists in compute_willingness today -- position_fit_multiplier (position_targets) is the closest analog,1.3,1.588888888888889,1.0,True,True,237.5,237.5,237.5,Reid,12,2.5,2.5,2.5,True
4,Bill Croskey-Merritt,RB,42.0,0.9052672121180203,1.0,no distinct scarcity signal exists in compute_willingness today -- position_fit_multiplier (position_targets) is the closest analog,1.2,1.5833333333333333,1.0,True,True,105.0,105.0,105.0,Evan,12,2.5,2.5,2.5,True
4,RJ Harvey,RB,71.0,1.0269550302577022,1.0,no distinct scarcity signal exists in compute_willingness today -- position_fit_multiplier (position_targets) is the closest analog,1.15,1.5777777777777777,1.0,True,True,177.5,177.5,177.5,Travis,12,2.5,2.5,2.5,True
4,JK Dobbins,RB,34.0,0.8682849900876677,1.0,no distinct scarcity signal exists in compute_willingness today -- position_fit_multiplier (position_targets) is the closest analog,1.6,1.5722222222222222,1.0,True,True,85.0,85.0,85.0,Brad,12,2.5,2.5,2.5,True
4,Tee Higgins,WR,60.0,1.290561600393582,1.0,no distinct scarcity signal exists in compute_willingness today -- position_fit_multiplier (position_targets) is the closest analog,1.2,1.5666666666666667,1.0,True,True,150.0,150.0,150.0,James,12,2.5,2.5,2.5,True
4,Jaylen Warren,RB,83.0,1.1371469457287022,1.3,no distinct scarcity signal exists in compute_willingness today -- position_fit_multiplier (position_targets) is the closest analog,1.25,1.5611111111111111,1.0,True,True,207.5,206.53499999999997,140.10923444274013,Ryan J,12,1.688,2.5,2.488,True
4,Josh Jacobs,RB,126.0,0.907626859315322,1.0,no distinct scarcity signal exists in compute_willingness today -- position_fit_multiplier (position_targets) is the closest analog,1.0,1.5555555555555556,1.0,True,True,256.466885847538,237.67706593681746,124.91989065924483,James,12,0.991,1.412,1.886,False
4,Bucky Irving,RB,102.0,1.1510285156060627,1.0,no distinct scarcity signal exists in compute_willingness today -- position_fit_multiplier (position_targets) is the closest analog,1.0,1.0,1.0,False,False,225.77913587448433,167.40393514731454,110.84479999999999,Shane,12,1.087,1.151,1.641,False
4,James Cook,RB,71.0,1.0599383845795458,0.4,no distinct scarcity signal exists in compute_willingness today -- position_fit_multiplier (position_targets) is the closest analog,1.25,1.5444444444444443,1.0,True,True,176.01685833333332,175.42340855853334,110.32333333333331,Coby,12,1.554,1.788,2.471,True
4,Jonathon Brooks,RB,78.0,0.8739756120117408,1.3,no distinct scarcity signal exists in compute_willingness today -- position_fit_multiplier (position_targets) is the closest analog,1.0,1.5388888888888888,1.0,True,True,160.84136134664624,155.63341087310098,83.36133333333332,Ryan J,12,1.069,1.799,1.995,False
4,Jacory Croskey-Merritt,RB,59.0,1.1610936194594974,0.4,no distinct scarcity signal exists in compute_willingness today -- position_fit_multiplier (position_targets) is the closest analog,1.25,1.5333333333333332,1.0,True,True,147.5,107.28193761156538,80.12544,Sam,12,1.358,1.739,1.818,True
4,DK Metcalf,WR,32.0,1.0296078310434373,1.0,no distinct scarcity signal exists in compute_willingness today -- position_fit_multiplier (position_targets) is the closest analog,1.6,1.5277777777777777,1.0,False,False,76.65777777777778,70.93892361111111,70.96666666666667,Brad,10,2.218,2.396,2.217,False
4,Deebo Samuel,WR,48.0,0.9046273527319469,1.3,no distinct scarcity signal exists in compute_willingness today -- position_fit_multiplier (position_targets) is the closest analog,1.25,1.5222222222222221,1.0,True,True,120.0,120.0,120.0,Sam,12,2.5,2.5,2.5,True
4,Zach Charbonnet,RB,36.0,1.3389301739430852,1.0,no distinct scarcity signal exists in compute_willingness today -- position_fit_multiplier (position_targets) is the closest analog,1.2,1.5166666666666666,1.0,True,True,90.0,85.945706661919,69.25,Evan,10,1.924,2.5,2.387,True
4,Tony Pollard,RB,75.0,1.3639330751831233,1.0,no distinct scarcity signal exists in compute_willingness today -- position_fit_multiplier (position_targets) is the closest analog,1.0,1.0,1.0,False,False,102.87045271824348,102.29498063873424,59.85066666666667,Shane,10,0.798,1.364,1.364,False
4,Rashee Rice,WR,72.0,0.851880838170276,1.3,no distinct scarcity signal exists in compute_willingness today -- position_fit_multiplier (position_targets) is the closest analog,1.0,1.5055555555555555,1.0,True,True,180.0,108.36147040506683,74.65261288184014,Coby,10,1.037,2.5,1.505,False
4,Josh Allen,QB,40.0,0.9385891355516598,1.0,no distinct scarcity signal exists in compute_willingness today -- position_fit_multiplier (position_targets) is the closest analog,1.0,1.5,1.0,False,False,64.38938719273543,58.993802024735615,43.0,CJ,9,1.075,1.386,1.475,False
4,DeVonta Smith,WR,71.0,1.07665342070015,1.0,no distinct scarcity signal exists in compute_willingness today -- position_fit_multiplier (position_targets) is the closest analog,1.0,1.0,1.0,False,False,129.3706811892656,121.49844079651614,47.23811111111112,Shane,10,0.665,1.077,1.711,False
4,Josh Downs,WR,30.0,0.9442496814747032,1.0,no distinct scarcity signal exists in compute_willingness today -- position_fit_multiplier (position_targets) is the closest analog,1.6,1.488888888888889,1.0,False,False,47.65587911111111,46.06622222222222,47.22479444444444,Brad,10,1.574,1.589,1.536,False
4,Rachaad White,RB,59.0,0.9847991714401232,1.0,no distinct scarcity signal exists in compute_willingness today -- position_fit_multiplier (position_targets) is the closest analog,1.0,1.0,1.0,False,False,102.585461077925,83.45612639553713,46.894333333333336,Shane,11,0.795,0.985,1.415,False
4,Mike Evans,WR,45.0,0.94540588089061,1.0,no distinct scarcity signal exists in compute_willingness today -- position_fit_multiplier (position_targets) is the closest analog,1.0,1.4777777777777779,1.0,False,False,84.38380477329899,67.95785675810765,45.72244444444445,CJ,9,1.016,1.016,1.51,False
4,DJ Moore,WR,48.0,0.9591624217564424,1.0,no distinct scarcity signal exists in compute_willingness today -- position_fit_multiplier (position_targets) is the closest analog,1.0,1.0,1.0,False,False,114.957876825175,99.81605886720718,43.0,Shane,11,0.896,0.959,2.08,False
5,Jaylen Waddle,WR,64.0,0.9746382659620632,1.0,no distinct scarcity signal exists in compute_willingness today -- position_fit_multiplier (position_targets) is the closest analog,1.3,1.6,1.0,True,True,160.0,160.0,160.0,Sam,12,2.5,2.5,2.5,True
5,Jacory Croskey-Merritt,RB,59.0,1.145015305895316,1.3,no distinct scarcity signal exists in compute_willingness today -- position_fit_multiplier (position_targets) is the closest analog,1.25,1.5944444444444446,1.0,True,True,147.5,147.5,147.5,Evan,12,2.5,2.5,2.5,True
5,Josh Jacobs,RB,126.0,0.9286686628367756,1.3,no distinct scarcity signal exists in compute_willingness today -- position_fit_multiplier (position_targets) is the closest analog,1.0,1.588888888888889,1.0,True,True,315.0,315.0,257.0,James,12,2.04,2.5,2.5,False
5,Bucky Irving,RB,102.0,0.8644791253795262,1.0,no distinct scarcity signal exists in compute_willingness today -- position_fit_multiplier (position_targets) is the closest analog,1.0,1.5833333333333333,1.0,True,True,255.0,255.0,255.0,Travis,12,2.5,2.5,2.5,False
5,Jordan Mason,RB,63.0,0.9354792259613502,1.0,no distinct scarcity signal exists in compute_willingness today -- position_fit_multiplier (position_targets) is the closest analog,1.2,1.5777777777777777,1.0,True,True,157.5,157.5,157.5,Ryan J,11,2.5,2.5,2.5,True
5,James Cook,RB,71.0,1.081634406191723,1.0,no distinct scarcity signal exists in compute_willingness today -- position_fit_multiplier (position_targets) is the closest analog,1.6,1.5722222222222222,1.0,True,True,177.5,177.5,177.5,Brad,11,2.5,2.5,2.5,True
5,Tee Higgins,WR,60.0,1.0483246244145235,1.3,no distinct scarcity signal exists in compute_willingness today -- position_fit_multiplier (position_targets) is the closest analog,1.25,1.5666666666666667,1.0,True,True,150.0,150.0,150.0,Jason,11,2.5,2.5,2.5,True
5,Bhayshul Tuten,RB,95.0,1.0716587655873837,1.0,no distinct scarcity signal exists in compute_willingness today -- position_fit_multiplier (position_targets) is the closest analog,1.3,1.5611111111111111,1.0,True,True,237.5,237.5,109.7085075787641,CJ,11,1.155,2.5,2.5,True
5,Tony Pollard,RB,75.0,0.8717508205259538,1.0,no distinct scarcity signal exists in compute_willingness today -- position_fit_multiplier (position_targets) is the closest analog,1.0,1.5555555555555556,1.0,True,True,187.5,146.19743973836108,93.5,CJ,12,1.247,2.5,1.949,False
5,Jonathon Brooks,RB,78.0,1.0678668000282021,1.0,no distinct scarcity signal exists in compute_willingness today -- position_fit_multiplier (position_targets) is the closest analog,1.0,1.5499999999999998,1.0,True,True,166.74505561785216,156.83643087262143,92.5,Ryan J,11,1.186,1.655,2.011,False
5,Deebo Samuel,WR,48.0,1.0010655946201008,1.0,no distinct scarcity signal exists in compute_willingness today -- position_fit_multiplier (position_targets) is the closest analog,1.0,1.5444444444444443,1.0,False,False,113.841,109.84752999999999,56.0,Coby,10,1.167,1.234,2.288,False
5,RJ Harvey,RB,71.0,1.1083312981652065,1.0,no distinct scarcity signal exists in compute_willingness today -- position_fit_multiplier (position_targets) is the closest analog,1.0,1.0,1.0,False,False,177.5,177.5,77.19726044599956,Reid,10,1.087,1.108,2.5,False
5,Jaylen Warren,RB,83.0,1.3647598754267818,1.0,no distinct scarcity signal exists in compute_willingness today -- position_fit_multiplier (position_targets) is the closest analog,1.0,1.0,1.0,False,False,207.5,207.5,76.44768637792609,Reid,10,0.921,1.365,2.5,False
5,Bill Croskey-Merritt,RB,42.0,0.8945599651469549,1.0,no distinct scarcity signal exists in compute_willingness today -- position_fit_multiplier (position_targets) is the closest analog,1.3,1.5277777777777777,1.0,True,True,105.0,105.0,55.0,Sam,10,1.31,2.5,2.5,True
5,Rashee Rice,WR,72.0,0.9303633112543778,1.0,no distinct scarcity signal exists in compute_willingness today -- position_fit_multiplier (position_targets) is the closest analog,1.0,1.0,1.0,False,False,105.73926316589292,104.71912437844924,55.79,Shane,10,0.775,0.93,1.454,False
5,Rachaad White,RB,59.0,0.9807156834219564,1.0,no distinct scarcity signal exists in compute_willingness today -- position_fit_multiplier (position_targets) is the closest analog,1.0,1.5166666666666666,1.0,True,True,131.68945804347197,129.9317359718287,52.06933333333333,CJ,9,0.883,1.487,2.202,False
5,DK Metcalf,WR,32.0,1.043756907495359,1.0,no distinct scarcity signal exists in compute_willingness today -- position_fit_multiplier (position_targets) is the closest analog,1.0,1.511111111111111,1.0,False,False,46.11911111111112,40.038399999999996,41.038399999999996,Coby,8,1.282,1.441,1.251,False
5,Davante Adams,WR,49.0,0.950582506380838,1.0,no distinct scarcity signal exists in compute_willingness today -- position_fit_multiplier (position_targets) is the closest analog,1.0,1.0,1.0,False,False,71.2674265197206,64.24220667513221,39.78311111111111,Shane,9,0.812,0.951,1.311,False
5,Josh Allen,QB,40.0,1.1037802428463417,1.3,no distinct scarcity signal exists in compute_willingness today -- position_fit_multiplier (position_targets) is the closest analog,1.0,1.5,1.0,True,True,86.09485894201465,70.62562303680289,43.46546252336328,Jason,9,1.087,2.152,1.766,False
5,Kenny Gainwell,RB,64.0,1.1374928728811333,1.0,no distinct scarcity signal exists in compute_willingness today -- position_fit_multiplier (position_targets) is the closest analog,1.0,1.0,1.0,False,False,112.80545987961099,110.04122416784205,58.0,Shane,9,0.906,1.137,1.719,False
5,JK Dobbins,RB,34.0,1.2498911071076861,1.0,no distinct scarcity signal exists in compute_willingness today -- position_fit_multiplier (position_targets) is the closest analog,1.0,1.0,1.0,False,False,84.4994114368745,83.90667591333411,39.8863288888889,Shane,9,1.173,1.25,2.468,False
5,Josh Downs,WR,30.0,1.0127530591366467,1.0,no distinct scarcity signal exists in compute_willingness today -- position_fit_multiplier (position_targets) is the closest analog,1.0,1.4777777777777779,1.0,False,False,38.06755555555556,36.61105777777779,37.61105777777779,Brandon,9,1.254,1.269,1.22,False
5,Chuba Hubbard,RB,65.0,1.292087039631431,1.0,no distinct scarcity signal exists in compute_willingness today -- position_fit_multiplier (position_targets) is the closest analog,1.0,1.0,1.0,False,False,120.20163643602764,112.96862394232357,71.30973333333334,Shane,8,1.097,1.292,1.738,False
5,Austin Ekeler,RB,31.0,0.9074403056799855,1.0,no distinct scarcity signal exists in compute_willingness today -- position_fit_multiplier (position_targets) is the closest analog,1.0,1.4666666666666668,1.0,False,False,36.33578666666668,35.2669560533508,36.33578666666668,Coby,7,1.172,1.172,1.138,False
6,Jordan Mason,RB,63.0,1.0249714349123895,1.3,no distinct scarcity signal exists in compute_willingness today -- position_fit_multiplier (position_targets) is the closest analog,1.25,1.6,1.0,True,True,157.5,157.5,157.5,CJ,12,2.5,2.5,2.5,True
6,Josh Jacobs,RB,126.0,1.1292386593403312,1.0,no distinct scarcity signal exists in compute_willingness today -- position_fit_multiplier (position_targets) is the closest analog,1.0,1.5944444444444446,1.0,True,True,315.0,315.0,273.0,James,12,2.167,2.5,2.5,False
6,Bucky Irving,RB,102.0,0.8401011674128512,1.3,no distinct scarcity signal exists in compute_willingness today -- position_fit_multiplier (position_targets) is the closest analog,1.0,1.588888888888889,1.0,True,True,255.0,255.0,255.0,Brad,11,2.5,2.5,2.5,False
6,James Cook,RB,71.0,0.9491659312878235,1.3,no distinct scarcity signal exists in compute_willingness today -- position_fit_multiplier (position_targets) is the closest analog,1.25,1.5833333333333333,1.0,True,True,177.5,177.5,177.5,Ryan J,11,2.5,2.5,2.5,True
6,RJ Harvey,RB,71.0,0.8383951502178784,1.0,no distinct scarcity signal exists in compute_willingness today -- position_fit_multiplier (position_targets) is the closest analog,1.2,1.5777777777777777,1.0,True,True,177.5,177.5,177.5,Sam,12,2.5,2.5,2.5,True
6,Jaylen Warren,RB,83.0,1.079197725986526,1.0,no distinct scarcity signal exists in compute_willingness today -- position_fit_multiplier (position_targets) is the closest analog,1.15,1.5722222222222222,1.0,True,True,207.5,207.5,207.5,Coby,12,2.5,2.5,2.5,True
6,Jonathon Brooks,RB,78.0,0.8115315397541699,1.0,no distinct scarcity signal exists in compute_willingness today -- position_fit_multiplier (position_targets) is the closest analog,1.0,1.5666666666666667,1.0,True,True,195.0,195.0,176.292,Reid,11,2.26,2.5,2.5,False
6,Jaylen Waddle,WR,64.0,1.2356566943505154,1.3,no distinct scarcity signal exists in compute_willingness today -- position_fit_multiplier (position_targets) is the closest analog,1.25,1.5611111111111111,1.0,True,True,160.0,160.0,160.0,Jason,12,2.5,2.5,2.5,True
6,Bhayshul Tuten,RB,95.0,0.9319494804728412,1.3,no distinct scarcity signal exists in compute_willingness today -- position_fit_multiplier (position_targets) is the closest analog,1.25,1.5555555555555556,1.0,True,True,237.5,237.5,176.0,Brandon,12,1.853,2.5,2.5,True
6,Deebo Samuel,WR,48.0,0.8916657235792541,1.3,no distinct scarcity signal exists in compute_willingness today -- position_fit_multiplier (position_targets) is the closest analog,1.25,1.5499999999999998,1.0,True,True,120.0,120.0,120.0,Travis,11,2.5,2.5,2.5,True
6,Jacory Croskey-Merritt,RB,59.0,1.2894624853855718,1.0,no distinct scarcity signal exists in compute_willingness today -- position_fit_multiplier (position_targets) is the closest analog,1.2,1.5444444444444443,1.0,True,True,147.5,147.5,138.0,Evan,10,2.339,2.5,2.5,True
6,Chuba Hubbard,RB,65.0,1.021761066540616,1.3,no distinct scarcity signal exists in compute_willingness today -- position_fit_multiplier (position_targets) is the closest analog,1.0,1.5388888888888888,1.0,True,True,162.5,141.98972659945971,99.762,Travis,11,1.535,2.5,2.184,False
6,Tee Higgins,WR,60.0,0.9879268722946559,1.0,no distinct scarcity signal exists in compute_willingness today -- position_fit_multiplier (position_targets) is the closest analog,1.1,1.5333333333333332,1.0,False,False,150.0,150.0,72.80231743863013,Shane,10,1.213,1.548,2.5,False
6,DeVonta Smith,WR,71.0,1.181407798147423,1.3,no distinct scarcity signal exists in compute_willingness today -- position_fit_multiplier (position_targets) is the closest analog,1.0,1.5277777777777777,1.0,True,True,166.59490798042756,143.197478867056,66.24222222222222,Ryan J,11,0.933,2.346,2.017,False
6,DJ Moore,WR,48.0,1.01853186447414,1.0,no distinct scarcity signal exists in compute_willingness today -- position_fit_multiplier (position_targets) is the closest analog,1.1,1.5222222222222221,1.0,False,False,115.35044037130191,93.94953119110095,49.0,Shane,10,1.021,1.49,1.957,False
6,Tony Pollard,RB,75.0,0.9341658761975028,1.3,no distinct scarcity signal exists in compute_willingness today -- position_fit_multiplier (position_targets) is the closest analog,1.0,1.5166666666666666,1.0,True,True,143.37612088570626,141.80859581997066,53.0,CJ,10,0.707,1.842,1.891,False
6,TJ Hockenson,TE,43.0,1.0733718090536741,1.0,no distinct scarcity signal exists in compute_willingness today -- position_fit_multiplier (position_targets) is the closest analog,1.0,1.511111111111111,1.0,False,False,69.48006327048016,52.13333333333333,40.0,Shane,8,0.93,1.208,1.212,False
6,Rashee Rice,WR,72.0,1.0190919215389995,0.4,no distinct scarcity signal exists in compute_willingness today -- position_fit_multiplier (position_targets) is the closest analog,1.0,1.5055555555555555,1.0,True,True,144.90580225595204,133.73648141677194,42.0,Jason,10,0.583,0.614,1.857,False
6,Kenny Gainwell,RB,64.0,1.0141089373231704,1.0,no distinct scarcity signal exists in compute_willingness today -- position_fit_multiplier (position_targets) is the closest analog,1.0,1.5,1.0,False,False,122.20390242604857,120.06308235235674,39.5,Shane,8,0.617,0.646,1.876,False
6,JK Dobbins,RB,34.0,0.6166276689515785,1.0,no distinct scarcity signal exists in compute_willingness today -- position_fit_multiplier (position_targets) is the closest analog,1.2,1.4944444444444445,1.0,True,True,81.93086432173448,61.87,39.0,Evan,8,1.147,1.82,1.82,True
6,Bill Croskey-Merritt,RB,42.0,1.2162384923058362,1.0,no distinct scarcity signal exists in compute_willingness today -- position_fit_multiplier (position_targets) is the closest analog,1.2,1.488888888888889,1.0,True,True,94.6978952221346,91.26653646262996,35.162406666666676,Sam,9,0.837,2.173,2.173,True
6,DK Metcalf,WR,32.0,0.9714381894685993,1.0,no distinct scarcity signal exists in compute_willingness today -- position_fit_multiplier (position_targets) is the closest analog,1.1,1.4777777777777779,1.0,False,False,28.10423000000001,21.339074166666663,21.951958333333334,Shane,8,0.686,0.878,0.667,False
6,Josh Downs,WR,30.0,0.9630712719793654,1.0,no distinct scarcity signal exists in compute_willingness today -- position_fit_multiplier (position_targets) is the closest analog,1.1,1.4666666666666668,1.0,False,False,21.87276666666667,21.17863,21.87276666666667,Shane,7,0.729,0.729,0.706,False
6,Joe Burrow,QB,17.0,1.0231918379786382,1.0,no distinct scarcity signal exists in compute_willingness today -- position_fit_multiplier (position_targets) is the closest analog,1.15,1.461111111111111,1.0,False,False,21.098407916666662,21.007855555555558,21.098407916666662,Reid,7,1.241,1.241,1.236,False
7,Bucky Irving,RB,102.0,1.2476291628672886,1.0,no distinct scarcity signal exists in compute_willingness today -- position_fit_multiplier (position_targets) is the closest analog,1.0,1.6,1.0,True,True,255.0,255.0,255.0,Coby,12,2.5,2.5,2.5,False
7,Jaylen Warren,RB,83.0,1.2134327193837193,1.0,no distinct scarcity signal exists in compute_willingness today -- position_fit_multiplier (position_targets) is the closest analog,1.2,1.5944444444444446,1.0,True,True,207.5,207.5,207.5,Brad,12,2.5,2.5,2.5,True
7,Josh Jacobs,RB,126.0,0.9764908868925318,1.0,no distinct scarcity signal exists in compute_willingness today -- position_fit_multiplier (position_targets) is the closest analog,1.0,1.588888888888889,1.0,True,True,315.0,248.35009220316732,236.73333333333335,Ryan J,12,1.879,2.5,1.971,False
7,DJ Moore,WR,48.0,1.1017551907225007,1.0,no distinct scarcity signal exists in compute_willingness today -- position_fit_multiplier (position_targets) is the closest analog,1.6,1.5833333333333333,1.0,True,True,120.0,120.0,120.0,CJ,12,2.5,2.5,2.5,True
7,Jordan Mason,RB,63.0,0.9002565287036638,1.0,no distinct scarcity signal exists in compute_willingness today -- position_fit_multiplier (position_targets) is the closest analog,1.6,1.5777777777777777,1.0,True,True,157.5,157.5,157.5,James,12,2.5,2.5,2.5,True
7,Tony Pollard,RB,75.0,0.963142410590004,1.3,no distinct scarcity signal exists in compute_willingness today -- position_fit_multiplier (position_targets) is the closest analog,1.0,1.5722222222222222,1.0,True,True,187.5,159.41911116675317,79.96662700695924,Evan,11,1.066,2.5,2.126,False
7,Tee Higgins,WR,60.0,0.969813239546609,1.3,no distinct scarcity signal exists in compute_willingness today -- position_fit_multiplier (position_targets) is the closest analog,1.25,1.5666666666666667,1.0,True,True,150.0,132.70052856821738,69.54576938561772,Brandon,12,1.159,2.5,2.212,True
7,RJ Harvey,RB,71.0,1.0362839799188754,1.3,no distinct scarcity signal exists in compute_willingness today -- position_fit_multiplier (position_targets) is the closest analog,1.25,1.5611111111111111,1.0,True,True,177.5,154.9944426814729,80.0,Evan,12,1.127,2.5,2.183,True
7,Bhayshul Tuten,RB,95.0,1.2038235132612307,1.0,no distinct scarcity signal exists in compute_willingness today -- position_fit_multiplier (position_targets) is the closest analog,1.0,1.0,1.0,False,False,237.5,162.3887427946206,108.0,Reid,11,1.137,1.204,1.709,False
7,James Cook,RB,71.0,1.1458100061875565,1.0,no distinct scarcity signal exists in compute_willingness today -- position_fit_multiplier (position_targets) is the closest analog,1.0,1.0,1.0,False,False,158.0348321989013,130.79064565927376,74.0,Sam,11,1.042,1.146,1.842,False
7,Rashee Rice,WR,72.0,0.9556418777025582,1.3,no distinct scarcity signal exists in compute_willingness today -- position_fit_multiplier (position_targets) is the closest analog,1.0,1.5444444444444443,1.0,True,True,138.1475898406818,122.89964510570763,83.30052942514847,Brandon,10,1.157,1.919,1.707,False
7,Deebo Samuel,WR,48.0,0.8084108181621016,1.0,no distinct scarcity signal exists in compute_willingness today -- position_fit_multiplier (position_targets) is the closest analog,1.2,1.5388888888888888,1.0,True,True,110.05046605040438,101.79749999999997,60.556392392064566,Brad,11,1.262,2.121,2.121,True
7,Jacory Croskey-Merritt,RB,59.0,1.1310428670286756,1.0,no distinct scarcity signal exists in compute_willingness today -- position_fit_multiplier (position_targets) is the closest analog,1.0,1.0,1.0,False,False,147.5,127.7411045341633,64.0,Shane,11,1.085,1.131,2.165,False
7,Austin Ekeler,RB,31.0,1.0157801359118563,1.0,no distinct scarcity signal exists in compute_willingness today -- position_fit_multiplier (position_targets) is the closest analog,1.6,1.5277777777777777,1.0,False,False,56.31999999999999,54.56,56.31999999999999,CJ,11,1.817,1.817,1.76,False
7,DK Metcalf,WR,32.0,0.9650069144737766,1.0,no distinct scarcity signal exists in compute_willingness today -- position_fit_multiplier (position_targets) is the closest analog,1.6,1.5222222222222221,1.0,False,False,54.3616,49.34364880934011,50.0,James,11,1.562,1.699,1.542,False
7,Rachaad White,RB,59.0,0.9907902057366736,1.0,no distinct scarcity signal exists in compute_willingness today -- position_fit_multiplier (position_targets) is the closest analog,1.0,1.0,1.0,False,False,93.12108618863594,67.26822580690491,57.056,Reid,11,0.967,0.991,1.14,False
7,Jaylen Waddle,WR,64.0,0.9550117426087302,1.0,no distinct scarcity signal exists in compute_willingness today -- position_fit_multiplier (position_targets) is the closest analog,1.0,1.0,1.0,False,False,125.82450977677458,89.83492870501352,60.85066666666667,Shane,10,0.951,0.955,1.404,False
7,Jonathon Brooks,RB,78.0,1.0970355133860132,1.0,no distinct scarcity signal exists in compute_willingness today -- position_fit_multiplier (position_targets) is the closest analog,1.0,1.0,1.0,False,False,114.23440950139992,108.10158314875875,63.51472482793422,Sam,11,0.814,1.097,1.386,False
7,Aaron Jones Sr,RB,59.0,1.0388948530505842,1.0,no distinct scarcity signal exists in compute_willingness today -- position_fit_multiplier (position_targets) is the closest analog,1.0,1.0,1.0,False,False,89.454891446226,69.8266729793611,60.39281512307768,Sam,11,1.024,1.039,1.184,False
7,Terry McLaurin,WR,57.0,1.1331853566752565,1.0,no distinct scarcity signal exists in compute_willingness today -- position_fit_multiplier (position_targets) is the closest analog,1.0,1.0,1.0,False,False,102.90957899615623,84.42104504464716,56.1,Reid,11,0.984,1.133,1.481,False
7,Bill Croskey-Merritt,RB,42.0,0.9764477651897506,1.0,no distinct scarcity signal exists in compute_willingness today -- position_fit_multiplier (position_targets) is the closest analog,1.0,1.488888888888889,1.0,False,False,72.27746846514918,70.26536064005863,47.564888888888895,Travis,11,1.132,1.31,1.673,False
7,Kenny Gainwell,RB,64.0,1.1102390063887588,1.0,no distinct scarcity signal exists in compute_willingness today -- position_fit_multiplier (position_targets) is the closest analog,1.0,1.0,1.0,False,False,96.83235281042319,88.93304775464462,45.94737333333334,Shane,11,0.718,1.11,1.39,False
7,DeVonta Smith,WR,71.0,1.0739519937118533,1.0,no distinct scarcity signal exists in compute_willingness today -- position_fit_multiplier (position_targets) is the closest analog,1.0,1.0,1.0,False,False,98.50065463422226,98.00583412280996,45.610688888888895,Shane,11,0.642,1.074,1.38,False
7,Zach Charbonnet,RB,36.0,1.0575757228840519,1.0,no distinct scarcity signal exists in compute_willingness today -- position_fit_multiplier (position_targets) is the closest analog,1.0,1.4666666666666668,1.0,False,False,59.35142197132989,46.646547704252306,44.44234666666668,Travis,11,1.235,1.235,1.296,False
8,Jaylen Waddle,WR,64.0,0.9647398329192127,1.3,no distinct scarcity signal exists in compute_willingness today -- position_fit_multiplier (position_targets) is the closest analog,1.25,1.6,1.0,True,True,160.0,160.0,160.0,Ryan J,12,2.5,2.5,2.5,True
8,Jaylen Warren,RB,83.0,0.6778298098461416,1.0,no distinct scarcity signal exists in compute_willingness today -- position_fit_multiplier (position_targets) is the closest analog,1.2,1.5944444444444446,1.0,True,True,207.5,207.5,207.5,Coby,12,2.5,2.5,2.5,True
8,Bhayshul Tuten,RB,95.0,0.9223541274599761,1.0,no distinct scarcity signal exists in compute_willingness today -- position_fit_multiplier (position_targets) is the closest analog,1.6,1.588888888888889,1.0,True,True,237.5,237.5,237.5,Brad,12,2.5,2.5,2.5,True
8,Jordan Mason,RB,63.0,0.9872495015353715,1.0,no distinct scarcity signal exists in compute_willingness today -- position_fit_multiplier (position_targets) is the closest analog,1.3,1.5833333333333333,1.0,True,True,157.5,157.5,157.5,Shane,12,2.5,2.5,2.5,True
8,Deebo Samuel,WR,48.0,1.0327007513952016,1.3,no distinct scarcity signal exists in compute_willingness today -- position_fit_multiplier (position_targets) is the closest analog,1.25,1.5777777777777777,1.0,True,True,120.0,120.0,120.0,Jason,12,2.5,2.5,2.5,True
8,James Cook,RB,71.0,0.9690461382594285,1.0,no distinct scarcity signal exists in compute_willingness today -- position_fit_multiplier (position_targets) is the closest analog,1.15,1.5722222222222222,1.0,True,True,177.5,177.5,160.5,Travis,12,2.261,2.5,2.5,True
8,Jonathon Brooks,RB,78.0,0.9446650377373889,1.0,no distinct scarcity signal exists in compute_willingness today -- position_fit_multiplier (position_targets) is the closest analog,1.0,1.5611111111111111,1.0,True,True,195.0,181.86688778013962,91.8037597589601,Shane,12,1.177,2.5,2.332,False
8,Josh Jacobs,RB,126.0,1.091552671874528,1.0,no distinct scarcity signal exists in compute_willingness today -- position_fit_multiplier (position_targets) is the closest analog,1.0,1.0,1.0,False,False,261.376649603695,247.1165923882704,115.0,CJ,12,0.913,1.092,1.961,False
8,JK Dobbins,RB,34.0,0.9082203269361322,1.3,no distinct scarcity signal exists in compute_willingness today -- position_fit_multiplier (position_targets) is the closest analog,1.25,1.5499999999999998,1.0,True,True,85.0,85.0,82.5,Ryan J,12,2.426,2.5,2.5,True
8,Jacory Croskey-Merritt,RB,59.0,1.099109357654758,1.3,no distinct scarcity signal exists in compute_willingness today -- position_fit_multiplier (position_targets) is the closest analog,1.25,1.5444444444444443,1.0,True,True,147.5,133.17589999999998,68.85099879618004,Jason,11,1.167,2.5,2.257,True
8,DJ Moore,WR,48.0,0.9152565755000118,1.0,no distinct scarcity signal exists in compute_willingness today -- position_fit_multiplier (position_targets) is the closest analog,1.3,1.5388888888888888,1.0,True,True,120.0,94.50633075731072,60.5,Shane,11,1.26,2.5,1.969,True
8,Tee Higgins,WR,60.0,1.0862705521495806,1.0,no distinct scarcity signal exists in compute_willingness today -- position_fit_multiplier (position_targets) is the closest analog,1.0,1.0,1.0,False,False,137.79952940425912,91.76999999999998,64.5,Brandon,10,1.075,1.086,1.529,False
8,RJ Harvey,RB,71.0,1.0447867655999579,1.0,no distinct scarcity signal exists in compute_willingness today -- position_fit_multiplier (position_targets) is the closest analog,1.0,1.0,1.0,False,False,138.6676902865516,131.528215836231,74.17986035759701,James,11,1.045,1.045,1.853,False
8,Bucky Irving,RB,102.0,1.0328457557617328,1.0,no distinct scarcity signal exists in compute_willingness today -- position_fit_multiplier (position_targets) is the closest analog,1.0,1.0,1.0,False,False,179.35280614059533,105.35026708769674,100.2,CJ,11,0.982,1.033,1.033,False
8,Kenny Gainwell,RB,64.0,1.5924191350142296,1.0,no distinct scarcity signal exists in compute_willingness today -- position_fit_multiplier (position_targets) is the closest analog,1.0,1.5166666666666666,1.0,True,True,154.57081737204788,84.03483381597643,58.59050138876029,Coby,10,0.915,2.415,1.313,False
8,Rashee Rice,WR,72.0,1.00746961649716,1.0,no distinct scarcity signal exists in compute_willingness today -- position_fit_multiplier (position_targets) is the closest analog,1.0,1.0,1.0,False,False,109.60399402408574,72.53781238779551,70.59409286279555,Brandon,10,0.98,1.007,1.007,False
8,Zach Charbonnet,RB,36.0,1.0596706738180575,1.0,no distinct scarcity signal exists in compute_willingness today -- position_fit_multiplier (position_targets) is the closest analog,1.0,1.5055555555555555,1.0,False,False,83.49838457834782,54.80222222222223,52.803155555555556,Reid,9,1.467,1.522,1.522,False
8,Bill Croskey-Merritt,RB,42.0,1.0612971310127968,1.0,no distinct scarcity signal exists in compute_willingness today -- position_fit_multiplier (position_targets) is the closest analog,1.1,1.5,1.0,False,False,72.18902811127751,51.612,47.830000000000005,Evan,9,1.139,1.229,1.229,False
8,Terry McLaurin,WR,57.0,1.029849360356042,1.0,no distinct scarcity signal exists in compute_willingness today -- position_fit_multiplier (position_targets) is the closest analog,1.0,1.0,1.0,False,False,92.22445573916185,71.88544036729256,47.35084444444445,James,10,0.831,1.03,1.261,False
8,DeVonta Smith,WR,71.0,0.9549322910034138,1.0,no distinct scarcity signal exists in compute_willingness today -- position_fit_multiplier (position_targets) is the closest analog,1.0,1.0,1.0,False,False,127.2771237565999,67.80019266124238,47.36266666666667,James,11,0.667,0.955,0.955,False
8,Tony Pollard,RB,75.0,0.904824224784089,1.0,no distinct scarcity signal exists in compute_willingness today -- position_fit_multiplier (position_targets) is the closest analog,1.0,1.0,1.0,False,False,105.95101176583633,80.99189393290655,47.30966666666667,James,9,0.631,0.905,1.08,False
8,DK Metcalf,WR,32.0,0.9940347880094471,1.0,no distinct scarcity signal exists in compute_willingness today -- position_fit_multiplier (position_targets) is the closest analog,1.0,1.4777777777777779,1.0,False,False,46.13622222222223,42.86737777777778,43.86737777777778,Sam,9,1.371,1.442,1.34,False
8,Aaron Jones Sr,RB,59.0,0.8252406838531716,1.0,no distinct scarcity signal exists in compute_willingness today -- position_fit_multiplier (position_targets) is the closest analog,1.0,1.0,1.0,False,False,83.6317820220984,56.17570261693172,43.19295666431995,James,10,0.732,0.825,0.952,False
8,Mike Evans,WR,45.0,0.9612609463250144,1.0,no distinct scarcity signal exists in compute_willingness today -- position_fit_multiplier (position_targets) is the closest analog,1.0,1.0,1.0,False,False,75.12909217525966,43.25674258462565,39.61,CJ,8,0.88,0.961,0.961,False
9,Jaylen Warren,RB,83.0,0.9119816236903261,1.0,no distinct scarcity signal exists in compute_willingness today -- position_fit_multiplier (position_targets) is the closest analog,1.6,1.6,1.0,True,True,207.5,207.5,207.5,Reid,12,2.5,2.5,2.5,True
9,Josh Jacobs,RB,126.0,0.8921681950635463,1.0,no distinct scarcity signal exists in compute_willingness today -- position_fit_multiplier (position_targets) is the closest analog,1.0,1.5944444444444446,1.0,True,True,315.0,315.0,290.0,Shane,12,2.302,2.5,2.5,False
9,RJ Harvey,RB,71.0,1.07288755293446,1.0,no distinct scarcity signal exists in compute_willingness today -- position_fit_multiplier (position_targets) is the closest analog,1.6,1.588888888888889,1.0,True,True,177.5,177.5,177.5,Jason,12,2.5,2.5,2.5,True
9,Jacory Croskey-Merritt,RB,59.0,1.1057497997253807,1.3,no distinct scarcity signal exists in compute_willingness today -- position_fit_multiplier (position_targets) is the closest analog,1.25,1.5833333333333333,1.0,True,True,147.5,147.5,147.5,James,12,2.5,2.5,2.5,True
9,Jonathon Brooks,RB,78.0,1.0530889513795612,1.0,no distinct scarcity signal exists in compute_willingness today -- position_fit_multiplier (position_targets) is the closest analog,1.0,1.5777777777777777,1.0,True,True,195.0,195.0,195.0,CJ,11,2.5,2.5,2.5,False
9,Jaylen Waddle,WR,64.0,1.1243919798540254,1.3,no distinct scarcity signal exists in compute_willingness today -- position_fit_multiplier (position_targets) is the closest analog,1.25,1.5722222222222222,1.0,True,True,160.0,160.0,160.0,Ryan J,12,2.5,2.5,2.5,True
9,Rashee Rice,WR,72.0,0.6738572450799367,1.0,no distinct scarcity signal exists in compute_willingness today -- position_fit_multiplier (position_targets) is the closest analog,1.0,1.5666666666666667,1.0,True,True,180.0,180.0,180.0,Travis,12,2.5,2.5,2.5,False
9,Bucky Irving,RB,102.0,1.0810847633947445,1.0,no distinct scarcity signal exists in compute_willingness today -- position_fit_multiplier (position_targets) is the closest analog,1.0,1.5611111111111111,1.0,True,True,255.0,193.45735959189082,175.0638888888889,Brad,12,1.716,2.5,1.897,False
9,Jordan Mason,RB,63.0,0.9222662161607764,1.0,no distinct scarcity signal exists in compute_willingness today -- position_fit_multiplier (position_targets) is the closest analog,1.6,1.5555555555555556,1.0,True,True,157.5,157.5,147.5,Sam,12,2.341,2.5,2.5,True
9,Bill Croskey-Merritt,RB,42.0,1.0135825064420254,1.3,no distinct scarcity signal exists in compute_willingness today -- position_fit_multiplier (position_targets) is the closest analog,1.25,1.5499999999999998,1.0,True,True,105.0,105.0,95.0,James,12,2.262,2.5,2.5,True
9,Rachaad White,RB,59.0,1.0072116404088458,1.3,no distinct scarcity signal exists in compute_willingness today -- position_fit_multiplier (position_targets) is the closest analog,1.0,1.5444444444444443,1.0,True,True,119.31317179878695,97.29999999999998,78.0,Ryan J,10,1.322,2.022,1.649,False
9,Deebo Samuel,WR,48.0,1.047698974962127,1.0,no distinct scarcity signal exists in compute_willingness today -- position_fit_multiplier (position_targets) is the closest analog,1.2,1.5388888888888888,1.0,True,True,116.33999999999997,95.56499999999998,63.92440236838406,Travis,12,1.332,2.424,1.991,True
9,Kenny Gainwell,RB,64.0,0.9898510301265225,1.0,no distinct scarcity signal exists in compute_willingness today -- position_fit_multiplier (position_targets) is the closest analog,1.0,1.0,1.0,False,False,104.02242016814581,79.35,63.0,Coby,8,0.984,0.99,1.24,False
9,Bhayshul Tuten,RB,95.0,1.1578733620290247,1.0,no distinct scarcity signal exists in compute_willingness today -- position_fit_multiplier (position_targets) is the closest analog,1.0,1.0,1.0,False,False,175.5384407863552,121.42066031617503,62.56777777777778,Coby,10,0.659,1.158,1.278,False
9,Josh Downs,WR,30.0,0.9832081186237736,1.0,no distinct scarcity signal exists in compute_willingness today -- position_fit_multiplier (position_targets) is the closest analog,1.1,1.5222222222222221,1.0,False,False,49.38982115886756,39.21244444444444,39.81807833333333,Evan,10,1.327,1.646,1.307,False
9,Chuba Hubbard,RB,65.0,1.2568912341347664,1.0,no distinct scarcity signal exists in compute_willingness today -- position_fit_multiplier (position_targets) is the closest analog,1.0,1.5166666666666666,1.0,True,True,123.90852749845239,111.50167886054686,60.0,CJ,7,0.923,1.906,1.715,False
9,Tony Pollard,RB,75.0,0.7800870585821342,1.0,no distinct scarcity signal exists in compute_willingness today -- position_fit_multiplier (position_targets) is the closest analog,1.0,1.0,1.0,False,False,175.6266287133766,58.50652939366007,39.92622222222222,Coby,9,0.532,0.78,0.78,False
9,DeVonta Smith,WR,71.0,1.0347718478155559,1.0,no distinct scarcity signal exists in compute_willingness today -- position_fit_multiplier (position_targets) is the closest analog,1.0,1.0,1.0,False,False,115.291537424385,73.46880119490447,39.78311111111111,Coby,9,0.56,1.035,1.035,False
9,Tee Higgins,WR,60.0,1.085730364602475,1.0,no distinct scarcity signal exists in compute_willingness today -- position_fit_multiplier (position_targets) is the closest analog,1.0,1.0,1.0,False,False,119.09689582317918,65.1438218761485,40.56875,Coby,11,0.676,1.086,1.086,False
9,Zach Charbonnet,RB,36.0,1.0039126454706526,1.0,no distinct scarcity signal exists in compute_willingness today -- position_fit_multiplier (position_targets) is the closest analog,1.1,1.4944444444444445,1.0,False,False,48.49969519765352,40.29270300000001,39.49688888888889,Evan,10,1.097,1.119,1.119,False
9,DK Metcalf,WR,32.0,1.110501069698923,1.0,no distinct scarcity signal exists in compute_willingness today -- position_fit_multiplier (position_targets) is the closest analog,1.0,1.488888888888889,1.0,False,False,38.35377777777778,29.145238222222233,30.145238222222233,Brandon,7,0.942,1.199,0.911,False
9,James Cook,RB,71.0,1.113998935748085,1.0,no distinct scarcity signal exists in compute_willingness today -- position_fit_multiplier (position_targets) is the closest analog,1.0,1.4833333333333334,1.0,False,False,87.52338626393909,54.38616421893473,30.036487333333344,Brandon,9,0.423,0.45,0.766,False
9,Davante Adams,WR,49.0,0.5,1.0,no distinct scarcity signal exists in compute_willingness today -- position_fit_multiplier (position_targets) is the closest analog,1.0,1.4777777777777779,1.0,True,True,40.6117148985455,37.68333333333334,26.851555555555557,Shane,10,0.548,0.769,0.769,False
9,DJ Moore,WR,48.0,1.1375207083376795,1.0,no distinct scarcity signal exists in compute_willingness today -- position_fit_multiplier (position_targets) is the closest analog,1.6,1.4666666666666668,1.0,False,False,51.41406136233117,28.34773333333334,26.97833333333334,Sam,10,0.562,0.591,0.591,False
10,Jaylen Waddle,WR,64.0,0.9670431280817817,1.0,no distinct scarcity signal exists in compute_willingness today -- position_fit_multiplier (position_targets) is the closest analog,1.2,1.6,1.0,True,True,160.0,160.0,160.0,Brandon,12,2.5,2.5,2.5,True
10,Bhayshul Tuten,RB,95.0,1.0248700430090443,1.0,no distinct scarcity signal exists in compute_willingness today -- position_fit_multiplier (position_targets) is the closest analog,1.6,1.5944444444444446,1.0,True,True,237.5,237.5,215.5218888888889,Brad,12,2.269,2.5,2.5,True
10,Jaylen Warren,RB,83.0,0.9003282760076464,1.3,no distinct scarcity signal exists in compute_willingness today -- position_fit_multiplier (position_targets) is the closest analog,1.25,1.588888888888889,1.0,True,True,207.5,207.5,202.0,Sam,12,2.434,2.5,2.5,True
10,Jordan Mason,RB,63.0,0.9502065233185999,1.3,no distinct scarcity signal exists in compute_willingness today -- position_fit_multiplier (position_targets) is the closest analog,1.25,1.5833333333333333,1.0,True,True,157.5,95.93100000000001,98.16600000000001,Jason,12,1.558,2.5,1.523,True
10,Bucky Irving,RB,102.0,1.1520845199696996,1.0,no distinct scarcity signal exists in compute_willingness today -- position_fit_multiplier (position_targets) is the closest analog,1.0,1.0,1.0,False,False,170.6147312085659,141.8566579797437,104.83,CJ,12,1.028,1.152,1.391,False
10,RJ Harvey,RB,71.0,0.9117847108758016,1.3,no distinct scarcity signal exists in compute_willingness today -- position_fit_multiplier (position_targets) is the closest analog,1.25,1.5722222222222222,1.0,True,True,169.89315416666665,95.25780000000002,96.25780000000002,Jason,12,1.356,2.393,1.342,True
10,Josh Jacobs,RB,126.0,0.8298268700564466,1.0,no distinct scarcity signal exists in compute_willingness today -- position_fit_multiplier (position_targets) is the closest analog,1.0,1.0,1.0,False,False,143.6604893041645,104.55818562711228,87.292,CJ,12,0.693,0.83,0.83,False
10,James Cook,RB,71.0,1.1321641978653934,1.0,no distinct scarcity signal exists in compute_willingness today -- position_fit_multiplier (position_targets) is the closest analog,1.1,1.5611111111111111,1.0,False,False,94.58460000000001,93.04740184406867,80.98821111111113,Shane,12,1.141,1.332,1.311,False
10,Zach Charbonnet,RB,36.0,1.1278881898591888,1.0,no distinct scarcity signal exists in compute_willingness today -- position_fit_multiplier (position_targets) is the closest analog,1.1,1.5555555555555556,1.0,False,False,72.34066513348611,69.47791249532604,65.93384701505401,Travis,12,1.831,1.93,1.93,False
10,Tony Pollard,RB,75.0,0.9945945404151143,1.0,no distinct scarcity signal exists in compute_willingness today -- position_fit_multiplier (position_targets) is the closest analog,1.0,1.5499999999999998,1.0,False,False,102.27912920145327,72.199,69.50999999999999,Coby,11,0.927,0.963,0.963,False
10,JK Dobbins,RB,34.0,1.1268243613220932,1.0,no distinct scarcity signal exists in compute_willingness today -- position_fit_multiplier (position_targets) is the closest analog,1.1,1.5444444444444443,1.0,False,False,65.08787916410037,55.87238628044175,56.0754070842158,Reid,10,1.649,1.914,1.643,False
10,Tee Higgins,WR,60.0,1.026429622090608,1.0,no distinct scarcity signal exists in compute_willingness today -- position_fit_multiplier (position_targets) is the closest analog,1.1,1.5388888888888888,1.0,False,False,150.0,117.64212594793536,63.99904405555555,Shane,11,1.067,1.166,1.961,False
10,Kenny Gainwell,RB,64.0,0.9935026246233628,1.0,no distinct scarcity signal exists in compute_willingness today -- position_fit_multiplier (position_targets) is the closest analog,1.0,1.5333333333333332,1.0,False,False,125.28162737229356,63.756,62.24945886315134,James,11,0.973,0.996,0.996,False
10,DK Metcalf,WR,32.0,1.0001677777641962,1.0,no distinct scarcity signal exists in compute_willingness today -- position_fit_multiplier (position_targets) is the closest analog,1.1,1.5277777777777777,1.0,False,False,53.78680049309678,51.25511089514865,53.78680049309678,Coby,11,1.681,1.681,1.602,False
10,Jonathon Brooks,RB,78.0,1.1012529895682535,1.0,no distinct scarcity signal exists in compute_willingness today -- position_fit_multiplier (position_targets) is the closest analog,1.0,1.0,1.0,False,False,114.83388333500997,85.89773318632378,54.76996444444445,CJ,11,0.702,1.101,1.101,False
10,Deebo Samuel,WR,48.0,0.9154309483295998,1.0,no distinct scarcity signal exists in compute_willingness today -- position_fit_multiplier (position_targets) is the closest analog,1.1,1.5166666666666666,1.0,False,False,110.3400716953554,69.248872660959,56.56966666666667,Reid,11,1.179,1.205,1.443,False
10,Chuba Hubbard,RB,65.0,1.0142287082363874,1.0,no distinct scarcity signal exists in compute_willingness today -- position_fit_multiplier (position_targets) is the closest analog,1.0,1.511111111111111,1.0,False,False,85.60048621849795,54.369777777777784,51.88198222222222,Ryan J,11,0.798,0.836,0.836,False
10,Rashee Rice,WR,72.0,0.9621120639202201,1.0,no distinct scarcity signal exists in compute_willingness today -- position_fit_multiplier (position_targets) is the closest analog,1.0,1.5055555555555555,1.0,False,False,141.98778442433604,139.7021326475623,50.48008333333333,Travis,11,0.701,0.704,1.94,False
10,Jacory Croskey-Merritt,RB,59.0,0.9269385501350987,1.0,no distinct scarcity signal exists in compute_willingness today -- position_fit_multiplier (position_targets) is the closest analog,1.1,1.5,1.0,False,False,120.4210826051365,65.16680251038092,50.212305,Shane,12,0.851,0.851,1.105,False
10,Austin Ekeler,RB,31.0,0.9689502450943078,1.0,no distinct scarcity signal exists in compute_willingness today -- position_fit_multiplier (position_targets) is the closest analog,1.0,1.4944444444444445,1.0,False,False,44.889311632452404,42.915662222222224,44.889311632452404,James,11,1.448,1.448,1.384,False
10,Bill Croskey-Merritt,RB,42.0,1.0067539040704394,1.0,no distinct scarcity signal exists in compute_willingness today -- position_fit_multiplier (position_targets) is the closest analog,1.0,1.488888888888889,1.0,False,False,92.84842217801143,54.06818632385866,42.75612444444445,Ryan J,12,1.018,1.018,1.287,False
10,Rachaad White,RB,59.0,1.0253392438390756,1.0,no distinct scarcity signal exists in compute_willingness today -- position_fit_multiplier (position_targets) is the closest analog,1.0,1.4833333333333334,1.0,False,False,105.07760555316774,61.05886577636176,38.54058666666667,James,11,0.653,0.668,1.035,False
10,DJ Moore,WR,48.0,0.966944251798699,1.0,no distinct scarcity signal exists in compute_willingness today -- position_fit_multiplier (position_targets) is the closest analog,1.1,1.4777777777777779,1.0,False,False,114.04662769722567,49.863478333913434,41.0,Coby,11,0.854,0.868,1.039,False
10,Aaron Jones Sr,RB,59.0,0.9735071959937704,1.0,no distinct scarcity signal exists in compute_willingness today -- position_fit_multiplier (position_targets) is the closest analog,1.0,1.4722222222222223,1.0,False,False,82.10854217565856,63.702472060632914,37.235777777777784,Evan,11,0.631,0.643,1.08,False
11,Jaylen Warren,RB,83.0,1.0602776833533447,1.0,no distinct scarcity signal exists in compute_willingness today -- position_fit_multiplier (position_targets) is the closest analog,1.15,1.6,1.0,True,True,207.5,207.5,207.5,Shane,12,2.5,2.5,2.5,True
11,Tee Higgins,WR,60.0,0.7005462858547008,1.0,no distinct scarcity signal exists in compute_willingness today -- position_fit_multiplier (position_targets) is the closest analog,1.2,1.5944444444444446,1.0,True,True,150.0,150.0,150.0,Travis,12,2.5,2.5,2.5,True
11,Bhayshul Tuten,RB,95.0,1.034765059851551,1.3,no distinct scarcity signal exists in compute_willingness today -- position_fit_multiplier (position_targets) is the closest analog,1.25,1.588888888888889,1.0,True,True,237.5,237.5,237.5,James,12,2.5,2.5,2.5,True
11,Jordan Mason,RB,63.0,1.0316168144315887,1.0,no distinct scarcity signal exists in compute_willingness today -- position_fit_multiplier (position_targets) is the closest analog,1.3,1.5833333333333333,1.0,True,True,157.5,157.5,157.5,Reid,12,2.5,2.5,2.5,True
11,Bill Croskey-Merritt,RB,42.0,1.128704669856749,1.0,no distinct scarcity signal exists in compute_willingness today -- position_fit_multiplier (position_targets) is the closest analog,1.2,1.5777777777777777,1.0,True,True,105.0,105.0,105.0,Travis,12,2.5,2.5,2.5,True
11,Bucky Irving,RB,102.0,0.9766867922039543,1.3,no distinct scarcity signal exists in compute_willingness today -- position_fit_multiplier (position_targets) is the closest analog,1.0,1.5722222222222222,1.0,True,True,255.0,225.6453333333333,177.0,Ryan J,11,1.735,2.5,2.212,False
11,Jonathon Brooks,RB,78.0,0.9981759142350901,1.3,no distinct scarcity signal exists in compute_willingness today -- position_fit_multiplier (position_targets) is the closest analog,1.0,1.5666666666666667,1.0,True,True,195.0,164.30653920410828,164.0,Evan,11,2.103,2.5,2.106,False
11,Josh Jacobs,RB,126.0,0.9817723116375894,1.0,no distinct scarcity signal exists in compute_willingness today -- position_fit_multiplier (position_targets) is the closest analog,1.0,1.5555555555555556,1.0,True,True,275.80860468146733,272.27160060341987,103.29333333333334,Jason,11,0.82,1.527,2.161,False
11,James Cook,RB,71.0,0.9352912359775801,0.4,no distinct scarcity signal exists in compute_willingness today -- position_fit_multiplier (position_targets) is the closest analog,1.25,1.5499999999999998,1.0,True,True,177.5,177.5,98.0,Coby,11,1.38,1.795,2.5,True
11,RJ Harvey,RB,71.0,1.0022067589713919,1.0,no distinct scarcity signal exists in compute_willingness today -- position_fit_multiplier (position_targets) is the closest analog,1.3,1.5444444444444443,1.0,True,True,177.5,177.5,81.85243333333332,Reid,11,1.153,2.5,2.5,True
11,Rashee Rice,WR,72.0,1.0421210644278298,1.3,no distinct scarcity signal exists in compute_willingness today -- position_fit_multiplier (position_targets) is the closest analog,1.0,1.5388888888888888,1.0,True,True,180.0,147.5553553721491,74.51272222222222,Coby,11,1.035,2.5,2.049,False
11,Rachaad White,RB,59.0,1.1354364441218916,1.0,no distinct scarcity signal exists in compute_willingness today -- position_fit_multiplier (position_targets) is the closest analog,1.0,1.5333333333333332,1.0,False,False,125.81631378248508,112.26486461266356,73.0,Brad,11,1.237,1.241,1.903,False
11,Kenny Gainwell,RB,64.0,1.0541902225282067,1.3,no distinct scarcity signal exists in compute_willingness today -- position_fit_multiplier (position_targets) is the closest analog,1.0,1.5277777777777777,1.0,True,True,133.99929050802984,132.00831202006015,58.918055555555554,Ryan J,12,0.921,2.094,2.063,False
11,Jaylen Waddle,WR,64.0,1.0462291116492661,1.0,no distinct scarcity signal exists in compute_willingness today -- position_fit_multiplier (position_targets) is the closest analog,1.1,1.5222222222222221,1.0,False,False,129.50286824316782,127.85707391133157,60.208355555555556,Sam,10,0.941,0.992,1.998,False
11,Deebo Samuel,WR,48.0,1.040274003732474,1.0,no distinct scarcity signal exists in compute_willingness today -- position_fit_multiplier (position_targets) is the closest analog,1.1,1.5166666666666666,1.0,False,False,120.0,100.33475716650128,56.390683333333335,Brad,11,1.175,1.229,2.09,False
11,Tony Pollard,RB,75.0,1.0755853096815176,1.0,no distinct scarcity signal exists in compute_willingness today -- position_fit_multiplier (position_targets) is the closest analog,1.0,1.511111111111111,1.0,False,False,173.72331923220372,124.14930814218077,52.818942222222226,CJ,10,0.704,0.745,1.655,False
11,DJ Moore,WR,48.0,1.080366555938006,1.3,no distinct scarcity signal exists in compute_willingness today -- position_fit_multiplier (position_targets) is the closest analog,1.25,1.5055555555555555,1.0,True,True,120.0,99.65592297635041,52.5,James,10,1.094,2.5,2.076,True
11,Zach Charbonnet,RB,36.0,1.103622383313502,1.0,no distinct scarcity signal exists in compute_willingness today -- position_fit_multiplier (position_targets) is the closest analog,1.1,1.5,1.0,False,False,84.66881173477452,69.65514225442921,46.0,Brandon,10,1.278,1.426,1.935,False
11,DeVonta Smith,WR,71.0,0.9990028479411499,1.0,no distinct scarcity signal exists in compute_willingness today -- position_fit_multiplier (position_targets) is the closest analog,1.0,1.4944444444444445,1.0,False,False,109.37232943553367,44.18354888888889,42.0,CJ,9,0.592,0.622,0.622,False
11,Josh Downs,WR,30.0,0.8517156855632118,1.3,no distinct scarcity signal exists in compute_willingness today -- position_fit_multiplier (position_targets) is the closest analog,1.25,1.488888888888889,1.0,False,False,49.109883333333336,45.32435355555556,46.32435355555556,Coby,9,1.544,1.637,1.511,False
11,Jacory Croskey-Merritt,RB,59.0,1.043490053145138,1.0,no distinct scarcity signal exists in compute_willingness today -- position_fit_multiplier (position_targets) is the closest analog,1.1,1.4833333333333334,1.0,False,False,142.33372222356257,96.42742455734282,43.054087166666676,Sam,9,0.73,0.765,1.634,False
11,Aaron Jones Sr,RB,59.0,1.0374060228609485,1.0,no distinct scarcity signal exists in compute_willingness today -- position_fit_multiplier (position_targets) is the closest analog,1.0,1.4777777777777779,1.0,False,False,115.16933710407571,92.6975328133816,37.0813488888889,Brad,10,0.628,0.646,1.571,False
11,DK Metcalf,WR,32.0,0.991462041692717,1.0,no distinct scarcity signal exists in compute_willingness today -- position_fit_multiplier (position_targets) is the closest analog,1.6,1.4722222222222223,1.0,False,False,39.84092444444445,37.71686111111112,38.71686111111112,Jason,9,1.21,1.245,1.179,False
11,Chuba Hubbard,RB,65.0,1.0347948954083594,1.0,no distinct scarcity signal exists in compute_willingness today -- position_fit_multiplier (position_targets) is the closest analog,1.0,1.4666666666666668,1.0,False,False,130.6547864646695,105.02865087158837,34.73829333333334,CJ,9,0.534,0.534,1.616,False
12,James Cook,RB,71.0,0.8957184435987776,1.0,no distinct scarcity signal exists in compute_willingness today -- position_fit_multiplier (position_targets) is the closest analog,1.15,1.6,1.0,True,True,177.5,177.5,177.5,Sam,12,2.5,2.5,2.5,True
12,Jaylen Waddle,WR,64.0,0.9696202545036914,1.0,no distinct scarcity signal exists in compute_willingness today -- position_fit_multiplier (position_targets) is the closest analog,1.2,1.5944444444444446,1.0,True,True,160.0,160.0,160.0,Coby,12,2.5,2.5,2.5,True
12,Jaylen Warren,RB,83.0,0.8935690861706496,1.0,no distinct scarcity signal exists in compute_willingness today -- position_fit_multiplier (position_targets) is the closest analog,1.2,1.588888888888889,1.0,True,True,207.5,207.5,207.5,CJ,12,2.5,2.5,2.5,True
12,Bucky Irving,RB,102.0,0.9394547990649565,1.3,no distinct scarcity signal exists in compute_willingness today -- position_fit_multiplier (position_targets) is the closest analog,1.0,1.5833333333333333,1.0,True,True,255.0,255.0,255.0,Brad,11,2.5,2.5,2.5,False
12,Josh Jacobs,RB,126.0,0.9655597333579437,1.3,no distinct scarcity signal exists in compute_willingness today -- position_fit_multiplier (position_targets) is the closest analog,1.0,1.5777777777777777,1.0,True,True,315.0,297.6252748516692,178.0,Shane,11,1.413,2.5,2.362,False
12,Tee Higgins,WR,60.0,0.9955042289193892,1.0,no distinct scarcity signal exists in compute_willingness today -- position_fit_multiplier (position_targets) is the closest analog,1.3,1.5722222222222222,1.0,True,True,150.0,150.0,150.0,Evan,11,2.5,2.5,2.5,True
12,Bhayshul Tuten,RB,95.0,1.0593874468097906,0.4,no distinct scarcity signal exists in compute_willingness today -- position_fit_multiplier (position_targets) is the closest analog,1.25,1.5666666666666667,1.0,True,True,237.5,237.5,108.0,Ryan J,11,1.137,1.271,2.5,True
12,DJ Moore,WR,48.0,1.11509461808362,1.3,no distinct scarcity signal exists in compute_willingness today -- position_fit_multiplier (position_targets) is the closest analog,1.25,1.5611111111111111,1.0,True,True,120.0,120.0,120.0,Shane,11,2.5,2.5,2.5,True
12,Jordan Mason,RB,63.0,1.232853594732111,1.0,no distinct scarcity signal exists in compute_willingness today -- position_fit_multiplier (position_targets) is the closest analog,1.2,1.5555555555555556,1.0,True,True,157.5,157.5,86.94733285020136,Coby,12,1.38,2.5,2.5,True
12,Jacory Croskey-Merritt,RB,59.0,1.0920703489884078,1.0,no distinct scarcity signal exists in compute_willingness today -- position_fit_multiplier (position_targets) is the closest analog,1.1,1.5499999999999998,1.0,False,False,147.5,118.03583429540858,76.361,James,10,1.294,1.459,2.001,False
12,RJ Harvey,RB,71.0,1.1130300262236896,1.0,no distinct scarcity signal exists in compute_willingness today -- position_fit_multiplier (position_targets) is the closest analog,1.0,1.0,1.0,False,False,177.5,148.95470031142304,75.72328355555555,Brandon,11,1.067,1.113,2.098,False
12,Tony Pollard,RB,75.0,1.1007043669955552,1.0,no distinct scarcity signal exists in compute_willingness today -- position_fit_multiplier (position_targets) is the closest analog,1.0,1.0,1.0,False,False,155.12849119278556,149.3034491681894,81.72187555555556,Brandon,10,1.09,1.101,1.991,False
12,DeVonta Smith,WR,71.0,0.9671987138401669,1.3,no distinct scarcity signal exists in compute_willingness today -- position_fit_multiplier (position_targets) is the closest analog,1.0,1.5333333333333332,1.0,True,True,177.5,85.37021583880593,72.51525650605363,Ryan J,10,1.021,2.5,1.202,False
12,Austin Ekeler,RB,31.0,1.1862675386755082,1.0,no distinct scarcity signal exists in compute_willingness today -- position_fit_multiplier (position_targets) is the closest analog,1.1,1.5277777777777777,1.0,False,False,61.80124357738654,56.29357894907986,57.13605684081961,Reid,12,1.843,1.994,1.816,False
12,Jonathon Brooks,RB,78.0,0.952578663563412,1.0,no distinct scarcity signal exists in compute_willingness today -- position_fit_multiplier (position_targets) is the closest analog,1.0,1.0,1.0,False,False,157.2221583501011,138.78383673015054,57.313564444444445,Travis,11,0.735,0.953,1.779,False
12,Zach Charbonnet,RB,36.0,0.9696253022125325,1.0,no distinct scarcity signal exists in compute_willingness today -- position_fit_multiplier (position_targets) is the closest analog,1.1,1.5166666666666666,1.0,False,False,90.0,77.1225,58.23569565088471,Jason,12,1.618,1.618,2.142,False
12,JK Dobbins,RB,34.0,0.9904729282734586,1.0,no distinct scarcity signal exists in compute_willingness today -- position_fit_multiplier (position_targets) is the closest analog,1.1,1.5,1.0,False,False,85.0,76.275,49.98133,Reid,10,1.47,1.634,2.243,False
12,Terry McLaurin,WR,57.0,1.1179111454226784,1.0,no distinct scarcity signal exists in compute_willingness today -- position_fit_multiplier (position_targets) is the closest analog,1.0,1.0,1.0,False,False,131.20374412912412,92.51984661885119,56.716728888888895,Travis,10,0.995,1.118,1.623,False
12,DK Metcalf,WR,32.0,0.9747836598774121,1.0,no distinct scarcity signal exists in compute_willingness today -- position_fit_multiplier (position_targets) is the closest analog,1.1,1.488888888888889,1.0,False,False,51.08732852121975,42.565189333333336,43.565189333333336,James,9,1.361,1.596,1.33,False
12,Deebo Samuel,WR,48.0,1.2205491144210359,1.0,no distinct scarcity signal exists in compute_willingness today -- position_fit_multiplier (position_targets) is the closest analog,1.2,1.4833333333333334,1.0,True,True,109.30609188444052,104.2837163361333,49.5,CJ,11,1.031,2.173,2.173,True
12,Chuba Hubbard,RB,65.0,0.8978673009654285,1.0,no distinct scarcity signal exists in compute_willingness today -- position_fit_multiplier (position_targets) is the closest analog,1.0,1.0,1.0,False,False,145.4057446823638,101.63141848885873,45.40685333333334,Travis,11,0.699,0.898,1.564,False
12,Rashee Rice,WR,72.0,1.1124452848072663,1.0,no distinct scarcity signal exists in compute_willingness today -- position_fit_multiplier (position_targets) is the closest analog,1.0,1.0,1.0,False,False,112.3247228297101,80.09606050612318,45.31668611111112,Travis,10,0.629,1.112,1.112,False
12,Davante Adams,WR,49.0,0.9705712908966622,1.0,no distinct scarcity signal exists in compute_willingness today -- position_fit_multiplier (position_targets) is the closest analog,1.0,1.0,1.0,False,False,70.12153714691544,50.11678993702074,45.14945333333334,Travis,10,0.921,0.971,1.023,False
12,Kenny Gainwell,RB,64.0,0.9281591439183838,1.0,no distinct scarcity signal exists in compute_willingness today -- position_fit_multiplier (position_targets) is the closest analog,1.0,1.461111111111111,1.0,False,False,119.10199319568392,89.87237080705047,38.97369333333333,James,10,0.609,0.687,1.404,False
13,James Cook,RB,71.0,0.7964572689099754,1.0,no distinct scarcity signal exists in compute_willingness today -- position_fit_multiplier (position_targets) is the closest analog,1.2,1.6,1.0,True,True,177.5,177.5,177.5,Jason,12,2.5,2.5,2.5,True
13,Jaylen Warren,RB,83.0,0.9665833922781948,1.0,no distinct scarcity signal exists in compute_willingness today -- position_fit_multiplier (position_targets) is the closest analog,1.3,1.5944444444444446,1.0,True,True,207.5,207.5,207.5,Sam,12,2.5,2.5,2.5,True
13,Jordan Mason,RB,63.0,0.8860179850051454,1.0,no distinct scarcity signal exists in compute_willingness today -- position_fit_multiplier (position_targets) is the closest analog,1.3,1.588888888888889,1.0,True,True,157.5,157.5,157.5,Evan,11,2.5,2.5,2.5,True
13,Bhayshul Tuten,RB,95.0,1.3954889031532431,1.0,no distinct scarcity signal exists in compute_willingness today -- position_fit_multiplier (position_targets) is the closest analog,1.2,1.5833333333333333,1.0,True,True,237.5,237.5,237.5,Travis,11,2.5,2.5,2.5,True
13,DJ Moore,WR,48.0,0.5,1.0,no distinct scarcity signal exists in compute_willingness today -- position_fit_multiplier (position_targets) is the closest analog,1.2,1.5777777777777777,1.0,True,True,120.0,113.35584513535035,76.31466666666667,Brad,11,1.59,2.5,2.362,True
13,Jacory Croskey-Merritt,RB,59.0,0.6948109019996573,1.0,no distinct scarcity signal exists in compute_willingness today -- position_fit_multiplier (position_targets) is the closest analog,1.2,1.5722222222222222,1.0,True,True,147.5,119.21485371040718,76.5594277777778,Brad,11,1.298,2.5,2.021,True
13,Deebo Samuel,WR,48.0,1.0801719446121782,1.0,no distinct scarcity signal exists in compute_willingness today -- position_fit_multiplier (position_targets) is the closest analog,1.1,1.5666666666666667,1.0,False,False,96.66632871522276,92.22297267283295,69.60601051963269,Ryan J,11,1.45,1.569,1.921,False
13,Bill Croskey-Merritt,RB,42.0,1.0775970661426677,1.0,no distinct scarcity signal exists in compute_willingness today -- position_fit_multiplier (position_targets) is the closest analog,1.0,1.5611111111111111,1.0,False,False,91.40451545659505,82.02607204549857,63.34437634436872,Shane,11,1.508,1.682,1.953,False
13,Josh Jacobs,RB,126.0,1.062619839071078,1.0,no distinct scarcity signal exists in compute_willingness today -- position_fit_multiplier (position_targets) is the closest analog,1.0,1.0,1.0,False,False,276.27406685153863,268.42767900921103,65.449,Reid,11,0.519,1.063,2.13,False
13,Kenny Gainwell,RB,64.0,1.1464534443013596,1.0,no distinct scarcity signal exists in compute_willingness today -- position_fit_multiplier (position_targets) is the closest analog,1.0,1.0,1.0,False,False,109.88777793494489,106.04184370589284,65.218,Reid,11,1.019,1.146,1.657,False
13,Tee Higgins,WR,60.0,1.0508378172623332,1.0,no distinct scarcity signal exists in compute_willingness today -- position_fit_multiplier (position_targets) is the closest analog,1.0,1.5388888888888888,1.0,False,False,126.85160295904255,124.05245986955794,63.987,James,11,1.066,1.066,2.068,False
13,Bucky Irving,RB,102.0,0.8791659932980845,1.0,no distinct scarcity signal exists in compute_willingness today -- position_fit_multiplier (position_targets) is the closest analog,1.0,1.0,1.0,False,False,173.05466797844818,172.83959722874968,59.81866666666667,Reid,11,0.586,0.879,1.695,False
13,Jaylen Waddle,WR,64.0,1.0648484292814284,1.0,no distinct scarcity signal exists in compute_willingness today -- position_fit_multiplier (position_targets) is the closest analog,1.0,1.0,1.0,False,False,144.1690690212662,132.3301850694969,59.60555555555556,Reid,12,0.931,1.065,2.068,False
13,RJ Harvey,RB,71.0,0.9877990516963265,1.0,no distinct scarcity signal exists in compute_willingness today -- position_fit_multiplier (position_targets) is the closest analog,1.0,1.5222222222222221,1.0,False,False,176.89275582603378,140.32712462195383,57.0,Coby,10,0.803,0.822,1.976,False
13,Austin Ekeler,RB,31.0,0.9831908593855121,1.0,no distinct scarcity signal exists in compute_willingness today -- position_fit_multiplier (position_targets) is the closest analog,1.1,1.5166666666666666,1.0,False,False,50.84899259598638,48.663155798640815,49.663155798640815,Ryan J,9,1.602,1.64,1.57,False
13,Tony Pollard,RB,75.0,1.0072408677196423,1.0,no distinct scarcity signal exists in compute_willingness today -- position_fit_multiplier (position_targets) is the closest analog,1.0,1.511111111111111,1.0,False,False,127.12264650610297,125.62501966698736,55.63911111111111,CJ,10,0.742,0.742,1.675,False
13,Rashee Rice,WR,72.0,0.9198437465666651,1.0,no distinct scarcity signal exists in compute_willingness today -- position_fit_multiplier (position_targets) is the closest analog,1.0,1.5055555555555555,1.0,False,False,143.79918662024073,126.29792859589686,49.738777777777784,Shane,10,0.691,0.763,1.754,False
13,Chuba Hubbard,RB,65.0,0.9167502899140019,1.0,no distinct scarcity signal exists in compute_willingness today -- position_fit_multiplier (position_targets) is the closest analog,1.0,1.5,1.0,False,False,127.67170175075088,107.83240945347926,46.2932,James,10,0.712,0.753,1.659,False
13,Josh Allen,QB,40.0,1.0507043170496841,1.0,no distinct scarcity signal exists in compute_willingness today -- position_fit_multiplier (position_targets) is the closest analog,1.0,1.4944444444444445,1.0,False,False,56.01673941900829,49.18679014838935,44.38432000000001,Coby,10,1.11,1.135,1.23,False
13,DeVonta Smith,WR,71.0,1.0141837104945979,1.0,no distinct scarcity signal exists in compute_willingness today -- position_fit_multiplier (position_targets) is the closest analog,1.0,1.4833333333333334,1.0,False,False,94.12181374899825,89.54374127327384,43.473558333333344,Shane,10,0.612,0.617,1.261,False
13,DK Metcalf,WR,32.0,1.3272644711986705,1.0,no distinct scarcity signal exists in compute_willingness today -- position_fit_multiplier (position_targets) is the closest analog,1.2,1.4777777777777779,1.0,False,False,45.44344,42.90048000000001,43.90048000000001,Brad,9,1.372,1.42,1.341,False
13,Rachaad White,RB,59.0,1.0228386626394328,1.0,no distinct scarcity signal exists in compute_willingness today -- position_fit_multiplier (position_targets) is the closest analog,1.0,1.4722222222222223,1.0,False,False,135.11191570439348,100.38133294667902,38.578900000000004,CJ,11,0.654,0.724,1.701,False
13,Davante Adams,WR,49.0,1.0435484033249627,1.0,no distinct scarcity signal exists in compute_willingness today -- position_fit_multiplier (position_targets) is the closest analog,1.0,1.4666666666666668,1.0,False,False,71.56413468605801,71.4410521162013,38.33984000000001,James,10,0.782,0.782,1.458,False
13,Terry McLaurin,WR,57.0,0.9422638798022187,1.0,no distinct scarcity signal exists in compute_willingness today -- position_fit_multiplier (position_targets) is the closest analog,1.0,1.461111111111111,1.0,False,False,92.46114833660936,88.65761099996263,35.351953333333334,Brandon,11,0.62,0.66,1.555,False
14,Jaylen Waddle,WR,64.0,1.110585744883956,1.0,no distinct scarcity signal exists in compute_willingness today -- position_fit_multiplier (position_targets) is the closest analog,1.15,1.6,1.0,True,True,160.0,160.0,160.0,Coby,12,2.5,2.5,2.5,True
14,Jacory Croskey-Merritt,RB,59.0,0.9709712173119359,1.0,no distinct scarcity signal exists in compute_willingness today -- position_fit_multiplier (position_targets) is the closest analog,1.15,1.5944444444444446,1.0,True,True,147.5,147.5,147.5,Ryan J,12,2.5,2.5,2.5,True
14,Josh Jacobs,RB,126.0,1.0372928487050426,1.3,no distinct scarcity signal exists in compute_willingness today -- position_fit_multiplier (position_targets) is the closest analog,1.0,1.588888888888889,1.0,True,True,315.0,263.12,236.95000000000002,Travis,12,1.881,2.5,2.088,False
14,James Cook,RB,71.0,1.0757884663850472,1.0,no distinct scarcity signal exists in compute_willingness today -- position_fit_multiplier (position_targets) is the closest analog,1.6,1.5833333333333333,1.0,True,True,177.5,177.5,177.5,James,12,2.5,2.5,2.5,True
14,Bhayshul Tuten,RB,95.0,1.085405134476062,1.0,no distinct scarcity signal exists in compute_willingness today -- position_fit_multiplier (position_targets) is the closest analog,1.15,1.5777777777777777,1.0,True,True,237.5,237.5,177.0,Jason,12,1.863,2.5,2.5,True
14,Deebo Samuel,WR,48.0,0.9958444080758085,1.3,no distinct scarcity signal exists in compute_willingness today -- position_fit_multiplier (position_targets) is the closest analog,1.25,1.5722222222222222,1.0,True,True,120.0,120.0,120.0,CJ,12,2.5,2.5,2.5,True
14,RJ Harvey,RB,71.0,0.9583434564067819,1.0,no distinct scarcity signal exists in compute_willingness today -- position_fit_multiplier (position_targets) is the closest analog,1.3,1.5666666666666667,1.0,True,True,177.5,177.5,138.0,Evan,11,1.944,2.5,2.5,True
14,Jaylen Warren,RB,83.0,1.0203945195199216,1.3,no distinct scarcity signal exists in compute_willingness today -- position_fit_multiplier (position_targets) is the closest analog,1.25,1.5611111111111111,1.0,True,True,207.5,207.5,105.43833333333332,CJ,12,1.27,2.5,2.5,True
14,Jordan Mason,RB,63.0,1.0435114207979266,0.4,no distinct scarcity signal exists in compute_willingness today -- position_fit_multiplier (position_targets) is the closest analog,1.25,1.5555555555555556,1.0,True,True,136.39639488690167,105.31179658667072,96.0,Sam,12,1.524,1.652,1.672,True
14,Bucky Irving,RB,102.0,0.919433588284421,1.0,no distinct scarcity signal exists in compute_willingness today -- position_fit_multiplier (position_targets) is the closest analog,1.0,1.5499999999999998,1.0,False,False,226.344675773982,157.64786148983876,75.0435,Shane,12,0.736,0.837,1.546,False
14,Aaron Jones Sr,RB,59.0,0.9884999944151294,1.0,no distinct scarcity signal exists in compute_willingness today -- position_fit_multiplier (position_targets) is the closest analog,1.0,1.5444444444444443,1.0,False,False,123.5739923757532,96.01266981861897,67.78488888888889,Brad,12,1.149,1.25,1.627,False
14,Chuba Hubbard,RB,65.0,1.024741944027231,1.0,no distinct scarcity signal exists in compute_willingness today -- position_fit_multiplier (position_targets) is the closest analog,1.0,1.5388888888888888,1.0,False,False,140.0720070870159,90.08125949191124,57.01555555555556,Shane,11,0.877,1.002,1.386,False
14,Tee Higgins,WR,60.0,1.106594449418125,1.3,no distinct scarcity signal exists in compute_willingness today -- position_fit_multiplier (position_targets) is the closest analog,1.25,1.5333333333333332,1.0,True,True,150.0,116.32887206782607,62.137281333333334,Sam,12,1.036,2.5,1.939,True
14,Jonathon Brooks,RB,78.0,0.9677842358198936,1.0,no distinct scarcity signal exists in compute_willingness today -- position_fit_multiplier (position_targets) is the closest analog,1.0,1.5277777777777777,1.0,False,False,147.62385831292858,118.34850077138931,55.611111111111114,Reid,10,0.713,0.713,1.517,False
14,Kenny Gainwell,RB,64.0,0.8846419585112183,1.0,no distinct scarcity signal exists in compute_willingness today -- position_fit_multiplier (position_targets) is the closest analog,1.0,1.5222222222222221,1.0,False,False,118.0934477097735,105.52340373683708,50.669806666666666,Brad,12,0.792,0.862,1.649,False
14,Austin Ekeler,RB,31.0,1.0051652896088683,1.0,no distinct scarcity signal exists in compute_willingness today -- position_fit_multiplier (position_targets) is the closest analog,1.1,1.5166666666666666,1.0,False,False,51.98547350308799,46.397866666666665,47.397866666666665,Shane,11,1.529,1.677,1.497,False
14,Zach Charbonnet,RB,36.0,1.17969700825535,1.0,no distinct scarcity signal exists in compute_willingness today -- position_fit_multiplier (position_targets) is the closest analog,1.6,1.511111111111111,1.0,False,False,85.32919873565044,81.328,46.0,James,10,1.278,1.284,2.259,False
14,Bill Croskey-Merritt,RB,42.0,1.0239850986017636,1.0,no distinct scarcity signal exists in compute_willingness today -- position_fit_multiplier (position_targets) is the closest analog,1.1,1.5055555555555555,1.0,False,False,81.83467809914855,81.029,45.764146388888896,Brad,10,1.09,1.09,1.929,False
14,Tony Pollard,RB,75.0,0.9656999441406915,1.0,no distinct scarcity signal exists in compute_willingness today -- position_fit_multiplier (position_targets) is the closest analog,1.0,1.5,1.0,False,False,116.98624899961257,108.58512940068829,40.0,Reid,11,0.533,0.572,1.448,False
14,Rachaad White,RB,59.0,0.9977435266129818,1.0,no distinct scarcity signal exists in compute_willingness today -- position_fit_multiplier (position_targets) is the closest analog,1.0,1.4944444444444445,1.0,True,True,106.5721461180818,87.97326394930353,39.0,Evan,11,0.661,1.491,1.491,False
14,DJ Moore,WR,48.0,1.0234971525931733,1.0,no distinct scarcity signal exists in compute_willingness today -- position_fit_multiplier (position_targets) is the closest analog,1.0,1.4833333333333334,1.0,False,False,94.31688946436607,39.09684273725807,35.13832333333334,Brandon,11,0.732,0.796,0.815,False
14,DeVonta Smith,WR,71.0,1.0331665137071548,1.0,no distinct scarcity signal exists in compute_willingness today -- position_fit_multiplier (position_targets) is the closest analog,1.0,1.4777777777777779,1.0,False,False,102.46880801146503,39.475200290225295,31.340243333333337,Reid,11,0.441,0.479,0.556,False
14,Josh Downs,WR,30.0,0.9346020252356296,1.0,no distinct scarcity signal exists in compute_willingness today -- position_fit_multiplier (position_targets) is the closest analog,1.1,1.4722222222222223,1.0,False,False,32.15293583333334,31.536251388888893,32.0,Brad,10,1.067,1.072,1.051,False
14,DK Metcalf,WR,32.0,1.007923924187538,1.0,no distinct scarcity signal exists in compute_willingness today -- position_fit_multiplier (position_targets) is the closest analog,1.1,1.4555555555555555,1.0,False,False,31.179237222222223,30.682383333333338,31.179237222222223,Shane,10,0.974,0.974,0.959,False
15,DJ Moore,WR,48.0,0.8445518605766665,1.0,no distinct scarcity signal exists in compute_willingness today -- position_fit_multiplier (position_targets) is the closest analog,1.15,1.6,1.0,True,True,120.0,120.0,120.0,James,12,2.5,2.5,2.5,True
15,Jaylen Waddle,WR,64.0,0.9089979389649728,1.0,no distinct scarcity signal exists in compute_willingness today -- position_fit_multiplier (position_targets) is the closest analog,1.6,1.5944444444444446,1.0,True,True,160.0,160.0,160.0,Brandon,12,2.5,2.5,2.5,True
15,Bhayshul Tuten,RB,95.0,0.6320150814545893,1.0,no distinct scarcity signal exists in compute_willingness today -- position_fit_multiplier (position_targets) is the closest analog,1.2,1.588888888888889,1.0,True,True,237.5,237.5,237.5,Brad,12,2.5,2.5,2.5,True
15,Jordan Mason,RB,63.0,0.7712658300565631,1.0,no distinct scarcity signal exists in compute_willingness today -- position_fit_multiplier (position_targets) is the closest analog,1.2,1.5833333333333333,1.0,True,True,157.5,157.5,157.5,Shane,12,2.5,2.5,2.5,True
15,Jaylen Warren,RB,83.0,0.9036575510741784,1.0,no distinct scarcity signal exists in compute_willingness today -- position_fit_multiplier (position_targets) is the closest analog,1.6,1.5777777777777777,1.0,True,True,207.5,207.5,207.5,CJ,12,2.5,2.5,2.5,True
15,Jacory Croskey-Merritt,RB,59.0,0.9894576081031459,1.0,no distinct scarcity signal exists in compute_willingness today -- position_fit_multiplier (position_targets) is the closest analog,1.2,1.5722222222222222,1.0,True,True,147.5,147.5,147.5,Shane,12,2.5,2.5,2.5,True
15,Bucky Irving,RB,102.0,1.033908848192705,1.0,no distinct scarcity signal exists in compute_willingness today -- position_fit_multiplier (position_targets) is the closest analog,1.0,1.5666666666666667,1.0,True,True,255.0,255.0,213.848,Ryan J,11,2.097,2.5,2.5,False
15,Josh Jacobs,RB,126.0,1.0634220114156838,1.0,no distinct scarcity signal exists in compute_willingness today -- position_fit_multiplier (position_targets) is the closest analog,1.0,1.5611111111111111,1.0,True,True,315.0,167.01461812131672,155.3326233213139,Reid,11,1.233,2.5,1.326,False
15,RJ Harvey,RB,71.0,1.0733652621720036,0.4,no distinct scarcity signal exists in compute_willingness today -- position_fit_multiplier (position_targets) is the closest analog,1.25,1.5555555555555556,1.0,True,True,177.5,131.1790669083723,98.67,Sam,11,1.39,1.466,1.848,True
15,Zach Charbonnet,RB,36.0,0.9919659883141869,1.0,no distinct scarcity signal exists in compute_willingness today -- position_fit_multiplier (position_targets) is the closest analog,1.3,1.5499999999999998,1.0,True,True,90.0,79.89964588737185,63.57865,Reid,11,1.766,2.5,2.219,True
15,DeVonta Smith,WR,71.0,1.0195551571823958,1.3,no distinct scarcity signal exists in compute_willingness today -- position_fit_multiplier (position_targets) is the closest analog,1.0,1.5444444444444443,1.0,True,True,149.77620666666667,131.11826791723558,76.2448888888889,Sam,10,1.074,2.11,1.847,False
15,Tee Higgins,WR,60.0,0.8582488716393638,1.0,no distinct scarcity signal exists in compute_willingness today -- position_fit_multiplier (position_targets) is the closest analog,1.1,1.5388888888888888,1.0,False,False,138.26181094896904,79.60249756072457,68.9517435158187,Travis,10,1.149,1.266,1.327,False
15,James Cook,RB,71.0,1.0691301137107476,1.0,no distinct scarcity signal exists in compute_willingness today -- position_fit_multiplier (position_targets) is the closest analog,1.0,1.0,1.0,False,False,153.49214620813103,106.89131941675791,60.92726666666667,Evan,10,0.858,1.069,1.506,False
15,Jonathon Brooks,RB,78.0,1.1128226165193134,1.0,no distinct scarcity signal exists in compute_willingness today -- position_fit_multiplier (position_targets) is the closest analog,1.0,1.0,1.0,False,False,138.54468543497285,100.95790244622891,59.60555555555556,Evan,10,0.764,1.113,1.294,False
15,Jalen Hurts,QB,18.0,1.1254377258090729,1.0,no distinct scarcity signal exists in compute_willingness today -- position_fit_multiplier (position_targets) is the closest analog,1.1,1.5222222222222221,1.0,False,False,33.92069305588546,30.676109639696197,31.676109639696197,Jason,9,1.76,1.884,1.704,False
15,Kenny Gainwell,RB,64.0,1.0436623027778527,1.0,no distinct scarcity signal exists in compute_willingness today -- position_fit_multiplier (position_targets) is the closest analog,1.0,1.5166666666666666,1.0,False,False,106.52808876825931,66.04208963116047,57.5,Coby,10,0.898,0.909,1.032,False
15,DK Metcalf,WR,32.0,0.9488283595283464,1.0,no distinct scarcity signal exists in compute_willingness today -- position_fit_multiplier (position_targets) is the closest analog,1.1,1.511111111111111,1.0,False,False,50.46923469704556,50.106691555555564,50.46923469704556,Travis,10,1.577,1.577,1.566,False
15,Tony Pollard,RB,75.0,1.1026565651958942,1.0,no distinct scarcity signal exists in compute_willingness today -- position_fit_multiplier (position_targets) is the closest analog,1.0,1.0,1.0,False,False,116.18233382515292,82.69924238969206,47.61022222222222,Evan,9,0.635,1.103,1.103,False
15,Austin Ekeler,RB,31.0,1.0064280669169805,1.0,no distinct scarcity signal exists in compute_willingness today -- position_fit_multiplier (position_targets) is the closest analog,1.1,1.5,1.0,False,False,49.73826000000001,45.79875,46.554690000000015,Jason,8,1.502,1.604,1.477,False
15,Bill Croskey-Merritt,RB,42.0,1.023021843456301,1.0,no distinct scarcity signal exists in compute_willingness today -- position_fit_multiplier (position_targets) is the closest analog,1.15,1.4944444444444445,1.0,False,False,85.70631660782618,59.958703783342976,45.629125,James,10,1.086,1.086,1.428,False
15,Deebo Samuel,WR,48.0,0.9826064551061049,1.0,no distinct scarcity signal exists in compute_willingness today -- position_fit_multiplier (position_targets) is the closest analog,1.0,1.488888888888889,1.0,False,False,91.12768136811614,78.36477575481663,42.40927400000001,Coby,10,0.884,0.94,1.633,False
15,Rashee Rice,WR,72.0,0.6144928717260817,1.0,no distinct scarcity signal exists in compute_willingness today -- position_fit_multiplier (position_targets) is the closest analog,1.0,1.4833333333333334,1.0,True,True,130.03280055227413,80.43505256952427,36.5,Brad,10,0.507,0.911,1.117,False
15,Davante Adams,WR,49.0,1.0801329016993044,1.0,no distinct scarcity signal exists in compute_willingness today -- position_fit_multiplier (position_targets) is the closest analog,1.0,1.4777777777777779,1.0,False,False,68.87593413116596,44.7877431046677,36.3217088888889,Travis,9,0.741,0.741,0.914,False
15,JK Dobbins,RB,34.0,0.9347835235665171,1.0,no distinct scarcity signal exists in compute_willingness today -- position_fit_multiplier (position_targets) is the closest analog,1.1,1.4666666666666668,1.0,False,False,72.22533993449662,37.57972448685608,35.86585200000001,Jason,9,1.055,1.055,1.105,False
16,Jaylen Warren,RB,83.0,1.117018466605158,1.0,no distinct scarcity signal exists in compute_willingness today -- position_fit_multiplier (position_targets) is the closest analog,1.15,1.6,1.0,True,True,207.5,207.5,207.5,Coby,12,2.5,2.5,2.5,True
16,Jacory Croskey-Merritt,RB,59.0,0.9727847940561296,1.0,no distinct scarcity signal exists in compute_willingness today -- position_fit_multiplier (position_targets) is the closest analog,1.15,1.5944444444444446,1.0,True,True,147.5,147.5,147.5,Reid,12,2.5,2.5,2.5,True
16,Jordan Mason,RB,63.0,0.9077880822710015,1.3,no distinct scarcity signal exists in compute_willingness today -- position_fit_multiplier (position_targets) is the closest analog,1.25,1.588888888888889,1.0,True,True,157.5,157.5,157.5,Jason,12,2.5,2.5,2.5,True
16,Deebo Samuel,WR,48.0,0.9562602241919983,1.0,no distinct scarcity signal exists in compute_willingness today -- position_fit_multiplier (position_targets) is the closest analog,1.3,1.5833333333333333,1.0,True,True,120.0,120.0,120.0,Travis,12,2.5,2.5,2.5,True
16,Bhayshul Tuten,RB,95.0,0.7837317573017653,1.3,no distinct scarcity signal exists in compute_willingness today -- position_fit_multiplier (position_targets) is the closest analog,1.25,1.5777777777777777,1.0,True,True,237.5,237.5,237.5,Brad,12,2.5,2.5,2.5,True
16,RJ Harvey,RB,71.0,0.8774821856603517,1.0,no distinct scarcity signal exists in compute_willingness today -- position_fit_multiplier (position_targets) is the closest analog,1.3,1.5722222222222222,1.0,True,True,177.5,177.5,177.5,Ryan J,12,2.5,2.5,2.5,True
16,Josh Jacobs,RB,126.0,1.0991458559635867,1.3,no distinct scarcity signal exists in compute_willingness today -- position_fit_multiplier (position_targets) is the closest analog,1.0,1.5666666666666667,1.0,True,True,315.0,315.0,250.0,Shane,12,1.984,2.5,2.5,False
16,DJ Moore,WR,48.0,0.9757034686298164,1.0,no distinct scarcity signal exists in compute_willingness today -- position_fit_multiplier (position_targets) is the closest analog,1.3,1.5611111111111111,1.0,True,True,120.0,120.0,120.0,Travis,12,2.5,2.5,2.5,True
16,Bucky Irving,RB,102.0,1.0900983523443029,1.0,no distinct scarcity signal exists in compute_willingness today -- position_fit_multiplier (position_targets) is the closest analog,1.0,1.5555555555555556,1.0,True,True,255.0,204.03090668637952,154.89939473164958,James,12,1.519,2.5,2.0,False
16,Rashee Rice,WR,72.0,0.9581411964437563,1.3,no distinct scarcity signal exists in compute_willingness today -- position_fit_multiplier (position_targets) is the closest analog,1.0,1.5499999999999998,1.0,True,True,180.0,180.0,177.5,Sam,12,2.465,2.5,2.5,False
16,Zach Charbonnet,RB,36.0,0.8479892057080136,1.0,no distinct scarcity signal exists in compute_willingness today -- position_fit_multiplier (position_targets) is the closest analog,1.6,1.5444444444444443,1.0,True,True,90.0,90.0,90.0,Evan,12,2.5,2.5,2.5,True
16,Chuba Hubbard,RB,65.0,0.7960665539837073,1.0,no distinct scarcity signal exists in compute_willingness today -- position_fit_multiplier (position_targets) is the closest analog,1.0,1.5388888888888888,1.0,True,True,162.5,133.255579657389,75.11814698626281,James,12,1.156,2.5,2.05,False
16,Bill Croskey-Merritt,RB,42.0,1.055817196498448,0.4,no distinct scarcity signal exists in compute_willingness today -- position_fit_multiplier (position_targets) is the closest analog,1.25,1.5333333333333332,1.0,True,True,105.0,105.0,73.5,Brandon,12,1.75,1.917,2.5,True
16,James Cook,RB,71.0,1.0885330725961126,1.0,no distinct scarcity signal exists in compute_willingness today -- position_fit_multiplier (position_targets) is the closest analog,1.3,1.5277777777777777,1.0,True,True,165.90722127090584,161.6565031004633,61.5,Ryan J,12,0.866,2.162,2.277,True
16,Jonathon Brooks,RB,78.0,0.9675820979053625,1.0,no distinct scarcity signal exists in compute_willingness today -- position_fit_multiplier (position_targets) is the closest analog,1.0,1.5222222222222221,1.0,True,True,185.79495468256866,165.8845891125288,56.5,James,12,0.724,1.473,2.127,False
16,DeVonta Smith,WR,71.0,1.030830098451775,1.3,no distinct scarcity signal exists in compute_willingness today -- position_fit_multiplier (position_targets) is the closest analog,1.0,1.5166666666666666,1.0,True,True,144.54525681011953,144.3041874320999,68.0,Brandon,11,0.958,2.032,2.032,False
16,Rachaad White,RB,59.0,0.9769612851931768,1.0,no distinct scarcity signal exists in compute_willingness today -- position_fit_multiplier (position_targets) is the closest analog,1.0,1.5055555555555555,1.0,False,False,114.86789581054941,111.70303262285314,45.0,CJ,11,0.763,0.943,1.893,False
16,Davante Adams,WR,49.0,0.9543171276478486,1.3,no distinct scarcity signal exists in compute_willingness today -- position_fit_multiplier (position_targets) is the closest analog,1.0,1.5,1.0,True,True,97.72659505879312,91.18500154675195,46.99000000000001,Shane,10,0.959,1.861,1.861,False
16,Tee Higgins,WR,60.0,0.9651413891313931,1.0,no distinct scarcity signal exists in compute_willingness today -- position_fit_multiplier (position_targets) is the closest analog,1.0,1.4944444444444445,1.0,False,False,148.88057797750363,123.05122183398994,45.25773351723125,CJ,11,0.754,0.764,2.051,False
16,Terry McLaurin,WR,57.0,0.9645027909339478,1.3,no distinct scarcity signal exists in compute_willingness today -- position_fit_multiplier (position_targets) is the closest analog,1.0,1.488888888888889,1.0,True,True,106.41037791443935,94.4119837355972,37.98199265234366,Sam,11,0.666,1.867,1.656,False
16,Tony Pollard,RB,75.0,0.7906641789529281,1.3,no distinct scarcity signal exists in compute_willingness today -- position_fit_multiplier (position_targets) is the closest analog,1.0,1.4833333333333334,1.0,True,True,147.0746915296565,128.6435743937464,37.0,Jason,10,0.493,1.525,1.715,False
16,Kenny Gainwell,RB,64.0,0.9916729189012903,1.3,no distinct scarcity signal exists in compute_willingness today -- position_fit_multiplier (position_targets) is the closest analog,1.0,1.4777777777777779,1.0,True,True,121.92728723771243,96.67828012023678,36.39489777777778,Brad,9,0.569,1.905,1.511,False
16,DK Metcalf,WR,32.0,1.0028855282126654,1.0,no distinct scarcity signal exists in compute_willingness today -- position_fit_multiplier (position_targets) is the closest analog,1.0,1.4722222222222223,1.0,False,False,35.80974444444445,28.570312500000004,29.570312500000004,CJ,7,0.924,1.119,0.893,False
16,Jaylen Waddle,WR,64.0,0.9692497531167529,1.0,no distinct scarcity signal exists in compute_willingness today -- position_fit_multiplier (position_targets) is the closest analog,1.0,1.4666666666666668,1.0,False,False,124.67510141374112,119.72305305649128,29.462500000000002,CJ,9,0.46,0.463,1.871,False
17,Josh Jacobs,RB,126.0,1.1061422454375829,1.3,no distinct scarcity signal exists in compute_willingness today -- position_fit_multiplier (position_targets) is the closest analog,1.0,1.6,1.0,True,True,315.0,315.0,289.0,Shane,12,2.294,2.5,2.5,False
17,Bucky Irving,RB,102.0,0.9608922649455497,1.0,no distinct scarcity signal exists in compute_willingness today -- position_fit_multiplier (position_targets) is the closest analog,1.0,1.5944444444444446,1.0,True,True,255.0,255.0,255.0,Travis,12,2.5,2.5,2.5,False
17,Jaylen Warren,RB,83.0,0.9877503348434428,1.3,no distinct scarcity signal exists in compute_willingness today -- position_fit_multiplier (position_targets) is the closest analog,1.25,1.588888888888889,1.0,True,True,207.5,207.5,207.5,James,11,2.5,2.5,2.5,True
17,Tee Higgins,WR,60.0,0.9583866850982654,1.0,no distinct scarcity signal exists in compute_willingness today -- position_fit_multiplier (position_targets) is the closest analog,1.3,1.5833333333333333,1.0,True,True,150.0,150.0,150.0,CJ,11,2.5,2.5,2.5,True
17,Bhayshul Tuten,RB,95.0,0.9669826231071381,1.0,no distinct scarcity signal exists in compute_willingness today -- position_fit_multiplier (position_targets) is the closest analog,1.6,1.5777777777777777,1.0,True,True,237.5,237.5,237.5,Brad,12,2.5,2.5,2.5,True
17,RJ Harvey,RB,71.0,1.1064946673093174,1.0,no distinct scarcity signal exists in compute_willingness today -- position_fit_multiplier (position_targets) is the closest analog,1.3,1.5722222222222222,1.0,True,True,177.5,177.5,177.5,Ryan J,11,2.5,2.5,2.5,True
17,Jaylen Waddle,WR,64.0,0.8799414038267799,1.0,no distinct scarcity signal exists in compute_willingness today -- position_fit_multiplier (position_targets) is the closest analog,1.6,1.5666666666666667,1.0,True,True,160.0,160.0,160.0,Jason,11,2.5,2.5,2.5,True
17,James Cook,RB,71.0,1.1148429491914846,1.0,no distinct scarcity signal exists in compute_willingness today -- position_fit_multiplier (position_targets) is the closest analog,1.15,1.5611111111111111,1.0,True,True,177.5,177.5,176.0,Reid,11,2.479,2.5,2.5,True
17,Chuba Hubbard,RB,65.0,1.1582635441947495,1.3,no distinct scarcity signal exists in compute_willingness today -- position_fit_multiplier (position_targets) is the closest analog,1.0,1.5555555555555556,1.0,True,True,162.5,159.60000000000002,108.0,Evan,10,1.662,2.5,2.455,False
17,Aaron Jones Sr,RB,59.0,0.9979157447383608,1.0,no distinct scarcity signal exists in compute_willingness today -- position_fit_multiplier (position_targets) is the closest analog,1.0,1.5499999999999998,1.0,True,True,147.5,116.2920800232388,83.5,CJ,10,1.415,2.5,1.971,False
17,Jordan Mason,RB,63.0,1.1604778779301443,1.3,no distinct scarcity signal exists in compute_willingness today -- position_fit_multiplier (position_targets) is the closest analog,1.25,1.5444444444444443,1.0,True,True,157.5,149.30461526567262,80.13424444444445,James,11,1.272,2.5,2.37,True
17,Jonathon Brooks,RB,78.0,0.92006535419285,1.0,no distinct scarcity signal exists in compute_willingness today -- position_fit_multiplier (position_targets) is the closest analog,1.0,1.5388888888888888,1.0,True,True,159.64831351897865,114.18455293386434,72.5,Ryan J,10,0.929,1.416,1.464,False
17,Tony Pollard,RB,75.0,1.1283419439563263,1.0,no distinct scarcity signal exists in compute_willingness today -- position_fit_multiplier (position_targets) is the closest analog,1.0,1.5333333333333332,1.0,False,False,136.08877124103645,107.49943935161731,70.0,Coby,10,0.933,0.952,1.433,False
17,DeVonta Smith,WR,71.0,1.1038366966344277,1.0,no distinct scarcity signal exists in compute_willingness today -- position_fit_multiplier (position_targets) is the closest analog,1.0,1.5277777777777777,1.0,False,False,143.79624365752812,133.25044586678624,53.0,Sam,9,0.746,0.816,1.877,False
17,Jacory Croskey-Merritt,RB,59.0,0.8999975859275349,1.3,no distinct scarcity signal exists in compute_willingness today -- position_fit_multiplier (position_targets) is the closest analog,1.25,1.5222222222222221,1.0,True,True,131.34839768288808,114.50286259342448,58.39144444444445,Evan,9,0.99,2.226,1.941,True
17,Terry McLaurin,WR,57.0,0.9705140185811303,1.0,no distinct scarcity signal exists in compute_willingness today -- position_fit_multiplier (position_targets) is the closest analog,1.0,1.5166666666666666,1.0,False,False,105.42987945693157,88.86072761294362,44.06933333333333,Coby,8,0.773,0.923,1.559,False
17,DJ Moore,WR,48.0,0.9889517993055265,1.0,no distinct scarcity signal exists in compute_willingness today -- position_fit_multiplier (position_targets) is the closest analog,1.1,1.511111111111111,1.0,False,False,117.33829617925353,91.83871568875043,47.5,Sam,9,0.99,1.001,1.913,False
17,Rachaad White,RB,59.0,0.9749305408268165,1.0,no distinct scarcity signal exists in compute_willingness today -- position_fit_multiplier (position_targets) is the closest analog,1.0,1.5055555555555555,1.0,False,False,87.69518195163559,82.86354098775607,39.0,Coby,9,0.661,0.694,1.404,False
17,DK Metcalf,WR,32.0,1.0749537047735283,1.0,no distinct scarcity signal exists in compute_willingness today -- position_fit_multiplier (position_targets) is the closest analog,1.0,1.5,1.0,False,False,38.64,34.36125000000001,35.36125000000001,Brandon,8,1.105,1.208,1.074,False
17,JK Dobbins,RB,34.0,1.077980133605281,1.0,no distinct scarcity signal exists in compute_willingness today -- position_fit_multiplier (position_targets) is the closest analog,1.1,1.4944444444444445,1.0,False,False,75.79640974457861,70.19672185213459,34.23398611111112,Sam,9,1.007,1.007,2.065,False
17,Bill Croskey-Merritt,RB,42.0,1.1053926049329075,1.0,no distinct scarcity signal exists in compute_willingness today -- position_fit_multiplier (position_targets) is the closest analog,1.1,1.488888888888889,1.0,False,False,85.09223371458648,82.48024256802687,31.983182222222222,Coby,9,0.762,0.802,1.964,False
17,Austin Ekeler,RB,31.0,1.0457791571294914,1.0,no distinct scarcity signal exists in compute_willingness today -- position_fit_multiplier (position_targets) is the closest analog,1.0,1.4833333333333334,1.0,False,False,30.867573333333333,24.673247500000006,25.484626833333337,Brandon,8,0.822,0.996,0.796,False
17,Rashee Rice,WR,72.0,1.0313199204026002,1.3,no distinct scarcity signal exists in compute_willingness today -- position_fit_multiplier (position_targets) is the closest analog,1.0,1.4777777777777779,1.0,True,True,142.6521713900877,112.09892276661549,25.5,Shane,9,0.354,1.981,1.557,False
17,Josh Downs,WR,30.0,1.0802617688782008,1.0,no distinct scarcity signal exists in compute_willingness today -- position_fit_multiplier (position_targets) is the closest analog,1.0,1.4722222222222223,1.0,False,False,25.384644444444447,24.488429166666673,25.384644444444447,Brandon,7,0.846,0.846,0.816,False
18,Jaylen Warren,RB,83.0,0.5,1.0,no distinct scarcity signal exists in compute_willingness today -- position_fit_multiplier (position_targets) is the closest analog,1.2,1.6,1.0,True,True,207.5,207.5,207.5,Sam,12,2.5,2.5,2.5,True
18,Bhayshul Tuten,RB,95.0,0.9643584502597006,1.0,no distinct scarcity signal exists in compute_willingness today -- position_fit_multiplier (position_targets) is the closest analog,1.2,1.5944444444444446,1.0,True,True,237.5,237.5,237.5,Brad,11,2.5,2.5,2.5,True
18,Bucky Irving,RB,102.0,0.9605331086748439,1.0,no distinct scarcity signal exists in compute_willingness today -- position_fit_multiplier (position_targets) is the closest analog,1.0,1.588888888888889,1.0,True,True,255.0,255.0,253.0,Shane,11,2.48,2.5,2.5,False
18,Jordan Mason,RB,63.0,0.9340444518762067,1.0,no distinct scarcity signal exists in compute_willingness today -- position_fit_multiplier (position_targets) is the closest analog,1.15,1.5833333333333333,1.0,True,True,157.5,157.5,157.5,Jason,12,2.5,2.5,2.5,True
18,Tee Higgins,WR,60.0,0.8811810241602538,1.0,no distinct scarcity signal exists in compute_willingness today -- position_fit_multiplier (position_targets) is the closest analog,1.6,1.5777777777777777,1.0,True,True,150.0,150.0,150.0,Coby,11,2.5,2.5,2.5,True
18,Jaylen Waddle,WR,64.0,0.936502017319207,1.0,no distinct scarcity signal exists in compute_willingness today -- position_fit_multiplier (position_targets) is the closest analog,1.3,1.5722222222222222,1.0,True,True,160.0,160.0,160.0,Reid,11,2.5,2.5,2.5,True
18,Zach Charbonnet,RB,36.0,0.8663648933419497,1.0,no distinct scarcity signal exists in compute_willingness today -- position_fit_multiplier (position_targets) is the closest analog,1.3,1.5666666666666667,1.0,True,True,90.0,90.0,90.0,Reid,11,2.5,2.5,2.5,True
18,Josh Jacobs,RB,126.0,0.7848433805460101,1.0,no distinct scarcity signal exists in compute_willingness today -- position_fit_multiplier (position_targets) is the closest analog,1.0,1.5611111111111111,1.0,True,True,300.90416666666664,206.66825048322096,180.0,Ryan J,11,1.429,2.388,1.64,False
18,Rashee Rice,WR,72.0,1.160722875611694,1.3,no distinct scarcity signal exists in compute_willingness today -- position_fit_multiplier (position_targets) is the closest analog,1.0,1.5555555555555556,1.0,True,True,180.0,180.0,177.0,Travis,10,2.458,2.5,2.5,False
18,RJ Harvey,RB,71.0,0.9364895119209095,1.0,no distinct scarcity signal exists in compute_willingness today -- position_fit_multiplier (position_targets) is the closest analog,1.15,1.5499999999999998,1.0,True,True,177.5,172.24226741117653,81.0,Brandon,10,1.141,2.5,2.426,True
18,Tony Pollard,RB,75.0,1.028303741827948,1.3,no distinct scarcity signal exists in compute_willingness today -- position_fit_multiplier (position_targets) is the closest analog,1.0,1.5444444444444443,1.0,True,True,154.8454051235918,124.39960913286583,71.0,Travis,10,0.947,2.065,1.659,False
18,Terry McLaurin,WR,57.0,1.147328153428335,1.0,no distinct scarcity signal exists in compute_willingness today -- position_fit_multiplier (position_targets) is the closest analog,1.0,1.5388888888888888,1.0,True,True,114.46142039943354,100.63980119155545,70.0,Ryan J,10,1.228,1.766,1.766,False
18,James Cook,RB,71.0,1.3174640985917434,1.0,no distinct scarcity signal exists in compute_willingness today -- position_fit_multiplier (position_targets) is the closest analog,1.0,1.0,1.0,False,False,154.34811257391397,153.28876193970095,76.69760000000001,James,9,1.08,1.317,2.159,False
18,Jacory Croskey-Merritt,RB,59.0,0.9276914088136912,1.0,no distinct scarcity signal exists in compute_willingness today -- position_fit_multiplier (position_targets) is the closest analog,1.1,1.5277777777777777,1.0,False,False,143.5758585562315,104.61676670932708,66.5,CJ,10,1.127,1.278,1.773,False
18,Chuba Hubbard,RB,65.0,1.18163174809119,1.0,no distinct scarcity signal exists in compute_willingness today -- position_fit_multiplier (position_targets) is the closest analog,1.0,1.0,1.0,False,False,108.23100113616653,91.81425024580916,52.0,James,8,0.8,1.182,1.413,False
18,DeVonta Smith,WR,71.0,0.9960099643133868,1.0,no distinct scarcity signal exists in compute_willingness today -- position_fit_multiplier (position_targets) is the closest analog,1.0,1.0,1.0,False,False,109.89872912852508,107.67023079351864,51.92208333333333,James,9,0.731,0.996,1.516,False
18,Deebo Samuel,WR,48.0,1.2184065436401983,1.0,no distinct scarcity signal exists in compute_willingness today -- position_fit_multiplier (position_targets) is the closest analog,1.0,1.0,1.0,False,False,120.0,90.25303515284145,56.809111111111115,James,9,1.184,1.218,1.88,False
18,DK Metcalf,WR,32.0,1.14633739990768,1.0,no distinct scarcity signal exists in compute_willingness today -- position_fit_multiplier (position_targets) is the closest analog,1.1,1.5055555555555555,1.0,False,False,55.603930555555564,47.79235555555555,48.79235555555555,CJ,8,1.525,1.738,1.494,False
18,Jonathon Brooks,RB,78.0,1.2275281731017567,1.0,no distinct scarcity signal exists in compute_willingness today -- position_fit_multiplier (position_targets) is the closest analog,1.0,1.0,1.0,False,False,137.3536365633666,132.90414546111268,39.64,James,8,0.508,1.228,1.704,False
18,DJ Moore,WR,48.0,0.8727216009206925,1.0,no distinct scarcity signal exists in compute_willingness today -- position_fit_multiplier (position_targets) is the closest analog,1.6,1.4944444444444445,1.0,False,False,89.76417910189764,74.7388409786003,42.558661833333346,Coby,10,0.887,0.988,1.557,False
18,Davante Adams,WR,49.0,1.1265311294123035,1.0,no distinct scarcity signal exists in compute_willingness today -- position_fit_multiplier (position_targets) is the closest analog,1.0,1.488888888888889,1.0,False,False,67.23396454370773,54.61195146608054,38.35377777777778,Evan,9,0.783,0.783,1.115,False
18,Aaron Jones Sr,RB,59.0,1.0826050195416677,1.0,no distinct scarcity signal exists in compute_willingness today -- position_fit_multiplier (position_targets) is the closest analog,1.0,1.4833333333333334,1.0,False,False,93.6581355420317,91.11708287234009,37.499705000000006,CJ,8,0.636,0.636,1.544,False
18,Rachaad White,RB,59.0,0.6353140347915751,1.0,no distinct scarcity signal exists in compute_willingness today -- position_fit_multiplier (position_targets) is the closest analog,1.0,1.4777777777777779,1.0,True,True,89.24614466030299,73.0717537512328,30.831666666666667,Brad,9,0.523,0.939,1.239,False
18,Bill Croskey-Merritt,RB,42.0,0.8363678318627751,1.0,no distinct scarcity signal exists in compute_willingness today -- position_fit_multiplier (position_targets) is the closest analog,1.6,1.4666666666666668,1.0,False,False,82.57123992633468,73.66935324044866,30.57800533333334,Coby,8,0.728,0.728,1.754,False
19,Josh Jacobs,RB,126.0,1.009701711609507,1.0,no distinct scarcity signal exists in compute_willingness today -- position_fit_multiplier (position_targets) is the closest analog,1.0,1.6,1.0,True,True,315.0,315.0,273.0,Shane,12,2.167,2.5,2.5,False
19,Jaylen Warren,RB,83.0,0.9300033267925268,1.0,no distinct scarcity signal exists in compute_willingness today -- position_fit_multiplier (position_targets) is the closest analog,1.6,1.5944444444444446,1.0,True,True,207.5,207.5,207.5,Travis,12,2.5,2.5,2.5,True
19,Bhayshul Tuten,RB,95.0,1.0293510721923047,1.0,no distinct scarcity signal exists in compute_willingness today -- position_fit_multiplier (position_targets) is the closest analog,1.15,1.588888888888889,1.0,True,True,237.5,237.5,237.5,CJ,12,2.5,2.5,2.5,True
19,Bucky Irving,RB,102.0,0.982120660563226,1.3,no distinct scarcity signal exists in compute_willingness today -- position_fit_multiplier (position_targets) is the closest analog,1.0,1.5833333333333333,1.0,True,True,255.0,255.0,255.0,Brad,12,2.5,2.5,2.5,False
19,Jonathon Brooks,RB,78.0,0.8737214920967057,1.0,no distinct scarcity signal exists in compute_willingness today -- position_fit_multiplier (position_targets) is the closest analog,1.0,1.5777777777777777,1.0,True,True,195.0,195.0,195.0,Coby,11,2.5,2.5,2.5,False
19,Jaylen Waddle,WR,64.0,1.0649695922499154,1.0,no distinct scarcity signal exists in compute_willingness today -- position_fit_multiplier (position_targets) is the closest analog,1.3,1.5722222222222222,1.0,True,True,160.0,160.0,160.0,Reid,12,2.5,2.5,2.5,True
19,RJ Harvey,RB,71.0,1.1532258570092395,1.0,no distinct scarcity signal exists in compute_willingness today -- position_fit_multiplier (position_targets) is the closest analog,1.15,1.5666666666666667,1.0,True,True,177.5,177.5,176.84066666666666,Ryan J,12,2.491,2.5,2.5,True
19,Jordan Mason,RB,63.0,0.9740392364448726,1.0,no distinct scarcity signal exists in compute_willingness today -- position_fit_multiplier (position_targets) is the closest analog,1.15,1.5611111111111111,1.0,True,True,157.5,157.5,157.5,Evan,12,2.5,2.5,2.5,True
19,Rashee Rice,WR,72.0,0.7289722610176885,1.0,no distinct scarcity signal exists in compute_willingness today -- position_fit_multiplier (position_targets) is the closest analog,1.0,1.5555555555555556,1.0,True,True,180.0,143.73641119016295,101.64747972218171,Brandon,12,1.412,2.5,1.996,False
19,James Cook,RB,71.0,0.9700607398386414,1.0,no distinct scarcity signal exists in compute_willingness today -- position_fit_multiplier (position_targets) is the closest analog,1.3,1.5499999999999998,1.0,True,True,177.5,177.5,78.0,Reid,12,1.099,2.5,2.5,True
19,Tee Higgins,WR,60.0,1.2012330700619451,1.0,no distinct scarcity signal exists in compute_willingness today -- position_fit_multiplier (position_targets) is the closest analog,1.0,1.0,1.0,False,False,150.0,132.15934850230923,72.0739842037167,Sam,12,1.201,1.201,2.203,False
19,Deebo Samuel,WR,48.0,0.7938786023239041,1.0,no distinct scarcity signal exists in compute_willingness today -- position_fit_multiplier (position_targets) is the closest analog,1.2,1.5388888888888888,1.0,True,True,111.85849292284873,109.41499999999998,57.68536054522786,Coby,12,1.202,2.279,2.279,True
19,DJ Moore,WR,48.0,1.007895159630415,1.0,no distinct scarcity signal exists in compute_willingness today -- position_fit_multiplier (position_targets) is the closest analog,1.0,1.0,1.0,False,False,104.45854973980038,98.14598246164776,45.86533333333333,Sam,11,0.956,1.008,2.045,False
19,Jacory Croskey-Merritt,RB,59.0,0.9692133987505911,1.0,no distinct scarcity signal exists in compute_willingness today -- position_fit_multiplier (position_targets) is the closest analog,1.0,1.0,1.0,False,False,143.00163308075622,120.7250375678419,52.81366666666666,Sam,11,0.895,0.969,2.046,False
19,Kenny Gainwell,RB,64.0,0.9986713416744771,1.0,no distinct scarcity signal exists in compute_willingness today -- position_fit_multiplier (position_targets) is the closest analog,1.0,1.0,1.0,False,False,122.1455061150788,102.09182649026071,48.54022222222222,James,12,0.758,0.999,1.595,False
19,Zach Charbonnet,RB,36.0,1.067198180923701,1.0,no distinct scarcity signal exists in compute_willingness today -- position_fit_multiplier (position_targets) is the closest analog,1.0,1.5166666666666666,1.0,False,False,90.0,72.4954613453704,44.37766666666667,Jason,11,1.233,1.233,2.014,False
19,Josh Downs,WR,30.0,1.0573499378551292,1.0,no distinct scarcity signal exists in compute_willingness today -- position_fit_multiplier (position_targets) is the closest analog,1.0,1.511111111111111,1.0,False,False,34.826275555555554,28.652665374205473,29.408360244696116,Jason,9,0.98,1.161,0.955,False
19,Chuba Hubbard,RB,65.0,1.138112392455879,1.0,no distinct scarcity signal exists in compute_willingness today -- position_fit_multiplier (position_targets) is the closest analog,1.0,1.0,1.0,False,False,121.42237984231852,95.68966667248837,48.25,James,12,0.742,1.138,1.472,False
19,DK Metcalf,WR,32.0,1.0033241483622946,1.0,no distinct scarcity signal exists in compute_willingness today -- position_fit_multiplier (position_targets) is the closest analog,1.0,1.0,1.0,False,False,32.106372747593426,28.39410000000001,29.39410000000001,Sam,11,0.919,1.003,0.887,False
19,Tony Pollard,RB,75.0,1.121576260634854,1.0,no distinct scarcity signal exists in compute_willingness today -- position_fit_multiplier (position_targets) is the closest analog,1.0,1.0,1.0,False,False,178.54317758012348,132.01744385847294,45.0,James,12,0.6,1.122,1.76,False
19,DeVonta Smith,WR,71.0,1.0893421570684272,1.0,no distinct scarcity signal exists in compute_willingness today -- position_fit_multiplier (position_targets) is the closest analog,1.0,1.0,1.0,False,False,120.78494840872798,87.27207523592438,45.0,James,11,0.634,1.089,1.229,False
19,Terry McLaurin,WR,57.0,0.978079666247126,1.0,no distinct scarcity signal exists in compute_willingness today -- position_fit_multiplier (position_targets) is the closest analog,1.0,1.0,1.0,False,False,86.76001834653047,81.96704205800224,45.0,James,12,0.789,0.978,1.438,False
19,JK Dobbins,RB,34.0,1.0542784551713023,1.0,no distinct scarcity signal exists in compute_willingness today -- position_fit_multiplier (position_targets) is the closest analog,1.3,1.4777777777777779,1.0,True,True,85.0,73.82565903664245,30.687439034528587,Shane,12,0.903,2.5,2.171,True
19,Mike Evans,WR,45.0,0.6852897070182964,1.0,no distinct scarcity signal exists in compute_willingness today -- position_fit_multiplier (position_targets) is the closest analog,1.0,1.0,1.0,False,False,69.92307669185527,59.77849791544594,28.0,James,12,0.622,0.685,1.328,False
20,Josh Jacobs,RB,126.0,0.8783584578058459,1.0,no distinct scarcity signal exists in compute_willingness today -- position_fit_multiplier (position_targets) is the closest analog,1.0,1.6,1.0,True,True,315.0,315.0,273.216,Shane,12,2.168,2.5,2.5,False
20,Jordan Mason,RB,63.0,0.8929354101714954,1.3,no distinct scarcity signal exists in compute_willingness today -- position_fit_multiplier (position_targets) is the closest analog,1.25,1.5944444444444446,1.0,True,True,157.5,157.5,157.5,Reid,12,2.5,2.5,2.5,True
20,James Cook,RB,71.0,0.904096227320255,1.0,no distinct scarcity signal exists in compute_willingness today -- position_fit_multiplier (position_targets) is the closest analog,1.3,1.588888888888889,1.0,True,True,177.5,177.5,177.5,Travis,12,2.5,2.5,2.5,True
20,Tee Higgins,WR,60.0,0.7657411088364771,1.0,no distinct scarcity signal exists in compute_willingness today -- position_fit_multiplier (position_targets) is the closest analog,1.2,1.5833333333333333,1.0,True,True,150.0,150.0,150.0,Brad,12,2.5,2.5,2.5,True
20,RJ Harvey,RB,71.0,0.9666565116121701,1.0,no distinct scarcity signal exists in compute_willingness today -- position_fit_multiplier (position_targets) is the closest analog,1.15,1.5777777777777777,1.0,True,True,177.5,177.5,177.0,Sam,11,2.493,2.5,2.5,True
20,Bhayshul Tuten,RB,95.0,1.1332806892553182,1.0,no distinct scarcity signal exists in compute_willingness today -- position_fit_multiplier (position_targets) is the closest analog,1.2,1.5722222222222222,1.0,True,True,237.5,214.2315109392511,130.0,Evan,12,1.368,2.5,2.255,True
20,Jaylen Warren,RB,83.0,1.1814271895377597,0.4,no distinct scarcity signal exists in compute_willingness today -- position_fit_multiplier (position_targets) is the closest analog,1.25,1.5666666666666667,1.0,True,True,188.92139328590784,184.70999999999998,124.1043174032801,Coby,12,1.495,1.552,2.225,True
20,Jaylen Waddle,WR,64.0,0.9513765763216334,1.3,no distinct scarcity signal exists in compute_willingness today -- position_fit_multiplier (position_targets) is the closest analog,1.25,1.5611111111111111,1.0,True,True,160.0,160.0,125.0,Coby,11,1.953,2.5,2.5,True
20,Deebo Samuel,WR,48.0,0.9121807380577361,1.0,no distinct scarcity signal exists in compute_willingness today -- position_fit_multiplier (position_targets) is the closest analog,1.2,1.5555555555555556,1.0,True,True,120.0,120.0,96.5,Brad,12,2.01,2.5,2.5,True
20,Chuba Hubbard,RB,65.0,1.0362291064996665,1.3,no distinct scarcity signal exists in compute_willingness today -- position_fit_multiplier (position_targets) is the closest analog,1.0,1.5499999999999998,1.0,True,True,135.72010722379378,120.6675,80.5,Reid,11,1.238,2.088,1.856,False
20,Bill Croskey-Merritt,RB,42.0,0.9584860098263907,1.0,no distinct scarcity signal exists in compute_willingness today -- position_fit_multiplier (position_targets) is the closest analog,1.3,1.5444444444444443,1.0,True,True,105.0,75.05999999999999,72.0,Travis,11,1.714,2.5,1.787,True
20,Bucky Irving,RB,102.0,1.0255783285037199,1.0,no distinct scarcity signal exists in compute_willingness today -- position_fit_multiplier (position_targets) is the closest analog,1.0,1.0,1.0,False,False,182.03217486395528,162.08918893490372,102.40022394753555,Ryan J,8,1.004,1.026,1.589,False
20,Kenny Gainwell,RB,64.0,1.076409816398981,1.0,no distinct scarcity signal exists in compute_willingness today -- position_fit_multiplier (position_targets) is the closest analog,1.0,1.5333333333333332,1.0,False,False,117.23603492731043,96.58375424535673,67.77746454899864,James,11,1.059,1.21,1.509,False
20,Jonathon Brooks,RB,78.0,1.149599878801069,1.0,no distinct scarcity signal exists in compute_willingness today -- position_fit_multiplier (position_targets) is the closest analog,1.0,1.0,1.0,False,False,120.63690303075963,89.6687905464834,81.23047181197119,Brandon,7,1.041,1.15,1.15,False
20,Jacory Croskey-Merritt,RB,59.0,1.2327479698614427,1.0,no distinct scarcity signal exists in compute_willingness today -- position_fit_multiplier (position_targets) is the closest analog,1.0,1.0,1.0,False,False,124.3032183646187,95.06463052714562,66.24874644444445,CJ,7,1.123,1.233,1.611,False
20,DeVonta Smith,WR,71.0,1.1332705797264904,1.0,no distinct scarcity signal exists in compute_willingness today -- position_fit_multiplier (position_targets) is the closest analog,1.0,1.0,1.0,False,False,177.5,93.93851743899253,77.1655960111043,CJ,9,1.087,1.133,1.323,False
20,DJ Moore,WR,48.0,1.231353449931819,1.0,no distinct scarcity signal exists in compute_willingness today -- position_fit_multiplier (position_targets) is the closest analog,1.0,1.0,1.0,False,False,84.00412540300728,73.17,53.77340750508557,Brandon,9,1.12,1.231,1.524,False
20,Tony Pollard,RB,75.0,0.9978623871860054,1.0,no distinct scarcity signal exists in compute_willingness today -- position_fit_multiplier (position_targets) is the closest analog,1.0,1.0,1.0,False,False,114.30074995192429,105.4925560713459,70.0,Jason,8,0.933,0.998,1.407,False
20,Terry McLaurin,WR,57.0,1.1749811648348265,1.0,no distinct scarcity signal exists in compute_willingness today -- position_fit_multiplier (position_targets) is the closest analog,1.0,1.0,1.0,False,False,87.82193125035509,66.97392639558511,66.0,Ryan J,9,1.158,1.175,1.175,False
20,Davante Adams,WR,49.0,1.0236677584378853,1.0,no distinct scarcity signal exists in compute_willingness today -- position_fit_multiplier (position_targets) is the closest analog,1.0,1.0,1.0,False,False,106.13509628015181,74.19093816150021,49.81957183949577,Ryan J,10,1.017,1.024,1.514,False
20,JK Dobbins,RB,34.0,1.1194343173047303,1.0,no distinct scarcity signal exists in compute_willingness today -- position_fit_multiplier (position_targets) is the closest analog,1.2,1.4777777777777779,1.0,True,True,71.82000000000001,68.04755340995507,42.620468965756224,Evan,10,1.254,2.112,2.001,True
20,Rashee Rice,WR,72.0,1.101583212762355,1.0,no distinct scarcity signal exists in compute_willingness today -- position_fit_multiplier (position_targets) is the closest analog,1.0,1.0,1.0,False,False,108.07497080584143,97.70364784240557,70.78,Jason,10,0.983,1.102,1.357,False
20,Aaron Jones Sr,RB,59.0,1.1000893822896292,1.0,no distinct scarcity signal exists in compute_willingness today -- position_fit_multiplier (position_targets) is the closest analog,1.0,1.0,1.0,False,False,86.20446497167742,68.53456124358198,57.43382027073647,CJ,9,0.973,1.1,1.162,False
20,TJ Hockenson,TE,43.0,1.090935262011719,1.0,no distinct scarcity signal exists in compute_willingness today -- position_fit_multiplier (position_targets) is the closest analog,1.0,1.0,1.0,False,False,48.64799350141028,47.06726780566802,45.43593011790241,CJ,8,1.057,1.091,1.095,False
21,James Cook,RB,71.0,1.0015797291480133,1.0,no distinct scarcity signal exists in compute_willingness today -- position_fit_multiplier (position_targets) is the closest analog,1.6,1.6,1.0,True,True,177.5,177.5,177.5,James,12,2.5,2.5,2.5,True
21,Jacory Croskey-Merritt,RB,59.0,0.9445849439872915,1.0,no distinct scarcity signal exists in compute_willingness today -- position_fit_multiplier (position_targets) is the closest analog,1.15,1.5944444444444446,1.0,True,True,147.5,147.5,147.5,Jason,12,2.5,2.5,2.5,True
21,Bhayshul Tuten,RB,95.0,0.9711509230349827,1.0,no distinct scarcity signal exists in compute_willingness today -- position_fit_multiplier (position_targets) is the closest analog,1.3,1.588888888888889,1.0,True,True,237.5,237.5,237.5,Reid,12,2.5,2.5,2.5,True
21,Bucky Irving,RB,102.0,0.8109036719403915,1.0,no distinct scarcity signal exists in compute_willingness today -- position_fit_multiplier (position_targets) is the closest analog,1.0,1.5833333333333333,1.0,True,True,255.0,255.0,255.0,Travis,12,2.5,2.5,2.5,False
21,Bill Croskey-Merritt,RB,42.0,0.9735885128981624,1.3,no distinct scarcity signal exists in compute_willingness today -- position_fit_multiplier (position_targets) is the closest analog,1.25,1.5777777777777777,1.0,True,True,105.0,105.0,105.0,Evan,11,2.5,2.5,2.5,True
21,Josh Jacobs,RB,126.0,1.1209815834898615,1.0,no distinct scarcity signal exists in compute_willingness today -- position_fit_multiplier (position_targets) is the closest analog,1.0,1.5722222222222222,1.0,True,True,290.5466666666666,260.73616979879887,145.0,CJ,12,1.151,2.306,2.069,False
21,Jonathon Brooks,RB,78.0,1.064838872199424,0.4,no distinct scarcity signal exists in compute_willingness today -- position_fit_multiplier (position_targets) is the closest analog,1.0,1.5666666666666667,1.0,True,True,156.67663772183582,121.82400000000001,104.024,Shane,11,1.334,1.562,1.562,False
21,Tee Higgins,WR,60.0,1.1555399210183708,1.3,no distinct scarcity signal exists in compute_willingness today -- position_fit_multiplier (position_targets) is the closest analog,1.25,1.5611111111111111,1.0,True,True,150.0,150.0,150.0,Sam,11,2.5,2.5,2.5,True
21,RJ Harvey,RB,71.0,1.0685121110966391,0.4,no distinct scarcity signal exists in compute_willingness today -- position_fit_multiplier (position_targets) is the closest analog,1.25,1.5555555555555556,1.0,True,True,156.42099561290198,135.12631103303937,103.65733333333334,Coby,11,1.46,1.801,1.903,True
21,Rashee Rice,WR,72.0,0.8581163548637508,1.3,no distinct scarcity signal exists in compute_willingness today -- position_fit_multiplier (position_targets) is the closest analog,1.0,1.5499999999999998,1.0,True,True,180.0,180.0,164.34,Shane,11,2.283,2.5,2.5,False
21,DJ Moore,WR,48.0,0.9743748567640346,1.3,no distinct scarcity signal exists in compute_willingness today -- position_fit_multiplier (position_targets) is the closest analog,1.25,1.5444444444444443,1.0,True,True,120.0,120.0,67.0,Coby,11,1.396,2.5,2.5,True
21,Jordan Mason,RB,63.0,1.0806417797452355,1.3,no distinct scarcity signal exists in compute_willingness today -- position_fit_multiplier (position_targets) is the closest analog,1.25,1.5388888888888888,1.0,True,True,157.5,135.19087869680249,59.37826954935075,Evan,10,0.943,2.5,2.146,True
21,Jaylen Warren,RB,83.0,1.201029203515596,1.0,no distinct scarcity signal exists in compute_willingness today -- position_fit_multiplier (position_targets) is the closest analog,1.0,1.0,1.0,False,False,162.57706709733984,155.99783993557935,84.7773,Brad,10,1.021,1.201,1.879,False
21,Deebo Samuel,WR,48.0,0.9232555855919781,1.3,no distinct scarcity signal exists in compute_willingness today -- position_fit_multiplier (position_targets) is the closest analog,1.25,1.5277777777777777,1.0,True,True,110.02129061637737,98.14521230895318,57.05811723244757,Sam,10,1.189,2.292,2.045,True
21,Jaylen Waddle,WR,64.0,1.1649635299827137,1.0,no distinct scarcity signal exists in compute_willingness today -- position_fit_multiplier (position_targets) is the closest analog,1.0,1.0,1.0,False,False,124.37324427296114,76.7228061326528,56.12459444444445,Ryan J,9,0.877,1.165,1.199,False
21,Tony Pollard,RB,75.0,1.1908645176483283,1.0,no distinct scarcity signal exists in compute_willingness today -- position_fit_multiplier (position_targets) is the closest analog,1.0,1.0,1.0,False,False,109.94026362357172,104.13240726157213,78.25610439867808,Ryan J,10,1.043,1.191,1.388,False
21,Aaron Jones Sr,RB,59.0,1.0260864329822939,1.0,no distinct scarcity signal exists in compute_willingness today -- position_fit_multiplier (position_targets) is the closest analog,1.0,1.0,1.0,False,False,83.85229714366795,66.95281111847962,39.92622222222222,Brad,8,0.677,1.026,1.135,False
21,DeVonta Smith,WR,71.0,1.1488917708206836,1.0,no distinct scarcity signal exists in compute_willingness today -- position_fit_multiplier (position_targets) is the closest analog,1.0,1.0,1.0,False,False,158.78014400777224,81.57131572826853,57.26009826861515,Brad,10,0.806,1.149,1.149,False
21,Terry McLaurin,WR,57.0,0.9070756565737339,1.0,no distinct scarcity signal exists in compute_willingness today -- position_fit_multiplier (position_targets) is the closest analog,1.0,1.0,1.0,False,False,82.66544823390558,53.20050657864287,51.313916933979954,Brad,9,0.9,0.907,0.933,False
21,Rachaad White,RB,59.0,0.9783779867029143,1.0,no distinct scarcity signal exists in compute_willingness today -- position_fit_multiplier (position_targets) is the closest analog,1.0,1.0,1.0,False,False,74.78586073217977,72.07445262817352,44.57377777777778,Ryan J,9,0.755,0.978,1.222,False
21,Kenny Gainwell,RB,64.0,0.8930336055095246,1.0,no distinct scarcity signal exists in compute_willingness today -- position_fit_multiplier (position_targets) is the closest analog,1.0,1.0,1.0,False,False,100.43201754322533,93.37009066869149,44.0,Ryan J,10,0.688,0.893,1.459,False
21,Joe Burrow,QB,17.0,0.987306721295094,1.3,no distinct scarcity signal exists in compute_willingness today -- position_fit_multiplier (position_targets) is the closest analog,1.25,1.4833333333333334,1.0,False,False,40.456949794069175,33.98648117210476,34.98648117210476,Coby,8,2.058,2.38,1.999,False
21,Chuba Hubbard,RB,65.0,0.9334754472407013,1.0,no distinct scarcity signal exists in compute_willingness today -- position_fit_multiplier (position_targets) is the closest analog,1.0,1.0,1.0,False,False,114.81265574122449,102.85777020157417,38.5,Brad,9,0.592,0.933,1.582,False
21,Josh Downs,WR,30.0,1.154171543460591,1.0,no distinct scarcity signal exists in compute_willingness today -- position_fit_multiplier (position_targets) is the closest analog,1.6,1.461111111111111,1.0,False,False,44.69831111111111,34.441129784253604,33.45675694444444,James,8,1.115,1.49,1.148,False
22,Jacory Croskey-Merritt,RB,59.0,1.0670082399780534,1.0,no distinct scarcity signal exists in compute_willingness today -- position_fit_multiplier (position_targets) is the closest analog,1.3,1.6,1.0,True,True,147.5,147.5,147.5,James,12,2.5,2.5,2.5,True
22,Tee Higgins,WR,60.0,0.8498570696994733,1.3,no distinct scarcity signal exists in compute_willingness today -- position_fit_multiplier (position_targets) is the closest analog,1.25,1.5944444444444446,1.0,True,True,150.0,150.0,150.0,CJ,12,2.5,2.5,2.5,True
22,Jaylen Warren,RB,83.0,1.0487856751579736,1.3,no distinct scarcity signal exists in compute_willingness today -- position_fit_multiplier (position_targets) is the closest analog,1.25,1.588888888888889,1.0,True,True,207.5,207.5,207.5,Sam,12,2.5,2.5,2.5,True
22,JK Dobbins,RB,34.0,1.0707641773085226,1.0,no distinct scarcity signal exists in compute_willingness today -- position_fit_multiplier (position_targets) is the closest analog,1.3,1.5833333333333333,1.0,True,True,85.0,85.0,85.0,Ryan J,11,2.5,2.5,2.5,True
22,Deebo Samuel,WR,48.0,0.9148002505523737,1.0,no distinct scarcity signal exists in compute_willingness today -- position_fit_multiplier (position_targets) is the closest analog,1.15,1.5777777777777777,1.0,True,True,120.0,120.0,120.0,Brandon,11,2.5,2.5,2.5,True
22,Tony Pollard,RB,75.0,1.0748255053716869,1.3,no distinct scarcity signal exists in compute_willingness today -- position_fit_multiplier (position_targets) is the closest analog,1.0,1.5722222222222222,1.0,True,True,187.5,187.5,187.5,Reid,11,2.5,2.5,2.5,False
22,Bhayshul Tuten,RB,95.0,0.9812411080860051,1.0,no distinct scarcity signal exists in compute_willingness today -- position_fit_multiplier (position_targets) is the closest analog,1.6,1.5666666666666667,1.0,True,True,237.5,237.5,237.5,Brad,11,2.5,2.5,2.5,True
22,Josh Jacobs,RB,126.0,1.2285040419006272,1.0,no distinct scarcity signal exists in compute_willingness today -- position_fit_multiplier (position_targets) is the closest analog,1.0,1.5611111111111111,1.0,True,True,309.1,296.4661508057718,176.0,Travis,11,1.397,2.453,2.353,False
22,James Cook,RB,71.0,1.0079889649445488,1.0,no distinct scarcity signal exists in compute_willingness today -- position_fit_multiplier (position_targets) is the closest analog,1.2,1.5555555555555556,1.0,True,True,177.5,177.5,165.70355555555557,Evan,11,2.334,2.5,2.5,True
22,Jaylen Waddle,WR,64.0,0.8729663583410048,1.0,no distinct scarcity signal exists in compute_willingness today -- position_fit_multiplier (position_targets) is the closest analog,1.3,1.5499999999999998,1.0,True,True,160.0,160.0,142.5,Ryan J,11,2.227,2.5,2.5,True
22,RJ Harvey,RB,71.0,0.8676799996455911,1.0,no distinct scarcity signal exists in compute_willingness today -- position_fit_multiplier (position_targets) is the closest analog,1.3,1.5444444444444443,1.0,True,True,177.5,177.5,108.5748,James,11,1.529,2.5,2.5,True
22,Austin Ekeler,RB,31.0,1.15769975311004,1.0,no distinct scarcity signal exists in compute_willingness today -- position_fit_multiplier (position_targets) is the closest analog,1.1,1.5388888888888888,1.0,False,False,60.75158087750837,57.965743733485944,58.965743733485944,Shane,9,1.902,1.96,1.87,False
22,Jonathon Brooks,RB,78.0,1.037511914956137,1.3,no distinct scarcity signal exists in compute_willingness today -- position_fit_multiplier (position_targets) is the closest analog,1.0,1.5333333333333332,1.0,True,True,161.31235253738018,146.46514323259169,82.0,CJ,11,1.051,2.068,1.878,False
22,Kenny Gainwell,RB,64.0,1.25897706223331,1.0,no distinct scarcity signal exists in compute_willingness today -- position_fit_multiplier (position_targets) is the closest analog,1.0,1.5277777777777777,1.0,True,True,123.0999794183681,111.30762816413721,76.16388888888889,Travis,11,1.19,1.923,1.739,False
22,Bucky Irving,RB,102.0,1.2756736645700113,1.0,no distinct scarcity signal exists in compute_willingness today -- position_fit_multiplier (position_targets) is the closest analog,1.0,1.0,1.0,False,False,189.4787851196177,175.5995816023878,71.64633333333335,Jason,10,0.702,1.276,1.722,False
22,Jordan Mason,RB,63.0,0.9939540323091165,1.0,no distinct scarcity signal exists in compute_willingness today -- position_fit_multiplier (position_targets) is the closest analog,1.1,1.511111111111111,1.0,False,False,157.5,120.75493323408836,75.5,Coby,10,1.198,1.229,1.917,False
22,DeVonta Smith,WR,71.0,1.00890256509041,1.0,no distinct scarcity signal exists in compute_willingness today -- position_fit_multiplier (position_targets) is the closest analog,1.0,1.0,1.0,False,False,152.02995353786852,129.52300196402916,68.5,Jason,10,0.965,1.009,1.824,False
22,Zach Charbonnet,RB,36.0,0.9357863514186641,1.3,no distinct scarcity signal exists in compute_willingness today -- position_fit_multiplier (position_targets) is the closest analog,1.25,1.5,1.0,True,True,90.0,89.44226400690094,60.8,Reid,10,1.689,2.5,2.485,True
22,DJ Moore,WR,48.0,0.925411582419183,1.0,no distinct scarcity signal exists in compute_willingness today -- position_fit_multiplier (position_targets) is the closest analog,1.1,1.4944444444444445,1.0,False,False,114.78224436418247,112.44398031356874,56.47303055555557,Shane,9,1.177,1.521,2.343,False
22,Rachaad White,RB,59.0,1.0132073397933998,1.0,no distinct scarcity signal exists in compute_willingness today -- position_fit_multiplier (position_targets) is the closest analog,1.0,1.0,1.0,False,False,101.60927236134657,90.02416368651411,53.78885333333334,Jason,10,0.912,1.013,1.526,False
22,Aaron Jones Sr,RB,59.0,1.0291164736186045,1.0,no distinct scarcity signal exists in compute_willingness today -- position_fit_multiplier (position_targets) is the closest analog,1.0,1.4833333333333334,1.0,False,False,96.24524330870315,95.24632626062703,51.05508333333334,Shane,10,0.865,0.891,1.614,False
22,Mike Evans,WR,45.0,0.9065364987357158,1.0,no distinct scarcity signal exists in compute_willingness today -- position_fit_multiplier (position_targets) is the closest analog,1.0,1.4777777777777779,1.0,False,False,93.19047501889831,72.12114643136618,40.5675,Coby,9,0.902,1.108,1.603,False
22,Terry McLaurin,WR,57.0,0.9637734672757822,1.0,no distinct scarcity signal exists in compute_willingness today -- position_fit_multiplier (position_targets) is the closest analog,1.0,1.4722222222222223,1.0,False,False,103.80754867770543,98.13187047769053,39.52636944444445,Coby,10,0.693,0.693,1.722,False
22,Davante Adams,WR,49.0,0.9615246121370875,1.0,no distinct scarcity signal exists in compute_willingness today -- position_fit_multiplier (position_targets) is the closest analog,1.0,1.45,1.0,True,True,90.91658308844728,68.31632369234006,33.333405,James,9,0.68,1.394,1.394,False
23,Bhayshul Tuten,RB,95.0,1.0004521431343134,1.0,no distinct scarcity signal exists in compute_willingness today -- position_fit_multiplier (position_targets) is the closest analog,1.3,1.6,1.0,True,True,237.5,237.5,237.5,Brad,12,2.5,2.5,2.5,True
23,Jacory Croskey-Merritt,RB,59.0,0.9258476120714199,1.0,no distinct scarcity signal exists in compute_willingness today -- position_fit_multiplier (position_targets) is the closest analog,1.6,1.5944444444444446,1.0,True,True,147.5,147.5,147.5,Brandon,12,2.5,2.5,2.5,True
23,RJ Harvey,RB,71.0,0.9373810709647736,1.0,no distinct scarcity signal exists in compute_willingness today -- position_fit_multiplier (position_targets) is the closest analog,1.15,1.588888888888889,1.0,True,True,177.5,164.03577639314125,141.29666666666668,CJ,12,1.99,2.5,2.31,True
23,James Cook,RB,71.0,0.9416676303197848,0.4,no distinct scarcity signal exists in compute_willingness today -- position_fit_multiplier (position_targets) is the closest analog,1.25,1.5833333333333333,1.0,True,True,146.56149213346052,140.52083333333331,131.09341666666668,Shane,12,1.846,1.979,1.979,True
23,Bucky Irving,RB,102.0,0.9233087121166146,0.4,no distinct scarcity signal exists in compute_willingness today -- position_fit_multiplier (position_targets) is the closest analog,1.0,1.5777777777777777,1.0,True,True,161.77316231285982,103.75466666666667,103.75466666666667,Coby,12,1.017,1.017,1.017,False
23,Tee Higgins,WR,60.0,0.7157865444314818,1.3,no distinct scarcity signal exists in compute_willingness today -- position_fit_multiplier (position_targets) is the closest analog,1.25,1.5722222222222222,1.0,True,True,150.0,150.0,150.0,Sam,12,2.5,2.5,2.5,True
23,Jordan Mason,RB,63.0,1.086570730554857,0.4,no distinct scarcity signal exists in compute_willingness today -- position_fit_multiplier (position_targets) is the closest analog,1.25,1.5666666666666667,1.0,True,True,121.97659340271258,98.22999999999999,91.66770000000001,Jason,12,1.455,1.559,1.559,True
23,Jaylen Warren,RB,83.0,1.0113794253565231,0.4,no distinct scarcity signal exists in compute_willingness today -- position_fit_multiplier (position_targets) is the closest analog,1.25,1.5611111111111111,1.0,True,True,145.9900664358257,90.34618333333334,87.70255000000002,Shane,12,1.057,1.089,1.089,True
23,Bill Croskey-Merritt,RB,42.0,1.1921703263724417,0.4,no distinct scarcity signal exists in compute_willingness today -- position_fit_multiplier (position_targets) is the closest analog,1.25,1.5555555555555556,1.0,True,True,80.0033790225994,79.45,75.75844444444446,Coby,12,1.804,1.892,1.892,True
23,Josh Jacobs,RB,126.0,0.8913228243375572,1.0,no distinct scarcity signal exists in compute_willingness today -- position_fit_multiplier (position_targets) is the closest analog,1.0,1.0,1.0,False,False,223.14152134578364,112.3066758665322,78.0,Evan,11,0.619,0.891,0.891,False
23,JK Dobbins,RB,34.0,1.1506265464407217,1.0,no distinct scarcity signal exists in compute_willingness today -- position_fit_multiplier (position_targets) is the closest analog,1.1,1.5333333333333332,1.0,False,False,78.039,65.98459701655392,64.96145486114341,James,12,1.911,1.941,1.941,False
23,Jaylen Waddle,WR,64.0,1.016957523098743,1.3,no distinct scarcity signal exists in compute_willingness today -- position_fit_multiplier (position_targets) is the closest analog,1.25,1.5277777777777777,1.0,True,True,160.0,160.0,76.91690972222221,Jason,12,1.202,2.5,2.5,True
23,Jonathon Brooks,RB,78.0,1.1774152573373604,1.0,no distinct scarcity signal exists in compute_willingness today -- position_fit_multiplier (position_targets) is the closest analog,1.0,1.0,1.0,False,False,127.66117519555016,91.83839007231411,68.28222222222222,Evan,11,0.875,1.177,1.177,False
23,Rashee Rice,WR,72.0,1.0290483200137255,1.0,no distinct scarcity signal exists in compute_willingness today -- position_fit_multiplier (position_targets) is the closest analog,1.0,1.5166666666666666,1.0,False,False,138.2560095309484,97.89455290188624,66.56981333333334,Reid,12,0.925,0.931,1.36,False
23,DJ Moore,WR,48.0,0.8408561130909072,1.0,no distinct scarcity signal exists in compute_willingness today -- position_fit_multiplier (position_targets) is the closest analog,1.1,1.511111111111111,1.0,False,False,107.55333333333333,92.9888214515924,66.28676977777778,Ryan J,12,1.381,1.398,1.937,False
23,Josh Downs,WR,30.0,1.0797887645626603,1.0,no distinct scarcity signal exists in compute_willingness today -- position_fit_multiplier (position_targets) is the closest analog,1.1,1.5055555555555555,1.0,False,False,53.64750511935484,53.40538550655744,53.64750511935484,James,12,1.788,1.788,1.78,False
23,Zach Charbonnet,RB,36.0,1.1067486635096182,1.0,no distinct scarcity signal exists in compute_willingness today -- position_fit_multiplier (position_targets) is the closest analog,1.1,1.5,1.0,False,False,76.3425,54.25711500000001,54.25711500000001,Reid,11,1.507,1.507,1.507,False
23,Terry McLaurin,WR,57.0,0.9635872431565791,1.3,no distinct scarcity signal exists in compute_willingness today -- position_fit_multiplier (position_targets) is the closest analog,1.0,1.4944444444444445,1.0,True,True,106.70604532842097,77.36172846431096,56.0,Sam,12,0.982,1.872,1.357,False
23,Rachaad White,RB,59.0,0.9765145656785275,1.0,no distinct scarcity signal exists in compute_willingness today -- position_fit_multiplier (position_targets) is the closest analog,1.0,1.488888888888889,1.0,False,False,71.21091377375576,69.8986204056632,49.27082000000001,Travis,10,0.835,0.933,1.185,False
23,Austin Ekeler,RB,31.0,0.9997672096379971,1.0,no distinct scarcity signal exists in compute_willingness today -- position_fit_multiplier (position_targets) is the closest analog,1.1,1.4833333333333334,1.0,False,False,50.56989174217263,49.20502950000001,50.56989174217263,Ryan J,10,1.631,1.631,1.587,False
23,Tony Pollard,RB,75.0,0.9711196725177718,1.0,no distinct scarcity signal exists in compute_willingness today -- position_fit_multiplier (position_targets) is the closest analog,1.0,1.4777777777777779,1.0,False,False,101.01869651648514,68.34385303351173,44.56431,James,10,0.594,0.594,0.911,False
23,Deebo Samuel,WR,48.0,1.0629610105834244,1.3,no distinct scarcity signal exists in compute_willingness today -- position_fit_multiplier (position_targets) is the closest analog,1.25,1.4666666666666668,1.0,False,False,89.84764625928123,50.95702169649216,45.09122666666667,Shane,11,0.939,1.045,1.062,False
23,Chuba Hubbard,RB,65.0,1.0398405599265808,1.0,no distinct scarcity signal exists in compute_willingness today -- position_fit_multiplier (position_targets) is the closest analog,1.0,1.461111111111111,1.0,False,False,94.16917314821308,76.25057291405528,37.5,Travis,9,0.577,0.676,1.173,False
23,DeVonta Smith,WR,71.0,0.8560173190054742,1.0,no distinct scarcity signal exists in compute_willingness today -- position_fit_multiplier (position_targets) is the closest analog,1.0,1.4555555555555555,1.0,True,True,88.4646342674435,62.705368557616595,36.5,Brad,11,0.514,1.246,0.883,False
24,Josh Jacobs,RB,126.0,0.8658182221005586,1.3,no distinct scarcity signal exists in compute_willingness today -- position_fit_multiplier (position_targets) is the closest analog,1.0,1.6,1.0,True,True,315.0,315.0,273.0,James,12,2.167,2.5,2.5,False
24,Jaylen Warren,RB,83.0,0.9206767225615143,1.0,no distinct scarcity signal exists in compute_willingness today -- position_fit_multiplier (position_targets) is the closest analog,1.15,1.5944444444444446,1.0,True,True,207.5,207.5,207.5,Ryan J,12,2.5,2.5,2.5,True
24,Jordan Mason,RB,63.0,1.2174490765904324,1.3,no distinct scarcity signal exists in compute_willingness today -- position_fit_multiplier (position_targets) is the closest analog,1.25,1.588888888888889,1.0,True,True,157.5,157.5,157.5,Reid,12,2.5,2.5,2.5,True
24,Zach Charbonnet,RB,36.0,0.9598292284603043,1.0,no distinct scarcity signal exists in compute_willingness today -- position_fit_multiplier (position_targets) is the closest analog,1.15,1.5833333333333333,1.0,True,True,90.0,90.0,90.0,Coby,12,2.5,2.5,2.5,True
24,Bucky Irving,RB,102.0,0.8630409849223251,1.0,no distinct scarcity signal exists in compute_willingness today -- position_fit_multiplier (position_targets) is the closest analog,1.0,1.5777777777777777,1.0,True,True,255.0,236.6594786873971,208.54666666666665,Brad,12,2.045,2.5,2.32,False
24,Bhayshul Tuten,RB,95.0,0.9970458976678397,1.0,no distinct scarcity signal exists in compute_willingness today -- position_fit_multiplier (position_targets) is the closest analog,1.6,1.5722222222222222,1.0,True,True,237.5,237.5,153.76993867936318,CJ,12,1.619,2.5,2.5,True
24,Tony Pollard,RB,75.0,0.9020696503437065,0.4,no distinct scarcity signal exists in compute_willingness today -- position_fit_multiplier (position_targets) is the closest analog,1.0,1.5666666666666667,1.0,True,True,149.77485263600636,137.13537712635392,100.24,Shane,12,1.337,1.567,1.828,False
24,Jacory Croskey-Merritt,RB,59.0,1.038362338630913,0.4,no distinct scarcity signal exists in compute_willingness today -- position_fit_multiplier (position_targets) is the closest analog,1.25,1.5611111111111111,1.0,True,True,147.5,141.0750345002342,105.54966666666667,Travis,12,1.789,1.951,2.391,True
24,James Cook,RB,71.0,1.0414367480386855,0.4,no distinct scarcity signal exists in compute_willingness today -- position_fit_multiplier (position_targets) is the closest analog,1.25,1.5555555555555556,1.0,True,True,177.5,162.50157710731884,104.42133333333334,Shane,12,1.471,1.471,2.289,True
24,Jaylen Waddle,WR,64.0,0.9753750194154909,1.3,no distinct scarcity signal exists in compute_willingness today -- position_fit_multiplier (position_targets) is the closest analog,1.25,1.5499999999999998,1.0,True,True,160.0,160.0,151.5,Sam,12,2.367,2.5,2.5,True
24,Terry McLaurin,WR,57.0,1.0282294130765952,1.3,no distinct scarcity signal exists in compute_willingness today -- position_fit_multiplier (position_targets) is the closest analog,1.0,1.5444444444444443,1.0,True,True,142.5,132.05394190732258,98.92164,Travis,12,1.735,2.5,2.317,False
24,RJ Harvey,RB,71.0,0.8578630188949247,1.3,no distinct scarcity signal exists in compute_willingness today -- position_fit_multiplier (position_targets) is the closest analog,1.25,1.5388888888888888,1.0,True,True,153.7927083333333,140.46002384909232,75.96382388414175,Reid,11,1.07,2.166,1.978,True
24,Jonathon Brooks,RB,78.0,0.8081147557218995,1.0,no distinct scarcity signal exists in compute_willingness today -- position_fit_multiplier (position_targets) is the closest analog,1.0,1.0,1.0,False,False,157.80444564741595,63.03295094630816,55.42162285300054,Brandon,11,0.711,0.808,0.808,False
24,Deebo Samuel,WR,48.0,1.1130286700021972,1.3,no distinct scarcity signal exists in compute_willingness today -- position_fit_multiplier (position_targets) is the closest analog,1.25,1.5277777777777777,1.0,True,True,120.0,120.0,60.47222210873208,Sam,12,1.26,2.5,2.5,True
24,Tee Higgins,WR,60.0,0.9744321866684735,1.0,no distinct scarcity signal exists in compute_willingness today -- position_fit_multiplier (position_targets) is the closest analog,1.1,1.5222222222222221,1.0,False,False,143.80390760473884,59.493011111111116,59.493011111111116,Jason,11,0.992,0.992,0.992,False
24,Aaron Jones Sr,RB,59.0,0.8722937603176595,1.0,no distinct scarcity signal exists in compute_willingness today -- position_fit_multiplier (position_targets) is the closest analog,1.0,1.0,1.0,False,False,102.65924877007164,51.46533185874191,42.06933333333333,Brandon,10,0.713,0.872,0.872,False
24,Rashee Rice,WR,72.0,1.083953926741881,1.0,no distinct scarcity signal exists in compute_willingness today -- position_fit_multiplier (position_targets) is the closest analog,1.0,1.0,1.0,False,False,128.7892951115931,78.04468272541543,47.70666666666666,Brandon,11,0.663,1.084,1.084,False
24,Rachaad White,RB,59.0,0.8658970098740277,1.0,no distinct scarcity signal exists in compute_willingness today -- position_fit_multiplier (position_targets) is the closest analog,1.0,1.5055555555555555,1.0,False,False,114.32829802974143,57.2452821720082,39.78311111111111,Coby,10,0.674,0.704,0.97,False
24,DeVonta Smith,WR,71.0,1.1380025947669317,1.3,no distinct scarcity signal exists in compute_willingness today -- position_fit_multiplier (position_targets) is the closest analog,1.0,1.5,1.0,False,False,142.2496925476291,75.06138101864997,39.2167,Shane,11,0.552,0.656,1.057,False
24,Bill Croskey-Merritt,RB,42.0,0.9914035550096051,1.0,no distinct scarcity signal exists in compute_willingness today -- position_fit_multiplier (position_targets) is the closest analog,1.6,1.4944444444444445,1.0,False,False,105.0,42.17154844444445,42.17154844444445,CJ,11,1.004,1.004,1.004,False
24,Josh Allen,QB,40.0,1.0397659207505656,1.0,no distinct scarcity signal exists in compute_willingness today -- position_fit_multiplier (position_targets) is the closest analog,1.0,1.488888888888889,1.0,False,False,43.66940261495071,38.35377777777778,38.35377777777778,Evan,10,0.959,0.959,0.959,False
24,Kenny Gainwell,RB,64.0,0.8812076878156823,1.0,no distinct scarcity signal exists in compute_willingness today -- position_fit_multiplier (position_targets) is the closest analog,1.0,1.4833333333333334,1.0,False,False,143.96378436822434,63.52956161542149,34.8,Jason,9,0.544,0.589,0.993,False
24,Chuba Hubbard,RB,65.0,1.055643321759656,1.0,no distinct scarcity signal exists in compute_willingness today -- position_fit_multiplier (position_targets) is the closest analog,1.0,1.0,1.0,False,False,110.22995551419062,68.61681591437764,32.96876666666667,Brandon,7,0.507,1.056,1.056,False
24,Matthew Golden,WR,22.0,0.9769626291031298,1.3,no distinct scarcity signal exists in compute_willingness today -- position_fit_multiplier (position_targets) is the closest analog,1.25,1.4722222222222223,1.0,False,False,38.33519444444445,36.62587083333333,37.0,Shane,10,1.682,1.743,1.665,False
25,Bhayshul Tuten,RB,95.0,0.983358938578368,1.0,no distinct scarcity signal exists in compute_willingness today -- position_fit_multiplier (position_targets) is the closest analog,1.3,1.6,1.0,True,True,237.5,237.5,237.5,Coby,12,2.5,2.5,2.5,True
25,Josh Jacobs,RB,126.0,1.121986021616148,1.3,no distinct scarcity signal exists in compute_willingness today -- position_fit_multiplier (position_targets) is the closest analog,1.0,1.5944444444444446,1.0,True,True,315.0,315.0,252.98400000000004,Brad,12,2.008,2.5,2.5,False
25,Deebo Samuel,WR,48.0,0.930769376386786,1.0,no distinct scarcity signal exists in compute_willingness today -- position_fit_multiplier (position_targets) is the closest analog,1.3,1.588888888888889,1.0,True,True,120.0,120.0,120.0,Sam,12,2.5,2.5,2.5,True
25,RJ Harvey,RB,71.0,0.8707589765160761,1.3,no distinct scarcity signal exists in compute_willingness today -- position_fit_multiplier (position_targets) is the closest analog,1.25,1.5833333333333333,1.0,True,True,177.5,177.5,177.5,Jason,12,2.5,2.5,2.5,True
25,Jaylen Waddle,WR,64.0,0.8411860921439439,1.3,no distinct scarcity signal exists in compute_willingness today -- position_fit_multiplier (position_targets) is the closest analog,1.25,1.5777777777777777,1.0,True,True,160.0,160.0,160.0,Shane,12,2.5,2.5,2.5,True
25,Zach Charbonnet,RB,36.0,1.0190376192357908,1.0,no distinct scarcity signal exists in compute_willingness today -- position_fit_multiplier (position_targets) is the closest analog,1.15,1.5722222222222222,1.0,True,True,90.0,90.0,90.0,Reid,12,2.5,2.5,2.5,True
25,DeVonta Smith,WR,71.0,0.971720168224562,1.3,no distinct scarcity signal exists in compute_willingness today -- position_fit_multiplier (position_targets) is the closest analog,1.0,1.5666666666666667,1.0,True,True,177.5,145.23,96.101,Shane,12,1.354,2.5,2.045,False
25,Rashee Rice,WR,72.0,1.0333991713397683,1.0,no distinct scarcity signal exists in compute_willingness today -- position_fit_multiplier (position_targets) is the closest analog,1.0,1.5611111111111111,1.0,True,True,144.715,112.87199348801478,79.80833333333334,Sam,12,1.108,2.01,1.568,False
25,Jordan Mason,RB,63.0,0.9136037180654264,1.0,no distinct scarcity signal exists in compute_willingness today -- position_fit_multiplier (position_targets) is the closest analog,1.1,1.5555555555555556,1.0,False,False,157.5,157.5,77.79466666666669,James,11,1.235,1.371,2.5,False
25,Jaylen Warren,RB,83.0,1.0496790765897452,1.0,no distinct scarcity signal exists in compute_willingness today -- position_fit_multiplier (position_targets) is the closest analog,1.0,1.0,1.0,False,False,207.5,198.14150448289624,77.52040000000001,Evan,11,0.934,1.05,2.387,False
25,DJ Moore,WR,48.0,0.9327679379081091,1.0,no distinct scarcity signal exists in compute_willingness today -- position_fit_multiplier (position_targets) is the closest analog,1.1,1.5444444444444443,1.0,False,False,94.23310963068928,94.12657258241266,75.22445555555556,Travis,12,1.567,1.585,1.961,False
25,Bucky Irving,RB,102.0,1.2338887857168392,1.0,no distinct scarcity signal exists in compute_willingness today -- position_fit_multiplier (position_targets) is the closest analog,1.0,1.0,1.0,False,False,209.3030306225495,175.79811033020997,72.0,Evan,11,0.706,1.234,1.724,False
25,Chuba Hubbard,RB,65.0,0.9690330222403246,1.0,no distinct scarcity signal exists in compute_willingness today -- position_fit_multiplier (position_targets) is the closest analog,1.0,1.5333333333333332,1.0,False,False,128.44118482796878,123.32302650274072,58.14074,Ryan J,11,0.894,1.031,1.897,False
25,Jacory Croskey-Merritt,RB,59.0,1.07577380271374,1.0,no distinct scarcity signal exists in compute_willingness today -- position_fit_multiplier (position_targets) is the closest analog,1.1,1.5277777777777777,1.0,False,False,147.5,142.36434664572238,57.46666666666666,James,11,0.974,1.061,2.413,False
25,JK Dobbins,RB,34.0,1.1416700640746311,1.0,no distinct scarcity signal exists in compute_willingness today -- position_fit_multiplier (position_targets) is the closest analog,1.1,1.5222222222222221,1.0,False,False,85.0,82.71051831483683,54.5,Ryan J,11,1.603,1.665,2.433,False
25,Tony Pollard,RB,75.0,1.114892223548391,1.0,no distinct scarcity signal exists in compute_willingness today -- position_fit_multiplier (position_targets) is the closest analog,1.0,1.5166666666666666,1.0,False,False,187.5,139.43558510066285,49.67377666666667,CJ,11,0.662,0.747,1.859,False
25,Rachaad White,RB,59.0,1.0167984465077384,1.0,no distinct scarcity signal exists in compute_willingness today -- position_fit_multiplier (position_targets) is the closest analog,1.0,1.511111111111111,1.0,False,False,122.51123358861129,119.52733809294054,48.26755555555555,Travis,11,0.818,0.822,2.026,False
25,DK Metcalf,WR,32.0,1.067278947742183,1.0,no distinct scarcity signal exists in compute_willingness today -- position_fit_multiplier (position_targets) is the closest analog,1.1,1.5055555555555555,1.0,False,False,51.803155555555556,45.53609988888889,45.715088888888886,Brandon,10,1.429,1.619,1.423,False
25,Austin Ekeler,RB,31.0,0.9467398401594402,1.0,no distinct scarcity signal exists in compute_willingness today -- position_fit_multiplier (position_targets) is the closest analog,1.1,1.5,1.0,False,False,45.36807,45.0093,45.36807,James,10,1.463,1.463,1.452,False
25,Josh Downs,WR,30.0,0.9924755947732257,1.0,no distinct scarcity signal exists in compute_willingness today -- position_fit_multiplier (position_targets) is the closest analog,1.0,1.4944444444444445,1.0,False,False,44.49598916566629,43.82458333333333,44.49598916566629,CJ,10,1.483,1.483,1.461,False
25,Aaron Jones Sr,RB,59.0,0.8990281341344588,1.0,no distinct scarcity signal exists in compute_willingness today -- position_fit_multiplier (position_targets) is the closest analog,1.0,1.488888888888889,1.0,False,False,123.72745889571513,102.9905090781187,37.5,Reid,11,0.636,0.644,1.746,False
25,Jonathon Brooks,RB,78.0,0.9399330045438827,1.0,no distinct scarcity signal exists in compute_willingness today -- position_fit_multiplier (position_targets) is the closest analog,1.0,1.4833333333333334,1.0,False,False,143.19460277750838,140.04837437737444,36.26803,Ryan J,11,0.465,0.467,1.795,False
25,Kenny Gainwell,RB,64.0,0.9440895838681912,1.0,no distinct scarcity signal exists in compute_willingness today -- position_fit_multiplier (position_targets) is the closest analog,1.0,1.4777777777777779,1.0,False,False,134.71508826504373,118.58467380915786,35.29923444444445,Travis,11,0.552,0.552,1.853,False
25,James Cook,RB,71.0,0.9863055143392581,1.0,no distinct scarcity signal exists in compute_willingness today -- position_fit_multiplier (position_targets) is the closest analog,1.1,1.4722222222222223,1.0,False,False,172.56933924318486,160.78424968506542,36.00385000000001,Brandon,11,0.507,0.536,2.265,False
26,Josh Jacobs,RB,126.0,0.9199785169989508,1.3,no distinct scarcity signal exists in compute_willingness today -- position_fit_multiplier (position_targets) is the closest analog,1.0,1.6,1.0,True,True,315.0,315.0,289.0,Shane,12,2.294,2.5,2.5,False
26,Jaylen Waddle,WR,64.0,1.073605491936884,1.0,no distinct scarcity signal exists in compute_willingness today -- position_fit_multiplier (position_targets) is the closest analog,1.3,1.5944444444444446,1.0,True,True,160.0,160.0,160.0,James,12,2.5,2.5,2.5,True
26,James Cook,RB,71.0,0.8783947723064494,1.0,no distinct scarcity signal exists in compute_willingness today -- position_fit_multiplier (position_targets) is the closest analog,1.6,1.588888888888889,1.0,True,True,177.5,177.5,177.5,Reid,12,2.5,2.5,2.5,True
26,Jaylen Warren,RB,83.0,1.2000470769211296,1.0,no distinct scarcity signal exists in compute_willingness today -- position_fit_multiplier (position_targets) is the closest analog,1.6,1.5833333333333333,1.0,True,True,207.5,207.5,207.5,Ryan J,12,2.5,2.5,2.5,True
26,Bhayshul Tuten,RB,95.0,1.0370848069538738,1.3,no distinct scarcity signal exists in compute_willingness today -- position_fit_multiplier (position_targets) is the closest analog,1.25,1.5777777777777777,1.0,True,True,237.5,237.5,237.5,CJ,12,2.5,2.5,2.5,True
26,Zach Charbonnet,RB,36.0,0.9960296328501683,1.0,no distinct scarcity signal exists in compute_willingness today -- position_fit_multiplier (position_targets) is the closest analog,1.3,1.5722222222222222,1.0,True,True,90.0,90.0,90.0,James,12,2.5,2.5,2.5,True
26,Tony Pollard,RB,75.0,1.0487446069599335,1.3,no distinct scarcity signal exists in compute_willingness today -- position_fit_multiplier (position_targets) is the closest analog,1.0,1.5666666666666667,1.0,True,True,187.5,187.5,187.5,Travis,12,2.5,2.5,2.5,False
26,Bill Croskey-Merritt,RB,42.0,0.9868489695134302,1.0,no distinct scarcity signal exists in compute_willingness today -- position_fit_multiplier (position_targets) is the closest analog,1.15,1.5611111111111111,1.0,True,True,105.0,105.0,105.0,Evan,12,2.5,2.5,2.5,True
26,Bucky Irving,RB,102.0,1.2049266330823831,1.0,no distinct scarcity signal exists in compute_willingness today -- position_fit_multiplier (position_targets) is the closest analog,1.0,1.5555555555555556,1.0,True,True,227.57777777777775,223.2533333333333,176.19555555555556,Jason,12,1.727,2.231,2.189,False
26,Jacory Croskey-Merritt,RB,59.0,0.7652924890986927,1.3,no distinct scarcity signal exists in compute_willingness today -- position_fit_multiplier (position_targets) is the closest analog,1.25,1.5499999999999998,1.0,True,True,147.5,147.5,70.5,Brandon,12,1.195,2.5,2.5,True
26,DJ Moore,WR,48.0,0.9586399135464245,1.3,no distinct scarcity signal exists in compute_willingness today -- position_fit_multiplier (position_targets) is the closest analog,1.25,1.5444444444444443,1.0,True,True,120.0,119.80035789686679,61.75844444444444,Brandon,12,1.287,2.5,2.496,True
26,RJ Harvey,RB,71.0,0.9600578729033198,1.3,no distinct scarcity signal exists in compute_willingness today -- position_fit_multiplier (position_targets) is the closest analog,1.25,1.5388888888888888,1.0,True,True,177.5,170.45760862712822,66.35124448645394,Travis,11,0.935,2.401,2.401,True
26,Aaron Jones Sr,RB,59.0,1.0440265550599348,1.0,no distinct scarcity signal exists in compute_willingness today -- position_fit_multiplier (position_targets) is the closest analog,1.0,1.0,1.0,False,False,92.22305280312402,77.74975201273183,61.321333333333335,Coby,11,1.039,1.044,1.318,False
26,Rashee Rice,WR,72.0,0.8811622974873838,1.0,no distinct scarcity signal exists in compute_willingness today -- position_fit_multiplier (position_targets) is the closest analog,1.0,1.0,1.0,False,False,150.86808212881468,113.6749161733918,60.516666666666666,Coby,11,0.841,0.881,1.579,False
26,JK Dobbins,RB,34.0,1.056958875044656,1.0,no distinct scarcity signal exists in compute_willingness today -- position_fit_multiplier (position_targets) is the closest analog,1.0,1.5222222222222221,1.0,False,False,83.70700000000001,70.64978272734255,48.52377777777778,Brad,10,1.427,1.609,2.078,False
26,Tee Higgins,WR,60.0,1.066867928848555,1.0,no distinct scarcity signal exists in compute_willingness today -- position_fit_multiplier (position_targets) is the closest analog,1.0,1.0,1.0,False,False,150.0,121.19323066732176,50.36325333333334,Coby,11,0.839,1.067,2.02,False
26,DeVonta Smith,WR,71.0,0.8896149043145917,1.0,no distinct scarcity signal exists in compute_willingness today -- position_fit_multiplier (position_targets) is the closest analog,1.0,1.0,1.0,False,False,140.8513885942567,115.5173078099398,50.18243555555556,Coby,11,0.707,0.89,1.627,False
26,Jordan Mason,RB,63.0,0.9657329707233473,1.0,no distinct scarcity signal exists in compute_willingness today -- position_fit_multiplier (position_targets) is the closest analog,1.0,1.5055555555555555,1.0,False,False,157.5,128.24389521677332,48.00344444444445,Brad,11,0.762,0.778,2.036,False
26,Rachaad White,RB,59.0,1.0875093727230292,1.0,no distinct scarcity signal exists in compute_willingness today -- position_fit_multiplier (position_targets) is the closest analog,1.0,1.0,1.0,False,False,129.05162971811504,71.86932784728575,47.62,Coby,11,0.807,1.088,1.218,False
26,Jalen Hurts,QB,18.0,0.9935112890258966,1.0,no distinct scarcity signal exists in compute_willingness today -- position_fit_multiplier (position_targets) is the closest analog,1.6,1.4944444444444445,1.0,False,False,31.562666666666672,28.858137053846722,30.87090277777778,Reid,10,1.715,1.753,1.603,False
26,Jonathon Brooks,RB,78.0,1.0412127590101408,1.0,no distinct scarcity signal exists in compute_willingness today -- position_fit_multiplier (position_targets) is the closest analog,1.0,1.488888888888889,1.0,False,False,162.7929946103206,128.98131658080445,42.0,Sam,9,0.538,0.596,1.654,False
26,Terry McLaurin,WR,57.0,1.1908765662378364,1.0,no distinct scarcity signal exists in compute_willingness today -- position_fit_multiplier (position_targets) is the closest analog,1.0,1.4833333333333334,1.0,True,True,105.6235422567214,100.68861367540907,39.31034666666667,James,10,0.69,1.766,1.766,False
26,Kenny Gainwell,RB,64.0,0.9949460366278657,1.0,no distinct scarcity signal exists in compute_willingness today -- position_fit_multiplier (position_targets) is the closest analog,1.0,1.4777777777777779,1.0,False,False,117.9029886912943,70.00886088831945,38.0,Brad,10,0.594,0.596,1.094,False
26,Chuba Hubbard,RB,65.0,0.9812793871056552,1.0,no distinct scarcity signal exists in compute_willingness today -- position_fit_multiplier (position_targets) is the closest analog,1.0,1.4666666666666668,1.0,False,False,105.30799415093912,97.30172338172794,31.0,Sam,10,0.477,0.572,1.497,False
27,Bhayshul Tuten,RB,95.0,1.0481369703434922,1.0,no distinct scarcity signal exists in compute_willingness today -- position_fit_multiplier (position_targets) is the closest analog,1.3,1.6,1.0,True,True,237.5,237.5,237.5,Brad,12,2.5,2.5,2.5,True
27,Jaylen Warren,RB,83.0,0.9148461511585467,1.0,no distinct scarcity signal exists in compute_willingness today -- position_fit_multiplier (position_targets) is the closest analog,1.15,1.5944444444444446,1.0,True,True,207.5,207.5,207.5,Ryan J,12,2.5,2.5,2.5,True
27,Josh Jacobs,RB,126.0,0.6395416289979914,1.0,no distinct scarcity signal exists in compute_willingness today -- position_fit_multiplier (position_targets) is the closest analog,1.0,1.588888888888889,1.0,True,True,265.7416666666667,219.26666666666668,177.0,Sam,12,1.405,2.109,1.74,False
27,Bucky Irving,RB,102.0,0.8095584571988991,1.0,no distinct scarcity signal exists in compute_willingness today -- position_fit_multiplier (position_targets) is the closest analog,1.0,1.5833333333333333,1.0,True,True,218.5,182.3250431814402,147.0,Evan,12,1.441,2.142,1.788,False
27,Deebo Samuel,WR,48.0,0.951496132826834,1.0,no distinct scarcity signal exists in compute_willingness today -- position_fit_multiplier (position_targets) is the closest analog,1.6,1.5777777777777777,1.0,True,True,120.0,120.0,120.0,Brandon,12,2.5,2.5,2.5,True
27,Jonathon Brooks,RB,78.0,0.9395405233492218,1.0,no distinct scarcity signal exists in compute_willingness today -- position_fit_multiplier (position_targets) is the closest analog,1.0,1.5722222222222222,1.0,False,False,115.75202511431668,113.28798357283345,85.52208534534735,Shane,11,1.096,1.11,1.452,False
27,Jordan Mason,RB,63.0,0.9848111323237642,0.4,no distinct scarcity signal exists in compute_willingness today -- position_fit_multiplier (position_targets) is the closest analog,1.25,1.5666666666666667,1.0,True,True,149.28182364565103,140.08329791798786,87.18603546844555,Jason,12,1.384,1.559,2.224,True
27,Kenny Gainwell,RB,64.0,1.0138553178631973,1.0,no distinct scarcity signal exists in compute_willingness today -- position_fit_multiplier (position_targets) is the closest analog,1.0,1.5611111111111111,1.0,False,False,90.96238315154011,90.46894186586394,74.18090051547047,James,12,1.159,1.232,1.414,False
27,James Cook,RB,71.0,0.9745332351154717,1.0,no distinct scarcity signal exists in compute_willingness today -- position_fit_multiplier (position_targets) is the closest analog,1.1,1.5555555555555556,1.0,False,False,175.39917512177553,157.93465826745793,74.10265462469825,CJ,12,1.044,1.082,2.224,False
27,Tony Pollard,RB,75.0,1.0297983424771262,1.0,no distinct scarcity signal exists in compute_willingness today -- position_fit_multiplier (position_targets) is the closest analog,1.0,1.0,1.0,False,False,145.1093139560855,114.3345937468676,63.839479999999995,Coby,12,0.851,1.03,1.524,False
27,Aaron Jones Sr,RB,59.0,1.0135981539004806,1.0,no distinct scarcity signal exists in compute_willingness today -- position_fit_multiplier (position_targets) is the closest analog,1.0,1.5444444444444443,1.0,False,False,112.9406639811828,91.66325776371254,59.08266666666666,Shane,12,1.001,1.061,1.554,False
27,DJ Moore,WR,48.0,1.2578441350578373,1.3,no distinct scarcity signal exists in compute_willingness today -- position_fit_multiplier (position_targets) is the closest analog,1.25,1.5388888888888888,1.0,True,True,120.0,92.57801088446276,65.12140655555557,Jason,12,1.357,2.5,1.929,True
27,Rashee Rice,WR,72.0,1.2567892956340299,1.0,no distinct scarcity signal exists in compute_willingness today -- position_fit_multiplier (position_targets) is the closest analog,1.0,1.0,1.0,False,False,129.34855213170283,125.30062995851992,67.49252367486336,Reid,12,0.937,1.257,1.74,False
27,Jacory Croskey-Merritt,RB,59.0,1.0757712897160463,1.0,no distinct scarcity signal exists in compute_willingness today -- position_fit_multiplier (position_targets) is the closest analog,1.1,1.5277777777777777,1.0,False,False,132.72338217271468,116.0786443393518,57.253583333333346,James,12,0.97,1.079,1.967,False
27,Jaylen Waddle,WR,64.0,1.1979496816695137,1.0,no distinct scarcity signal exists in compute_willingness today -- position_fit_multiplier (position_targets) is the closest analog,1.0,1.0,1.0,False,False,120.71846120904456,112.73226113035659,57.31978241665791,Reid,12,0.896,1.198,1.761,False
27,DK Metcalf,WR,32.0,1.0283126215765934,1.0,no distinct scarcity signal exists in compute_willingness today -- position_fit_multiplier (position_targets) is the closest analog,1.1,1.5166666666666666,1.0,False,False,53.858805000000004,50.959014148653075,51.959014148653075,CJ,12,1.624,1.683,1.592,False
27,RJ Harvey,RB,71.0,0.9012860536680262,1.0,no distinct scarcity signal exists in compute_willingness today -- position_fit_multiplier (position_targets) is the closest analog,1.0,1.0,1.0,False,False,142.99255851868625,126.64758163886623,63.99130981042986,Coby,12,0.901,0.901,1.784,False
27,Rachaad White,RB,59.0,1.0878280057587832,1.0,no distinct scarcity signal exists in compute_willingness today -- position_fit_multiplier (position_targets) is the closest analog,1.0,1.0,1.0,False,False,144.1326601751536,92.05922288372626,63.0,Reid,10,1.068,1.088,1.56,False
27,DeVonta Smith,WR,71.0,1.2607290267983142,1.0,no distinct scarcity signal exists in compute_willingness today -- position_fit_multiplier (position_targets) is the closest analog,1.0,1.0,1.0,False,False,107.77586828121301,89.51176090268031,65.8239417875216,Coby,12,0.927,1.261,1.261,False
27,Bill Croskey-Merritt,RB,42.0,1.0562186707831225,1.0,no distinct scarcity signal exists in compute_willingness today -- position_fit_multiplier (position_targets) is the closest analog,1.0,1.4944444444444445,1.0,False,False,96.03956395333292,93.11018227823132,50.27037616666667,Travis,12,1.197,1.315,2.217,False
27,Josh Downs,WR,30.0,0.9828649819441786,1.0,no distinct scarcity signal exists in compute_willingness today -- position_fit_multiplier (position_targets) is the closest analog,1.1,1.488888888888889,1.0,False,False,48.29143277952398,46.09836733333334,46.550831111111115,Shane,12,1.552,1.61,1.537,False
27,Zach Charbonnet,RB,36.0,1.044316517271829,1.0,no distinct scarcity signal exists in compute_willingness today -- position_fit_multiplier (position_targets) is the closest analog,1.1,1.4833333333333334,1.0,False,False,75.49425000000001,61.8405224843441,45.262257000000005,James,11,1.257,1.276,1.718,False
27,JK Dobbins,RB,34.0,1.0256192271602838,1.0,no distinct scarcity signal exists in compute_willingness today -- position_fit_multiplier (position_targets) is the closest analog,1.0,1.4777777777777779,1.0,False,False,76.32335722423427,75.21150000000002,40.0,Travis,12,1.176,1.301,2.212,False
27,Tee Higgins,WR,60.0,1.346762584033958,1.0,no distinct scarcity signal exists in compute_willingness today -- position_fit_multiplier (position_targets) is the closest analog,1.0,1.0,1.0,False,False,147.27549450866994,120.33851919356214,58.0,Coby,12,0.967,1.347,2.006,False
28,Josh Jacobs,RB,126.0,1.1711425292085345,1.3,no distinct scarcity signal exists in compute_willingness today -- position_fit_multiplier (position_targets) is the closest analog,1.0,1.6,1.0,True,True,315.0,315.0,254.0,Brad,12,2.016,2.5,2.5,False
28,Jaylen Warren,RB,83.0,1.1022493483867115,1.0,no distinct scarcity signal exists in compute_willingness today -- position_fit_multiplier (position_targets) is the closest analog,1.3,1.5944444444444446,1.0,True,True,207.5,207.5,207.5,Reid,12,2.5,2.5,2.5,True
28,Jonathon Brooks,RB,78.0,0.9883868214349809,1.0,no distinct scarcity signal exists in compute_willingness today -- position_fit_multiplier (position_targets) is the closest analog,1.0,1.588888888888889,1.0,True,True,195.0,195.0,195.0,Sam,12,2.5,2.5,2.5,False
28,Bucky Irving,RB,102.0,1.0337486991588485,1.0,no distinct scarcity signal exists in compute_willingness today -- position_fit_multiplier (position_targets) is the closest analog,1.0,1.5833333333333333,1.0,True,True,235.125,175.04882859278894,166.0,James,12,1.627,2.305,1.716,False
28,Tony Pollard,RB,75.0,1.1046158057656708,1.0,no distinct scarcity signal exists in compute_willingness today -- position_fit_multiplier (position_targets) is the closest analog,1.0,1.5777777777777777,1.0,True,True,168.98344500172567,164.87777777777777,74.53546047339178,Jason,12,0.994,2.198,2.198,False
28,RJ Harvey,RB,71.0,0.9657859542258644,1.0,no distinct scarcity signal exists in compute_willingness today -- position_fit_multiplier (position_targets) is the closest analog,1.1,1.5722222222222222,1.0,False,False,177.5,139.442260080112,76.316,CJ,12,1.075,1.093,1.964,False
28,Bhayshul Tuten,RB,95.0,0.8422806425710053,1.0,no distinct scarcity signal exists in compute_willingness today -- position_fit_multiplier (position_targets) is the closest analog,1.0,1.0,1.0,False,False,237.5,202.91879320634834,76.06400000000001,Travis,12,0.801,0.842,2.136,False
28,Jacory Croskey-Merritt,RB,59.0,1.0078224843077253,1.0,no distinct scarcity signal exists in compute_willingness today -- position_fit_multiplier (position_targets) is the closest analog,1.1,1.5611111111111111,1.0,False,False,147.5,120.23026790185041,71.81200000000001,Ryan J,12,1.217,1.272,2.038,False
28,James Cook,RB,71.0,1.0379074102410575,1.0,no distinct scarcity signal exists in compute_willingness today -- position_fit_multiplier (position_targets) is the closest analog,1.0,1.5555555555555556,1.0,False,False,159.51629206533448,150.8843506420321,68.7760507428854,Shane,12,0.969,0.994,2.125,False
28,Jaylen Waddle,WR,64.0,1.0788713932009775,1.0,no distinct scarcity signal exists in compute_willingness today -- position_fit_multiplier (position_targets) is the closest analog,1.0,1.0,1.0,False,False,122.9814443382971,120.27374853556687,59.677321500000005,Travis,12,0.932,1.079,1.879,False
28,DeVonta Smith,WR,71.0,1.301247190396645,1.0,no distinct scarcity signal exists in compute_willingness today -- position_fit_multiplier (position_targets) is the closest analog,1.0,1.0,1.0,False,False,117.00496775157065,97.82131750165003,60.18423555555555,Travis,12,0.848,1.301,1.378,False
28,Bill Croskey-Merritt,RB,42.0,1.0370182170370217,1.0,no distinct scarcity signal exists in compute_willingness today -- position_fit_multiplier (position_targets) is the closest analog,1.0,1.5388888888888888,1.0,False,False,98.72637800405869,94.52625,55.00909066666667,Coby,12,1.31,1.406,2.251,False
28,DJ Moore,WR,48.0,1.1498052075044811,1.0,no distinct scarcity signal exists in compute_willingness today -- position_fit_multiplier (position_targets) is the closest analog,1.0,1.0,1.0,False,False,100.2469823123595,97.5775814342964,55.10014600000001,Travis,12,1.148,1.15,2.033,False
28,Zach Charbonnet,RB,36.0,1.006690336038882,1.0,no distinct scarcity signal exists in compute_willingness today -- position_fit_multiplier (position_targets) is the closest analog,1.1,1.5277777777777777,1.0,False,False,90.0,73.06474085366776,53.61913333333334,CJ,11,1.489,1.489,2.03,False
28,Jordan Mason,RB,63.0,0.9606469455402253,1.0,no distinct scarcity signal exists in compute_willingness today -- position_fit_multiplier (position_targets) is the closest analog,1.0,1.5222222222222221,1.0,False,False,153.5268610883229,126.6415895952055,53.71536233333334,Shane,11,0.853,0.863,2.01,False
28,JK Dobbins,RB,34.0,1.0974029902487525,1.0,no distinct scarcity signal exists in compute_willingness today -- position_fit_multiplier (position_targets) is the closest analog,1.6,1.5166666666666666,1.0,False,False,85.0,84.60863236400795,51.86293333333333,Jason,11,1.525,1.535,2.488,False
28,Chuba Hubbard,RB,65.0,1.017443277220153,1.0,no distinct scarcity signal exists in compute_willingness today -- position_fit_multiplier (position_targets) is the closest analog,1.0,1.511111111111111,1.0,False,False,109.01755192403095,104.87923276452112,47.0,Ryan J,12,0.723,0.732,1.614,False
28,Tee Higgins,WR,60.0,1.0276436819393417,1.0,no distinct scarcity signal exists in compute_willingness today -- position_fit_multiplier (position_targets) is the closest analog,1.6,1.5055555555555555,1.0,False,False,128.35127360800428,107.17087338714614,47.15822555555556,James,11,0.786,0.842,1.786,False
28,Rachaad White,RB,59.0,1.1154996241907373,1.0,no distinct scarcity signal exists in compute_willingness today -- position_fit_multiplier (position_targets) is the closest analog,1.0,1.5,1.0,False,False,115.09182047592464,105.47123188406411,45.64,Coby,11,0.774,0.779,1.788,False
28,Davante Adams,WR,49.0,0.8840452287948164,1.0,no distinct scarcity signal exists in compute_willingness today -- position_fit_multiplier (position_targets) is the closest analog,1.0,1.4944444444444445,1.0,True,True,70.6125,69.34549900725717,43.15827777777778,Reid,11,0.881,1.441,1.415,False
28,Terry McLaurin,WR,57.0,1.017187503704348,1.0,no distinct scarcity signal exists in compute_willingness today -- position_fit_multiplier (position_targets) is the closest analog,1.0,1.488888888888889,1.0,False,False,99.76468669440953,92.9638357477819,39.35377777777778,Shane,10,0.69,0.737,1.631,False
28,Josh Downs,WR,30.0,0.9019196232596048,1.0,no distinct scarcity signal exists in compute_willingness today -- position_fit_multiplier (position_targets) is the closest analog,1.1,1.4833333333333334,1.0,False,False,38.331602833333335,38.21066666666667,38.331602833333335,Ryan J,9,1.278,1.278,1.274,False
28,DK Metcalf,WR,32.0,1.0124349586570023,1.0,no distinct scarcity signal exists in compute_willingness today -- position_fit_multiplier (position_targets) is the closest analog,1.0,1.4777777777777779,1.0,False,False,38.06755555555556,38.06755555555556,38.06755555555556,Evan,10,1.19,1.19,1.19,False
28,Deebo Samuel,WR,48.0,1.0688085965162102,1.0,no distinct scarcity signal exists in compute_willingness today -- position_fit_multiplier (position_targets) is the closest analog,1.0,1.4722222222222223,1.0,False,False,101.86107444944776,85.98806874892325,37.90746277777779,Brandon,10,0.79,0.79,1.791,False
29,Josh Jacobs,RB,126.0,1.8351059163340422,1.0,no distinct scarcity signal exists in compute_willingness today -- position_fit_multiplier (position_targets) is the closest analog,1.0,1.6,1.0,True,True,315.0,315.0,289.0,Shane,12,2.294,2.5,2.5,False
29,Jacory Croskey-Merritt,RB,59.0,1.0856154124430908,1.0,no distinct scarcity signal exists in compute_willingness today -- position_fit_multiplier (position_targets) is the closest analog,1.3,1.5944444444444446,1.0,True,True,147.5,147.5,147.5,Brandon,12,2.5,2.5,2.5,True
29,Bucky Irving,RB,102.0,1.173549928115579,1.0,no distinct scarcity signal exists in compute_willingness today -- position_fit_multiplier (position_targets) is the closest analog,1.0,1.588888888888889,1.0,True,True,255.0,255.0,255.0,Travis,12,2.5,2.5,2.5,False
29,RJ Harvey,RB,71.0,0.7965011133966016,1.3,no distinct scarcity signal exists in compute_willingness today -- position_fit_multiplier (position_targets) is the closest analog,1.25,1.5833333333333333,1.0,True,True,177.5,177.5,177.5,James,11,2.5,2.5,2.5,True
29,Tee Higgins,WR,60.0,0.8847900982191295,1.3,no distinct scarcity signal exists in compute_willingness today -- position_fit_multiplier (position_targets) is the closest analog,1.25,1.5777777777777777,1.0,True,True,150.0,150.0,150.0,Coby,11,2.5,2.5,2.5,True
29,Jaylen Warren,RB,83.0,1.246917915684035,1.0,no distinct scarcity signal exists in compute_willingness today -- position_fit_multiplier (position_targets) is the closest analog,1.2,1.5722222222222222,1.0,True,True,207.5,207.5,125.52,Brad,11,1.512,2.5,2.5,True
29,Bhayshul Tuten,RB,95.0,0.9414051309558783,1.0,no distinct scarcity signal exists in compute_willingness today -- position_fit_multiplier (position_targets) is the closest analog,1.2,1.5666666666666667,1.0,True,True,225.2371060554711,219.22679999999997,124.5,Brad,12,1.311,2.308,2.308,True
29,James Cook,RB,71.0,0.982487516577474,0.4,no distinct scarcity signal exists in compute_willingness today -- position_fit_multiplier (position_targets) is the closest analog,1.25,1.5611111111111111,1.0,True,True,177.5,141.2930486529201,120.5,CJ,11,1.697,1.741,1.99,True
29,Tony Pollard,RB,75.0,1.065543723972494,1.3,no distinct scarcity signal exists in compute_willingness today -- position_fit_multiplier (position_targets) is the closest analog,1.0,1.5555555555555556,1.0,True,True,161.60746480249495,134.13172064008458,95.9576252613358,James,11,1.279,2.155,1.788,False
29,Jonathon Brooks,RB,78.0,1.2637900783875007,1.0,no distinct scarcity signal exists in compute_willingness today -- position_fit_multiplier (position_targets) is the closest analog,1.0,1.0,1.0,False,False,143.56586805568955,122.30106666630313,96.60399999999998,Reid,10,1.239,1.264,1.568,False
29,Jordan Mason,RB,63.0,0.9558670588805523,0.4,no distinct scarcity signal exists in compute_willingness today -- position_fit_multiplier (position_targets) is the closest analog,1.25,1.5444444444444443,1.0,True,True,147.629159828415,137.84306717356324,97.0,Ryan J,11,1.54,1.89,2.188,True
29,Jaylen Waddle,WR,64.0,1.2397545067806017,1.3,no distinct scarcity signal exists in compute_willingness today -- position_fit_multiplier (position_targets) is the closest analog,1.25,1.5388888888888888,1.0,True,True,160.0,160.0,153.0,Jason,10,2.391,2.5,2.5,True
29,Jalen Hurts,QB,18.0,1.1481573770040334,1.3,no distinct scarcity signal exists in compute_willingness today -- position_fit_multiplier (position_targets) is the closest analog,1.25,1.5333333333333332,1.0,False,False,51.49485835863089,38.77434232424906,39.77434232424906,Coby,10,2.21,2.861,2.154,False
29,Deebo Samuel,WR,48.0,1.069863854228445,1.3,no distinct scarcity signal exists in compute_willingness today -- position_fit_multiplier (position_targets) is the closest analog,1.25,1.5277777777777777,1.0,True,True,120.0,120.0,120.0,CJ,10,2.5,2.5,2.5,True
29,Chuba Hubbard,RB,65.0,1.2344377631429326,1.3,no distinct scarcity signal exists in compute_willingness today -- position_fit_multiplier (position_targets) is the closest analog,1.0,1.5222222222222221,1.0,True,True,158.78298627804622,135.7741304224258,62.0,Coby,10,0.954,2.443,2.089,False
29,Bill Croskey-Merritt,RB,42.0,0.9853828251445181,0.4,no distinct scarcity signal exists in compute_willingness today -- position_fit_multiplier (position_targets) is the closest analog,1.25,1.5166666666666666,1.0,True,True,105.0,81.0299410839294,64.24651666666668,Ryan J,10,1.53,1.733,1.929,True
29,Kenny Gainwell,RB,64.0,1.3312720222245444,1.0,no distinct scarcity signal exists in compute_willingness today -- position_fit_multiplier (position_targets) is the closest analog,1.0,1.0,1.0,False,False,125.79759399210602,122.40464330918559,58.0,Reid,9,0.906,1.331,1.913,False
29,Rashee Rice,WR,72.0,0.971420877346892,1.0,no distinct scarcity signal exists in compute_willingness today -- position_fit_multiplier (position_targets) is the closest analog,1.0,1.0,1.0,False,False,139.59352286395972,110.13531310329617,58.075611111111115,Evan,10,0.807,0.971,1.53,False
29,JK Dobbins,RB,34.0,0.9233352162992136,1.0,no distinct scarcity signal exists in compute_willingness today -- position_fit_multiplier (position_targets) is the closest analog,1.1,1.5,1.0,False,False,85.0,84.7067118166874,50.0,Sam,11,1.471,1.524,2.491,False
29,Aaron Jones Sr,RB,59.0,1.121373318458784,1.0,no distinct scarcity signal exists in compute_willingness today -- position_fit_multiplier (position_targets) is the closest analog,1.0,1.0,1.0,False,False,130.63370233703802,100.31078489191076,57.6758,Evan,9,0.978,1.121,1.7,False
29,Josh Allen,QB,40.0,1.2972979082822793,1.0,no distinct scarcity signal exists in compute_willingness today -- position_fit_multiplier (position_targets) is the closest analog,1.0,1.0,1.0,False,False,87.92979727711536,60.53192401222574,50.0,Evan,8,1.25,1.297,1.513,False
29,Rachaad White,RB,59.0,0.8873964561186586,1.0,no distinct scarcity signal exists in compute_willingness today -- position_fit_multiplier (position_targets) is the closest analog,1.0,1.0,1.0,False,False,102.17501302023749,92.04867364539196,50.0,Reid,9,0.847,0.887,1.56,False
29,Terry McLaurin,WR,57.0,1.072682451358074,1.0,no distinct scarcity signal exists in compute_willingness today -- position_fit_multiplier (position_targets) is the closest analog,1.0,1.0,1.0,False,False,101.54558658813366,86.56380795332483,37.0,Reid,10,0.649,1.073,1.519,False
29,DJ Moore,WR,48.0,0.9952610846022547,1.3,no distinct scarcity signal exists in compute_willingness today -- position_fit_multiplier (position_targets) is the closest analog,1.25,1.4666666666666668,1.0,False,False,96.08575754931128,93.98681967206589,41.70343391592239,Ryan J,10,0.869,0.951,1.958,False
30,Jaylen Waddle,WR,64.0,0.9912592741083996,1.0,no distinct scarcity signal exists in compute_willingness today -- position_fit_multiplier (position_targets) is the closest analog,1.15,1.6,1.0,True,True,160.0,160.0,160.0,Evan,12,2.5,2.5,2.5,True
30,Jordan Mason,RB,63.0,1.047155761497329,1.0,no distinct scarcity signal exists in compute_willingness today -- position_fit_multiplier (position_targets) is the closest analog,1.3,1.5944444444444446,1.0,True,True,157.5,157.5,157.5,Brad,12,2.5,2.5,2.5,True
30,Jaylen Warren,RB,83.0,1.0198991789439853,1.0,no distinct scarcity signal exists in compute_willingness today -- position_fit_multiplier (position_targets) is the closest analog,1.6,1.588888888888889,1.0,True,True,207.5,207.5,207.5,CJ,11,2.5,2.5,2.5,True
30,Bucky Irving,RB,102.0,0.9471696077490653,1.0,no distinct scarcity signal exists in compute_willingness today -- position_fit_multiplier (position_targets) is the closest analog,1.0,1.5833333333333333,1.0,True,True,255.0,255.0,255.0,Coby,11,2.5,2.5,2.5,False
30,Josh Jacobs,RB,126.0,0.9812770332387465,1.3,no distinct scarcity signal exists in compute_willingness today -- position_fit_multiplier (position_targets) is the closest analog,1.0,1.5777777777777777,1.0,True,True,315.0,315.0,241.5,Reid,12,1.917,2.5,2.5,False
30,Deebo Samuel,WR,48.0,1.124153552580458,1.3,no distinct scarcity signal exists in compute_willingness today -- position_fit_multiplier (position_targets) is the closest analog,1.25,1.5722222222222222,1.0,True,True,120.0,120.0,120.0,Jason,12,2.5,2.5,2.5,True
30,RJ Harvey,RB,71.0,0.8635136407088265,1.0,no distinct scarcity signal exists in compute_willingness today -- position_fit_multiplier (position_targets) is the closest analog,1.3,1.5666666666666667,1.0,True,True,177.5,177.5,117.5,James,12,1.655,2.5,2.5,True
30,Bhayshul Tuten,RB,95.0,0.9716047277546028,1.0,no distinct scarcity signal exists in compute_willingness today -- position_fit_multiplier (position_targets) is the closest analog,1.3,1.5611111111111111,1.0,True,True,237.5,237.5,124.38321225750559,James,12,1.309,2.5,2.5,True
30,Jacory Croskey-Merritt,RB,59.0,1.234671999455499,1.0,no distinct scarcity signal exists in compute_willingness today -- position_fit_multiplier (position_targets) is the closest analog,1.3,1.5555555555555556,1.0,True,True,147.5,147.5,95.24800000000002,Brad,12,1.614,2.5,2.5,True
30,James Cook,RB,71.0,1.1029387657581136,1.0,no distinct scarcity signal exists in compute_willingness today -- position_fit_multiplier (position_targets) is the closest analog,1.1,1.5499999999999998,1.0,False,False,177.5,157.9660111432378,83.0,Shane,12,1.169,1.323,2.225,False
30,Tee Higgins,WR,60.0,1.100152181420551,1.0,no distinct scarcity signal exists in compute_willingness today -- position_fit_multiplier (position_targets) is the closest analog,1.1,1.5444444444444443,1.0,False,False,150.0,140.17542051761797,67.74225813432157,Shane,11,1.129,1.16,2.336,False
30,Kenny Gainwell,RB,64.0,1.0086640319090292,1.3,no distinct scarcity signal exists in compute_willingness today -- position_fit_multiplier (position_targets) is the closest analog,1.0,1.5388888888888888,1.0,True,True,129.14485969437916,124.64492935288085,76.87733333333333,Jason,12,1.201,2.018,1.948,False
30,Chuba Hubbard,RB,65.0,1.097595174121741,1.0,no distinct scarcity signal exists in compute_willingness today -- position_fit_multiplier (position_targets) is the closest analog,1.0,1.5333333333333332,1.0,False,False,124.73683011223095,98.70602565369988,52.097526684970134,Travis,11,0.802,0.872,1.519,False
30,DJ Moore,WR,48.0,1.0238197277573358,1.0,no distinct scarcity signal exists in compute_willingness today -- position_fit_multiplier (position_targets) is the closest analog,1.1,1.5277777777777777,1.0,False,False,120.0,119.26474685366276,49.49941944444445,Shane,11,1.031,1.031,2.485,False
30,Jonathon Brooks,RB,78.0,1.0878056413567858,1.0,no distinct scarcity signal exists in compute_willingness today -- position_fit_multiplier (position_targets) is the closest analog,1.0,1.0,1.0,False,False,170.97314620273966,102.40513561656466,83.74286019490553,Ryan J,11,1.074,1.088,1.313,False
30,DK Metcalf,WR,32.0,1.0112941529060029,1.0,no distinct scarcity signal exists in compute_willingness today -- position_fit_multiplier (position_targets) is the closest analog,1.0,1.5166666666666666,1.0,False,False,47.35033333333333,44.993433333333336,45.7244933806044,Sam,9,1.429,1.48,1.406,False
30,Terry McLaurin,WR,57.0,1.1329637964173884,1.0,no distinct scarcity signal exists in compute_willingness today -- position_fit_multiplier (position_targets) is the closest analog,1.0,1.0,1.0,False,False,109.51213530632519,87.85620524874723,62.25,Brandon,9,1.092,1.133,1.541,False
30,Zach Charbonnet,RB,36.0,1.136766272448127,1.0,no distinct scarcity signal exists in compute_willingness today -- position_fit_multiplier (position_targets) is the closest analog,1.3,1.5055555555555555,1.0,True,True,90.0,79.44945031137787,45.04987724080082,James,12,1.251,2.5,2.207,True
30,Rashee Rice,WR,72.0,0.9306576402256928,1.0,no distinct scarcity signal exists in compute_willingness today -- position_fit_multiplier (position_targets) is the closest analog,1.0,1.0,1.0,False,False,156.99571902448716,116.10685733890725,60.558800000000005,Ryan J,10,0.841,0.931,1.613,False
30,DeVonta Smith,WR,71.0,1.0337449016591371,1.0,no distinct scarcity signal exists in compute_willingness today -- position_fit_multiplier (position_targets) is the closest analog,1.0,1.0,1.0,False,False,169.25965572069634,99.53493077179459,52.11360832740945,Ryan J,10,0.734,1.034,1.402,False
30,Tony Pollard,RB,75.0,1.283920112716715,1.0,no distinct scarcity signal exists in compute_willingness today -- position_fit_multiplier (position_targets) is the closest analog,1.0,1.0,1.0,False,False,131.4662268699761,116.34275473397034,58.59,Brandon,11,0.781,1.284,1.551,False
30,Rachaad White,RB,59.0,0.9205834922728309,1.0,no distinct scarcity signal exists in compute_willingness today -- position_fit_multiplier (position_targets) is the closest analog,1.0,1.0,1.0,False,False,102.24337466545968,89.05417416819667,45.004566666666676,Brandon,11,0.763,0.921,1.509,False
30,Austin Ekeler,RB,31.0,0.9763308295187236,1.0,no distinct scarcity signal exists in compute_willingness today -- position_fit_multiplier (position_targets) is the closest analog,1.0,1.4777777777777779,1.0,False,False,43.83975555555556,36.677262222222225,37.58313367709528,Travis,9,1.212,1.414,1.183,False
30,Josh Allen,QB,40.0,1.208815198491518,1.0,no distinct scarcity signal exists in compute_willingness today -- position_fit_multiplier (position_targets) is the closest analog,1.0,1.0,1.0,False,False,58.84552379321497,57.200148814169054,36.65812444444445,Ryan J,10,0.916,1.209,1.43,False
31,Josh Jacobs,RB,126.0,0.9400042151542999,1.3,no distinct scarcity signal exists in compute_willingness today -- position_fit_multiplier (position_targets) is the closest analog,1.0,1.6,1.0,True,True,315.0,315.0,267.0,Brad,12,2.119,2.5,2.5,False
31,Jaylen Warren,RB,83.0,0.9286747287845013,1.3,no distinct scarcity signal exists in compute_willingness today -- position_fit_multiplier (position_targets) is the closest analog,1.25,1.5944444444444446,1.0,True,True,207.5,207.5,207.5,CJ,12,2.5,2.5,2.5,True
31,James Cook,RB,71.0,0.9456313835423915,1.0,no distinct scarcity signal exists in compute_willingness today -- position_fit_multiplier (position_targets) is the closest analog,1.3,1.588888888888889,1.0,True,True,177.5,177.5,177.5,Jason,12,2.5,2.5,2.5,True
31,Bhayshul Tuten,RB,95.0,0.799330926344383,1.0,no distinct scarcity signal exists in compute_willingness today -- position_fit_multiplier (position_targets) is the closest analog,1.3,1.5833333333333333,1.0,True,True,237.5,237.5,237.5,Coby,12,2.5,2.5,2.5,True
31,RJ Harvey,RB,71.0,0.9740986071502157,1.0,no distinct scarcity signal exists in compute_willingness today -- position_fit_multiplier (position_targets) is the closest analog,1.6,1.5777777777777777,1.0,True,True,177.5,177.5,177.5,Shane,12,2.5,2.5,2.5,True
31,Jordan Mason,RB,63.0,0.9314712807285802,1.0,no distinct scarcity signal exists in compute_willingness today -- position_fit_multiplier (position_targets) is the closest analog,1.6,1.5722222222222222,1.0,True,True,157.5,157.5,157.5,Sam,12,2.5,2.5,2.5,True
31,Jonathon Brooks,RB,78.0,0.9265883722255444,1.0,no distinct scarcity signal exists in compute_willingness today -- position_fit_multiplier (position_targets) is the closest analog,1.0,1.5666666666666667,1.0,True,True,195.0,195.0,195.0,James,12,2.5,2.5,2.5,False
31,Chuba Hubbard,RB,65.0,0.9276162593120788,1.0,no distinct scarcity signal exists in compute_willingness today -- position_fit_multiplier (position_targets) is the closest analog,1.0,1.5611111111111111,1.0,True,True,162.5,162.5,162.5,Brandon,12,2.5,2.5,2.5,False
31,Jaylen Waddle,WR,64.0,1.182276172675789,1.0,no distinct scarcity signal exists in compute_willingness today -- position_fit_multiplier (position_targets) is the closest analog,1.3,1.5555555555555556,1.0,True,True,160.0,160.0,160.0,Travis,12,2.5,2.5,2.5,True
31,Bill Croskey-Merritt,RB,42.0,1.0486559355461877,1.3,no distinct scarcity signal exists in compute_willingness today -- position_fit_multiplier (position_targets) is the closest analog,1.25,1.5499999999999998,1.0,True,True,105.0,105.0,105.0,Reid,12,2.5,2.5,2.5,True
31,Tony Pollard,RB,75.0,0.9255853127198946,1.0,no distinct scarcity signal exists in compute_willingness today -- position_fit_multiplier (position_targets) is the closest analog,1.0,1.5444444444444443,1.0,True,True,187.5,187.5,176.0,Ryan J,12,2.347,2.5,2.5,False
31,Tee Higgins,WR,60.0,1.0651117721597247,1.3,no distinct scarcity signal exists in compute_willingness today -- position_fit_multiplier (position_targets) is the closest analog,1.25,1.5388888888888888,1.0,True,True,150.0,150.0,98.9771280102644,Reid,12,1.65,2.5,2.5,True
31,Zach Charbonnet,RB,36.0,1.0998391932481884,1.3,no distinct scarcity signal exists in compute_willingness today -- position_fit_multiplier (position_targets) is the closest analog,1.25,1.5333333333333332,1.0,True,True,90.0,90.0,90.0,Evan,12,2.5,2.5,2.5,True
31,Bucky Irving,RB,102.0,1.0936650038779725,1.0,no distinct scarcity signal exists in compute_willingness today -- position_fit_multiplier (position_targets) is the closest analog,1.0,1.5277777777777777,1.0,True,True,219.91029142213975,197.139796934986,91.0,Travis,11,0.892,1.671,1.933,False
31,Jacory Croskey-Merritt,RB,59.0,0.9710314920170344,1.3,no distinct scarcity signal exists in compute_willingness today -- position_fit_multiplier (position_targets) is the closest analog,1.25,1.5222222222222221,1.0,True,True,147.5,141.71530298563604,57.5,Evan,11,0.975,2.402,2.402,True
31,DJ Moore,WR,48.0,1.0748165345270988,1.0,no distinct scarcity signal exists in compute_willingness today -- position_fit_multiplier (position_targets) is the closest analog,1.6,1.5166666666666666,1.0,False,False,101.6567275372722,99.19690151283217,40.6032,Shane,11,0.846,1.185,2.067,False
31,Davante Adams,WR,49.0,1.0788517705820284,0.4,no distinct scarcity signal exists in compute_willingness today -- position_fit_multiplier (position_targets) is the closest analog,1.0,1.511111111111111,1.0,True,True,79.9787080197851,71.65205600609885,31.0,CJ,10,0.633,0.652,1.462,False
31,Rashee Rice,WR,72.0,1.0598179835808845,1.0,no distinct scarcity signal exists in compute_willingness today -- position_fit_multiplier (position_targets) is the closest analog,1.0,1.5055555555555555,1.0,True,True,124.32157348046714,114.88426942016788,26.510133333333336,Coby,8,0.368,1.596,1.596,False
31,DK Metcalf,WR,32.0,1.0322169811888438,1.0,no distinct scarcity signal exists in compute_willingness today -- position_fit_multiplier (position_targets) is the closest analog,1.6,1.5,1.0,False,False,40.66560000000001,39.168000000000006,40.168000000000006,Shane,7,1.255,1.271,1.224,False
31,Josh Downs,WR,30.0,0.9795216784915561,1.0,no distinct scarcity signal exists in compute_willingness today -- position_fit_multiplier (position_targets) is the closest analog,1.6,1.4944444444444445,1.0,False,False,39.022933333333334,25.146837333333337,26.146837333333337,James,9,0.872,1.301,0.838,False
31,DeVonta Smith,WR,71.0,1.004880537673064,1.0,no distinct scarcity signal exists in compute_willingness today -- position_fit_multiplier (position_targets) is the closest analog,1.0,1.488888888888889,1.0,True,True,133.692566920875,115.90462410774443,19.09,Jason,11,0.269,1.496,1.632,False
31,Austin Ekeler,RB,31.0,0.8635072800781166,1.0,no distinct scarcity signal exists in compute_willingness today -- position_fit_multiplier (position_targets) is the closest analog,1.6,1.4777777777777779,1.0,False,False,28.69489777777778,24.866389333333338,25.866389333333338,James,9,0.834,0.926,0.802,False
31,Deebo Samuel,WR,48.0,1.1480469600926777,1.0,no distinct scarcity signal exists in compute_willingness today -- position_fit_multiplier (position_targets) is the closest analog,1.6,1.4722222222222223,1.0,False,False,99.82427865540691,99.04457963201584,24.77290666666667,Shane,9,0.516,0.516,2.063,False
31,Joe Burrow,QB,17.0,1.0456981201749584,1.0,no distinct scarcity signal exists in compute_willingness today -- position_fit_multiplier (position_targets) is the closest analog,1.6,1.461111111111111,1.0,False,False,24.49991111111111,18.69474133333333,19.69474133333333,Sam,8,1.159,1.441,1.1,False
32,Jacory Croskey-Merritt,RB,59.0,0.9469948641409245,1.0,no distinct scarcity signal exists in compute_willingness today -- position_fit_multiplier (position_targets) is the closest analog,1.2,1.6,1.0,True,True,147.5,147.5,147.5,Travis,12,2.5,2.5,2.5,True
32,Jaylen Waddle,WR,64.0,0.946590811341212,1.0,no distinct scarcity signal exists in compute_willingness today -- position_fit_multiplier (position_targets) is the closest analog,1.15,1.5944444444444446,1.0,True,True,160.0,160.0,160.0,James,12,2.5,2.5,2.5,True
32,James Cook,RB,71.0,1.0210126879873076,1.0,no distinct scarcity signal exists in compute_willingness today -- position_fit_multiplier (position_targets) is the closest analog,1.6,1.588888888888889,1.0,True,True,177.5,177.5,177.5,Sam,12,2.5,2.5,2.5,True
32,RJ Harvey,RB,71.0,0.9755592296543659,1.0,no distinct scarcity signal exists in compute_willingness today -- position_fit_multiplier (position_targets) is the closest analog,1.15,1.5833333333333333,1.0,True,True,177.5,177.5,177.0,Shane,12,2.493,2.5,2.5,True
32,Jaylen Warren,RB,83.0,0.9878924320619317,1.0,no distinct scarcity signal exists in compute_willingness today -- position_fit_multiplier (position_targets) is the closest analog,1.15,1.5777777777777777,1.0,True,True,207.5,165.42999999999998,130.69333333333333,Evan,12,1.575,2.5,1.993,True
32,Bucky Irving,RB,102.0,1.141494985729065,1.0,no distinct scarcity signal exists in compute_willingness today -- position_fit_multiplier (position_targets) is the closest analog,1.0,1.0,1.0,False,False,137.37291666666667,116.43248854436463,110.5,Jason,11,1.083,1.141,1.141,False
32,Bhayshul Tuten,RB,95.0,0.8963022844660384,0.4,no distinct scarcity signal exists in compute_willingness today -- position_fit_multiplier (position_targets) is the closest analog,1.25,1.5666666666666667,1.0,True,True,164.265,128.78,121.0,Coby,12,1.274,1.356,1.356,True
32,JK Dobbins,RB,34.0,0.6561232763507748,1.0,no distinct scarcity signal exists in compute_willingness today -- position_fit_multiplier (position_targets) is the closest analog,1.2,1.5611111111111111,1.0,True,True,85.0,66.34722222222223,67.34722222222223,Travis,12,1.981,2.5,1.951,True
32,Josh Jacobs,RB,126.0,0.9520076093245546,1.0,no distinct scarcity signal exists in compute_willingness today -- position_fit_multiplier (position_targets) is the closest analog,1.0,1.0,1.0,False,False,150.25169656709636,119.95295877489389,96.60399999999998,Reid,12,0.767,0.952,0.952,False
32,Tony Pollard,RB,75.0,0.8329576925886639,0.4,no distinct scarcity signal exists in compute_willingness today -- position_fit_multiplier (position_targets) is the closest analog,1.0,1.5444444444444443,1.0,True,True,95.26133333333333,70.62854118319888,70.96755684348763,Ryan J,12,0.946,1.27,0.942,False
32,Tee Higgins,WR,60.0,0.8844454142314393,1.3,no distinct scarcity signal exists in compute_willingness today -- position_fit_multiplier (position_targets) is the closest analog,1.25,1.5388888888888888,1.0,True,True,150.0,150.0,146.36779166666668,Ryan J,12,2.439,2.5,2.5,True
32,Rachaad White,RB,59.0,1.148505999805373,1.0,no distinct scarcity signal exists in compute_willingness today -- position_fit_multiplier (position_targets) is the closest analog,1.0,1.0,1.0,False,False,67.761853988517,60.321333333333335,61.303999999999995,Reid,11,1.039,1.149,1.022,False
32,Jonathon Brooks,RB,78.0,1.0716172989785502,1.0,no distinct scarcity signal exists in compute_willingness today -- position_fit_multiplier (position_targets) is the closest analog,1.0,1.0,1.0,False,False,83.58614932032691,83.10657547169357,83.58614932032691,Reid,11,1.072,1.072,1.065,False
32,DeVonta Smith,WR,71.0,0.9189376607184115,1.3,no distinct scarcity signal exists in compute_willingness today -- position_fit_multiplier (position_targets) is the closest analog,1.0,1.5222222222222221,1.0,True,True,177.5,76.33602234363846,63.336592610837656,Coby,12,0.892,2.5,1.075,False
32,Kenny Gainwell,RB,64.0,1.0633015408914352,1.0,no distinct scarcity signal exists in compute_willingness today -- position_fit_multiplier (position_targets) is the closest analog,1.0,1.0,1.0,False,False,95.3948009880643,68.05129861705186,60.66566666666667,Jason,11,0.948,1.063,1.063,False
32,Austin Ekeler,RB,31.0,1.1227492461049513,1.0,no distinct scarcity signal exists in compute_willingness today -- position_fit_multiplier (position_targets) is the closest analog,1.1,1.511111111111111,1.0,False,False,51.99431111111111,49.19532046476523,50.19532046476523,Brandon,11,1.619,1.677,1.587,False
32,Jordan Mason,RB,63.0,0.9491554494077235,1.0,no distinct scarcity signal exists in compute_willingness today -- position_fit_multiplier (position_targets) is the closest analog,1.0,1.5055555555555555,1.0,False,False,64.6903284404274,62.71875542885053,56.64533333333333,Brad,11,0.899,0.94,0.996,False
32,DK Metcalf,WR,32.0,1.0546707992301734,1.0,no distinct scarcity signal exists in compute_willingness today -- position_fit_multiplier (position_targets) is the closest analog,1.0,1.5,1.0,False,False,47.1135,43.84599120905328,44.84599120905328,Brad,12,1.401,1.472,1.37,False
32,Zach Charbonnet,RB,36.0,1.0995821854709067,1.0,no distinct scarcity signal exists in compute_willingness today -- position_fit_multiplier (position_targets) is the closest analog,1.0,1.488888888888889,1.0,False,False,55.029333333333334,44.38033765746134,41.415777777777784,CJ,11,1.15,1.529,1.233,False
32,TJ Hockenson,TE,43.0,1.0051504296127343,1.0,no distinct scarcity signal exists in compute_willingness today -- position_fit_multiplier (position_targets) is the closest analog,1.0,1.4833333333333334,1.0,False,False,46.22244666666668,42.83119493804519,38.27616666666667,CJ,11,0.89,1.075,0.996,False
32,Deebo Samuel,WR,48.0,0.8759064518654579,1.0,no distinct scarcity signal exists in compute_willingness today -- position_fit_multiplier (position_targets) is the closest analog,1.0,1.4777777777777779,1.0,False,False,45.46542336406731,38.12962222222223,38.12962222222223,CJ,12,0.794,0.794,0.794,False
32,Bill Croskey-Merritt,RB,42.0,0.8742332017653147,1.0,no distinct scarcity signal exists in compute_willingness today -- position_fit_multiplier (position_targets) is the closest analog,1.15,1.4722222222222223,1.0,False,False,48.64287333253384,43.81980147716708,37.14844444444445,Shane,12,0.884,0.889,1.043,False
32,DJ Moore,WR,48.0,1.089656531055443,1.0,no distinct scarcity signal exists in compute_willingness today -- position_fit_multiplier (position_targets) is the closest analog,1.0,1.4666666666666668,1.0,False,False,49.479456552483896,46.97624005689627,36.85733333333334,Brad,12,0.768,0.768,0.979,False
32,Terry McLaurin,WR,57.0,1.0121094732371834,1.0,no distinct scarcity signal exists in compute_willingness today -- position_fit_multiplier (position_targets) is the closest analog,1.0,1.4555555555555555,1.0,False,False,75.00854401131394,56.33141222773889,32.83,Brandon,12,0.576,0.581,0.988,False
33,Jaylen Waddle,WR,64.0,0.9675998007459359,1.3,no distinct scarcity signal exists in compute_willingness today -- position_fit_multiplier (position_targets) is the closest analog,1.25,1.6,1.0,True,True,160.0,160.0,160.0,Sam,12,2.5,2.5,2.5,True
33,Tee Higgins,WR,60.0,1.028255878252823,1.0,no distinct scarcity signal exists in compute_willingness today -- position_fit_multiplier (position_targets) is the closest analog,1.2,1.5944444444444446,1.0,True,True,150.0,150.0,150.0,James,12,2.5,2.5,2.5,True
33,Josh Jacobs,RB,126.0,1.0375264499521406,1.0,no distinct scarcity signal exists in compute_willingness today -- position_fit_multiplier (position_targets) is the closest analog,1.0,1.588888888888889,1.0,True,True,315.0,293.62666666666667,256.0,CJ,12,2.032,2.33,2.33,False
33,Bill Croskey-Merritt,RB,42.0,0.9314104357118257,1.0,no distinct scarcity signal exists in compute_willingness today -- position_fit_multiplier (position_targets) is the closest analog,1.15,1.5833333333333333,1.0,True,True,105.0,105.0,105.0,Brandon,11,2.5,2.5,2.5,True
33,James Cook,RB,71.0,0.9637210949147272,1.0,no distinct scarcity signal exists in compute_willingness today -- position_fit_multiplier (position_targets) is the closest analog,1.15,1.5777777777777777,1.0,True,True,177.5,177.5,177.5,Travis,12,2.5,2.5,2.5,True
33,Bhayshul Tuten,RB,95.0,0.9951206884896225,1.3,no distinct scarcity signal exists in compute_willingness today -- position_fit_multiplier (position_targets) is the closest analog,1.25,1.5722222222222222,1.0,True,True,237.5,208.00499999999997,141.0,Ryan J,11,1.484,2.5,2.19,True
33,Jonathon Brooks,RB,78.0,1.0742138276623425,1.0,no distinct scarcity signal exists in compute_willingness today -- position_fit_multiplier (position_targets) is the closest analog,1.0,1.5666666666666667,1.0,True,True,172.725,141.75199999999998,112.30122129662784,James,11,1.44,2.214,1.817,False
33,Bucky Irving,RB,102.0,1.1138103465485756,1.0,no distinct scarcity signal exists in compute_willingness today -- position_fit_multiplier (position_targets) is the closest analog,1.0,1.0,1.0,False,False,219.53287987582124,113.60865534795471,110.0,Jason,11,1.078,1.114,1.114,False
33,RJ Harvey,RB,71.0,0.9320696755781043,0.4,no distinct scarcity signal exists in compute_willingness today -- position_fit_multiplier (position_targets) is the closest analog,1.25,1.5555555555555556,1.0,True,True,175.93333333333334,127.86666666666667,113.0,Coby,11,1.592,1.801,1.801,True
33,DeVonta Smith,WR,71.0,0.9269733314786447,1.3,no distinct scarcity signal exists in compute_willingness today -- position_fit_multiplier (position_targets) is the closest analog,1.0,1.5499999999999998,1.0,True,True,177.5,156.3690959411442,110.0,Coby,11,1.549,2.5,2.202,False
33,Jaylen Warren,RB,83.0,1.1392697598795611,1.3,no distinct scarcity signal exists in compute_willingness today -- position_fit_multiplier (position_targets) is the closest analog,1.25,1.5444444444444443,1.0,True,True,207.5,87.7566233930276,90.7566233930276,Ryan J,11,1.093,2.5,1.057,True
33,Deebo Samuel,WR,48.0,0.9433586098735686,1.0,no distinct scarcity signal exists in compute_willingness today -- position_fit_multiplier (position_targets) is the closest analog,1.0,1.5388888888888888,1.0,False,False,120.0,60.53988888888889,56.507083333333334,Brad,11,1.177,1.261,1.261,False
33,Jacory Croskey-Merritt,RB,59.0,1.2506626311908968,1.0,no distinct scarcity signal exists in compute_willingness today -- position_fit_multiplier (position_targets) is the closest analog,1.0,1.0,1.0,False,False,73.78909524026291,56.176810706461644,57.0,Shane,11,0.966,1.251,0.952,False
33,Jordan Mason,RB,63.0,1.314405098937087,1.0,no distinct scarcity signal exists in compute_willingness today -- position_fit_multiplier (position_targets) is the closest analog,1.0,1.0,1.0,False,False,82.80752123303648,67.83555339774182,68.83555339774182,Reid,11,1.093,1.314,1.077,False
33,DJ Moore,WR,48.0,1.1804405416856687,1.3,no distinct scarcity signal exists in compute_willingness today -- position_fit_multiplier (position_targets) is the closest analog,1.25,1.5222222222222221,1.0,True,True,120.0,51.80027311578771,52.80027311578771,Sam,11,1.1,2.5,1.079,True
33,Tony Pollard,RB,75.0,1.1463715990974035,1.0,no distinct scarcity signal exists in compute_willingness today -- position_fit_multiplier (position_targets) is the closest analog,1.0,1.0,1.0,False,False,85.97786993230527,77.09628503818085,78.09628503818085,Shane,10,1.041,1.146,1.028,False
33,Chuba Hubbard,RB,65.0,1.3117899168030451,1.0,no distinct scarcity signal exists in compute_willingness today -- position_fit_multiplier (position_targets) is the closest analog,1.0,1.0,1.0,False,False,85.26634459219794,79.55143472572703,80.16179710963446,Reid,11,1.233,1.312,1.224,False
33,Josh Downs,WR,30.0,1.0332704535612922,1.0,no distinct scarcity signal exists in compute_willingness today -- position_fit_multiplier (position_targets) is the closest analog,1.0,1.5055555555555555,1.0,False,False,46.66938215251837,38.78311111111111,39.145901618096886,Brad,10,1.305,1.556,1.293,False
33,Zach Charbonnet,RB,36.0,1.2144729291609515,1.0,no distinct scarcity signal exists in compute_willingness today -- position_fit_multiplier (position_targets) is the closest analog,1.0,1.0,1.0,False,False,43.721025449794254,42.05465023642825,43.05465023642825,Jason,10,1.196,1.214,1.168,False
33,Aaron Jones Sr,RB,59.0,1.021884984522917,1.0,no distinct scarcity signal exists in compute_willingness today -- position_fit_multiplier (position_targets) is the closest analog,1.0,1.0,1.0,False,False,74.46555869748177,60.2912140868521,50.21003418790451,Shane,10,0.851,1.022,1.022,False
33,TJ Hockenson,TE,43.0,1.1873617266242442,1.0,no distinct scarcity signal exists in compute_willingness today -- position_fit_multiplier (position_targets) is the closest analog,1.0,1.0,1.0,False,False,51.942889561632754,51.0565542448425,50.95,Shane,10,1.185,1.187,1.187,False
33,Davante Adams,WR,49.0,1.0322188904749485,1.0,no distinct scarcity signal exists in compute_willingness today -- position_fit_multiplier (position_targets) is the closest analog,1.0,1.0,1.0,False,False,50.57872563327248,48.85210844739527,49.174166666666665,Jason,10,1.004,1.032,0.997,False
33,Rashee Rice,WR,72.0,0.942169859766831,1.0,no distinct scarcity signal exists in compute_willingness today -- position_fit_multiplier (position_targets) is the closest analog,1.0,1.0,1.0,False,False,71.54930699152433,67.83622990321183,67.28055344272097,Shane,9,0.934,0.942,0.942,False
33,Kenny Gainwell,RB,64.0,1.003342076729095,1.0,no distinct scarcity signal exists in compute_willingness today -- position_fit_multiplier (position_targets) is the closest analog,1.0,1.0,1.0,False,False,64.21389291066208,44.98108870247377,38.59388222222223,Reid,9,0.603,1.003,0.703,False
34,RJ Harvey,RB,71.0,1.0337721069117263,1.0,no distinct scarcity signal exists in compute_willingness today -- position_fit_multiplier (position_targets) is the closest analog,1.3,1.6,1.0,True,True,177.5,177.5,177.5,Jason,12,2.5,2.5,2.5,True
34,Jacory Croskey-Merritt,RB,59.0,0.928588228359889,1.3,no distinct scarcity signal exists in compute_willingness today -- position_fit_multiplier (position_targets) is the closest analog,1.25,1.5944444444444446,1.0,True,True,147.5,147.5,147.5,Sam,12,2.5,2.5,2.5,True
34,Bucky Irving,RB,102.0,1.0150679800371722,1.0,no distinct scarcity signal exists in compute_willingness today -- position_fit_multiplier (position_targets) is the closest analog,1.0,1.588888888888889,1.0,True,True,255.0,255.0,252.54544734521215,Brad,12,2.476,2.5,2.5,False
34,Josh Jacobs,RB,126.0,1.0871060564574981,1.3,no distinct scarcity signal exists in compute_willingness today -- position_fit_multiplier (position_targets) is the closest analog,1.0,1.5833333333333333,1.0,True,True,315.0,315.0,250.0,Reid,12,1.984,2.5,2.5,False
34,Rashee Rice,WR,72.0,0.8915806954243491,1.0,no distinct scarcity signal exists in compute_willingness today -- position_fit_multiplier (position_targets) is the closest analog,1.0,1.5777777777777777,1.0,True,True,180.0,180.0,177.0,Ryan J,11,2.458,2.5,2.5,False
34,Tee Higgins,WR,60.0,0.9317355545193912,1.0,no distinct scarcity signal exists in compute_willingness today -- position_fit_multiplier (position_targets) is the closest analog,1.3,1.5722222222222222,1.0,True,True,150.0,150.0,78.61746666666667,Brandon,11,1.31,2.5,2.5,True
34,Jaylen Warren,RB,83.0,1.2563170583350571,1.0,no distinct scarcity signal exists in compute_willingness today -- position_fit_multiplier (position_targets) is the closest analog,1.0,1.0,1.0,False,False,207.5,198.38466824982953,99.38,Shane,11,1.197,1.256,2.39,False
34,Jordan Mason,RB,63.0,1.0478314640227313,1.0,no distinct scarcity signal exists in compute_willingness today -- position_fit_multiplier (position_targets) is the closest analog,1.3,1.5611111111111111,1.0,True,True,157.5,146.12,78.06893333333335,Brandon,11,1.239,2.5,2.319,True
34,Jaylen Waddle,WR,64.0,1.1952046064959938,1.0,no distinct scarcity signal exists in compute_willingness today -- position_fit_multiplier (position_targets) is the closest analog,1.1,1.5555555555555556,1.0,False,False,160.0,160.0,74.0,CJ,11,1.156,1.2,2.5,False
34,James Cook,RB,71.0,1.2036972851494958,1.0,no distinct scarcity signal exists in compute_willingness today -- position_fit_multiplier (position_targets) is the closest analog,1.0,1.0,1.0,False,False,177.5,148.7087444325811,73.16169143512062,James,11,1.03,1.204,2.094,False
34,Chuba Hubbard,RB,65.0,1.1832574795081099,1.0,no distinct scarcity signal exists in compute_willingness today -- position_fit_multiplier (position_targets) is the closest analog,1.0,1.5444444444444443,1.0,True,True,137.1429086802731,118.78590363728635,66.88555555555556,Ryan J,12,1.029,1.827,1.827,False
34,Tony Pollard,RB,75.0,0.9798419964219344,1.0,no distinct scarcity signal exists in compute_willingness today -- position_fit_multiplier (position_targets) is the closest analog,1.0,1.0,1.0,False,False,163.0910714144444,113.56923836182133,63.672889513249736,James,10,0.849,0.98,1.514,False
34,DeVonta Smith,WR,71.0,1.068789825294671,1.3,no distinct scarcity signal exists in compute_willingness today -- position_fit_multiplier (position_targets) is the closest analog,1.0,1.5333333333333332,1.0,True,True,151.26226134120378,148.29827356262973,68.07372246819051,Sam,10,0.959,2.13,2.089,False
34,Bhayshul Tuten,RB,95.0,1.1049508982814922,1.0,no distinct scarcity signal exists in compute_willingness today -- position_fit_multiplier (position_targets) is the closest analog,1.0,1.0,1.0,False,False,226.47137741958844,202.59228150432932,89.31,Shane,9,0.94,1.105,2.133,False
34,Deebo Samuel,WR,48.0,0.9922780575651657,1.0,no distinct scarcity signal exists in compute_willingness today -- position_fit_multiplier (position_targets) is the closest analog,1.0,1.5222222222222221,1.0,False,False,120.0,100.04912639216103,57.376622222222224,Coby,9,1.195,1.217,2.084,False
34,Jonathon Brooks,RB,78.0,1.1770688954245707,1.0,no distinct scarcity signal exists in compute_willingness today -- position_fit_multiplier (position_targets) is the closest analog,1.0,1.0,1.0,False,False,149.3407877562162,128.56844069912947,59.134321833249686,Shane,9,0.758,1.177,1.648,False
34,DJ Moore,WR,48.0,0.9768596707413048,1.0,no distinct scarcity signal exists in compute_willingness today -- position_fit_multiplier (position_targets) is the closest analog,1.0,1.511111111111111,1.0,False,False,120.0,99.05899012547843,54.68977777777779,Travis,9,1.139,1.164,2.064,False
34,Zach Charbonnet,RB,36.0,0.8965063062552532,1.0,no distinct scarcity signal exists in compute_willingness today -- position_fit_multiplier (position_targets) is the closest analog,1.1,1.5055555555555555,1.0,False,False,90.0,74.79875892460379,52.803155555555556,CJ,9,1.467,1.485,2.078,False
34,Josh Downs,WR,30.0,1.0729240923103107,1.0,no distinct scarcity signal exists in compute_willingness today -- position_fit_multiplier (position_targets) is the closest analog,1.1,1.5,1.0,False,False,51.612,45.4902,46.4902,Evan,8,1.55,1.72,1.516,False
34,Aaron Jones Sr,RB,59.0,1.0829208347210646,1.0,no distinct scarcity signal exists in compute_willingness today -- position_fit_multiplier (position_targets) is the closest analog,1.0,1.0,1.0,False,False,127.35893097703541,91.09087954049525,60.0,Shane,9,1.017,1.083,1.544,False
34,Bill Croskey-Merritt,RB,42.0,1.0871327780861084,1.0,no distinct scarcity signal exists in compute_willingness today -- position_fit_multiplier (position_targets) is the closest analog,1.0,1.488888888888889,1.0,False,False,105.0,93.00582933304734,44.28583977777778,Coby,9,1.054,1.075,2.214,False
34,Josh Allen,QB,40.0,0.9515621493413955,1.0,no distinct scarcity signal exists in compute_willingness today -- position_fit_multiplier (position_targets) is the closest analog,1.0,1.4833333333333334,1.0,False,False,59.2636109025103,58.9144086297088,36.59726666666666,Travis,10,0.915,1.087,1.473,False
34,JK Dobbins,RB,34.0,0.9363611349039999,1.0,no distinct scarcity signal exists in compute_willingness today -- position_fit_multiplier (position_targets) is the closest analog,1.1,1.4722222222222223,1.0,False,False,85.0,68.98697962519421,37.85726694444445,Evan,10,1.113,1.113,2.029,False
34,Austin Ekeler,RB,31.0,0.945137161765056,1.0,no distinct scarcity signal exists in compute_willingness today -- position_fit_multiplier (position_targets) is the closest analog,1.1,1.461111111111111,1.0,False,False,37.48685111111111,36.97761587319201,37.48685111111111,CJ,8,1.209,1.209,1.193,False
35,Bucky Irving,RB,102.0,1.1698204913491281,1.0,no distinct scarcity signal exists in compute_willingness today -- position_fit_multiplier (position_targets) is the closest analog,1.0,1.6,1.0,True,True,255.0,255.0,255.0,Travis,12,2.5,2.5,2.5,False
35,Jaylen Waddle,WR,64.0,0.6867171242142696,1.0,no distinct scarcity signal exists in compute_willingness today -- position_fit_multiplier (position_targets) is the closest analog,1.2,1.5944444444444446,1.0,True,True,160.0,160.0,160.0,Reid,11,2.5,2.5,2.5,True
35,Deebo Samuel,WR,48.0,1.0432736644030076,1.0,no distinct scarcity signal exists in compute_willingness today -- position_fit_multiplier (position_targets) is the closest analog,1.3,1.588888888888889,1.0,True,True,120.0,120.0,120.0,Brad,11,2.5,2.5,2.5,True
35,Bhayshul Tuten,RB,95.0,1.155050297668621,1.0,no distinct scarcity signal exists in compute_willingness today -- position_fit_multiplier (position_targets) is the closest analog,1.2,1.5833333333333333,1.0,True,True,237.5,237.5,237.5,James,11,2.5,2.5,2.5,True
35,James Cook,RB,71.0,1.0115296301902923,1.0,no distinct scarcity signal exists in compute_willingness today -- position_fit_multiplier (position_targets) is the closest analog,1.3,1.5777777777777777,1.0,True,True,177.5,177.5,177.5,Ryan J,11,2.5,2.5,2.5,True
35,Jaylen Warren,RB,83.0,0.9113931607912852,1.0,no distinct scarcity signal exists in compute_willingness today -- position_fit_multiplier (position_targets) is the closest analog,1.3,1.5722222222222222,1.0,True,True,207.5,207.5,207.5,Sam,11,2.5,2.5,2.5,True
35,Josh Jacobs,RB,126.0,0.9437654140387238,1.3,no distinct scarcity signal exists in compute_willingness today -- position_fit_multiplier (position_targets) is the closest analog,1.0,1.5666666666666667,1.0,True,True,315.0,238.7533480986832,177.0,Shane,11,1.405,2.5,1.895,False
35,Jacory Croskey-Merritt,RB,59.0,1.1066441018904767,1.0,no distinct scarcity signal exists in compute_willingness today -- position_fit_multiplier (position_targets) is the closest analog,1.15,1.5611111111111111,1.0,True,True,147.5,147.5,147.5,Brandon,10,2.5,2.5,2.5,True
35,Tee Higgins,WR,60.0,0.7526151893470368,1.0,no distinct scarcity signal exists in compute_willingness today -- position_fit_multiplier (position_targets) is the closest analog,1.2,1.5555555555555556,1.0,True,True,150.0,150.0,150.0,Evan,10,2.5,2.5,2.5,True
35,Jonathon Brooks,RB,78.0,0.833721889381222,1.0,no distinct scarcity signal exists in compute_willingness today -- position_fit_multiplier (position_targets) is the closest analog,1.0,1.5499999999999998,1.0,True,True,195.0,152.5488105234175,102.0,Brad,10,1.308,2.5,1.956,False
35,Jordan Mason,RB,63.0,1.0444640094682633,0.4,no distinct scarcity signal exists in compute_willingness today -- position_fit_multiplier (position_targets) is the closest analog,1.25,1.5444444444444443,1.0,True,True,143.6565,139.0,94.0,Coby,10,1.492,1.931,2.206,True
35,Kenny Gainwell,RB,64.0,1.435820872234789,1.0,no distinct scarcity signal exists in compute_willingness today -- position_fit_multiplier (position_targets) is the closest analog,1.0,1.5388888888888888,1.0,True,True,141.41240234987964,110.10749999999999,74.5,Reid,10,1.164,2.21,1.72,False
35,Aaron Jones Sr,RB,59.0,1.0580600303741792,1.0,no distinct scarcity signal exists in compute_willingness today -- position_fit_multiplier (position_targets) is the closest analog,1.0,1.5333333333333332,1.0,True,True,118.43834746086948,109.71,67.59704709997273,Ryan J,9,1.146,1.859,1.859,False
35,DJ Moore,WR,48.0,0.8940272124934658,1.3,no distinct scarcity signal exists in compute_willingness today -- position_fit_multiplier (position_targets) is the closest analog,1.25,1.5277777777777777,1.0,True,True,120.0,120.0,120.0,Coby,8,2.5,2.5,2.5,True
35,RJ Harvey,RB,71.0,1.0184463138229791,1.0,no distinct scarcity signal exists in compute_willingness today -- position_fit_multiplier (position_targets) is the closest analog,1.0,1.0,1.0,False,False,177.5,162.88072276875036,68.0,Jason,10,0.958,1.018,2.294,False
35,Tony Pollard,RB,75.0,0.9617785591037231,1.0,no distinct scarcity signal exists in compute_willingness today -- position_fit_multiplier (position_targets) is the closest analog,1.0,1.0,1.0,False,False,123.57268762700927,122.08573090733726,57.056,Jason,9,0.761,0.962,1.628,False
35,Zach Charbonnet,RB,36.0,1.0090674852214483,0.4,no distinct scarcity signal exists in compute_willingness today -- position_fit_multiplier (position_targets) is the closest analog,1.25,1.511111111111111,1.0,True,True,90.0,80.91999999999999,53.390283208152795,Shane,9,1.483,1.851,2.248,True
35,DeVonta Smith,WR,71.0,1.0520680682354642,1.0,no distinct scarcity signal exists in compute_willingness today -- position_fit_multiplier (position_targets) is the closest analog,1.0,1.0,1.0,False,False,125.78910005444749,120.21663033852126,56.64533333333333,Jason,8,0.798,1.052,1.693,False
35,DK Metcalf,WR,32.0,1.022541492542252,1.0,no distinct scarcity signal exists in compute_willingness today -- position_fit_multiplier (position_targets) is the closest analog,1.0,1.5,1.0,False,False,49.0819916420281,45.63487500000001,46.24,CJ,10,1.445,1.534,1.426,False
35,Terry McLaurin,WR,57.0,0.929895230501767,1.0,no distinct scarcity signal exists in compute_willingness today -- position_fit_multiplier (position_targets) is the closest analog,1.0,1.4944444444444445,1.0,True,True,97.75664239045453,93.54637929668469,53.0,Brad,9,0.93,1.392,1.641,False
35,Chuba Hubbard,RB,65.0,1.2829639839739195,1.0,no distinct scarcity signal exists in compute_willingness today -- position_fit_multiplier (position_targets) is the closest analog,1.0,1.488888888888889,1.0,True,True,124.16240333792042,114.92279115028907,46.14999111111111,James,10,0.71,1.91,1.768,False
35,Rashee Rice,WR,72.0,0.975942451651632,1.0,no distinct scarcity signal exists in compute_willingness today -- position_fit_multiplier (position_targets) is the closest analog,1.0,1.4833333333333334,1.0,False,False,130.66216983535824,127.78203787049615,37.0,CJ,8,0.514,0.628,1.775,False
35,JK Dobbins,RB,34.0,1.0366881744228411,1.0,no distinct scarcity signal exists in compute_willingness today -- position_fit_multiplier (position_targets) is the closest analog,1.0,1.4777777777777779,1.0,False,False,85.0,72.62215794676104,27.29,CJ,9,0.803,1.1,2.136,False
35,Mike Evans,WR,45.0,1.0968999762318865,1.3,no distinct scarcity signal exists in compute_willingness today -- position_fit_multiplier (position_targets) is the closest analog,1.0,1.4722222222222223,1.0,False,False,66.1348501461402,66.12821663795512,32.63187222222223,Shane,8,0.725,0.796,1.47,False
36,Bhayshul Tuten,RB,95.0,1.0072645207151747,1.3,no distinct scarcity signal exists in compute_willingness today -- position_fit_multiplier (position_targets) is the closest analog,1.25,1.6,1.0,True,True,237.5,237.5,237.5,Travis,12,2.5,2.5,2.5,True
36,DJ Moore,WR,48.0,0.8399031929104671,1.0,no distinct scarcity signal exists in compute_willingness today -- position_fit_multiplier (position_targets) is the closest analog,1.2,1.5944444444444446,1.0,True,True,120.0,120.0,120.0,Ryan J,12,2.5,2.5,2.5,True
36,Josh Jacobs,RB,126.0,0.9599649996881976,1.3,no distinct scarcity signal exists in compute_willingness today -- position_fit_multiplier (position_targets) is the closest analog,1.0,1.588888888888889,1.0,True,True,315.0,315.0,290.0,Shane,12,2.302,2.5,2.5,False
36,Jaylen Warren,RB,83.0,1.1449155312493893,1.0,no distinct scarcity signal exists in compute_willingness today -- position_fit_multiplier (position_targets) is the closest analog,1.15,1.5833333333333333,1.0,True,True,207.5,207.5,207.5,CJ,12,2.5,2.5,2.5,True
36,RJ Harvey,RB,71.0,0.9251368848824796,1.0,no distinct scarcity signal exists in compute_willingness today -- position_fit_multiplier (position_targets) is the closest analog,1.6,1.5777777777777777,1.0,True,True,177.5,177.5,177.5,Sam,11,2.5,2.5,2.5,True
36,Jacory Croskey-Merritt,RB,59.0,0.8950944781570058,1.0,no distinct scarcity signal exists in compute_willingness today -- position_fit_multiplier (position_targets) is the closest analog,1.15,1.5722222222222222,1.0,True,True,147.5,147.5,147.5,Brad,12,2.5,2.5,2.5,True
36,Tony Pollard,RB,75.0,1.0858298792571404,1.0,no distinct scarcity signal exists in compute_willingness today -- position_fit_multiplier (position_targets) is the closest analog,1.0,1.5666666666666667,1.0,True,True,187.5,187.5,187.5,Jason,12,2.5,2.5,2.5,False
36,Bucky Irving,RB,102.0,1.0858595610002422,1.0,no distinct scarcity signal exists in compute_willingness today -- position_fit_multiplier (position_targets) is the closest analog,1.0,1.5611111111111111,1.0,True,True,255.0,255.0,255.0,Coby,12,2.5,2.5,2.5,False
36,Jordan Mason,RB,63.0,0.876375712954027,1.0,no distinct scarcity signal exists in compute_willingness today -- position_fit_multiplier (position_targets) is the closest analog,1.2,1.5555555555555556,1.0,True,True,157.5,157.5,157.5,James,12,2.5,2.5,2.5,True
36,Kenny Gainwell,RB,64.0,1.091914671008202,1.0,no distinct scarcity signal exists in compute_willingness today -- position_fit_multiplier (position_targets) is the closest analog,1.0,1.5499999999999998,1.0,True,True,160.0,160.0,160.0,Reid,10,2.5,2.5,2.5,False
36,James Cook,RB,71.0,1.0473163790732696,1.0,no distinct scarcity signal exists in compute_willingness today -- position_fit_multiplier (position_targets) is the closest analog,1.15,1.5444444444444443,1.0,True,True,177.5,177.5,133.0,Evan,12,1.873,2.5,2.5,True
36,Aaron Jones Sr,RB,59.0,1.334976894058218,1.0,no distinct scarcity signal exists in compute_willingness today -- position_fit_multiplier (position_targets) is the closest analog,1.0,1.5388888888888888,1.0,True,True,147.5,147.5,132.5,James,10,2.246,2.5,2.5,False
36,Rachaad White,RB,59.0,0.9084085914411348,1.0,no distinct scarcity signal exists in compute_willingness today -- position_fit_multiplier (position_targets) is the closest analog,1.0,1.5333333333333332,1.0,True,True,147.5,139.237120102152,48.705,Ryan J,10,0.826,2.5,2.36,False
36,Tee Higgins,WR,60.0,1.1060767716342264,1.0,no distinct scarcity signal exists in compute_willingness today -- position_fit_multiplier (position_targets) is the closest analog,1.1,1.5277777777777777,1.0,False,False,150.0,150.0,35.5,Brandon,11,0.592,0.876,2.5,False
36,Joe Burrow,QB,17.0,1.1041301787922708,1.0,no distinct scarcity signal exists in compute_willingness today -- position_fit_multiplier (position_targets) is the closest analog,1.15,1.5222222222222221,1.0,False,False,32.85830071520309,27.73147223987502,28.20676063984954,Brad,11,1.659,1.933,1.631,False
36,Jaylen Waddle,WR,64.0,0.9625791927320806,1.0,no distinct scarcity signal exists in compute_willingness today -- position_fit_multiplier (position_targets) is the closest analog,1.1,1.5166666666666666,1.0,False,False,147.37614368845885,134.26532123805185,33.1412,Brandon,11,0.518,0.658,2.098,False
36,Rashee Rice,WR,72.0,1.0872020445755948,1.0,no distinct scarcity signal exists in compute_willingness today -- position_fit_multiplier (position_targets) is the closest analog,1.0,1.511111111111111,1.0,False,False,158.85602841764927,127.08988558093621,27.86573333333333,Brandon,11,0.387,0.412,1.765,False
36,DeVonta Smith,WR,71.0,1.1623911564507567,1.3,no distinct scarcity signal exists in compute_willingness today -- position_fit_multiplier (position_targets) is the closest analog,1.0,1.5055555555555555,1.0,True,True,161.52910396472063,53.44722222222222,27.0,Shane,11,0.38,2.275,0.753,False
36,Jonathon Brooks,RB,78.0,1.305945198582195,1.0,no distinct scarcity signal exists in compute_willingness today -- position_fit_multiplier (position_targets) is the closest analog,1.0,1.5,1.0,False,False,137.43812863060333,114.34855568522872,25.5,Ryan J,10,0.327,0.34,1.466,False
36,Deebo Samuel,WR,48.0,1.0740571550483258,1.0,no distinct scarcity signal exists in compute_willingness today -- position_fit_multiplier (position_targets) is the closest analog,1.15,1.4944444444444445,1.0,False,False,78.39624165362522,34.413982477796885,26.45005261111111,Brad,10,0.551,0.565,0.717,False
36,Josh Allen,QB,40.0,0.8460570734249473,1.0,no distinct scarcity signal exists in compute_willingness today -- position_fit_multiplier (position_targets) is the closest analog,1.0,1.488888888888889,1.0,False,False,92.93492341752993,64.78674587047414,22.333333333333336,Reid,9,0.558,0.558,1.62,False
36,Chuba Hubbard,RB,65.0,0.8995629781217617,1.0,no distinct scarcity signal exists in compute_willingness today -- position_fit_multiplier (position_targets) is the closest analog,1.0,1.4833333333333334,1.0,False,False,125.61213216469152,105.34428217311473,20.5,Brandon,10,0.315,0.339,1.621,False
36,Zach Charbonnet,RB,36.0,1.5379498155703824,1.0,no distinct scarcity signal exists in compute_willingness today -- position_fit_multiplier (position_targets) is the closest analog,1.2,1.4777777777777779,1.0,False,False,77.26757800952025,70.57906659796214,22.273066666666665,Ryan J,10,0.619,0.619,1.961,False
36,JK Dobbins,RB,34.0,1.1299740464975974,1.0,no distinct scarcity signal exists in compute_willingness today -- position_fit_multiplier (position_targets) is the closest analog,1.15,1.4722222222222223,1.0,False,False,69.90411669540596,69.73127057083579,20.022075,Brad,9,0.589,0.589,2.051,False
37,James Cook,RB,71.0,0.9219895134347192,1.0,no distinct scarcity signal exists in compute_willingness today -- position_fit_multiplier (position_targets) is the closest analog,1.3,1.6,1.0,True,True,177.5,177.5,177.5,James,12,2.5,2.5,2.5,True
37,Bhayshul Tuten,RB,95.0,1.0324837320891684,1.3,no distinct scarcity signal exists in compute_willingness today -- position_fit_multiplier (position_targets) is the closest analog,1.25,1.5944444444444446,1.0,True,True,237.5,237.5,237.5,Travis,12,2.5,2.5,2.5,True
37,Bucky Irving,RB,102.0,1.0099809142970964,1.0,no distinct scarcity signal exists in compute_willingness today -- position_fit_multiplier (position_targets) is the closest analog,1.0,1.588888888888889,1.0,True,True,249.05833333333337,206.55555555555557,201.0,Reid,12,1.971,2.025,2.025,False
37,Josh Jacobs,RB,126.0,1.2518139719884795,1.0,no distinct scarcity signal exists in compute_willingness today -- position_fit_multiplier (position_targets) is the closest analog,1.0,1.5833333333333333,1.0,True,True,254.81488233193403,249.73688741170164,177.1581926298548,Jason,12,1.406,1.982,1.982,False
37,Jaylen Waddle,WR,64.0,0.9348862035499617,1.3,no distinct scarcity signal exists in compute_willingness today -- position_fit_multiplier (position_targets) is the closest analog,1.25,1.5777777777777777,1.0,True,True,160.0,160.0,160.0,Coby,12,2.5,2.5,2.5,True
37,Tee Higgins,WR,60.0,1.0903081709237574,1.3,no distinct scarcity signal exists in compute_willingness today -- position_fit_multiplier (position_targets) is the closest analog,1.25,1.5722222222222222,1.0,True,True,150.0,150.0,150.0,CJ,12,2.5,2.5,2.5,True
37,Jaylen Warren,RB,83.0,0.9470212496589792,1.0,no distinct scarcity signal exists in compute_willingness today -- position_fit_multiplier (position_targets) is the closest analog,1.6,1.5666666666666667,1.0,True,True,207.5,207.5,113.06400000000001,Brandon,12,1.362,2.5,2.5,True
37,Jacory Croskey-Merritt,RB,59.0,0.991830930410726,1.0,no distinct scarcity signal exists in compute_willingness today -- position_fit_multiplier (position_targets) is the closest analog,1.3,1.5611111111111111,1.0,True,True,147.5,147.5,108.0,James,12,1.831,2.5,2.5,True
37,Tony Pollard,RB,75.0,0.9412820298816704,1.3,no distinct scarcity signal exists in compute_willingness today -- position_fit_multiplier (position_targets) is the closest analog,1.0,1.5555555555555556,1.0,True,True,142.7611078653867,117.61029594477448,84.14104418240551,CJ,11,1.122,1.903,1.568,False
37,Kenny Gainwell,RB,64.0,1.0826565076608197,1.0,no distinct scarcity signal exists in compute_willingness today -- position_fit_multiplier (position_targets) is the closest analog,1.0,1.5499999999999998,1.0,False,False,130.26788363074263,103.82841236606,70.82571636189924,Brad,11,1.107,1.157,1.622,False
37,Rashee Rice,WR,72.0,1.0058842389026932,1.3,no distinct scarcity signal exists in compute_willingness today -- position_fit_multiplier (position_targets) is the closest analog,1.0,1.5444444444444443,1.0,True,True,145.4106255757733,128.82577338320564,72.49606709547463,Coby,11,1.007,2.02,1.789,False
37,DJ Moore,WR,48.0,0.9873865019413056,1.0,no distinct scarcity signal exists in compute_willingness today -- position_fit_multiplier (position_targets) is the closest analog,1.0,1.5388888888888888,1.0,False,False,83.02502068167384,77.44860907069274,60.50886356583396,Shane,11,1.261,1.454,1.614,False
37,Aaron Jones Sr,RB,59.0,1.1429744751898487,1.0,no distinct scarcity signal exists in compute_willingness today -- position_fit_multiplier (position_targets) is the closest analog,1.0,1.0,1.0,False,False,128.3731686843031,90.96010539220782,65.89182914033125,Ryan J,11,1.117,1.143,1.542,False
37,RJ Harvey,RB,71.0,1.1788514291511851,1.0,no distinct scarcity signal exists in compute_willingness today -- position_fit_multiplier (position_targets) is the closest analog,1.0,1.0,1.0,False,False,156.16078148402477,128.60686208609334,71.74542222222222,Sam,12,1.01,1.179,1.811,False
37,Deebo Samuel,WR,48.0,1.3176844589575185,1.0,no distinct scarcity signal exists in compute_willingness today -- position_fit_multiplier (position_targets) is the closest analog,1.0,1.0,1.0,False,False,109.73418937405074,96.25331729386417,60.45890929517057,Sam,11,1.26,1.318,2.005,False
37,Jordan Mason,RB,63.0,1.0265118701811822,1.0,no distinct scarcity signal exists in compute_willingness today -- position_fit_multiplier (position_targets) is the closest analog,1.0,1.0,1.0,False,False,157.5,136.49090630360809,62.5926978421341,Evan,11,0.994,1.027,2.167,False
37,JK Dobbins,RB,34.0,1.0420017871757217,1.0,no distinct scarcity signal exists in compute_willingness today -- position_fit_multiplier (position_targets) is the closest analog,1.1,1.511111111111111,1.0,False,False,77.23212730278831,59.0295946372414,48.378587670660316,Brad,11,1.423,1.732,1.736,False
37,Bill Croskey-Merritt,RB,42.0,1.029980749997414,1.0,no distinct scarcity signal exists in compute_willingness today -- position_fit_multiplier (position_targets) is the closest analog,1.0,1.5055555555555555,1.0,False,False,105.0,70.46097612365779,53.84,Shane,11,1.282,1.322,1.678,False
37,Davante Adams,WR,49.0,1.3353681853554442,1.0,no distinct scarcity signal exists in compute_willingness today -- position_fit_multiplier (position_targets) is the closest analog,1.0,1.0,1.0,False,False,65.43304108241676,62.909752913035305,58.10105780866838,Ryan J,12,1.186,1.335,1.284,False
37,Chuba Hubbard,RB,65.0,1.274853586812158,1.0,no distinct scarcity signal exists in compute_willingness today -- position_fit_multiplier (position_targets) is the closest analog,1.0,1.0,1.0,False,False,143.69360920825835,107.19135272446329,68.8634388888889,Evan,11,1.059,1.275,1.649,False
37,Terry McLaurin,WR,57.0,1.103155305643095,1.0,no distinct scarcity signal exists in compute_willingness today -- position_fit_multiplier (position_targets) is the closest analog,1.0,1.0,1.0,False,False,90.36003632922109,70.72904098524164,55.129318670037975,Ryan J,11,0.967,1.103,1.241,False
37,DeVonta Smith,WR,71.0,1.0610671224436483,1.0,no distinct scarcity signal exists in compute_willingness today -- position_fit_multiplier (position_targets) is the closest analog,1.0,1.0,1.0,False,False,111.41428346153461,93.85666221091041,75.33576569349903,Sam,11,1.061,1.061,1.322,False
37,Rachaad White,RB,59.0,0.8223255738005762,1.0,no distinct scarcity signal exists in compute_willingness today -- position_fit_multiplier (position_targets) is the closest analog,1.0,1.0,1.0,False,False,125.76464756655011,113.19690996891963,47.21119444444445,Ryan J,11,0.8,0.822,1.919,False
37,Jonathon Brooks,RB,78.0,0.8695284875253025,1.0,no distinct scarcity signal exists in compute_willingness today -- position_fit_multiplier (position_targets) is the closest analog,1.0,1.0,1.0,False,False,170.024240847992,122.16340605543215,43.88507222222222,Evan,11,0.563,0.87,1.566,False
38,Bhayshul Tuten,RB,95.0,0.9080621541610174,1.0,no distinct scarcity signal exists in compute_willingness today -- position_fit_multiplier (position_targets) is the closest analog,1.3,1.6,1.0,True,True,237.5,237.5,237.5,Travis,12,2.5,2.5,2.5,True
38,Josh Jacobs,RB,126.0,1.0345313405328633,1.3,no distinct scarcity signal exists in compute_willingness today -- position_fit_multiplier (position_targets) is the closest analog,1.0,1.5944444444444446,1.0,True,True,315.0,315.0,250.0,Reid,12,1.984,2.5,2.5,False
38,Bucky Irving,RB,102.0,1.07807824343619,1.0,no distinct scarcity signal exists in compute_willingness today -- position_fit_multiplier (position_targets) is the closest analog,1.0,1.588888888888889,1.0,True,True,255.0,255.0,236.95000000000002,Ryan J,11,2.323,2.5,2.5,False
38,Jaylen Waddle,WR,64.0,1.0092707844920397,1.0,no distinct scarcity signal exists in compute_willingness today -- position_fit_multiplier (position_targets) is the closest analog,1.15,1.5833333333333333,1.0,True,True,160.0,160.0,160.0,Evan,11,2.5,2.5,2.5,True
38,Tee Higgins,WR,60.0,0.5,1.0,no distinct scarcity signal exists in compute_willingness today -- position_fit_multiplier (position_targets) is the closest analog,1.2,1.5777777777777777,1.0,True,True,150.0,150.0,150.0,Sam,11,2.5,2.5,2.5,True
38,Jaylen Warren,RB,83.0,0.9552558381178118,1.0,no distinct scarcity signal exists in compute_willingness today -- position_fit_multiplier (position_targets) is the closest analog,1.6,1.5722222222222222,1.0,True,True,207.5,207.5,202.0,James,11,2.434,2.5,2.5,True
38,Deebo Samuel,WR,48.0,0.9291533110044213,0.4,no distinct scarcity signal exists in compute_willingness today -- position_fit_multiplier (position_targets) is the closest analog,1.25,1.5666666666666667,1.0,True,True,116.95533003028342,104.48292027066715,89.83675219076625,Jason,11,1.872,1.958,2.177,True
38,RJ Harvey,RB,71.0,0.9912520166408167,1.3,no distinct scarcity signal exists in compute_willingness today -- position_fit_multiplier (position_targets) is the closest analog,1.25,1.5611111111111111,1.0,True,True,177.5,177.5,113.0,Brandon,11,1.592,2.5,2.5,True
38,Rachaad White,RB,59.0,0.9771238384736354,1.3,no distinct scarcity signal exists in compute_willingness today -- position_fit_multiplier (position_targets) is the closest analog,1.0,1.5555555555555556,1.0,True,True,144.5808,111.59423077130482,89.14827476465248,Jason,11,1.511,2.451,1.891,False
38,Jacory Croskey-Merritt,RB,59.0,0.9740020717061075,1.0,no distinct scarcity signal exists in compute_willingness today -- position_fit_multiplier (position_targets) is the closest analog,1.1,1.5499999999999998,1.0,False,False,144.99888218407781,135.9600381205283,67.0,Shane,11,1.136,1.592,2.304,False
38,James Cook,RB,71.0,1.1309207798574514,1.0,no distinct scarcity signal exists in compute_willingness today -- position_fit_multiplier (position_targets) is the closest analog,1.0,1.0,1.0,False,False,177.5,143.91865394540793,80.0,Brad,10,1.127,1.131,2.027,False
38,Jonathon Brooks,RB,78.0,1.2070765031160537,1.0,no distinct scarcity signal exists in compute_willingness today -- position_fit_multiplier (position_targets) is the closest analog,1.0,1.0,1.0,False,False,133.62318730490045,119.21797483954114,83.18355724033779,Brad,11,1.066,1.207,1.528,False
38,Jordan Mason,RB,63.0,1.000310235577802,1.0,no distinct scarcity signal exists in compute_willingness today -- position_fit_multiplier (position_targets) is the closest analog,1.1,1.5333333333333332,1.0,False,False,146.60661799390195,140.41624782608298,70.3151985375626,Shane,11,1.116,1.17,2.229,False
38,Chuba Hubbard,RB,65.0,1.092316716297149,1.0,no distinct scarcity signal exists in compute_willingness today -- position_fit_multiplier (position_targets) is the closest analog,1.0,1.0,1.0,False,False,136.54609014336702,112.43770261166402,71.0,Brad,11,1.092,1.092,1.73,False
38,DeVonta Smith,WR,71.0,1.1548893329996217,1.0,no distinct scarcity signal exists in compute_willingness today -- position_fit_multiplier (position_targets) is the closest analog,1.0,1.5222222222222221,1.0,True,True,152.59701197421924,132.41545893912058,64.9889709123368,Sam,9,0.915,1.758,1.865,False
38,Kenny Gainwell,RB,64.0,0.9664149833931985,1.0,no distinct scarcity signal exists in compute_willingness today -- position_fit_multiplier (position_targets) is the closest analog,1.0,1.0,1.0,False,False,110.56254076999268,105.19182355577925,61.850558937164706,Coby,10,0.966,0.966,1.644,False
38,JK Dobbins,RB,34.0,1.1166453047205604,1.0,no distinct scarcity signal exists in compute_willingness today -- position_fit_multiplier (position_targets) is the closest analog,1.1,1.511111111111111,1.0,False,False,79.8387219954204,71.6920241407237,39.47484643251749,Shane,10,1.161,1.552,2.109,False
38,Zach Charbonnet,RB,36.0,0.9535518262617317,1.0,no distinct scarcity signal exists in compute_willingness today -- position_fit_multiplier (position_targets) is the closest analog,1.1,1.5055555555555555,1.0,False,False,80.25220069267662,77.68139361185642,37.61511111111112,Shane,10,1.045,1.151,2.158,False
38,DJ Moore,WR,48.0,0.9661499588485679,1.3,no distinct scarcity signal exists in compute_willingness today -- position_fit_multiplier (position_targets) is the closest analog,1.25,1.5,1.0,True,True,120.0,113.03954518528246,57.0,Brandon,10,1.188,2.355,2.355,True
38,Tony Pollard,RB,75.0,0.9335419724078861,1.0,no distinct scarcity signal exists in compute_willingness today -- position_fit_multiplier (position_targets) is the closest analog,1.0,1.0,1.0,False,False,145.37327606335455,125.94403304726232,64.94499048629456,Coby,10,0.866,0.934,1.679,False
38,Rashee Rice,WR,72.0,1.017415724159588,1.0,no distinct scarcity signal exists in compute_willingness today -- position_fit_multiplier (position_targets) is the closest analog,1.0,1.0,1.0,False,False,163.9888293794402,111.86985461488993,64.05,Coby,9,0.89,1.017,1.554,False
38,TJ Hockenson,TE,43.0,1.186560499267897,1.0,no distinct scarcity signal exists in compute_willingness today -- position_fit_multiplier (position_targets) is the closest analog,1.0,1.0,1.0,False,False,71.12721702814977,63.76352633500693,44.34,Coby,8,1.031,1.187,1.483,False
38,Davante Adams,WR,49.0,1.0945443371116248,1.0,no distinct scarcity signal exists in compute_willingness today -- position_fit_multiplier (position_targets) is the closest analog,1.0,1.0,1.0,False,False,93.20129095423205,80.7306024751321,42.82,CJ,8,0.874,1.095,1.648,False
38,Terry McLaurin,WR,57.0,0.9985483420259523,1.0,no distinct scarcity signal exists in compute_willingness today -- position_fit_multiplier (position_targets) is the closest analog,1.0,1.0,1.0,False,False,103.70396855372985,86.80167437194294,42.82,CJ,8,0.751,0.999,1.523,False
39,Josh Jacobs,RB,126.0,0.9541261598722399,1.0,no distinct scarcity signal exists in compute_willingness today -- position_fit_multiplier (position_targets) is the closest analog,1.0,1.6,1.0,True,True,315.0,315.0,273.0,Shane,12,2.167,2.5,2.5,False
39,Bucky Irving,RB,102.0,0.8630508670526092,1.0,no distinct scarcity signal exists in compute_willingness today -- position_fit_multiplier (position_targets) is the closest analog,1.0,1.5944444444444446,1.0,True,True,255.0,228.83466666666666,176.09181920078146,Brad,12,1.726,2.5,2.243,False
39,Jaylen Waddle,WR,64.0,1.03283219111162,1.3,no distinct scarcity signal exists in compute_willingness today -- position_fit_multiplier (position_targets) is the closest analog,1.25,1.588888888888889,1.0,True,True,160.0,160.0,160.0,Coby,12,2.5,2.5,2.5,True
39,Jordan Mason,RB,63.0,1.0312879740973206,1.3,no distinct scarcity signal exists in compute_willingness today -- position_fit_multiplier (position_targets) is the closest analog,1.25,1.5833333333333333,1.0,True,True,157.5,157.5,157.5,Brandon,12,2.5,2.5,2.5,True
39,RJ Harvey,RB,71.0,0.7995053978545335,1.0,no distinct scarcity signal exists in compute_willingness today -- position_fit_multiplier (position_targets) is the closest analog,1.6,1.5777777777777777,1.0,True,True,177.5,177.5,106.55333333333331,Evan,11,1.501,2.5,2.5,True
39,Bhayshul Tuten,RB,95.0,0.8229549012672005,0.4,no distinct scarcity signal exists in compute_willingness today -- position_fit_multiplier (position_targets) is the closest analog,1.25,1.5722222222222222,1.0,True,True,201.41742874791382,105.18166666666666,99.0,Sam,11,1.042,1.107,1.107,True
39,Jaylen Warren,RB,83.0,1.2360418812107816,1.0,no distinct scarcity signal exists in compute_willingness today -- position_fit_multiplier (position_targets) is the closest analog,1.2,1.5666666666666667,1.0,True,True,192.87197514413035,89.76975164843438,91.76975164843438,Brad,12,1.106,2.324,1.082,True
39,Rashee Rice,WR,72.0,1.1112397336797553,1.3,no distinct scarcity signal exists in compute_willingness today -- position_fit_multiplier (position_targets) is the closest analog,1.0,1.5611111111111111,1.0,True,True,162.37434988528582,160.4649144797861,108.0,Sam,11,1.5,2.255,2.229,False
39,Jonathon Brooks,RB,78.0,1.0645817027197648,1.0,no distinct scarcity signal exists in compute_willingness today -- position_fit_multiplier (position_targets) is the closest analog,1.0,1.0,1.0,False,False,83.03737281214165,78.54,79.27689721120939,Reid,11,1.016,1.065,1.007,False
39,James Cook,RB,71.0,1.014479358543011,1.0,no distinct scarcity signal exists in compute_willingness today -- position_fit_multiplier (position_targets) is the closest analog,1.1,1.5499999999999998,1.0,False,False,86.08545000000001,79.3935779433429,80.0,James,11,1.127,1.212,1.118,False
39,Bill Croskey-Merritt,RB,42.0,1.1471100804380578,1.0,no distinct scarcity signal exists in compute_willingness today -- position_fit_multiplier (position_targets) is the closest analog,1.1,1.5444444444444443,1.0,False,False,62.672011111111104,57.08266666666666,58.08266666666666,James,11,1.383,1.492,1.359,False
39,Tee Higgins,WR,60.0,1.0314663349333888,1.3,no distinct scarcity signal exists in compute_willingness today -- position_fit_multiplier (position_targets) is the closest analog,1.25,1.5388888888888888,1.0,True,True,150.0,150.0,64.39012586352379,Coby,10,1.073,2.5,2.5,True
39,Jacory Croskey-Merritt,RB,59.0,1.0303016154061642,1.0,no distinct scarcity signal exists in compute_willingness today -- position_fit_multiplier (position_targets) is the closest analog,1.0,1.0,1.0,False,False,60.78779530896369,60.01335966807107,60.76319242270641,Jason,11,1.03,1.03,1.017,False
39,Deebo Samuel,WR,48.0,1.005124855646605,1.0,no distinct scarcity signal exists in compute_willingness today -- position_fit_multiplier (position_targets) is the closest analog,1.0,1.5277777777777777,1.0,False,False,120.0,56.46666666666666,56.46666666666666,Travis,11,1.176,1.176,1.176,False
39,Rachaad White,RB,59.0,1.197675548204428,1.0,no distinct scarcity signal exists in compute_willingness today -- position_fit_multiplier (position_targets) is the closest analog,1.0,1.0,1.0,False,False,70.66285734406125,64.21203678590405,65.21203678590405,Jason,11,1.105,1.198,1.088,False
39,DJ Moore,WR,48.0,0.9531113291670983,1.0,no distinct scarcity signal exists in compute_willingness today -- position_fit_multiplier (position_targets) is the closest analog,1.0,1.5166666666666666,1.0,False,False,120.0,54.56966666666667,46.76472445647913,Ryan J,11,0.974,1.137,1.137,False
39,Terry McLaurin,WR,57.0,1.0119563656493373,1.0,no distinct scarcity signal exists in compute_willingness today -- position_fit_multiplier (position_targets) is the closest analog,1.0,1.0,1.0,False,False,102.7727188165699,57.681512842012225,55.8637099611549,Jason,12,0.98,1.012,1.012,False
39,Chuba Hubbard,RB,65.0,1.0005786689706295,1.0,no distinct scarcity signal exists in compute_willingness today -- position_fit_multiplier (position_targets) is the closest analog,1.0,1.0,1.0,False,False,65.03761348309092,63.84697215776368,58.656844444444445,CJ,10,0.902,1.001,0.982,False
39,Tony Pollard,RB,75.0,0.9162553659433263,1.0,no distinct scarcity signal exists in compute_willingness today -- position_fit_multiplier (position_targets) is the closest analog,1.0,1.0,1.0,False,False,72.48201467519401,68.71915244574947,57.0,Reid,10,0.76,0.916,0.916,False
39,Austin Ekeler,RB,31.0,1.0094546979199308,1.0,no distinct scarcity signal exists in compute_willingness today -- position_fit_multiplier (position_targets) is the closest analog,1.0,1.4944444444444445,1.0,False,False,43.986880000000006,43.41988777777778,43.986880000000006,Ryan J,11,1.419,1.419,1.401,False
39,Zach Charbonnet,RB,36.0,1.0170619695574568,1.0,no distinct scarcity signal exists in compute_willingness today -- position_fit_multiplier (position_targets) is the closest analog,1.1,1.488888888888889,1.0,False,False,44.24685955555556,43.258475555555556,44.11281097226226,James,11,1.225,1.229,1.202,False
39,Aaron Jones Sr,RB,59.0,1.047007801626772,1.0,no distinct scarcity signal exists in compute_willingness today -- position_fit_multiplier (position_targets) is the closest analog,1.0,1.0,1.0,False,False,61.773460295979554,58.20029923099462,57.01144115352346,CJ,11,0.966,1.047,0.986,False
39,Kenny Gainwell,RB,64.0,0.9799304225983704,1.0,no distinct scarcity signal exists in compute_willingness today -- position_fit_multiplier (position_targets) is the closest analog,1.0,1.0,1.0,False,False,62.715547046295704,56.05385846246199,53.370720000000006,Reid,10,0.834,0.98,0.876,False
39,JK Dobbins,RB,34.0,1.1288624412344146,1.0,no distinct scarcity signal exists in compute_willingness today -- position_fit_multiplier (position_targets) is the closest analog,1.0,1.0,1.0,False,False,38.381323001970095,35.236740000000005,35.9170672218397,Reid,10,1.056,1.129,1.036,False
40,Jaylen Warren,RB,83.0,1.0545873351068555,1.0,no distinct scarcity signal exists in compute_willingness today -- position_fit_multiplier (position_targets) is the closest analog,1.3,1.6,1.0,True,True,207.5,207.5,207.5,Reid,12,2.5,2.5,2.5,True
40,Tee Higgins,WR,60.0,0.9238224709390533,1.0,no distinct scarcity signal exists in compute_willingness today -- position_fit_multiplier (position_targets) is the closest analog,1.6,1.5944444444444446,1.0,True,True,150.0,150.0,150.0,Sam,12,2.5,2.5,2.5,True
40,Bhayshul Tuten,RB,95.0,1.5632893576084723,1.0,no distinct scarcity signal exists in compute_willingness today -- position_fit_multiplier (position_targets) is the closest analog,1.2,1.588888888888889,1.0,True,True,237.5,237.5,237.5,Travis,12,2.5,2.5,2.5,True
40,Josh Jacobs,RB,126.0,1.0583159983801285,1.0,no distinct scarcity signal exists in compute_willingness today -- position_fit_multiplier (position_targets) is the closest analog,1.0,1.5833333333333333,1.0,True,True,315.0,315.0,293.0,Shane,12,2.325,2.5,2.5,False
40,Jaylen Waddle,WR,64.0,0.9107420339012434,1.0,no distinct scarcity signal exists in compute_willingness today -- position_fit_multiplier (position_targets) is the closest analog,1.15,1.5777777777777777,1.0,True,True,160.0,160.0,160.0,Evan,12,2.5,2.5,2.5,True
40,Tony Pollard,RB,75.0,1.0204466899656366,1.0,no distinct scarcity signal exists in compute_willingness today -- position_fit_multiplier (position_targets) is the closest analog,1.0,1.5722222222222222,1.0,True,True,187.5,187.5,187.5,Coby,12,2.5,2.5,2.5,False
40,James Cook,RB,71.0,1.000445655811938,1.3,no distinct scarcity signal exists in compute_willingness today -- position_fit_multiplier (position_targets) is the closest analog,1.25,1.5666666666666667,1.0,True,True,177.5,177.5,177.5,Ryan J,12,2.5,2.5,2.5,True
40,JK Dobbins,RB,34.0,1.083803464089792,1.0,no distinct scarcity signal exists in compute_willingness today -- position_fit_multiplier (position_targets) is the closest analog,1.3,1.5611111111111111,1.0,True,True,85.0,85.0,85.0,Jason,12,2.5,2.5,2.5,True
40,Bucky Irving,RB,102.0,0.9489806272717121,1.3,no distinct scarcity signal exists in compute_willingness today -- position_fit_multiplier (position_targets) is the closest analog,1.0,1.5555555555555556,1.0,True,True,255.0,255.0,255.0,Brad,12,2.5,2.5,2.5,False
40,RJ Harvey,RB,71.0,0.8901689320981685,1.0,no distinct scarcity signal exists in compute_willingness today -- position_fit_multiplier (position_targets) is the closest analog,1.2,1.5499999999999998,1.0,True,True,177.5,177.5,177.5,James,11,2.5,2.5,2.5,True
40,Jordan Mason,RB,63.0,0.9546729551751676,1.0,no distinct scarcity signal exists in compute_willingness today -- position_fit_multiplier (position_targets) is the closest analog,1.6,1.5444444444444443,1.0,True,True,157.5,157.5,157.5,Brandon,12,2.5,2.5,2.5,True
40,Deebo Samuel,WR,48.0,1.03090307283955,1.0,no distinct scarcity signal exists in compute_willingness today -- position_fit_multiplier (position_targets) is the closest analog,1.3,1.5388888888888888,1.0,True,True,120.0,120.0,118.0,CJ,12,2.458,2.5,2.5,True
40,Rachaad White,RB,59.0,1.0318392893442947,1.0,no distinct scarcity signal exists in compute_willingness today -- position_fit_multiplier (position_targets) is the closest analog,1.0,1.5333333333333332,1.0,True,True,147.5,147.5,120.0,CJ,11,2.034,2.5,2.5,False
40,DJ Moore,WR,48.0,0.8805421737237998,1.0,no distinct scarcity signal exists in compute_willingness today -- position_fit_multiplier (position_targets) is the closest analog,1.3,1.5277777777777777,1.0,True,True,120.0,120.0,113.325,Jason,12,2.361,2.5,2.5,True
40,Chuba Hubbard,RB,65.0,0.6868591075468686,1.0,no distinct scarcity signal exists in compute_willingness today -- position_fit_multiplier (position_targets) is the closest analog,1.0,1.5222222222222221,1.0,True,True,141.37959298461084,136.42916666666665,76.0,James,10,1.169,2.099,2.099,False
40,Zach Charbonnet,RB,36.0,1.0747452679681513,1.3,no distinct scarcity signal exists in compute_willingness today -- position_fit_multiplier (position_targets) is the closest analog,1.25,1.5166666666666666,1.0,True,True,90.0,90.0,46.0,Ryan J,11,1.278,2.5,2.5,True
40,Jacory Croskey-Merritt,RB,59.0,0.9147235240624667,1.0,no distinct scarcity signal exists in compute_willingness today -- position_fit_multiplier (position_targets) is the closest analog,1.3,1.511111111111111,1.0,True,True,142.42074659394817,135.716785615807,35.23964444444444,Reid,12,0.597,1.797,2.3,True
40,Jonathon Brooks,RB,78.0,0.8456569256789618,1.0,no distinct scarcity signal exists in compute_willingness today -- position_fit_multiplier (position_targets) is the closest analog,1.0,1.5055555555555555,1.0,True,True,146.24893149063416,127.59323783907624,21.83688888888889,Shane,11,0.28,1.273,1.636,False
40,Bill Croskey-Merritt,RB,42.0,1.01962471990767,1.0,no distinct scarcity signal exists in compute_willingness today -- position_fit_multiplier (position_targets) is the closest analog,1.6,1.5,1.0,False,False,91.71658274201673,90.40341974368809,29.0,Coby,10,0.69,0.791,2.152,False
40,DK Metcalf,WR,32.0,0.9755930769852983,1.0,no distinct scarcity signal exists in compute_willingness today -- position_fit_multiplier (position_targets) is the closest analog,1.6,1.4944444444444445,1.0,False,False,27.928177777777776,21.998222222222225,22.998222222222225,Sam,9,0.719,0.873,0.687,False
40,Davante Adams,WR,49.0,1.1043468881841678,1.0,no distinct scarcity signal exists in compute_willingness today -- position_fit_multiplier (position_targets) is the closest analog,1.0,1.488888888888889,1.0,True,True,92.78176200327766,80.56824075352496,20.0,CJ,9,0.408,1.644,1.644,False
40,DeVonta Smith,WR,71.0,1.2319232857003335,1.0,no distinct scarcity signal exists in compute_willingness today -- position_fit_multiplier (position_targets) is the closest analog,1.0,1.4833333333333334,1.0,True,True,129.74205403900677,105.97931688558597,19.5,Travis,9,0.275,1.827,1.493,False
40,Rashee Rice,WR,72.0,1.188044780848413,0.4,no distinct scarcity signal exists in compute_willingness today -- position_fit_multiplier (position_targets) is the closest analog,1.0,1.4777777777777779,1.0,True,True,112.08282853363403,111.61865394303902,15.871444444444446,Brad,9,0.22,0.702,1.55,False
40,Matthew Golden,WR,22.0,1.0133890537452543,1.0,no distinct scarcity signal exists in compute_willingness today -- position_fit_multiplier (position_targets) is the closest analog,1.6,1.4666666666666668,1.0,False,False,21.58933333333334,18.773333333333337,19.485733333333336,Coby,8,0.886,0.981,0.853,False
41,DJ Moore,WR,48.0,0.8461884997959701,1.0,no distinct scarcity signal exists in compute_willingness today -- position_fit_multiplier (position_targets) is the closest analog,1.2,1.6,1.0,True,True,120.0,120.0,120.0,Brandon,12,2.5,2.5,2.5,True
41,Tee Higgins,WR,60.0,1.0770711379182776,1.0,no distinct scarcity signal exists in compute_willingness today -- position_fit_multiplier (position_targets) is the closest analog,1.15,1.5944444444444446,1.0,True,True,150.0,150.0,150.0,Ryan J,12,2.5,2.5,2.5,True
41,Jaylen Warren,RB,83.0,1.0993400110254075,1.3,no distinct scarcity signal exists in compute_willingness today -- position_fit_multiplier (position_targets) is the closest analog,1.25,1.588888888888889,1.0,True,True,207.5,207.5,207.5,Brad,12,2.5,2.5,2.5,True
41,Jonathon Brooks,RB,78.0,0.9657358847879686,1.0,no distinct scarcity signal exists in compute_willingness today -- position_fit_multiplier (position_targets) is the closest analog,1.0,1.5833333333333333,1.0,True,True,195.0,195.0,195.0,Travis,12,2.5,2.5,2.5,False
41,Bhayshul Tuten,RB,95.0,0.8621427228181644,1.0,no distinct scarcity signal exists in compute_willingness today -- position_fit_multiplier (position_targets) is the closest analog,1.6,1.5777777777777777,1.0,True,True,237.5,237.5,178.4311111111111,Coby,12,1.878,2.5,2.5,True
41,RJ Harvey,RB,71.0,1.08806365647101,1.0,no distinct scarcity signal exists in compute_willingness today -- position_fit_multiplier (position_targets) is the closest analog,1.6,1.5722222222222222,1.0,True,True,177.5,177.5,95.31965000000001,Evan,12,1.343,2.5,2.5,True
41,Jaylen Waddle,WR,64.0,1.0420047674174913,1.0,no distinct scarcity signal exists in compute_willingness today -- position_fit_multiplier (position_targets) is the closest analog,1.1,1.5611111111111111,1.0,False,False,94.58460000000001,89.91999999999999,87.69866666666667,Shane,12,1.37,1.478,1.405,False
41,James Cook,RB,71.0,1.0816531963743214,1.0,no distinct scarcity signal exists in compute_willingness today -- position_fit_multiplier (position_targets) is the closest analog,1.1,1.5555555555555556,1.0,False,False,176.1235891772381,148.35842619254896,69.49333333333334,James,12,0.979,1.217,2.09,False
41,Jordan Mason,RB,63.0,0.8793854315750035,1.0,no distinct scarcity signal exists in compute_willingness today -- position_fit_multiplier (position_targets) is the closest analog,1.1,1.5499999999999998,1.0,False,False,157.5,89.27999999999999,67.5,Shane,12,1.071,1.087,1.417,False
41,Josh Jacobs,RB,126.0,0.9775432053275234,1.0,no distinct scarcity signal exists in compute_willingness today -- position_fit_multiplier (position_targets) is the closest analog,1.0,1.0,1.0,False,False,275.6099147055095,164.95592252599562,67.5,Jason,12,0.536,0.978,1.309,False
41,Chuba Hubbard,RB,65.0,1.1164094227649997,1.3,no distinct scarcity signal exists in compute_willingness today -- position_fit_multiplier (position_targets) is the closest analog,1.0,1.5388888888888888,1.0,True,True,145.1735397441609,73.86666666666666,63.51914388888889,Brad,11,0.977,2.233,1.136,False
41,Bucky Irving,RB,102.0,1.0044869642199443,1.0,no distinct scarcity signal exists in compute_willingness today -- position_fit_multiplier (position_targets) is the closest analog,1.0,1.0,1.0,False,False,190.71136727560574,102.45767035043433,60.304273333333335,Jason,12,0.591,1.004,1.004,False
41,Zach Charbonnet,RB,36.0,1.0923122742913864,1.0,no distinct scarcity signal exists in compute_willingness today -- position_fit_multiplier (position_targets) is the closest analog,1.1,1.5277777777777777,1.0,False,False,87.99999999999999,64.99834305555557,57.683733333333336,James,12,1.602,1.806,1.806,False
41,Rashee Rice,WR,72.0,0.9345468383649723,1.0,no distinct scarcity signal exists in compute_willingness today -- position_fit_multiplier (position_targets) is the closest analog,1.0,1.0,1.0,False,False,73.06666666666666,67.287372362278,57.0,Jason,12,0.792,0.935,0.935,False
41,DeVonta Smith,WR,71.0,0.821909000585145,1.0,no distinct scarcity signal exists in compute_willingness today -- position_fit_multiplier (position_targets) is the closest analog,1.0,1.5166666666666666,1.0,True,True,88.50590087967703,56.056,57.0,Brandon,12,0.803,1.247,0.79,False
41,Jacory Croskey-Merritt,RB,59.0,1.040642247431163,1.0,no distinct scarcity signal exists in compute_willingness today -- position_fit_multiplier (position_targets) is the closest analog,1.0,1.511111111111111,1.0,False,False,59.9237808564986,55.85066666666667,55.85066666666667,CJ,11,0.947,0.947,0.947,False
41,Rachaad White,RB,59.0,0.9894691710034645,1.0,no distinct scarcity signal exists in compute_willingness today -- position_fit_multiplier (position_targets) is the closest analog,1.0,1.5055555555555555,1.0,False,False,54.80222222222223,51.427201051952764,48.00344444444445,Reid,11,0.814,0.929,0.872,False
41,Deebo Samuel,WR,48.0,0.898032598910028,1.0,no distinct scarcity signal exists in compute_willingness today -- position_fit_multiplier (position_targets) is the closest analog,1.1,1.5,1.0,False,False,54.17734280504604,47.637315000000015,47.52,James,11,0.99,0.992,0.992,False
41,DK Metcalf,WR,32.0,1.0967036154817293,1.0,no distinct scarcity signal exists in compute_willingness today -- position_fit_multiplier (position_targets) is the closest analog,1.1,1.4944444444444445,1.0,False,False,47.173035555555565,45.11419501707379,46.11419501707379,Shane,11,1.441,1.474,1.41,False
41,Terry McLaurin,WR,57.0,1.03558369763187,1.0,no distinct scarcity signal exists in compute_willingness today -- position_fit_multiplier (position_targets) is the closest analog,1.0,1.488888888888889,1.0,False,False,65.22281219093257,46.483111111111114,45.190222222222225,Sam,11,0.793,0.815,0.815,False
41,Austin Ekeler,RB,31.0,0.9632899058410286,1.0,no distinct scarcity signal exists in compute_willingness today -- position_fit_multiplier (position_targets) is the closest analog,1.0,1.4833333333333334,1.0,False,False,44.02533333333334,43.225816666666674,44.02533333333334,Reid,11,1.42,1.42,1.394,False
41,Aaron Jones Sr,RB,59.0,0.9480119692386847,1.0,no distinct scarcity signal exists in compute_willingness today -- position_fit_multiplier (position_targets) is the closest analog,1.0,1.4722222222222223,1.0,False,False,57.30411632017318,42.90202777777779,37.648616666666676,CJ,11,0.638,0.727,0.727,False
41,JK Dobbins,RB,34.0,1.0436772274087418,1.0,no distinct scarcity signal exists in compute_willingness today -- position_fit_multiplier (position_targets) is the closest analog,1.0,1.4666666666666668,1.0,False,False,36.51032000000001,35.00933333333334,36.00933333333334,Sam,11,1.059,1.074,1.03,False
41,Bill Croskey-Merritt,RB,42.0,0.9611279560297296,1.0,no distinct scarcity signal exists in compute_willingness today -- position_fit_multiplier (position_targets) is the closest analog,1.0,1.4444444444444444,1.0,False,False,40.1527476385828,34.27666666666667,34.13993222222223,CJ,11,0.813,0.816,0.816,False
42,Jordan Mason,RB,63.0,0.9881361673890118,1.3,no distinct scarcity signal exists in compute_willingness today -- position_fit_multiplier (position_targets) is the closest analog,1.25,1.6,1.0,True,True,157.5,157.5,157.5,Shane,12,2.5,2.5,2.5,True
42,Josh Jacobs,RB,126.0,1.1127241206968033,1.0,no distinct scarcity signal exists in compute_willingness today -- position_fit_multiplier (position_targets) is the closest analog,1.0,1.5944444444444446,1.0,True,True,315.0,315.0,266.0,Brad,12,2.111,2.5,2.5,False
42,RJ Harvey,RB,71.0,0.9073424058594474,1.0,no distinct scarcity signal exists in compute_willingness today -- position_fit_multiplier (position_targets) is the closest analog,1.3,1.588888888888889,1.0,True,True,177.5,177.5,177.5,Sam,12,2.5,2.5,2.5,True
42,Jaylen Waddle,WR,64.0,0.9449112880846173,1.0,no distinct scarcity signal exists in compute_willingness today -- position_fit_multiplier (position_targets) is the closest analog,1.6,1.5833333333333333,1.0,True,True,160.0,160.0,160.0,Brandon,12,2.5,2.5,2.5,True
42,Bhayshul Tuten,RB,95.0,1.062606753656911,1.0,no distinct scarcity signal exists in compute_willingness today -- position_fit_multiplier (position_targets) is the closest analog,1.2,1.5777777777777777,1.0,True,True,237.5,237.5,237.5,Travis,12,2.5,2.5,2.5,True
42,Bucky Irving,RB,102.0,1.0412732611595987,1.0,no distinct scarcity signal exists in compute_willingness today -- position_fit_multiplier (position_targets) is the closest analog,1.0,1.5722222222222222,1.0,True,True,255.0,255.0,204.616,Coby,12,2.006,2.5,2.5,False
42,Jaylen Warren,RB,83.0,0.9425009936580993,1.0,no distinct scarcity signal exists in compute_willingness today -- position_fit_multiplier (position_targets) is the closest analog,1.6,1.5666666666666667,1.0,True,True,207.5,207.5,202.0,Reid,12,2.434,2.5,2.5,True
42,Rashee Rice,WR,72.0,1.0012494118727688,1.3,no distinct scarcity signal exists in compute_willingness today -- position_fit_multiplier (position_targets) is the closest analog,1.0,1.5611111111111111,1.0,True,True,180.0,180.0,180.0,CJ,12,2.5,2.5,2.5,False
42,Tee Higgins,WR,60.0,0.9616812678864012,1.0,no distinct scarcity signal exists in compute_willingness today -- position_fit_multiplier (position_targets) is the closest analog,1.15,1.5555555555555556,1.0,True,True,150.0,150.0,150.0,Evan,12,2.5,2.5,2.5,True
42,James Cook,RB,71.0,1.007212950771387,1.0,no distinct scarcity signal exists in compute_willingness today -- position_fit_multiplier (position_targets) is the closest analog,1.3,1.5499999999999998,1.0,True,True,177.5,177.5,77.49145000000001,Jason,12,1.091,2.5,2.5,True
42,Jacory Croskey-Merritt,RB,59.0,0.9994878133279929,1.0,no distinct scarcity signal exists in compute_willingness today -- position_fit_multiplier (position_targets) is the closest analog,1.3,1.5444444444444443,1.0,True,True,147.5,135.77099559209088,78.0,Jason,12,1.322,2.5,2.301,True
42,Zach Charbonnet,RB,36.0,1.060876147222444,1.3,no distinct scarcity signal exists in compute_willingness today -- position_fit_multiplier (position_targets) is the closest analog,1.25,1.5388888888888888,1.0,True,True,90.0,90.0,74.25,CJ,12,2.062,2.5,2.5,True
42,Tony Pollard,RB,75.0,1.0365420190045929,1.0,no distinct scarcity signal exists in compute_willingness today -- position_fit_multiplier (position_targets) is the closest analog,1.0,1.5333333333333332,1.0,False,False,122.19428953062437,120.71734855661828,64.756,Ryan J,11,0.863,0.893,1.61,False
42,Rachaad White,RB,59.0,1.0145498074762733,1.0,no distinct scarcity signal exists in compute_willingness today -- position_fit_multiplier (position_targets) is the closest analog,1.0,1.5277777777777777,1.0,False,False,137.50836149473682,102.19404682958807,61.89958333333333,James,11,1.049,1.077,1.732,False
42,Jonathon Brooks,RB,78.0,0.8724313676662078,0.4,no distinct scarcity signal exists in compute_willingness today -- position_fit_multiplier (position_targets) is the closest analog,1.0,1.5222222222222221,1.0,True,True,116.4619133159056,114.7571317439689,51.10242222222222,Shane,12,0.655,0.78,1.471,False
42,Chuba Hubbard,RB,65.0,1.050287594073663,1.0,no distinct scarcity signal exists in compute_willingness today -- position_fit_multiplier (position_targets) is the closest analog,1.0,1.5166666666666666,1.0,False,False,118.26777204059486,105.97306206556433,49.91956666666667,James,11,0.768,0.768,1.63,False
42,DeVonta Smith,WR,71.0,0.9253105855992099,1.0,no distinct scarcity signal exists in compute_willingness today -- position_fit_multiplier (position_targets) is the closest analog,1.0,1.511111111111111,1.0,False,False,105.08477215692241,103.46657232825653,48.5,Ryan J,12,0.683,0.696,1.457,False
42,Kenny Gainwell,RB,64.0,1.2128469732435165,1.0,no distinct scarcity signal exists in compute_willingness today -- position_fit_multiplier (position_targets) is the closest analog,1.0,1.5055555555555555,1.0,True,True,116.86454391075306,106.74136153177348,44.031828888888896,Jason,11,0.688,1.826,1.668,False
42,DJ Moore,WR,48.0,1.0232169889626257,1.3,no distinct scarcity signal exists in compute_willingness today -- position_fit_multiplier (position_targets) is the closest analog,1.25,1.5,1.0,False,False,92.34741705212986,91.10661309351617,41.0,Shane,10,0.854,1.172,1.898,False
42,JK Dobbins,RB,34.0,1.0086304355474427,1.0,no distinct scarcity signal exists in compute_willingness today -- position_fit_multiplier (position_targets) is the closest analog,1.1,1.4944444444444445,1.0,False,False,79.55675000000001,76.65125750420363,39.0,Ryan J,11,1.147,1.181,2.254,False
42,Bill Croskey-Merritt,RB,42.0,0.936826089357763,1.0,no distinct scarcity signal exists in compute_willingness today -- position_fit_multiplier (position_targets) is the closest analog,1.0,1.488888888888889,1.0,False,False,95.3758718109126,84.26573802832512,38.599742222222226,James,10,0.919,0.919,2.006,False
42,Mike Evans,WR,45.0,0.952847519255005,1.0,no distinct scarcity signal exists in compute_willingness today -- position_fit_multiplier (position_targets) is the closest analog,1.0,1.4833333333333334,1.0,True,True,72.94065186440086,67.73060446127819,31.439780000000006,Sam,9,0.699,1.413,1.505,False
42,DK Metcalf,WR,32.0,0.915234046966458,1.0,no distinct scarcity signal exists in compute_willingness today -- position_fit_multiplier (position_targets) is the closest analog,1.0,1.4777777777777779,1.0,False,False,30.32577333333334,28.944317111111115,29.944317111111115,James,9,0.936,0.948,0.905,False
42,Jalen Hurts,QB,18.0,0.9568982945905806,1.0,no distinct scarcity signal exists in compute_willingness today -- position_fit_multiplier (position_targets) is the closest analog,1.1,1.4722222222222223,1.0,False,False,27.893585287315428,24.040800000000004,25.040800000000004,Ryan J,9,1.391,1.55,1.336,False
43,Bhayshul Tuten,RB,95.0,1.1319611707094748,1.0,no distinct scarcity signal exists in compute_willingness today -- position_fit_multiplier (position_targets) is the closest analog,1.2,1.6,1.0,True,True,237.5,237.5,237.5,Shane,12,2.5,2.5,2.5,True
43,James Cook,RB,71.0,0.9913409566707904,1.0,no distinct scarcity signal exists in compute_willingness today -- position_fit_multiplier (position_targets) is the closest analog,1.3,1.5944444444444446,1.0,True,True,177.5,177.5,177.5,James,12,2.5,2.5,2.5,True
43,Tee Higgins,WR,60.0,0.9717875221349838,1.3,no distinct scarcity signal exists in compute_willingness today -- position_fit_multiplier (position_targets) is the closest analog,1.25,1.588888888888889,1.0,True,True,150.0,150.0,150.0,Brandon,12,2.5,2.5,2.5,True
43,Bucky Irving,RB,102.0,1.0070115030754114,1.0,no distinct scarcity signal exists in compute_willingness today -- position_fit_multiplier (position_targets) is the closest analog,1.0,1.5833333333333333,1.0,True,True,255.0,255.0,255.0,CJ,12,2.5,2.5,2.5,False
43,Jaylen Waddle,WR,64.0,0.9441047683666248,1.0,no distinct scarcity signal exists in compute_willingness today -- position_fit_multiplier (position_targets) is the closest analog,1.3,1.5777777777777777,1.0,True,True,160.0,160.0,160.0,Coby,11,2.5,2.5,2.5,True
43,DJ Moore,WR,48.0,1.0071991668725218,1.3,no distinct scarcity signal exists in compute_willingness today -- position_fit_multiplier (position_targets) is the closest analog,1.25,1.5722222222222222,1.0,True,True,120.0,120.0,116.0,Sam,11,2.417,2.5,2.5,True
43,Jaylen Warren,RB,83.0,0.8710638050197695,1.3,no distinct scarcity signal exists in compute_willingness today -- position_fit_multiplier (position_targets) is the closest analog,1.25,1.5666666666666667,1.0,True,True,207.5,207.5,207.5,Ryan J,11,2.5,2.5,2.5,True
43,Jonathon Brooks,RB,78.0,0.9456803298436427,1.3,no distinct scarcity signal exists in compute_willingness today -- position_fit_multiplier (position_targets) is the closest analog,1.0,1.5555555555555556,1.0,True,True,195.0,195.0,176.0,Brad,11,2.256,2.5,2.5,False
43,Jordan Mason,RB,63.0,1.2308201824021607,1.3,no distinct scarcity signal exists in compute_willingness today -- position_fit_multiplier (position_targets) is the closest analog,1.25,1.5499999999999998,1.0,True,True,157.5,157.5,113.5,Evan,11,1.802,2.5,2.5,True
43,Josh Jacobs,RB,126.0,0.9469064404090962,1.0,no distinct scarcity signal exists in compute_willingness today -- position_fit_multiplier (position_targets) is the closest analog,1.0,1.0,1.0,False,False,267.79305468467254,234.62074751847808,113.5,Jason,11,0.901,0.947,1.862,False
43,DeVonta Smith,WR,71.0,1.1051929662944342,1.0,no distinct scarcity signal exists in compute_willingness today -- position_fit_multiplier (position_targets) is the closest analog,1.0,1.5388888888888888,1.0,True,True,167.62028128021439,165.5075,108.0,James,11,1.521,2.331,2.331,False
43,RJ Harvey,RB,71.0,0.9908814626460006,1.0,no distinct scarcity signal exists in compute_willingness today -- position_fit_multiplier (position_targets) is the closest analog,1.3,1.5333333333333332,1.0,True,True,177.5,177.5,99.0,Coby,11,1.394,2.5,2.5,True
43,Zach Charbonnet,RB,36.0,1.0132737247551113,1.3,no distinct scarcity signal exists in compute_willingness today -- position_fit_multiplier (position_targets) is the closest analog,1.25,1.5277777777777777,1.0,True,True,90.0,90.0,79.5,Brad,11,2.208,2.5,2.5,True
43,Chuba Hubbard,RB,65.0,1.2534429043941844,1.0,no distinct scarcity signal exists in compute_willingness today -- position_fit_multiplier (position_targets) is the closest analog,1.0,1.0,1.0,False,False,137.91927216205158,123.59986078802633,80.09066666666666,Travis,11,1.232,1.253,1.902,False
43,Deebo Samuel,WR,48.0,1.0509968732890755,1.3,no distinct scarcity signal exists in compute_willingness today -- position_fit_multiplier (position_targets) is the closest analog,1.25,1.5166666666666666,1.0,True,True,120.0,118.07249999999999,80.05895031397102,Sam,12,1.668,2.5,2.46,True
43,Jacory Croskey-Merritt,RB,59.0,0.9002060845096111,1.0,no distinct scarcity signal exists in compute_willingness today -- position_fit_multiplier (position_targets) is the closest analog,1.2,1.511111111111111,1.0,True,True,147.5,145.8346701880954,66.04002130816302,Shane,10,1.119,1.994,2.472,True
43,Rashee Rice,WR,72.0,1.006356564088268,1.0,no distinct scarcity signal exists in compute_willingness today -- position_fit_multiplier (position_targets) is the closest analog,1.0,1.0,1.0,False,False,125.80179452504753,125.20217137543662,65.5624120056522,Travis,8,0.911,1.006,1.739,False
43,Tony Pollard,RB,75.0,0.9965219709729282,1.0,no distinct scarcity signal exists in compute_willingness today -- position_fit_multiplier (position_targets) is the closest analog,1.0,1.0,1.0,False,False,158.98121942452883,146.63381249020873,70.60000000000001,Travis,8,0.941,0.997,1.955,False
43,Bill Croskey-Merritt,RB,42.0,0.9229940804920924,1.3,no distinct scarcity signal exists in compute_willingness today -- position_fit_multiplier (position_targets) is the closest analog,1.25,1.4944444444444445,1.0,True,True,102.724375,90.29367604767613,54.5,Evan,9,1.298,2.446,2.15,True
43,JK Dobbins,RB,34.0,0.9240795347020688,1.0,no distinct scarcity signal exists in compute_willingness today -- position_fit_multiplier (position_targets) is the closest analog,1.0,1.488888888888889,1.0,False,False,85.0,61.82565590326338,43.5,Reid,9,1.279,1.376,1.818,False
43,Kenny Gainwell,RB,64.0,1.1286629884632065,1.0,no distinct scarcity signal exists in compute_willingness today -- position_fit_multiplier (position_targets) is the closest analog,1.0,1.0,1.0,False,False,132.52682746444603,92.52586006704055,45.75,Jason,8,0.715,1.129,1.446,False
43,Rachaad White,RB,59.0,1.051599481987267,1.0,no distinct scarcity signal exists in compute_willingness today -- position_fit_multiplier (position_targets) is the closest analog,1.0,1.4777777777777779,1.0,False,False,116.66128744135473,87.51933195933978,43.79766666666667,Reid,9,0.742,0.759,1.483,False
43,Aaron Jones Sr,RB,59.0,0.9793312313520096,1.0,no distinct scarcity signal exists in compute_willingness today -- position_fit_multiplier (position_targets) is the closest analog,1.0,1.0,1.0,False,False,115.0767317546311,98.24225096558874,43.0,Jason,9,0.729,0.979,1.665,False
43,Davante Adams,WR,49.0,1.0813678173831829,1.0,no distinct scarcity signal exists in compute_willingness today -- position_fit_multiplier (position_targets) is the closest analog,1.0,1.0,1.0,False,False,97.10269959469792,92.38853728413959,42.5,Travis,8,0.867,1.081,1.885,False
44,Jordan Mason,RB,63.0,1.8508566414067429,1.0,no distinct scarcity signal exists in compute_willingness today -- position_fit_multiplier (position_targets) is the closest analog,1.2,1.6,1.0,True,True,157.5,157.5,157.5,Reid,12,2.5,2.5,2.5,True
44,Bhayshul Tuten,RB,95.0,1.023155578553542,1.0,no distinct scarcity signal exists in compute_willingness today -- position_fit_multiplier (position_targets) is the closest analog,1.6,1.5944444444444446,1.0,True,True,237.5,237.5,237.5,Brad,12,2.5,2.5,2.5,True
44,Bill Croskey-Merritt,RB,42.0,1.012019041881714,1.3,no distinct scarcity signal exists in compute_willingness today -- position_fit_multiplier (position_targets) is the closest analog,1.25,1.588888888888889,1.0,True,True,105.0,105.0,105.0,Ryan J,12,2.5,2.5,2.5,True
44,RJ Harvey,RB,71.0,1.1331091921893475,1.0,no distinct scarcity signal exists in compute_willingness today -- position_fit_multiplier (position_targets) is the closest analog,1.15,1.5833333333333333,1.0,True,True,177.5,177.5,177.5,James,12,2.5,2.5,2.5,True
44,Tee Higgins,WR,60.0,0.911775863166434,1.0,no distinct scarcity signal exists in compute_willingness today -- position_fit_multiplier (position_targets) is the closest analog,1.3,1.5777777777777777,1.0,True,True,150.0,150.0,150.0,Jason,12,2.5,2.5,2.5,True
44,Deebo Samuel,WR,48.0,1.1185629826130543,1.3,no distinct scarcity signal exists in compute_willingness today -- position_fit_multiplier (position_targets) is the closest analog,1.25,1.5666666666666667,1.0,True,True,120.0,120.0,120.0,Ryan J,12,2.5,2.5,2.5,True
44,DeVonta Smith,WR,71.0,0.5,1.0,no distinct scarcity signal exists in compute_willingness today -- position_fit_multiplier (position_targets) is the closest analog,1.0,1.5611111111111111,1.0,True,True,177.5,133.72593547977922,95.93866666666666,Shane,11,1.351,2.5,1.883,False
44,Tony Pollard,RB,75.0,0.7054506559792726,1.0,no distinct scarcity signal exists in compute_willingness today -- position_fit_multiplier (position_targets) is the closest analog,1.0,1.5555555555555556,1.0,True,True,187.5,187.5,176.0,Shane,12,2.347,2.5,2.5,False
44,James Cook,RB,71.0,0.8342030373482399,1.3,no distinct scarcity signal exists in compute_willingness today -- position_fit_multiplier (position_targets) is the closest analog,1.25,1.5499999999999998,1.0,True,True,177.5,142.98749999999998,96.5,Evan,12,1.359,2.5,2.014,True
44,Bucky Irving,RB,102.0,0.9903275668259661,1.0,no distinct scarcity signal exists in compute_willingness today -- position_fit_multiplier (position_targets) is the closest analog,1.0,1.0,1.0,False,False,198.61104969483853,164.4318083236149,96.0,Coby,12,0.941,0.99,1.612,False
44,Jaylen Waddle,WR,64.0,0.690817796265309,1.0,no distinct scarcity signal exists in compute_willingness today -- position_fit_multiplier (position_targets) is the closest analog,1.2,1.5333333333333332,1.0,True,True,141.45,116.62209305295485,64.672,Reid,11,1.01,2.21,1.822,True
44,Jacory Croskey-Merritt,RB,59.0,1.101965995528032,1.3,no distinct scarcity signal exists in compute_willingness today -- position_fit_multiplier (position_targets) is the closest analog,1.25,1.5222222222222221,1.0,True,True,147.5,127.22098458627782,64.4781888888889,Evan,12,1.093,2.5,2.156,True
44,Josh Jacobs,RB,126.0,1.0393493499509654,1.0,no distinct scarcity signal exists in compute_willingness today -- position_fit_multiplier (position_targets) is the closest analog,1.0,1.0,1.0,False,False,205.952842577873,130.95801809382164,58.496833333333335,Coby,11,0.464,1.039,1.039,False
44,Jonathon Brooks,RB,78.0,1.01006246638676,1.0,no distinct scarcity signal exists in compute_willingness today -- position_fit_multiplier (position_targets) is the closest analog,1.0,1.0,1.0,False,False,113.2708136096212,78.78487237816728,58.28622222222223,Coby,11,0.747,1.01,1.01,False
44,Jaylen Warren,RB,83.0,1.0561030133497304,1.0,no distinct scarcity signal exists in compute_willingness today -- position_fit_multiplier (position_targets) is the closest analog,1.1,1.5055555555555555,1.0,False,False,176.813910871151,81.28053525175055,57.21,Sam,11,0.689,0.756,0.979,False
44,Rashee Rice,WR,72.0,0.898600637150224,1.0,no distinct scarcity signal exists in compute_willingness today -- position_fit_multiplier (position_targets) is the closest analog,1.0,1.0,1.0,False,False,102.80537040843198,64.69924587481613,56.21,Coby,11,0.781,0.899,0.899,False
44,DJ Moore,WR,48.0,1.0308470749211276,1.0,no distinct scarcity signal exists in compute_willingness today -- position_fit_multiplier (position_targets) is the closest analog,1.0,1.4944444444444445,1.0,False,False,103.1615,55.23466666666667,55.23466666666667,Travis,9,1.151,1.151,1.151,False
44,Terry McLaurin,WR,57.0,0.90545646132258,1.0,no distinct scarcity signal exists in compute_willingness today -- position_fit_multiplier (position_targets) is the closest analog,1.0,1.488888888888889,1.0,False,False,91.31644517498222,56.38716572438978,53.0,CJ,10,0.93,0.962,0.989,False
44,Rachaad White,RB,59.0,1.0703213346207914,1.0,no distinct scarcity signal exists in compute_willingness today -- position_fit_multiplier (position_targets) is the closest analog,1.0,1.4833333333333334,1.0,True,True,93.6709554682296,67.38633029477523,49.0,Jason,10,0.831,1.588,1.142,False
44,Aaron Jones Sr,RB,59.0,0.8968557995070744,1.0,no distinct scarcity signal exists in compute_willingness today -- position_fit_multiplier (position_targets) is the closest analog,1.0,1.4777777777777779,1.0,False,False,97.59232955602307,73.48330065169799,44.19219333333334,Brandon,10,0.749,0.779,1.245,False
44,Zach Charbonnet,RB,36.0,0.9710923381951706,1.0,no distinct scarcity signal exists in compute_willingness today -- position_fit_multiplier (position_targets) is the closest analog,1.1,1.4722222222222223,1.0,False,False,63.80256953080197,45.642908055555566,44.28333333333334,Sam,9,1.23,1.268,1.268,False
44,Austin Ekeler,RB,31.0,1.0364899240546686,1.0,no distinct scarcity signal exists in compute_willingness today -- position_fit_multiplier (position_targets) is the closest analog,1.0,1.461111111111111,1.0,False,False,42.95666666666667,42.70506333333334,42.95666666666667,CJ,9,1.386,1.386,1.378,False
44,JK Dobbins,RB,34.0,0.9441997148930319,1.0,no distinct scarcity signal exists in compute_willingness today -- position_fit_multiplier (position_targets) is the closest analog,1.0,1.4555555555555555,1.0,False,False,63.80119446034132,42.542686666666675,34.07367188888889,Travis,10,1.002,1.251,1.251,False
44,DK Metcalf,WR,32.0,0.9659224746326595,1.0,no distinct scarcity signal exists in compute_willingness today -- position_fit_multiplier (position_targets) is the closest analog,1.0,1.4444444444444444,1.0,False,False,38.803008176935386,35.32822222222222,34.7792,Travis,8,1.087,1.104,1.104,False
45,Bhayshul Tuten,RB,95.0,0.8325245655918976,1.0,no distinct scarcity signal exists in compute_willingness today -- position_fit_multiplier (position_targets) is the closest analog,1.6,1.6,1.0,True,True,237.5,237.5,237.5,CJ,12,2.5,2.5,2.5,True
45,Jaylen Warren,RB,83.0,0.7099220823268664,1.0,no distinct scarcity signal exists in compute_willingness today -- position_fit_multiplier (position_targets) is the closest analog,1.2,1.5944444444444446,1.0,True,True,207.5,207.5,207.5,Brad,12,2.5,2.5,2.5,True
45,DJ Moore,WR,48.0,1.0157916546037595,1.3,no distinct scarcity signal exists in compute_willingness today -- position_fit_multiplier (position_targets) is the closest analog,1.25,1.588888888888889,1.0,True,True,120.0,120.0,120.0,Ryan J,12,2.5,2.5,2.5,True
45,Jordan Mason,RB,63.0,0.936595079354015,1.3,no distinct scarcity signal exists in compute_willingness today -- position_fit_multiplier (position_targets) is the closest analog,1.25,1.5833333333333333,1.0,True,True,157.5,157.5,157.5,Evan,12,2.5,2.5,2.5,True
45,RJ Harvey,RB,71.0,0.9129515896687005,1.0,no distinct scarcity signal exists in compute_willingness today -- position_fit_multiplier (position_targets) is the closest analog,1.6,1.5777777777777777,1.0,True,True,177.5,177.5,177.5,Jason,12,2.5,2.5,2.5,True
45,Josh Jacobs,RB,126.0,1.1453282387709525,1.0,no distinct scarcity signal exists in compute_willingness today -- position_fit_multiplier (position_targets) is the closest analog,1.0,1.5722222222222222,1.0,True,True,315.0,273.4723333333333,234.42933333333332,Shane,12,1.861,2.5,2.17,False
45,Tony Pollard,RB,75.0,1.0921165264788637,1.0,no distinct scarcity signal exists in compute_willingness today -- position_fit_multiplier (position_targets) is the closest analog,1.0,1.5666666666666667,1.0,True,True,187.5,187.5,187.5,James,11,2.5,2.5,2.5,False
45,Jaylen Waddle,WR,64.0,0.9643501561080514,1.3,no distinct scarcity signal exists in compute_willingness today -- position_fit_multiplier (position_targets) is the closest analog,1.25,1.5611111111111111,1.0,True,True,160.0,160.0,160.0,Coby,12,2.5,2.5,2.5,True
45,Jonathon Brooks,RB,78.0,1.0281750159569614,1.3,no distinct scarcity signal exists in compute_willingness today -- position_fit_multiplier (position_targets) is the closest analog,1.0,1.5555555555555556,1.0,True,True,195.0,170.23579063195342,131.0,Sam,11,1.679,2.5,2.183,False
45,Bucky Irving,RB,102.0,0.8853810332403139,1.3,no distinct scarcity signal exists in compute_willingness today -- position_fit_multiplier (position_targets) is the closest analog,1.0,1.5499999999999998,1.0,True,True,192.36423424518281,181.97236376188172,69.448,Ryan J,11,0.681,1.784,1.784,False
45,James Cook,RB,71.0,1.2842339685942779,0.4,no distinct scarcity signal exists in compute_willingness today -- position_fit_multiplier (position_targets) is the closest analog,1.25,1.5444444444444443,1.0,True,True,161.34369165034732,116.44096245627041,68.0,Brandon,12,0.958,1.201,1.64,True
45,Zach Charbonnet,RB,36.0,1.2467530318278677,1.0,no distinct scarcity signal exists in compute_willingness today -- position_fit_multiplier (position_targets) is the closest analog,1.2,1.5388888888888888,1.0,True,True,90.0,90.0,58.4982506031613,Brad,12,1.625,2.5,2.5,True
45,Tee Higgins,WR,60.0,1.0559208135442364,1.3,no distinct scarcity signal exists in compute_willingness today -- position_fit_multiplier (position_targets) is the closest analog,1.25,1.5333333333333332,1.0,True,True,150.0,150.0,107.0,Brandon,12,1.783,2.5,2.5,True
45,Rashee Rice,WR,72.0,1.0178128354675686,1.3,no distinct scarcity signal exists in compute_willingness today -- position_fit_multiplier (position_targets) is the closest analog,1.0,1.5277777777777777,1.0,True,True,145.5472354718623,127.22700748289253,86.0,Coby,12,1.194,2.021,1.767,False
45,DK Metcalf,WR,32.0,0.9981678454402332,1.0,no distinct scarcity signal exists in compute_willingness today -- position_fit_multiplier (position_targets) is the closest analog,1.0,1.5222222222222221,1.0,False,False,48.621864826777575,47.39035838687079,48.39035838687079,Reid,11,1.512,1.519,1.481,False
45,Bill Croskey-Merritt,RB,42.0,0.9148774655080738,1.0,no distinct scarcity signal exists in compute_willingness today -- position_fit_multiplier (position_targets) is the closest analog,1.0,1.5166666666666666,1.0,False,False,103.63230657893646,56.056,45.43375125,Travis,11,1.082,1.335,1.335,False
45,Kenny Gainwell,RB,64.0,0.9870910011249341,1.0,no distinct scarcity signal exists in compute_willingness today -- position_fit_multiplier (position_targets) is the closest analog,1.0,1.511111111111111,1.0,False,False,119.05127073812926,46.23969777777778,45.76727111111112,Travis,12,0.715,0.722,0.722,False
45,Deebo Samuel,WR,48.0,1.0687355568582253,1.3,no distinct scarcity signal exists in compute_willingness today -- position_fit_multiplier (position_targets) is the closest analog,1.25,1.5055555555555555,1.0,True,True,120.0,44.60268555555557,45.60268555555557,Sam,12,0.95,2.5,0.929,True
45,DeVonta Smith,WR,71.0,0.9427996938043449,1.0,no distinct scarcity signal exists in compute_willingness today -- position_fit_multiplier (position_targets) is the closest analog,1.0,1.5,1.0,False,False,44.438100000000006,36.85967539139004,37.288000000000004,Reid,11,0.525,0.626,0.519,False
45,Rachaad White,RB,59.0,1.06747773243131,1.0,no distinct scarcity signal exists in compute_willingness today -- position_fit_multiplier (position_targets) is the closest analog,1.0,1.4944444444444445,1.0,False,False,99.08077070144762,36.47161777777778,36.47161777777778,Reid,9,0.618,0.618,0.618,False
45,Terry McLaurin,WR,57.0,0.9342389979538528,1.0,no distinct scarcity signal exists in compute_willingness today -- position_fit_multiplier (position_targets) is the closest analog,1.0,1.488888888888889,1.0,False,False,36.019200000000005,33.73686879836363,29.149355555555555,Travis,10,0.511,0.632,0.592,False
45,TJ Hockenson,TE,43.0,1.0062099901888304,1.0,no distinct scarcity signal exists in compute_willingness today -- position_fit_multiplier (position_targets) is the closest analog,1.0,1.4833333333333334,1.0,False,False,82.73080538544274,29.831316666666673,29.015933333333333,Travis,11,0.675,0.694,0.694,False
45,Jacory Croskey-Merritt,RB,59.0,1.007278089114557,1.0,no distinct scarcity signal exists in compute_willingness today -- position_fit_multiplier (position_targets) is the closest analog,1.6,1.4777777777777779,1.0,False,False,123.68406211896341,41.425066666666666,29.32,James,10,0.497,0.702,0.702,False
45,Mike Evans,WR,45.0,1.0162192345455134,1.0,no distinct scarcity signal exists in compute_willingness today -- position_fit_multiplier (position_targets) is the closest analog,1.0,1.4722222222222223,1.0,False,False,28.41241666666667,26.750532402565383,26.62651666666667,Reid,9,0.592,0.631,0.594,False
46,Bhayshul Tuten,RB,95.0,1.06741893698848,1.0,no distinct scarcity signal exists in compute_willingness today -- position_fit_multiplier (position_targets) is the closest analog,1.3,1.6,1.0,True,True,237.5,237.5,237.5,Coby,12,2.5,2.5,2.5,True
46,Bill Croskey-Merritt,RB,42.0,1.7760597787742134,1.0,no distinct scarcity signal exists in compute_willingness today -- position_fit_multiplier (position_targets) is the closest analog,1.2,1.5944444444444446,1.0,True,True,105.0,105.0,105.0,Brandon,12,2.5,2.5,2.5,True
46,Jacory Croskey-Merritt,RB,59.0,1.0314188507902475,1.3,no distinct scarcity signal exists in compute_willingness today -- position_fit_multiplier (position_targets) is the closest analog,1.25,1.588888888888889,1.0,True,True,147.5,147.5,147.5,Reid,12,2.5,2.5,2.5,True
46,Jaylen Waddle,WR,64.0,1.13681097475089,1.0,no distinct scarcity signal exists in compute_willingness today -- position_fit_multiplier (position_targets) is the closest analog,1.3,1.5833333333333333,1.0,True,True,160.0,160.0,160.0,Travis,12,2.5,2.5,2.5,True
46,Jaylen Warren,RB,83.0,1.1228326691737276,1.3,no distinct scarcity signal exists in compute_willingness today -- position_fit_multiplier (position_targets) is the closest analog,1.25,1.5777777777777777,1.0,True,True,207.5,207.5,207.5,Brad,12,2.5,2.5,2.5,True
46,James Cook,RB,71.0,0.7448946572722435,1.0,no distinct scarcity signal exists in compute_willingness today -- position_fit_multiplier (position_targets) is the closest analog,1.2,1.5722222222222222,1.0,True,True,177.5,177.5,177.5,Sam,12,2.5,2.5,2.5,True
46,RJ Harvey,RB,71.0,0.8924959377451568,1.3,no distinct scarcity signal exists in compute_willingness today -- position_fit_multiplier (position_targets) is the closest analog,1.25,1.5666666666666667,1.0,True,True,177.5,177.5,106.0,Evan,12,1.493,2.5,2.5,True
46,Josh Jacobs,RB,126.0,0.8606884589747015,1.0,no distinct scarcity signal exists in compute_willingness today -- position_fit_multiplier (position_targets) is the closest analog,1.0,1.0,1.0,False,False,268.70345331033036,261.7430155132408,106.5,James,12,0.845,0.861,2.077,False
46,Tony Pollard,RB,75.0,0.828649394758646,1.3,no distinct scarcity signal exists in compute_willingness today -- position_fit_multiplier (position_targets) is the closest analog,1.0,1.5555555555555556,1.0,True,True,161.07929053659387,156.5902071711506,98.0,Reid,12,1.307,1.82,2.088,False
46,DJ Moore,WR,48.0,0.9857906912710023,1.0,no distinct scarcity signal exists in compute_willingness today -- position_fit_multiplier (position_targets) is the closest analog,1.3,1.5499999999999998,1.0,True,True,120.0,110.20499999999998,76.5,Travis,12,1.594,2.5,2.296,True
46,DeVonta Smith,WR,71.0,1.4507342375350623,1.0,no distinct scarcity signal exists in compute_willingness today -- position_fit_multiplier (position_targets) is the closest analog,1.0,1.5444444444444443,1.0,True,True,159.08106878037253,130.57361852780141,72.0,Brandon,11,1.014,2.241,1.839,False
46,Jonathon Brooks,RB,78.0,1.3221115625150837,1.0,no distinct scarcity signal exists in compute_willingness today -- position_fit_multiplier (position_targets) is the closest analog,1.0,1.0,1.0,False,False,153.4898725571682,138.28172686985567,90.06533333333333,Jason,10,1.155,1.322,1.773,False
46,JK Dobbins,RB,34.0,0.8416685300222981,1.3,no distinct scarcity signal exists in compute_willingness today -- position_fit_multiplier (position_targets) is the closest analog,1.25,1.5333333333333332,1.0,True,True,85.0,85.0,67.5,Evan,10,1.985,2.5,2.5,True
46,Tee Higgins,WR,60.0,1.0834255096197296,1.0,no distinct scarcity signal exists in compute_willingness today -- position_fit_multiplier (position_targets) is the closest analog,1.1,1.5222222222222221,1.0,False,False,118.98370853362833,116.91595635046549,74.1564777777778,CJ,10,1.236,1.248,1.949,False
46,Bucky Irving,RB,102.0,1.1257218760942025,1.0,no distinct scarcity signal exists in compute_willingness today -- position_fit_multiplier (position_targets) is the closest analog,1.0,1.0,1.0,False,False,238.38110971183787,204.99123095692693,71.5,James,11,0.701,1.126,2.01,False
46,Zach Charbonnet,RB,36.0,1.0236330945643668,1.3,no distinct scarcity signal exists in compute_willingness today -- position_fit_multiplier (position_targets) is the closest analog,1.25,1.511111111111111,1.0,True,True,90.0,73.20875975283286,65.28215559325126,Brad,10,1.813,2.5,2.034,True
46,Kenny Gainwell,RB,64.0,1.2546228073884333,1.0,no distinct scarcity signal exists in compute_willingness today -- position_fit_multiplier (position_targets) is the closest analog,1.0,1.0,1.0,False,False,139.02167343291947,118.9051775439556,68.2114,Jason,10,1.066,1.255,1.858,False
46,DK Metcalf,WR,32.0,1.0601216776123321,1.0,no distinct scarcity signal exists in compute_willingness today -- position_fit_multiplier (position_targets) is the closest analog,1.1,1.4944444444444445,1.0,False,False,55.767111894309174,52.77343622222223,53.77343622222223,Ryan J,9,1.68,1.743,1.649,False
46,Josh Downs,WR,30.0,1.0461649353819,1.0,no distinct scarcity signal exists in compute_willingness today -- position_fit_multiplier (position_targets) is the closest analog,1.1,1.488888888888889,1.0,False,False,51.401570491764026,48.58746200000001,49.58746200000001,CJ,8,1.653,1.713,1.62,False
46,Chuba Hubbard,RB,65.0,1.1633563388361035,1.0,no distinct scarcity signal exists in compute_willingness today -- position_fit_multiplier (position_targets) is the closest analog,1.0,1.0,1.0,False,False,141.4117909626968,108.30852314474203,58.034333333333336,James,10,0.893,1.163,1.666,False
46,Rashee Rice,WR,72.0,0.9917878226751272,1.0,no distinct scarcity signal exists in compute_willingness today -- position_fit_multiplier (position_targets) is the closest analog,1.0,1.4666666666666668,1.0,False,False,122.80042615482269,102.15005811606777,56.511160000000004,Shane,9,0.785,0.796,1.419,False
46,Deebo Samuel,WR,48.0,1.0157651317406433,1.0,no distinct scarcity signal exists in compute_willingness today -- position_fit_multiplier (position_targets) is the closest analog,1.1,1.461111111111111,1.0,False,False,92.51693484955227,84.48891917250845,46.50952,Ryan J,10,0.969,0.993,1.76,False
46,Terry McLaurin,WR,57.0,1.0182543967798388,1.0,no distinct scarcity signal exists in compute_willingness today -- position_fit_multiplier (position_targets) is the closest analog,1.0,1.0,1.0,False,False,85.88597269146277,76.93493817003414,46.33648,James,9,0.813,1.018,1.35,False
46,Jordan Mason,RB,63.0,1.0645890499915267,1.0,no distinct scarcity signal exists in compute_willingness today -- position_fit_multiplier (position_targets) is the closest analog,1.0,1.45,1.0,False,False,152.31753357622796,121.60788873057989,45.16344,Shane,11,0.717,0.717,1.93,False
47,Josh Jacobs,RB,126.0,1.0710526356144423,1.0,no distinct scarcity signal exists in compute_willingness today -- position_fit_multiplier (position_targets) is the closest analog,1.0,1.6,1.0,True,True,315.0,315.0,290.0,Shane,12,2.302,2.5,2.5,False
47,Bhayshul Tuten,RB,95.0,1.0470525592989912,1.0,no distinct scarcity signal exists in compute_willingness today -- position_fit_multiplier (position_targets) is the closest analog,1.3,1.5944444444444446,1.0,True,True,237.5,237.5,237.5,Reid,11,2.5,2.5,2.5,True
47,Bill Croskey-Merritt,RB,42.0,0.926379274468667,1.3,no distinct scarcity signal exists in compute_willingness today -- position_fit_multiplier (position_targets) is the closest analog,1.25,1.588888888888889,1.0,True,True,105.0,105.0,105.0,James,12,2.5,2.5,2.5,True
47,Jaylen Warren,RB,83.0,0.8782122974270035,1.0,no distinct scarcity signal exists in compute_willingness today -- position_fit_multiplier (position_targets) is the closest analog,1.3,1.5833333333333333,1.0,True,True,207.5,207.5,207.5,Ryan J,11,2.5,2.5,2.5,True
47,James Cook,RB,71.0,0.918110493773855,1.3,no distinct scarcity signal exists in compute_willingness today -- position_fit_multiplier (position_targets) is the closest analog,1.25,1.5777777777777777,1.0,True,True,177.5,177.5,177.5,CJ,11,2.5,2.5,2.5,True
47,RJ Harvey,RB,71.0,0.8677129455195378,1.3,no distinct scarcity signal exists in compute_willingness today -- position_fit_multiplier (position_targets) is the closest analog,1.25,1.5722222222222222,1.0,True,True,177.5,177.5,177.5,James,11,2.5,2.5,2.5,True
47,JK Dobbins,RB,34.0,1.0853120952633724,1.0,no distinct scarcity signal exists in compute_willingness today -- position_fit_multiplier (position_targets) is the closest analog,1.6,1.5666666666666667,1.0,True,True,85.0,85.0,85.0,Brandon,11,2.5,2.5,2.5,True
47,Bucky Irving,RB,102.0,1.0694972840992323,1.0,no distinct scarcity signal exists in compute_willingness today -- position_fit_multiplier (position_targets) is the closest analog,1.0,1.5611111111111111,1.0,True,True,255.0,255.0,216.46627777777778,Brad,11,2.122,2.5,2.5,False
47,Jaylen Waddle,WR,64.0,0.8355508438619383,1.0,no distinct scarcity signal exists in compute_willingness today -- position_fit_multiplier (position_targets) is the closest analog,1.6,1.5555555555555556,1.0,True,True,160.0,160.0,160.0,Coby,10,2.5,2.5,2.5,True
47,Jonathon Brooks,RB,78.0,0.9724992228174312,1.0,no distinct scarcity signal exists in compute_willingness today -- position_fit_multiplier (position_targets) is the closest analog,1.0,1.5499999999999998,1.0,True,True,195.0,195.0,177.0,Sam,10,2.269,2.5,2.5,False
47,Tony Pollard,RB,75.0,0.9234899950950116,1.0,no distinct scarcity signal exists in compute_willingness today -- position_fit_multiplier (position_targets) is the closest analog,1.0,1.5444444444444443,1.0,True,True,187.5,158.59635218188976,101.98584011210419,Evan,10,1.36,2.5,2.115,False
47,Jordan Mason,RB,63.0,0.7256806302670371,1.3,no distinct scarcity signal exists in compute_willingness today -- position_fit_multiplier (position_targets) is the closest analog,1.25,1.5388888888888888,1.0,True,True,157.5,132.128269829489,60.5,CJ,10,0.96,2.06,2.097,True
47,Tee Higgins,WR,60.0,1.023438954081186,1.0,no distinct scarcity signal exists in compute_willingness today -- position_fit_multiplier (position_targets) is the closest analog,1.0,1.0,1.0,False,False,133.82163411698042,130.6076056817277,60.0,Travis,10,1.0,1.023,2.177,False
47,DeVonta Smith,WR,71.0,1.012211244972932,1.0,no distinct scarcity signal exists in compute_willingness today -- position_fit_multiplier (position_targets) is the closest analog,1.0,1.0,1.0,False,False,130.59751706358887,114.61007779405178,58.53,Travis,10,0.824,1.012,1.614,False
47,Deebo Samuel,WR,48.0,1.073616381396009,1.0,no distinct scarcity signal exists in compute_willingness today -- position_fit_multiplier (position_targets) is the closest analog,1.1,1.5222222222222221,1.0,False,False,114.92793,105.58400843964607,58.53,Jason,11,1.219,1.239,2.2,False
47,Rashee Rice,WR,72.0,1.158858053445028,1.0,no distinct scarcity signal exists in compute_willingness today -- position_fit_multiplier (position_targets) is the closest analog,1.0,1.0,1.0,False,False,112.19638427018724,106.60185972829476,58.53,Travis,10,0.813,1.159,1.481,False
47,Chuba Hubbard,RB,65.0,1.21114434425407,1.0,no distinct scarcity signal exists in compute_willingness today -- position_fit_multiplier (position_targets) is the closest analog,1.0,1.0,1.0,False,False,104.83001004534623,99.28330759536668,57.58893333333333,Travis,10,0.886,1.211,1.527,False
47,Jacory Croskey-Merritt,RB,59.0,0.919438566105319,1.0,no distinct scarcity signal exists in compute_willingness today -- position_fit_multiplier (position_targets) is the closest analog,1.3,1.5055555555555555,1.0,True,True,147.5,120.55965447777444,44.0,Brad,11,0.746,1.927,2.043,True
47,Davante Adams,WR,49.0,1.0079078493483622,1.0,no distinct scarcity signal exists in compute_willingness today -- position_fit_multiplier (position_targets) is the closest analog,1.0,1.5,1.0,True,True,74.98679439049265,74.43184980081294,40.0,Ryan J,9,0.816,1.512,1.519,False
47,DJ Moore,WR,48.0,0.9760886429743426,1.0,no distinct scarcity signal exists in compute_willingness today -- position_fit_multiplier (position_targets) is the closest analog,1.6,1.4944444444444445,1.0,False,False,104.91233215946149,92.9711687103653,43.050513388888895,Coby,9,0.897,0.909,1.937,False
47,Josh Allen,QB,40.0,0.9754525930468606,1.0,no distinct scarcity signal exists in compute_willingness today -- position_fit_multiplier (position_targets) is the closest analog,1.0,1.488888888888889,1.0,True,True,60.227421077349554,58.141020305535164,39.0,Sam,9,0.975,1.452,1.454,False
47,Zach Charbonnet,RB,36.0,0.9566589226437685,1.0,no distinct scarcity signal exists in compute_willingness today -- position_fit_multiplier (position_targets) is the closest analog,1.6,1.4777777777777779,1.0,False,False,79.60203376963415,71.5246926696764,34.90571583333333,Brandon,8,0.97,1.04,1.987,False
47,Joe Burrow,QB,17.0,1.051524344268055,1.0,no distinct scarcity signal exists in compute_willingness today -- position_fit_multiplier (position_targets) is the closest analog,1.1,1.4722222222222223,1.0,False,False,28.949049377890823,26.740266666666667,27.0,Jason,8,1.588,1.703,1.573,False
47,Austin Ekeler,RB,31.0,0.9182745169958164,1.0,no distinct scarcity signal exists in compute_willingness today -- position_fit_multiplier (position_targets) is the closest analog,1.6,1.461111111111111,1.0,False,False,34.68166701126739,26.538453333333333,26.538453333333333,Coby,6,0.856,0.856,0.856,False
48,RJ Harvey,RB,71.0,1.0027200693346519,1.0,no distinct scarcity signal exists in compute_willingness today -- position_fit_multiplier (position_targets) is the closest analog,1.3,1.6,1.0,True,True,177.5,177.5,177.5,Jason,12,2.5,2.5,2.5,True
48,DJ Moore,WR,48.0,1.0176350573992525,1.0,no distinct scarcity signal exists in compute_willingness today -- position_fit_multiplier (position_targets) is the closest analog,1.6,1.5944444444444446,1.0,True,True,120.0,120.0,120.0,Evan,12,2.5,2.5,2.5,True
48,Jaylen Warren,RB,83.0,1.1636334764357024,1.3,no distinct scarcity signal exists in compute_willingness today -- position_fit_multiplier (position_targets) is the closest analog,1.25,1.588888888888889,1.0,True,True,207.5,207.5,207.5,CJ,12,2.5,2.5,2.5,True
48,Bhayshul Tuten,RB,95.0,1.4292319828797615,1.0,no distinct scarcity signal exists in compute_willingness today -- position_fit_multiplier (position_targets) is the closest analog,1.2,1.5833333333333333,1.0,True,True,237.5,237.5,237.5,Ryan J,12,2.5,2.5,2.5,True
48,Jaylen Waddle,WR,64.0,0.9157852141514857,1.3,no distinct scarcity signal exists in compute_willingness today -- position_fit_multiplier (position_targets) is the closest analog,1.25,1.5777777777777777,1.0,True,True,160.0,160.0,160.0,Coby,12,2.5,2.5,2.5,True
48,James Cook,RB,71.0,0.9377687633175141,1.0,no distinct scarcity signal exists in compute_willingness today -- position_fit_multiplier (position_targets) is the closest analog,1.6,1.5722222222222222,1.0,True,True,177.5,177.5,177.5,Reid,12,2.5,2.5,2.5,True
48,Josh Jacobs,RB,126.0,1.1107596249916891,1.3,no distinct scarcity signal exists in compute_willingness today -- position_fit_multiplier (position_targets) is the closest analog,1.0,1.5666666666666667,1.0,True,True,315.0,291.03255635358965,180.0,James,12,1.429,2.5,2.31,False
48,Chuba Hubbard,RB,65.0,1.0002443950997506,1.0,no distinct scarcity signal exists in compute_willingness today -- position_fit_multiplier (position_targets) is the closest analog,1.0,1.5611111111111111,1.0,True,True,162.5,142.467,111.0,Brandon,11,1.708,2.5,2.192,False
48,Jonathon Brooks,RB,78.0,0.9348182190003868,1.3,no distinct scarcity signal exists in compute_willingness today -- position_fit_multiplier (position_targets) is the closest analog,1.0,1.5555555555555556,1.0,True,True,160.99307365430485,147.451993743661,84.0,James,11,1.077,1.89,1.89,False
48,Jacory Croskey-Merritt,RB,59.0,1.2507491923427065,0.4,no distinct scarcity signal exists in compute_willingness today -- position_fit_multiplier (position_targets) is the closest analog,1.25,1.5499999999999998,1.0,True,True,147.5,147.5,84.0,Sam,12,1.424,1.758,2.5,True
48,Tony Pollard,RB,75.0,0.959890537621813,1.0,no distinct scarcity signal exists in compute_willingness today -- position_fit_multiplier (position_targets) is the closest analog,1.0,1.5444444444444443,1.0,False,False,159.8307767509557,109.30764733383099,71.056,Brad,11,0.947,0.984,1.457,False
48,JK Dobbins,RB,34.0,0.9253133345831115,0.4,no distinct scarcity signal exists in compute_willingness today -- position_fit_multiplier (position_targets) is the closest analog,1.25,1.5388888888888888,1.0,True,True,85.0,70.85402452513206,61.41490033333334,Sam,12,1.806,1.887,2.084,True
48,Jordan Mason,RB,63.0,0.9670862463493551,1.0,no distinct scarcity signal exists in compute_willingness today -- position_fit_multiplier (position_targets) is the closest analog,1.0,1.5333333333333332,1.0,False,False,157.5,127.57657989529254,60.672,Shane,12,0.963,1.104,2.025,False
48,Bucky Irving,RB,102.0,0.9989239250923564,0.4,no distinct scarcity signal exists in compute_willingness today -- position_fit_multiplier (position_targets) is the closest analog,1.0,1.5277777777777777,1.0,True,True,197.0624045945878,154.85295244324394,57.46666666666666,Coby,11,0.563,0.61,1.518,False
48,Austin Ekeler,RB,31.0,0.9915157153368009,1.0,no distinct scarcity signal exists in compute_willingness today -- position_fit_multiplier (position_targets) is the closest analog,1.1,1.5222222222222221,1.0,False,False,51.467377414877035,47.98107177620148,48.98107177620148,Brad,10,1.58,1.66,1.548,False
48,DK Metcalf,WR,32.0,1.0435249855559554,1.0,no distinct scarcity signal exists in compute_willingness today -- position_fit_multiplier (position_targets) is the closest analog,1.0,1.5166666666666666,1.0,False,False,50.645745965649034,46.59786190696125,46.849066666666666,Travis,9,1.464,1.583,1.456,False
48,Terry McLaurin,WR,57.0,1.0067382601376054,1.0,no distinct scarcity signal exists in compute_willingness today -- position_fit_multiplier (position_targets) is the closest analog,1.0,1.511111111111111,1.0,False,False,101.87863578735721,64.24005177115414,46.484248888888885,Shane,11,0.816,0.977,1.127,False
48,Deebo Samuel,WR,48.0,0.9163256679124419,1.0,no distinct scarcity signal exists in compute_willingness today -- position_fit_multiplier (position_targets) is the closest analog,1.0,1.5055555555555555,1.0,False,False,82.7280975816859,77.34211986956176,45.77039444444445,Travis,11,0.954,0.954,1.611,False
48,Rashee Rice,WR,72.0,0.9756262216354631,1.0,no distinct scarcity signal exists in compute_willingness today -- position_fit_multiplier (position_targets) is the closest analog,1.0,1.5,1.0,False,False,125.99525044596547,100.32124248527634,43.9898,Shane,11,0.611,0.632,1.393,False
48,Aaron Jones Sr,RB,59.0,0.8094325260420163,1.3,no distinct scarcity signal exists in compute_willingness today -- position_fit_multiplier (position_targets) is the closest analog,1.0,1.4944444444444445,1.0,True,True,103.54308783740188,98.81498871908232,41.89278222222222,CJ,11,0.71,1.573,1.675,False
48,DeVonta Smith,WR,71.0,1.0417527480117716,1.0,no distinct scarcity signal exists in compute_willingness today -- position_fit_multiplier (position_targets) is the closest analog,1.0,1.488888888888889,1.0,False,False,106.14968156261057,83.22938803865695,36.5,Brad,10,0.514,0.574,1.172,False
48,Kenny Gainwell,RB,64.0,0.890121720639271,1.0,no distinct scarcity signal exists in compute_willingness today -- position_fit_multiplier (position_targets) is the closest analog,1.0,1.4833333333333334,1.0,False,False,127.13366189172622,92.80451249311818,35.89726000000001,Shane,11,0.561,0.561,1.45,False
48,Davante Adams,WR,49.0,0.8509314533571921,1.0,no distinct scarcity signal exists in compute_willingness today -- position_fit_multiplier (position_targets) is the closest analog,1.0,1.4777777777777779,1.0,False,False,92.07737673092066,76.99350546112086,32.181666666666665,Travis,10,0.657,0.724,1.571,False
48,Tee Higgins,WR,60.0,1.1246347452769523,1.3,no distinct scarcity signal exists in compute_willingness today -- position_fit_multiplier (position_targets) is the closest analog,1.25,1.4722222222222223,1.0,False,False,129.57800069920916,123.1814267438248,35.0,Sam,11,0.583,0.619,2.053,False
49,James Cook,RB,71.0,1.2096376007618166,1.0,no distinct scarcity signal exists in compute_willingness today -- position_fit_multiplier (position_targets) is the closest analog,1.2,1.6,1.0,True,True,177.5,177.5,177.5,Ryan J,12,2.5,2.5,2.5,True
49,Jacory Croskey-Merritt,RB,59.0,0.961178871117617,1.0,no distinct scarcity signal exists in compute_willingness today -- position_fit_multiplier (position_targets) is the closest analog,1.3,1.5944444444444446,1.0,True,True,147.5,147.5,147.5,Brad,12,2.5,2.5,2.5,True
49,Deebo Samuel,WR,48.0,1.0267064300839341,1.3,no distinct scarcity signal exists in compute_willingness today -- position_fit_multiplier (position_targets) is the closest analog,1.25,1.588888888888889,1.0,True,True,120.0,120.0,120.0,Coby,12,2.5,2.5,2.5,True
49,Jaylen Warren,RB,83.0,0.935374019457986,1.0,no distinct scarcity signal exists in compute_willingness today -- position_fit_multiplier (position_targets) is the closest analog,1.3,1.5833333333333333,1.0,True,True,207.5,207.5,207.5,Travis,12,2.5,2.5,2.5,True
49,Bhayshul Tuten,RB,95.0,1.1630456902986157,1.3,no distinct scarcity signal exists in compute_willingness today -- position_fit_multiplier (position_targets) is the closest analog,1.25,1.5777777777777777,1.0,True,True,237.5,237.5,237.5,Reid,12,2.5,2.5,2.5,True
49,Tony Pollard,RB,75.0,1.0027977896973763,1.3,no distinct scarcity signal exists in compute_willingness today -- position_fit_multiplier (position_targets) is the closest analog,1.0,1.5722222222222222,1.0,True,True,187.5,187.5,187.5,Jason,12,2.5,2.5,2.5,False
49,RJ Harvey,RB,71.0,1.1937303775948958,1.0,no distinct scarcity signal exists in compute_willingness today -- position_fit_multiplier (position_targets) is the closest analog,1.15,1.5666666666666667,1.0,True,True,177.5,177.5,176.04166666666666,James,12,2.479,2.5,2.5,True
49,Jaylen Waddle,WR,64.0,0.9919632106020726,1.0,no distinct scarcity signal exists in compute_willingness today -- position_fit_multiplier (position_targets) is the closest analog,1.15,1.5499999999999998,1.0,True,True,160.0,160.0,160.0,Brandon,12,2.5,2.5,2.5,True
49,Zach Charbonnet,RB,36.0,0.9713943516815322,1.0,no distinct scarcity signal exists in compute_willingness today -- position_fit_multiplier (position_targets) is the closest analog,1.3,1.5444444444444443,1.0,True,True,90.0,90.0,90.0,Brad,12,2.5,2.5,2.5,True
49,Josh Jacobs,RB,126.0,0.976656473977002,1.0,no distinct scarcity signal exists in compute_willingness today -- position_fit_multiplier (position_targets) is the closest analog,1.0,1.5388888888888888,1.0,True,True,272.6411060393303,269.8172844678851,120.664,Evan,12,0.958,2.023,2.141,False
49,Bucky Irving,RB,102.0,1.0082993941732197,0.4,no distinct scarcity signal exists in compute_willingness today -- position_fit_multiplier (position_targets) is the closest analog,1.0,1.5333333333333332,1.0,True,True,220.4631662403679,188.8213929283781,82.5,Shane,12,0.809,1.169,1.851,False
49,Jordan Mason,RB,63.0,1.0582066700372716,0.4,no distinct scarcity signal exists in compute_willingness today -- position_fit_multiplier (position_targets) is the closest analog,1.25,1.5277777777777777,1.0,True,True,156.23999291259685,156.1597392983641,103.20833333333331,Shane,12,1.638,1.757,2.479,True
49,DeVonta Smith,WR,71.0,0.895329903695498,1.3,no distinct scarcity signal exists in compute_willingness today -- position_fit_multiplier (position_targets) is the closest analog,1.0,1.5222222222222221,1.0,True,True,177.5,177.5,148.0,Sam,12,2.085,2.5,2.5,False
49,Kenny Gainwell,RB,64.0,0.9364503647206297,1.0,no distinct scarcity signal exists in compute_willingness today -- position_fit_multiplier (position_targets) is the closest analog,1.0,1.5166666666666666,1.0,True,True,126.23642254762788,123.88463296786006,61.34,Ryan J,11,0.958,1.42,1.936,False
49,Jonathon Brooks,RB,78.0,0.8497758010300163,1.0,no distinct scarcity signal exists in compute_willingness today -- position_fit_multiplier (position_targets) is the closest analog,1.0,1.511111111111111,1.0,True,True,152.96642339816168,140.3076587639391,56.34,Evan,11,0.722,1.284,1.799,False
49,Tee Higgins,WR,60.0,1.0987337887824273,1.3,no distinct scarcity signal exists in compute_willingness today -- position_fit_multiplier (position_targets) is the closest analog,1.25,1.5055555555555555,1.0,True,True,150.0,148.09970915815768,68.66606527777778,Coby,11,1.144,2.5,2.468,True
49,DJ Moore,WR,48.0,1.033015520714813,1.3,no distinct scarcity signal exists in compute_willingness today -- position_fit_multiplier (position_targets) is the closest analog,1.25,1.5,1.0,True,True,120.0,120.0,68.0,Sam,10,1.417,2.5,2.5,True
49,Rashee Rice,WR,72.0,0.9617098559763141,1.0,no distinct scarcity signal exists in compute_willingness today -- position_fit_multiplier (position_targets) is the closest analog,1.0,1.4944444444444445,1.0,False,False,126.54461826457629,122.21421464808317,53.89103333333333,CJ,9,0.748,0.767,1.697,False
49,JK Dobbins,RB,34.0,1.0679818137045347,1.0,no distinct scarcity signal exists in compute_willingness today -- position_fit_multiplier (position_targets) is the closest analog,1.3,1.488888888888889,1.0,True,True,85.0,85.0,44.80972666666666,Travis,9,1.318,2.5,2.5,True
49,TJ Hockenson,TE,43.0,0.9777912989496005,1.3,no distinct scarcity signal exists in compute_willingness today -- position_fit_multiplier (position_targets) is the closest analog,1.0,1.4833333333333334,1.0,False,False,61.57058220992642,60.415952936256424,44.12582666666667,Shane,8,1.026,1.24,1.405,False
49,Josh Downs,WR,30.0,0.9830677498889203,1.3,no distinct scarcity signal exists in compute_willingness today -- position_fit_multiplier (position_targets) is the closest analog,1.25,1.4777777777777779,1.0,False,False,45.22295555555556,43.29404096349918,44.0,Shane,8,1.467,1.507,1.443,False
49,Chuba Hubbard,RB,65.0,0.9723736450620479,1.0,no distinct scarcity signal exists in compute_willingness today -- position_fit_multiplier (position_targets) is the closest analog,1.0,1.4722222222222223,1.0,False,False,123.7883755592766,119.91338109782603,38.5,CJ,7,0.592,0.666,1.845,False
49,Jakobi Meyers,WR,21.0,0.9743406392745827,1.3,no distinct scarcity signal exists in compute_willingness today -- position_fit_multiplier (position_targets) is the closest analog,1.25,1.4666666666666668,1.0,False,False,40.67396666666667,30.74956322445188,31.74956322445188,Coby,7,1.512,1.937,1.464,False
49,Bill Croskey-Merritt,RB,42.0,0.8509203430079945,1.0,no distinct scarcity signal exists in compute_willingness today -- position_fit_multiplier (position_targets) is the closest analog,1.3,1.461111111111111,1.0,True,True,105.0,94.36440655648835,37.0,Brad,8,0.881,1.771,2.247,True
