seed,team,player,position,price,projected_points,is_starting_qb,is_starting_rb,is_starting_wr,is_starting_te,is_starting_flex,is_starter
0,Brad,Alec Pierce,WR,11.0,154.64,False,False,False,False,True,True
0,Brad,Jaxon Smith-Njigba,WR,31.0,253.78,False,False,True,False,False,True
0,Brad,Jaydon Blue,RB,14.0,54.64,False,False,False,False,False,False
0,Brad,Jameson Williams,WR,41.0,156.45,False,False,False,False,True,True
0,Brad,Marvin Harrison Jr,WR,16.0,145.68,False,False,False,False,False,False
0,Brad,Tyler Warren,TE,6.0,162.68,False,False,False,True,False,True
0,Brad,RJ Harvey,RB,51.88,136.65,False,True,False,False,False,True
0,Brad,Jacory Croskey-Merritt,RB,47.830000000000005,127.0,False,False,False,False,False,False
0,Brad,Davante Adams,WR,36.0,161.35,False,False,True,False,False,True
0,Brad,Zach Charbonnet,RB,25.14,107.61,False,False,False,False,False,False
0,Brad,DK Metcalf,WR,23.86,148.53,False,False,False,False,True,True
0,Brad,Tyler Allgeier,RB,15.86,86.65,False,False,False,False,False,False
0,Brad,Joe Burrow,QB,15.764280000000003,282.7,True,False,False,False,False,True
0,Brad,Travis Etienne,RB,11.059155555555556,190.4,False,True,False,False,False,True
0,Brad,Keaton Mitchell,RB,10.257380000000001,90.45,False,False,False,False,False,False
0,Brandon,Jonathan Taylor,RB,46.0,256.35,False,True,False,False,False,True
0,Brandon,Justin Jefferson,WR,46.0,221.18,False,False,True,False,False,True
0,Brandon,Nico Collins,WR,36.0,214.51,False,False,True,False,False,True
0,Brandon,Breece Hall,RB,31.0,201.5,False,False,False,False,True,True
0,Brandon,Brock Bowers,TE,16.0,177.91,False,False,False,True,False,True
0,Brandon,Christian McCaffrey,RB,46.0,265.35,False,True,False,False,False,True
0,Brandon,Tee Higgins,WR,141.26,181.9,False,False,False,False,True,True
0,Brandon,Deebo Samuel,WR,35.42743055555555,102.68,False,False,False,False,False,False
0,Brandon,Makai Lemon,WR,1.3099999999999996,119.03,False,False,False,False,True,True
0,Brandon,Kimani Vidal,RB,1.0,54.72,False,False,False,False,False,False
0,Brandon,Chig Okonkwo,TE,1.0,98.45,False,False,False,False,False,False
0,Brandon,Ray Davis,RB,1.0,61.54,False,False,False,False,False,False
0,Brandon,Cam Ward,QB,1.0,221.28,False,False,False,False,False,False
0,Brandon,Jared Goff,QB,1.0,261.71,True,False,False,False,False,True
0,Brandon,Keon Coleman,WR,1.0,60.6,False,False,False,False,False,False
0,CJ,Tory Horton,WR,11.0,55.15,False,False,False,False,False,False
0,CJ,Ja'Marr Chase,WR,46.0,266.33,False,False,True,False,False,True
0,CJ,Chase Brown,RB,31.0,227.25,False,True,False,False,False,True
0,CJ,Sam LaPorta,TE,31.0,139.7,False,False,False,True,False,True
0,CJ,Parker Washington,WR,11.0,162.09,False,False,True,False,False,True
0,CJ,Omarion Hampton,RB,6.0,205.65,False,True,False,False,False,True
0,CJ,Bhayshul Tuten,RB,256.0,160.4,False,False,False,False,True,True
0,CJ,Michael Penix Jr.,QB,1.0,122.75,False,False,False,False,False,False
0,CJ,Cade Otton,TE,1.0,85.45,False,False,False,False,True,True
0,CJ,Trey Benson,RB,1.0,11.03,False,False,False,False,False,False
0,CJ,Christian Kirk,WR,1.0,37.77,False,False,False,False,False,False
0,CJ,Adonai Mitchell,WR,1.0,84.34,False,False,False,False,True,True
0,CJ,Justice Hill,RB,1.0,57.9,False,False,False,False,False,False
0,CJ,Kyler Murray,QB,1.0,255.34,True,False,False,False,False,True
0,CJ,Patrick Mahomes,QB,1.0,254.26,False,False,False,False,False,False
0,Coby,Derrick Henry,RB,51.0,227.4,False,True,False,False,False,True
0,Coby,Kyren Williams,RB,31.0,196.2,False,True,False,False,False,True
0,Coby,Brian Thomas Jr,WR,16.0,138.06,False,False,True,False,False,True
0,Coby,Harold Fannin Jr,TE,6.0,141.21,False,False,False,True,False,True
0,Coby,TreVeyon Henderson,RB,11.0,158.6,False,False,False,False,True,True
0,Coby,Quinshon Judkins,RB,11.0,177.8,False,False,False,False,True,True
0,Coby,Jaylen Warren,RB,68.96222222222224,162.0,False,False,False,False,True,True
0,Coby,DeVonta Smith,WR,53.88,189.84,False,False,True,False,False,True
0,Coby,Jonathon Brooks,RB,53.88,148.6,False,False,False,False,False,False
0,Coby,Tony Pollard,RB,54.74,143.2,False,False,False,False,False,False
0,Coby,Aaron Jones Sr,RB,38.506886666666674,131.55,False,False,False,False,False,False
0,Coby,Samaje Perine,RB,1.0300000000000002,68.35,False,False,False,False,False,False
0,Coby,Emmett Johnson,RB,1.0,63.25,False,False,False,False,False,False
0,Coby,Quinn Ewers,QB,1.0,9.68,True,False,False,False,False,True
0,Coby,Juwan Johnson,TE,1.0,111.55,False,False,False,False,False,False
0,Evan,Amon-Ra St Brown,WR,41.0,247.22,False,False,False,False,False,False
0,Evan,Drake London,WR,36.0,221.3,False,False,False,False,False,False
0,Evan,Saquon Barkley,RB,46.0,222.8,False,False,False,False,False,False
0,Evan,George Pickens,WR,41.0,209.94,False,False,False,False,False,False
0,Evan,Puka Nacua,WR,31.0,256.87,False,False,False,False,False,False
0,Evan,Emeka Egbuka,WR,11.0,166.25,False,False,False,False,False,False
0,Evan,Jeremiyah Love,RB,123.256,202.4,False,False,False,False,False,False
0,Evan,Rashee Rice,WR,51.88,197.11,False,False,False,False,False,False
0,Evan,Tank Bigsby,RB,2.0300000000000002,68.64,False,False,False,False,False,False
0,Evan,Jakobi Meyers,WR,1.83,131.61,False,False,False,False,False,False
0,Evan,Baker Mayfield,QB,1.0,243.4,False,False,False,False,False,False
0,Evan,Cooper Kupp,WR,1.0,69.66,False,False,False,False,False,False
0,Evan,Rashod Bateman,WR,1.0,79.23,False,False,False,False,False,False
0,Evan,Keenan Allen,WR,1.0,80.85,False,False,False,False,False,False
0,Evan,Tre Tucker,WR,1.0,95.11,False,False,False,False,False,False
0,James,Wan'Dale Robinson,WR,11.0,133.19,False,False,False,False,True,True
0,James,Trevor Lawrence,QB,11.0,272.04,False,False,False,False,False,False
0,James,Jordan Addison,WR,31.0,131.03,False,False,False,False,True,True
0,James,Zay Flowers,WR,31.0,205.23,False,False,True,False,False,True
0,James,Colston Loveland,TE,6.0,157.08,False,False,False,True,False,True
0,James,Rico Dowdle,RB,13.0,157.15,False,True,False,False,False,True
0,James,James Cook,RB,257.0,234.4,False,True,False,False,False,True
0,James,Terry McLaurin,WR,30.86,173.93,False,False,True,False,False,True
0,James,Travis Kelce,TE,1.6755555555555555,129.94,False,False,False,False,False,False
0,James,George Kittle,TE,1.2777777777777777,130.46,False,False,False,False,True,True
0,James,Braelon Allen,RB,1.6466666666666667,68.77,False,False,False,False,False,False
0,James,Jayden Daniels,QB,1.261111111111111,293.28,True,False,False,False,False,True
0,James,Jonah Coleman,RB,1.2555555555555555,67.3,False,False,False,False,False,False
0,James,Marcus Mariota,QB,1.0,17.15,False,False,False,False,False,False
0,James,Justin Herbert,QB,1.0,263.56,False,False,False,False,False,False
0,Jason,CeeDee Lamb,WR,46.0,224.28,False,False,True,False,False,True
0,Jason,Trey McBride,TE,31.0,188.05,False,False,False,True,False,True
0,Jason,AJ Brown,WR,46.0,194.9,False,False,True,False,False,True
0,Jason,Bijan Robinson,RB,21.0,295.2,False,True,False,False,False,True
0,Jason,Jahmyr Gibbs,RB,31.0,296.35,False,True,False,False,False,True
0,Jason,Luther Burden,WR,11.0,169.58,False,False,False,False,True,True
0,Jason,Bucky Irving,RB,157.46792028308204,175.8,False,False,False,False,True,True
0,Jason,Rachaad White,RB,39.54,127.05,False,False,False,False,False,False
0,Jason,Alvin Kamara,RB,1.2444444444444445,68.7,False,False,False,False,False,False
0,Jason,Isiah Pacheco,RB,1.238888888888889,73.93,False,False,False,False,False,False
0,Jason,CJ Stroud,QB,1.2333333333333334,245.14,True,False,False,False,False,True
0,Jason,AD Mitchell,WR,1.2277777777777779,145.99444444444444,False,False,False,False,True,True
0,Jason,Dalton Kincaid,TE,1.588888888888889,118.1,False,False,False,False,False,False
0,Jason,Isaiah Likely,TE,1.2166666666666668,115.25,False,False,False,False,False,False
0,Jason,Dalton Schultz,TE,1.5744444444444443,109.4,False,False,False,False,False,False
0,Reid,Kyle Pitts Sr,TE,11.0,140.7,False,False,False,False,True,True
0,Reid,Tucker Kraft,TE,21.0,143.34,False,False,False,True,False,True
0,Reid,Drake Maye,QB,30.0,296.32,True,False,False,False,False,True
0,Reid,Chris Olave,WR,41.0,194.65,False,False,True,False,False,True
0,Reid,Jalen Coker,WR,13.0,124.35,False,False,False,False,True,True
0,Reid,Javonte Williams,RB,34.0,196.9,False,True,False,False,False,True
0,Reid,Josh Jacobs,RB,202.12,189.35,False,True,False,False,False,True
0,Reid,Chuba Hubbard,RB,49.471608888888895,143.25,False,False,False,False,True,True
0,Reid,Dallas Goedert,TE,1.2055555555555555,119.45,False,False,False,False,False,False
0,Reid,Tyrone Tracy Jr,RB,1.2,72.35,False,False,False,False,False,False
0,Reid,Jayden Higgins,WR,1.1944444444444444,132.72222222222223,False,False,True,False,False,True
0,Reid,Xavier Worthy,WR,1.5455555555555556,118.5,False,False,False,False,False,False
0,Reid,Brenton Strange,TE,1.1833333333333333,112.65,False,False,False,False,False,False
0,Reid,Jake Ferguson,TE,1.08,117.94,False,False,False,False,False,False
0,Reid,Jordan Love,QB,1.0,256.74,False,False,False,False,False,False
0,Ryan J,Brock Purdy,QB,15.0,256.32,True,False,False,False,False,True
0,Ryan J,Michael Wilson,WR,11.0,132.1,False,False,False,False,False,False
0,Ryan J,Oronde Gadsden,TE,11.0,72.1,False,False,False,True,False,True
0,Ryan J,DeVon Achane,RB,26.0,242.2,False,False,False,False,True,True
0,Ryan J,Ashton Jeanty,RB,6.0,199.4,False,False,False,False,True,True
0,Ryan J,Ladd McConkey,WR,67.0,165.85,False,False,True,False,False,True
0,Ryan J,Jordan Mason,RB,69.47589999999998,137.2,False,False,False,False,False,False
0,Ryan J,Bill Croskey-Merritt,RB,49.0,557.4333333333333,False,True,False,False,False,True
0,Ryan J,JK Dobbins,RB,38.27205315410435,134.15,False,False,False,False,False,False
0,Ryan J,Nick Chubb,RB,25.203550000000003,451.25555555555553,False,True,False,False,False,True
0,Ryan J,Courtland Sutton,WR,19.573304444444446,137.35,False,False,False,False,False,False
0,Ryan J,Romeo Doubs,WR,13.574722222222222,122.25,False,False,False,False,False,False
0,Ryan J,Ricky Pearsall,WR,10.309999999999999,199.08333333333334,False,False,True,False,False,True
0,Ryan J,Brian Robinson Jr,RB,6.145120000000001,77.14,False,False,False,False,False,False
0,Ryan J,Michael Pittman Jr,WR,5.81673888888889,137.83,False,False,False,False,True,True
0,Sam,Garrett Wilson,WR,31.0,163.37,False,False,True,False,False,True
0,Sam,Kenneth Walker III,RB,36.0,217.65,False,True,False,False,False,True
0,Sam,Quentin Johnston,WR,11.0,125.4,False,False,False,False,False,False
0,Sam,David Montgomery,RB,45.0,176.5,False,False,False,False,True,True
0,Sam,Cam Skattebo,RB,28.0,186.4,False,False,False,False,True,True
0,Sam,Jaxson Dart,QB,11.0,273.12,False,False,False,False,False,False
0,Sam,TJ Hockenson,TE,45.0,103.35,False,False,False,True,False,True
0,Sam,Jalen Hurts,QB,28.44990277777778,297.46,False,False,False,False,False,False
0,Sam,Josh Allen,QB,30.358650000000004,328.82,True,False,False,False,False,True
0,Sam,Carnell Tate,WR,20.86,140.03,False,False,False,False,False,False
0,Sam,Mike Evans,WR,19.502116666666666,164.95,False,False,True,False,False,True
0,Sam,Austin Ekeler,RB,14.151842222222221,411.43888888888887,False,True,False,False,False,True
0,Sam,Lamar Jackson,QB,12.52636,289.92,False,False,False,False,False,False
0,Sam,Josh Downs,WR,8.311888888888891,145.07,False,False,False,False,True,True
0,Sam,Chris Godwin Jr,WR,7.99,134.26,False,False,False,False,False,False
0,Shane,MarShawn Lloyd,RB,11.0,75.39,False,False,False,False,False,False
0,Shane,Rome Odunze,WR,16.0,159.72,False,False,False,False,True,True
0,Shane,Caleb Williams,QB,16.0,271.0,True,False,False,False,False,True
0,Shane,Blake Corum,RB,11.0,134.1,False,True,False,False,False,True
0,Shane,Kyle Monangai,RB,11.0,144.3,False,True,False,False,False,True
0,Shane,Christian Watson,WR,11.0,161.94,False,False,True,False,False,True
0,Shane,DJ Moore,WR,176.73666383948895,154.17,False,False,False,False,True,True
0,Shane,Jaylen Waddle,WR,74.75844444444445,177.9,False,False,True,False,False,True
0,Shane,Khalil Shakir,WR,24.86,122.83,False,False,False,False,False,False
0,Shane,Matthew Golden,WR,6.378466666666666,127.74,False,False,False,False,False,False
0,Shane,Mike Washington Jr.,RB,5.501333333333335,80.65,False,False,False,False,False,False
0,Shane,Stefon Diggs,WR,3.3099999999999996,130.42,False,False,False,False,False,False
0,Shane,Dylan Sampson,RB,4.290611111111112,79.3,False,False,False,False,False,False
0,Shane,Mark Andrews,TE,4.476,128.18,False,False,False,True,False,True
0,Shane,Jajuan Jennings,WR,4.461333333333334,145.99444444444444,False,False,False,False,True,True
0,Travis,Jayden Reed,WR,26.0,143.93,False,False,False,False,True,True
0,Travis,Malik Nabers,WR,16.0,183.51,False,False,True,False,False,True
0,Travis,Woody Marks,RB,11.0,104.75,False,False,False,False,False,False
0,Travis,Rhamondre Stevenson,RB,42.0,157.55,False,True,False,False,False,True
0,Travis,Hunter Henry,TE,12.0,119.7,False,False,False,True,False,True
0,Travis,Tetairoa McMillan,WR,6.0,184.82,False,False,True,False,False,True
0,Travis,Kenny Gainwell,RB,253.0,136.45,False,True,False,False,False,True
0,Travis,Dak Prescott,QB,3.4466666666666668,278.54,True,False,False,False,False,True
0,Travis,KC Concepcion,WR,1.5499999999999998,118.36,False,False,False,False,True,True
0,Travis,Rashid Shaheed,WR,1.0,105.92,False,False,False,False,False,False
0,Travis,Joe Flacco,QB,1.0,28.58,False,False,False,False,False,False
0,Travis,Chris Rodriguez Jr,RB,1.0,110.29,False,False,False,False,True,True
0,Travis,Emari Demercado,RB,1.0,26.21,False,False,False,False,False,False
0,Travis,James Conner,RB,1.0,42.62,False,False,False,False,False,False
0,Travis,Jordyn Tyson,WR,1.0,94.75,False,False,False,False,False,False
1,Brad,Alec Pierce,WR,11.0,154.64,False,False,False,False,True,True
1,Brad,Jaxon Smith-Njigba,WR,31.0,253.78,False,False,True,False,False,True
1,Brad,Jaydon Blue,RB,14.0,54.64,False,False,False,False,False,False
1,Brad,Jameson Williams,WR,41.0,156.45,False,False,True,False,False,True
1,Brad,Marvin Harrison Jr,WR,16.0,145.68,False,False,False,False,True,True
1,Brad,Tyler Warren,TE,6.0,162.68,False,False,False,True,False,True
1,Brad,Tony Pollard,RB,267.0,143.2,False,True,False,False,False,True
1,Brad,Keaton Mitchell,RB,5.990833333333335,90.45,False,True,False,False,False,True
1,Brad,Mike Washington Jr.,RB,2.01,80.65,False,False,False,False,False,False
1,Brad,Tyrone Tracy Jr,RB,1.0,72.35,False,False,False,False,False,False
1,Brad,Dak Prescott,QB,1.0,278.54,True,False,False,False,False,True
1,Brad,Justice Hill,RB,1.0,57.9,False,False,False,False,False,False
1,Brad,Chig Okonkwo,TE,1.0,98.45,False,False,False,False,True,True
1,Brad,Trey Benson,RB,1.0,11.03,False,False,False,False,False,False
1,Brad,Tyrod Taylor,QB,1.0,10.25,False,False,False,False,False,False
1,Brandon,Jonathan Taylor,RB,46.0,256.35,False,True,False,False,False,True
1,Brandon,Justin Jefferson,WR,46.0,221.18,False,False,True,False,False,True
1,Brandon,Nico Collins,WR,36.0,214.51,False,False,True,False,False,True
1,Brandon,Breece Hall,RB,31.0,201.5,False,False,False,False,True,True
1,Brandon,Brock Bowers,TE,16.0,177.91,False,False,False,True,False,True
1,Brandon,Christian McCaffrey,RB,46.0,265.35,False,True,False,False,False,True
1,Brandon,Jordan Mason,RB,176.0,137.2,False,False,False,False,True,True
1,Brandon,Jayden Higgins,WR,1.0,132.72222222222223,False,False,False,False,True,True
1,Brandon,Dallas Goedert,TE,1.0,119.45,False,False,False,False,False,False
1,Brandon,Cooper Kupp,WR,1.0,69.66,False,False,False,False,False,False
1,Brandon,Rashod Bateman,WR,1.0,79.23,False,False,False,False,False,False
1,Brandon,Kaelon Black,RB,1.0,47.43,False,False,False,False,False,False
1,Brandon,Cedric Tillman,WR,1.0,19.7,False,False,False,False,False,False
1,Brandon,Kyler Murray,QB,1.0,255.34,True,False,False,False,False,True
1,Brandon,Chris Rodriguez Jr,RB,1.0,110.29,False,False,False,False,False,False
1,CJ,Tory Horton,WR,11.0,55.15,False,False,False,False,False,False
1,CJ,Ja'Marr Chase,WR,46.0,266.33,False,False,True,False,False,True
1,CJ,Chase Brown,RB,31.0,227.25,False,True,False,False,False,True
1,CJ,Sam LaPorta,TE,31.0,139.7,False,False,False,True,False,True
1,CJ,Parker Washington,WR,11.0,162.09,False,False,True,False,False,True
1,CJ,Omarion Hampton,RB,6.0,205.65,False,True,False,False,False,True
1,CJ,Bhayshul Tuten,RB,256.0,160.4,False,False,False,False,True,True
1,CJ,Jajuan Jennings,WR,1.0,145.99444444444444,False,False,False,False,True,True
1,CJ,Jordan Love,QB,1.0,256.74,True,False,False,False,False,True
1,CJ,Emmett Johnson,RB,1.0,63.25,False,False,False,False,False,False
1,CJ,Tua Tagovailoa,QB,1.0,103.67,False,False,False,False,False,False
1,CJ,Juwan Johnson,TE,1.0,111.55,False,False,False,False,True,True
1,CJ,LeQuint Allen Jr.,RB,1.0,38.64,False,False,False,False,False,False
1,CJ,Tre Tucker,WR,1.0,95.11,False,False,False,False,False,False
1,CJ,Keenan Allen,WR,1.0,80.85,False,False,False,False,False,False
1,Coby,Derrick Henry,RB,51.0,227.4,False,True,False,False,False,True
1,Coby,Kyren Williams,RB,31.0,196.2,False,False,False,False,True,True
1,Coby,Brian Thomas Jr,WR,16.0,138.06,False,False,True,False,False,True
1,Coby,Harold Fannin Jr,TE,6.0,141.21,False,False,False,True,False,True
1,Coby,TreVeyon Henderson,RB,11.0,158.6,False,False,False,False,True,True
1,Coby,Quinshon Judkins,RB,11.0,177.8,False,False,False,False,True,True
1,Coby,Jeremiyah Love,RB,257.0,202.4,False,True,False,False,False,True
1,Coby,Zach Charbonnet,RB,9.13,107.61,False,False,False,False,False,False
1,Coby,KC Concepcion,WR,1.87,118.36,False,False,True,False,False,True
1,Coby,Tank Bigsby,RB,1.0,68.64,False,False,False,False,False,False
1,Coby,Samaje Perine,RB,1.0,68.35,False,False,False,False,False,False
1,Coby,Patrick Mahomes,QB,1.0,254.26,True,False,False,False,False,True
1,Coby,Adonai Mitchell,WR,1.0,84.34,False,False,False,False,False,False
1,Coby,Justin Fields,QB,1.0,40.19,False,False,False,False,False,False
1,Coby,James Conner,RB,1.0,42.62,False,False,False,False,False,False
1,Evan,Amon-Ra St Brown,WR,41.0,247.22,False,False,True,False,False,True
1,Evan,Drake London,WR,36.0,221.3,False,False,False,False,True,True
1,Evan,Saquon Barkley,RB,46.0,222.8,False,True,False,False,False,True
1,Evan,George Pickens,WR,41.0,209.94,False,False,False,False,True,True
1,Evan,Puka Nacua,WR,31.0,256.87,False,False,True,False,False,True
1,Evan,Emeka Egbuka,WR,11.0,166.25,False,False,False,False,True,True
1,Evan,Jaylen Warren,RB,99.24685474581987,162.0,False,True,False,False,False,True
1,Evan,Chuba Hubbard,RB,71.056,143.25,False,False,False,False,False,False
1,Evan,Dalton Kincaid,TE,1.8271586666666664,118.1,False,False,False,False,False,False
1,Evan,Braelon Allen,RB,1.6538888888888887,68.77,False,False,False,False,False,False
1,Evan,Jayden Daniels,QB,1.2666666666666666,293.28,True,False,False,False,False,True
1,Evan,Mark Andrews,TE,1.6394444444444445,128.18,False,False,False,True,False,True
1,Evan,CJ Stroud,QB,1.2555555555555555,245.14,False,False,False,False,False,False
1,Evan,Stefon Diggs,WR,1.25,130.42,False,False,False,False,False,False
1,Evan,Isiah Pacheco,RB,1.2444444444444445,73.93,False,False,False,False,False,False
1,James,Wan'Dale Robinson,WR,11.0,133.19,False,False,False,False,False,False
1,James,Trevor Lawrence,QB,11.0,272.04,False,False,False,False,False,False
1,James,Jordan Addison,WR,31.0,131.03,False,False,False,False,False,False
1,James,Zay Flowers,WR,31.0,205.23,False,False,True,False,False,True
1,James,Colston Loveland,TE,6.0,157.08,False,False,False,True,False,True
1,James,Rico Dowdle,RB,13.0,157.15,False,True,False,False,False,True
1,James,James Cook,RB,78.75,234.4,False,True,False,False,False,True
1,James,RJ Harvey,RB,55.69,136.65,False,False,False,False,True,True
1,James,DJ Moore,WR,36.391782222222226,154.17,False,False,True,False,False,True
1,James,Carnell Tate,WR,34.86637855555556,140.03,False,False,False,False,True,True
1,James,JK Dobbins,RB,22.926666666666662,134.15,False,False,False,False,False,False
1,James,Joe Burrow,QB,18.173333333333332,282.7,True,False,False,False,False,True
1,James,Chris Godwin Jr,WR,11.852777777777778,134.26,False,False,False,False,True,True
1,James,Dylan Sampson,RB,9.800981666666669,79.3,False,False,False,False,False,False
1,James,Jake Ferguson,TE,6.909426666666667,117.94,False,False,False,False,False,False
1,Jason,CeeDee Lamb,WR,46.0,224.28,False,False,True,False,False,True
1,Jason,Trey McBride,TE,31.0,188.05,False,False,False,True,False,True
1,Jason,AJ Brown,WR,46.0,194.9,False,False,True,False,False,True
1,Jason,Bijan Robinson,RB,21.0,295.2,False,False,False,False,True,True
1,Jason,Jahmyr Gibbs,RB,31.0,296.35,False,True,False,False,False,True
1,Jason,Luther Burden,WR,11.0,169.58,False,False,False,False,False,False
1,Jason,Terry McLaurin,WR,42.29927111111111,173.93,False,False,False,False,True,True
1,Jason,Jacory Croskey-Merritt,RB,34.09941111111111,127.0,False,False,False,False,False,False
1,Jason,Courtland Sutton,WR,25.755995000000006,137.35,False,False,False,False,False,False
1,Jason,Mike Evans,WR,19.146966666666668,164.95,False,False,False,False,False,False
1,Jason,Josh Allen,QB,17.391849999999998,328.82,True,False,False,False,False,True
1,Jason,Josh Downs,WR,12.90018888888889,145.07,False,False,False,False,False,False
1,Jason,Travis Kelce,TE,11.071822222222224,129.94,False,False,False,False,False,False
1,Jason,Travis Etienne,RB,8.792404444444445,190.4,False,False,False,False,True,True
1,Jason,Austin Ekeler,RB,7.0,411.43888888888887,False,True,False,False,False,True
1,Reid,Kyle Pitts Sr,TE,11.0,140.7,False,False,False,False,True,True
1,Reid,Tucker Kraft,TE,21.0,143.34,False,False,False,True,False,True
1,Reid,Drake Maye,QB,30.0,296.32,True,False,False,False,False,True
1,Reid,Chris Olave,WR,41.0,194.65,False,False,True,False,False,True
1,Reid,Jalen Coker,WR,13.0,124.35,False,False,False,False,True,True
1,Reid,Javonte Williams,RB,34.0,196.9,False,True,False,False,False,True
1,Reid,Deebo Samuel,WR,190.0,102.68,False,False,False,False,False,False
1,Reid,DeVonta Smith,WR,60.86533333333333,189.84,False,False,True,False,False,True
1,Reid,Alvin Kamara,RB,2.3738000000000006,68.7,False,True,False,False,False,True
1,Reid,Makai Lemon,WR,1.7425777777777778,119.03,False,False,False,False,False,False
1,Reid,Jonah Coleman,RB,1.0199999999999996,67.3,False,False,False,False,False,False
1,Reid,Rashid Shaheed,WR,1.0,105.92,False,False,False,False,False,False
1,Reid,AD Mitchell,WR,1.0,145.99444444444444,False,False,False,False,True,True
1,Reid,Ray Davis,RB,1.0,61.54,False,False,False,False,False,False
1,Reid,Keon Coleman,WR,1.0,60.6,False,False,False,False,False,False
1,Ryan J,Brock Purdy,QB,15.0,256.32,False,False,False,False,False,False
1,Ryan J,Michael Wilson,WR,11.0,132.1,False,False,False,False,True,True
1,Ryan J,Oronde Gadsden,TE,11.0,72.1,False,False,False,False,False,False
1,Ryan J,DeVon Achane,RB,26.0,242.2,False,True,False,False,False,True
1,Ryan J,Ashton Jeanty,RB,6.0,199.4,False,True,False,False,False,True
1,Ryan J,Ladd McConkey,WR,67.0,165.85,False,False,True,False,False,True
1,Ryan J,Tee Higgins,WR,78.180660304354,181.9,False,False,True,False,False,True
1,Ryan J,Josh Jacobs,RB,138.75,189.35,False,False,False,False,True,True
1,Ryan J,Matthew Golden,WR,27.938666666666666,127.74,False,False,False,False,True,True
1,Ryan J,George Kittle,TE,7.130000000000001,130.46,False,False,False,True,False,True
1,Ryan J,Isaiah Likely,TE,1.0,115.25,False,False,False,False,False,False
1,Ryan J,Dalton Schultz,TE,1.0,109.4,False,False,False,False,False,False
1,Ryan J,Christian Kirk,WR,1.0,37.77,False,False,False,False,False,False
1,Ryan J,Cole Kmet,TE,1.0,53.05,False,False,False,False,False,False
1,Ryan J,Jared Goff,QB,1.0,261.71,True,False,False,False,False,True
1,Sam,Garrett Wilson,WR,31.0,163.37,False,False,True,False,False,True
1,Sam,Kenneth Walker III,RB,36.0,217.65,False,True,False,False,False,True
1,Sam,Quentin Johnston,WR,11.0,125.4,False,False,False,False,False,False
1,Sam,David Montgomery,RB,45.0,176.5,False,False,False,False,True,True
1,Sam,Cam Skattebo,RB,28.0,186.4,False,True,False,False,False,True
1,Sam,Jaxson Dart,QB,11.0,273.12,True,False,False,False,False,True
1,Sam,Jonathon Brooks,RB,57.684374999999996,148.6,False,False,False,False,True,True
1,Sam,Jaylen Waddle,WR,63.126075,177.9,False,False,True,False,False,True
1,Sam,Kenny Gainwell,RB,62.8993375,136.45,False,False,False,False,False,False
1,Sam,Davante Adams,WR,34.29,161.35,False,False,False,False,True,True
1,Sam,Kimani Vidal,RB,1.0,54.72,False,False,False,False,False,False
1,Sam,Justin Herbert,QB,1.0,263.56,False,False,False,False,False,False
1,Sam,Baker Mayfield,QB,1.0,243.4,False,False,False,False,False,False
1,Sam,Brenton Strange,TE,1.0,112.65,False,False,False,True,False,True
1,Sam,Geno Smith,QB,1.0,177.54,False,False,False,False,False,False
1,Shane,MarShawn Lloyd,RB,11.0,75.39,False,False,False,False,False,False
1,Shane,Rome Odunze,WR,16.0,159.72,False,False,False,False,False,False
1,Shane,Caleb Williams,QB,16.0,271.0,False,False,False,False,False,False
1,Shane,Blake Corum,RB,11.0,134.1,False,False,False,False,False,False
1,Shane,Kyle Monangai,RB,11.0,144.3,False,False,False,False,False,False
1,Shane,Christian Watson,WR,11.0,161.94,False,False,False,False,False,False
1,Shane,Rachaad White,RB,63.02788888888889,127.05,False,False,False,False,False,False
1,Shane,Bill Croskey-Merritt,RB,46.29,557.4333333333333,False,False,False,False,False,False
1,Shane,Rashee Rice,WR,44.89,197.11,False,False,False,False,False,False
1,Shane,Nick Chubb,RB,35.0,451.25555555555553,False,False,False,False,False,False
1,Shane,Jalen Hurts,QB,27.781716666666668,297.46,False,False,False,False,False,False
1,Shane,Aaron Jones Sr,RB,21.556570000000004,131.55,False,False,False,False,False,False
1,Shane,DK Metcalf,WR,14.833477777777777,148.53,False,False,False,False,False,False
1,Shane,Tyler Allgeier,RB,13.841520000000001,86.65,False,False,False,False,False,False
1,Shane,Ricky Pearsall,WR,10.840823055555557,199.08333333333334,False,False,False,False,False,False
1,Travis,Jayden Reed,WR,26.0,143.93,False,False,False,False,True,True
1,Travis,Malik Nabers,WR,16.0,183.51,False,False,True,False,False,True
1,Travis,Woody Marks,RB,11.0,104.75,False,False,False,False,False,False
1,Travis,Rhamondre Stevenson,RB,42.0,157.55,False,True,False,False,False,True
1,Travis,Hunter Henry,TE,12.0,119.7,False,False,False,True,False,True
1,Travis,Tetairoa McMillan,WR,6.0,184.82,False,False,True,False,False,True
1,Travis,Bucky Irving,RB,176.0,175.8,False,True,False,False,False,True
1,Travis,TJ Hockenson,TE,18.0,103.35,False,False,False,False,False,False
1,Travis,Khalil Shakir,WR,17.039166666666667,122.83,False,False,False,False,False,False
1,Travis,Romeo Doubs,WR,12.116466666666668,122.25,False,False,False,False,False,False
1,Travis,Brian Robinson Jr,RB,8.13,77.14,False,False,False,False,False,False
1,Travis,Jakobi Meyers,WR,6.542,131.61,False,False,False,False,True,True
1,Travis,Xavier Worthy,WR,3.882527111111111,118.5,False,False,False,False,False,False
1,Travis,Michael Pittman Jr,WR,4.383699999999999,137.83,False,False,False,False,True,True
1,Travis,Lamar Jackson,QB,3.383944444444445,289.92,True,False,False,False,False,True
2,Brad,Alec Pierce,WR,11.0,154.64,False,False,False,False,True,True
2,Brad,Jaxon Smith-Njigba,WR,31.0,253.78,False,False,True,False,False,True
2,Brad,Jaydon Blue,RB,14.0,54.64,False,False,False,False,False,False
2,Brad,Jameson Williams,WR,41.0,156.45,False,False,False,False,True,True
2,Brad,Marvin Harrison Jr,WR,16.0,145.68,False,False,False,False,False,False
2,Brad,Tyler Warren,TE,6.0,162.68,False,False,False,True,False,True
2,Brad,Aaron Jones Sr,RB,55.79337726512086,131.55,False,True,False,False,False,True
2,Brad,Davante Adams,WR,43.65,161.35,False,False,True,False,False,True
2,Brad,Nick Chubb,RB,35.65,451.25555555555553,False,True,False,False,False,True
2,Brad,Keaton Mitchell,RB,25.070596666666667,90.45,False,False,False,False,False,False
2,Brad,Matthew Golden,WR,23.98,127.74,False,False,False,False,False,False
2,Brad,DK Metcalf,WR,18.984560000000002,148.53,False,False,False,False,True,True
2,Brad,Dylan Sampson,RB,14.770524444444446,79.3,False,False,False,False,False,False
2,Brad,Chris Godwin Jr,WR,11.878704444444445,134.26,False,False,False,False,False,False
2,Brad,Jayden Daniels,QB,7.920399999999999,293.28,True,False,False,False,False,True
2,Brandon,Jonathan Taylor,RB,46.0,256.35,False,True,False,False,False,True
2,Brandon,Justin Jefferson,WR,46.0,221.18,False,False,True,False,False,True
2,Brandon,Nico Collins,WR,36.0,214.51,False,False,True,False,False,True
2,Brandon,Breece Hall,RB,31.0,201.5,False,False,False,False,True,True
2,Brandon,Brock Bowers,TE,16.0,177.91,False,False,False,True,False,True
2,Brandon,Christian McCaffrey,RB,46.0,265.35,False,True,False,False,False,True
2,Brandon,Chuba Hubbard,RB,73.2896404308605,143.25,False,False,False,False,False,False
2,Brandon,James Cook,RB,71.056,234.4,False,False,False,False,True,True
2,Brandon,Rashee Rice,WR,31.67336,197.11,False,False,False,False,True,True
2,Brandon,George Kittle,TE,2.9800000000000004,130.46,False,False,False,False,False,False
2,Brandon,Jordan Love,QB,1.0,256.74,False,False,False,False,False,False
2,Brandon,Tua Tagovailoa,QB,1.0,103.67,False,False,False,False,False,False
2,Brandon,Tyler Shough,QB,1.0,258.88,False,False,False,False,False,False
2,Brandon,Bo Nix,QB,1.0,262.52,True,False,False,False,False,True
2,Brandon,Tre Tucker,WR,1.0,95.11,False,False,False,False,False,False
2,CJ,Tory Horton,WR,11.0,55.15,False,False,False,False,False,False
2,CJ,Ja'Marr Chase,WR,46.0,266.33,False,False,True,False,False,True
2,CJ,Chase Brown,RB,31.0,227.25,False,True,False,False,False,True
2,CJ,Sam LaPorta,TE,31.0,139.7,False,False,False,True,False,True
2,CJ,Parker Washington,WR,11.0,162.09,False,False,True,False,False,True
2,CJ,Omarion Hampton,RB,6.0,205.65,False,True,False,False,False,True
2,CJ,Tony Pollard,RB,253.0,143.2,False,False,False,False,True,True
2,CJ,Dak Prescott,QB,1.588888888888889,278.54,True,False,False,False,False,True
2,CJ,Justin Herbert,QB,1.5816666666666668,263.56,False,False,False,False,False,False
2,CJ,Tank Bigsby,RB,1.5672222222222223,68.64,False,False,False,False,False,False
2,CJ,Jayden Higgins,WR,1.1944444444444444,132.72222222222223,False,False,False,False,True,True
2,CJ,Jake Ferguson,TE,1.5455555555555556,117.94,False,False,False,False,False,False
2,CJ,AD Mitchell,WR,1.1833333333333333,145.99444444444444,False,False,False,False,True,True
2,CJ,Isaiah Likely,TE,1.1722222222222223,115.25,False,False,False,False,False,False
2,CJ,Ray Davis,RB,1.1555555555555557,61.54,False,False,False,False,False,False
2,Coby,Derrick Henry,RB,51.0,227.4,False,True,False,False,False,True
2,Coby,Kyren Williams,RB,31.0,196.2,False,True,False,False,False,True
2,Coby,Brian Thomas Jr,WR,16.0,138.06,False,False,False,False,False,False
2,Coby,Harold Fannin Jr,TE,6.0,141.21,False,False,False,True,False,True
2,Coby,TreVeyon Henderson,RB,11.0,158.6,False,False,False,False,True,True
2,Coby,Quinshon Judkins,RB,11.0,177.8,False,False,False,False,True,True
2,Coby,Jaylen Warren,RB,84.2877,162.0,False,False,False,False,True,True
2,Coby,Jordan Mason,RB,56.19790888888889,137.2,False,False,False,False,False,False
2,Coby,DeVonta Smith,WR,55.99645666666667,189.84,False,False,True,False,False,True
2,Coby,RJ Harvey,RB,55.0,136.65,False,False,False,False,False,False
2,Coby,Josh Downs,WR,17.98,145.07,False,False,True,False,False,True
2,Coby,Tyrone Tracy Jr,RB,1.5300000000000002,72.35,False,False,False,False,False,False
2,Coby,Marcus Mariota,QB,1.0,17.15,True,False,False,False,False,True
2,Coby,Keon Coleman,WR,1.0,60.6,False,False,False,False,False,False
2,Coby,Juwan Johnson,TE,1.0,111.55,False,False,False,False,False,False
2,Evan,Amon-Ra St Brown,WR,41.0,247.22,False,False,False,False,False,False
2,Evan,Drake London,WR,36.0,221.3,False,False,False,False,False,False
2,Evan,Saquon Barkley,RB,46.0,222.8,False,False,False,False,False,False
2,Evan,George Pickens,WR,41.0,209.94,False,False,False,False,False,False
2,Evan,Puka Nacua,WR,31.0,256.87,False,False,False,False,False,False
2,Evan,Emeka Egbuka,WR,11.0,166.25,False,False,False,False,False,False
2,Evan,Bhayshul Tuten,RB,106.18166666666666,160.4,False,False,False,False,False,False
2,Evan,Romeo Doubs,WR,18.416666666666664,122.25,False,False,False,False,False,False
2,Evan,Khalil Shakir,WR,13.8897,122.83,False,False,False,False,False,False
2,Evan,Travis Kelce,TE,10.467299999999998,129.94,False,False,False,False,False,False
2,Evan,Ricky Pearsall,WR,7.593708333333333,199.08333333333334,False,False,False,False,False,False
2,Evan,Stefon Diggs,WR,5.3069999999999995,130.42,False,False,False,False,False,False
2,Evan,KC Concepcion,WR,4.2435,118.36,False,False,False,False,False,False
2,Evan,Alvin Kamara,RB,3.4009999999999994,68.7,False,False,False,False,False,False
2,Evan,Jonah Coleman,RB,2.5300000000000002,67.3,False,False,False,False,False,False
2,James,Wan'Dale Robinson,WR,11.0,133.19,False,False,True,False,False,True
2,James,Trevor Lawrence,QB,11.0,272.04,False,False,False,False,False,False
2,James,Jordan Addison,WR,31.0,131.03,False,False,False,False,False,False
2,James,Zay Flowers,WR,31.0,205.23,False,False,True,False,False,True
2,James,Colston Loveland,TE,6.0,157.08,False,False,False,True,False,True
2,James,Rico Dowdle,RB,13.0,157.15,False,False,False,False,True,True
2,James,Kenny Gainwell,RB,61.321333333333335,136.45,False,False,False,False,True,True
2,James,Josh Allen,QB,47.749300000000005,328.82,True,False,False,False,False,True
2,James,JK Dobbins,RB,38.0,134.15,False,False,False,False,False,False
2,James,Bill Croskey-Merritt,RB,30.43579,557.4333333333333,False,True,False,False,False,True
2,James,Jacory Croskey-Merritt,RB,22.388266666666667,127.0,False,False,False,False,False,False
2,James,Austin Ekeler,RB,19.107122222222223,411.43888888888887,False,True,False,False,False,True
2,James,Zach Charbonnet,RB,15.043404444444445,107.61,False,False,False,False,False,False
2,James,Travis Etienne,RB,9.98,190.4,False,False,False,False,True,True
2,James,Brian Robinson Jr,RB,9.846534444444446,77.14,False,False,False,False,False,False
2,Jason,CeeDee Lamb,WR,46.0,224.28,False,False,True,False,False,True
2,Jason,Trey McBride,TE,31.0,188.05,False,False,False,True,False,True
2,Jason,AJ Brown,WR,46.0,194.9,False,False,True,False,False,True
2,Jason,Bijan Robinson,RB,21.0,295.2,False,True,False,False,False,True
2,Jason,Jahmyr Gibbs,RB,31.0,296.35,False,True,False,False,False,True
2,Jason,Luther Burden,WR,11.0,169.58,False,False,False,False,True,True
2,Jason,Josh Jacobs,RB,177.0,189.35,False,False,False,False,True,True
2,Jason,Terry McLaurin,WR,24.791786666666667,173.93,False,False,False,False,True,True
2,Jason,Emmett Johnson,RB,1.21,63.25,False,False,False,False,False,False
2,Jason,Adonai Mitchell,WR,1.0,84.34,False,False,False,False,False,False
2,Jason,Chig Okonkwo,TE,1.0,98.45,False,False,False,False,False,False
2,Jason,Keenan Allen,WR,1.0,80.85,False,False,False,False,False,False
2,Jason,Christian Kirk,WR,1.0,37.77,False,False,False,False,False,False
2,Jason,Jared Goff,QB,1.0,261.71,True,False,False,False,False,True
2,Jason,Chris Brooks,RB,1.0,38.97,False,False,False,False,False,False
2,Reid,Kyle Pitts Sr,TE,11.0,140.7,False,False,False,False,True,True
2,Reid,Tucker Kraft,TE,21.0,143.34,False,False,False,True,False,True
2,Reid,Drake Maye,QB,30.0,296.32,True,False,False,False,False,True
2,Reid,Chris Olave,WR,41.0,194.65,False,False,True,False,False,True
2,Reid,Jalen Coker,WR,13.0,124.35,False,False,True,False,False,True
2,Reid,Javonte Williams,RB,34.0,196.9,False,True,False,False,False,True
2,Reid,Bucky Irving,RB,250.0,175.8,False,True,False,False,False,True
2,Reid,Dalton Schultz,TE,1.5311111111111113,109.4,False,False,False,False,False,False
2,Reid,Dallas Goedert,TE,1.1444444444444444,119.45,False,False,False,False,True,True
2,Reid,Kimani Vidal,RB,1.4805555555555556,54.72,False,False,False,False,False,False
2,Reid,Cooper Kupp,WR,1.1333333333333333,69.66,False,False,False,False,False,False
2,Reid,Brenton Strange,TE,1.0,112.65,False,False,False,False,True,True
2,Reid,James Conner,RB,1.1222222222222222,42.62,False,False,False,False,False,False
2,Reid,Rashod Bateman,WR,1.4516666666666667,79.23,False,False,False,False,False,False
2,Reid,Justice Hill,RB,1.15,57.9,False,False,False,False,False,False
2,Ryan J,Brock Purdy,QB,15.0,256.32,False,False,False,False,False,False
2,Ryan J,Michael Wilson,WR,11.0,132.1,False,False,True,False,False,True
2,Ryan J,Oronde Gadsden,TE,11.0,72.1,False,False,False,False,False,False
2,Ryan J,DeVon Achane,RB,26.0,242.2,False,True,False,False,False,True
2,Ryan J,Ashton Jeanty,RB,6.0,199.4,False,False,False,False,True,True
2,Ryan J,Ladd McConkey,WR,67.0,165.85,False,False,True,False,False,True
2,Ryan J,Jeremiyah Love,RB,201.0,202.4,False,True,False,False,False,True
2,Ryan J,Joe Burrow,QB,12.89755,282.7,True,False,False,False,False,True
2,Ryan J,Mike Washington Jr.,RB,9.830391666666666,80.65,False,False,False,False,False,False
2,Ryan J,Tyler Allgeier,RB,7.155662499999999,86.65,False,False,False,False,False,False
2,Ryan J,Dalton Kincaid,TE,5.780101249999999,118.1,False,False,False,True,False,True
2,Ryan J,Xavier Worthy,WR,4.0,118.5,False,False,False,False,True,True
2,Ryan J,Jakobi Meyers,WR,3.089091666666666,131.61,False,False,False,False,True,True
2,Ryan J,CJ Stroud,QB,2.4714666666666667,245.14,False,False,False,False,False,False
2,Ryan J,Isiah Pacheco,RB,1.99245,73.93,False,False,False,False,False,False
2,Sam,Garrett Wilson,WR,31.0,163.37,False,False,True,False,False,True
2,Sam,Kenneth Walker III,RB,36.0,217.65,False,True,False,False,False,True
2,Sam,Quentin Johnston,WR,11.0,125.4,False,False,False,False,False,False
2,Sam,David Montgomery,RB,45.0,176.5,False,False,False,False,True,True
2,Sam,Cam Skattebo,RB,28.0,186.4,False,True,False,False,False,True
2,Sam,Jaxson Dart,QB,11.0,273.12,True,False,False,False,False,True
2,Sam,Jonathon Brooks,RB,77.43069632361029,148.6,False,False,False,False,True,True
2,Sam,DJ Moore,WR,73.0,154.17,False,False,True,False,False,True
2,Sam,Carnell Tate,WR,33.50624444444445,140.03,False,False,False,False,False,False
2,Sam,Courtland Sutton,WR,15.003549999999999,137.35,False,False,False,False,False,False
2,Sam,Jajuan Jennings,WR,8.524564999999999,145.99444444444444,False,False,False,False,True,True
2,Sam,Mark Andrews,TE,6.537591666666665,128.18,False,False,False,True,False,True
2,Sam,Rashid Shaheed,WR,3.30163875,105.92,False,False,False,False,False,False
2,Sam,Makai Lemon,WR,1.819566666666667,119.03,False,False,False,False,False,False
2,Sam,Braelon Allen,RB,1.9680555555555554,68.77,False,False,False,False,False,False
2,Shane,MarShawn Lloyd,RB,11.0,75.39,False,False,False,False,False,False
2,Shane,Rome Odunze,WR,16.0,159.72,False,False,False,False,True,True
2,Shane,Caleb Williams,QB,16.0,271.0,False,False,False,False,False,False
2,Shane,Blake Corum,RB,11.0,134.1,False,True,False,False,False,True
2,Shane,Kyle Monangai,RB,11.0,144.3,False,True,False,False,False,True
2,Shane,Christian Watson,WR,11.0,161.94,False,False,False,False,True,True
2,Shane,Rachaad White,RB,64.987,127.05,False,False,False,False,False,False
2,Shane,Tee Higgins,WR,50.67610666666667,181.9,False,False,True,False,False,True
2,Shane,Deebo Samuel,WR,40.172964444444446,102.68,False,False,False,False,False,False
2,Shane,TJ Hockenson,TE,34.07367222222223,103.35,False,False,False,True,False,True
2,Shane,Jalen Hurts,QB,25.245467255783225,297.46,True,False,False,False,False,True
2,Shane,Anthony Richardson Sr.,QB,1.0,10.4,False,False,False,False,False,False
2,Shane,Mike Evans,WR,20.18264444444445,164.95,False,False,True,False,False,True
2,Shane,Lamar Jackson,QB,15.98,289.92,False,False,False,False,False,False
2,Shane,Michael Pittman Jr,WR,12.995472222222224,137.83,False,False,False,False,True,True
2,Travis,Jayden Reed,WR,26.0,143.93,False,False,False,False,True,True
2,Travis,Malik Nabers,WR,16.0,183.51,False,False,True,False,False,True
2,Travis,Woody Marks,RB,11.0,104.75,False,False,False,False,True,True
2,Travis,Rhamondre Stevenson,RB,42.0,157.55,False,True,False,False,False,True
2,Travis,Hunter Henry,TE,12.0,119.7,False,False,False,True,False,True
2,Travis,Tetairoa McMillan,WR,6.0,184.82,False,False,True,False,False,True
2,Travis,Jaylen Waddle,WR,256.0,177.9,False,False,False,False,True,True
2,Travis,Geno Smith,QB,1.0,177.54,False,False,False,False,False,False
2,Travis,Quinn Ewers,QB,1.0,9.68,False,False,False,False,False,False
2,Travis,Chris Rodriguez Jr,RB,1.0,110.29,False,True,False,False,False,True
2,Travis,Samaje Perine,RB,1.0,68.35,False,False,False,False,False,False
2,Travis,Baker Mayfield,QB,1.0,243.4,False,False,False,False,False,False
2,Travis,Matthew Stafford,QB,1.0,250.22,True,False,False,False,False,True
2,Travis,De'Zhaun Stribling,WR,1.0,92.85,False,False,False,False,False,False
2,Travis,Trey Benson,RB,1.0,11.03,False,False,False,False,False,False
3,Brad,Alec Pierce,WR,11.0,154.64,False,False,False,False,True,True
3,Brad,Jaxon Smith-Njigba,WR,31.0,253.78,False,False,True,False,False,True
3,Brad,Jaydon Blue,RB,14.0,54.64,False,False,False,False,False,False
3,Brad,Jameson Williams,WR,41.0,156.45,False,False,False,False,True,True
3,Brad,Marvin Harrison Jr,WR,16.0,145.68,False,False,False,False,False,False
3,Brad,Tyler Warren,TE,6.0,162.68,False,False,False,True,False,True
3,Brad,JK Dobbins,RB,57.0,134.15,False,True,False,False,False,True
3,Brad,Tyson Bagent,QB,1.0,11.07,True,False,False,False,False,True
3,Brad,DK Metcalf,WR,44.564888888888895,148.53,False,False,False,False,True,True
3,Brad,Aaron Jones Sr,RB,35.63330111111111,131.55,False,True,False,False,False,True
3,Brad,Matthew Golden,WR,27.998992222222224,127.74,False,False,False,False,False,False
3,Brad,Davante Adams,WR,22.32416666666667,161.35,False,False,True,False,False,True
3,Brad,Josh Downs,WR,17.69642,145.07,False,False,False,False,False,False
3,Brad,Mark Andrews,TE,12.484215555555556,128.18,False,False,False,False,False,False
3,Brad,Jakobi Meyers,WR,11.485810000000003,131.61,False,False,False,False,False,False
3,Brandon,Jonathan Taylor,RB,46.0,256.35,False,True,False,False,False,True
3,Brandon,Justin Jefferson,WR,46.0,221.18,False,False,True,False,False,True
3,Brandon,Nico Collins,WR,36.0,214.51,False,False,True,False,False,True
3,Brandon,Breece Hall,RB,31.0,201.5,False,False,False,False,True,True
3,Brandon,Brock Bowers,TE,16.0,177.91,False,False,False,True,False,True
3,Brandon,Christian McCaffrey,RB,46.0,265.35,False,True,False,False,False,True
3,Brandon,Jeremiyah Love,RB,149.20191849123108,202.4,False,False,False,False,True,True
3,Brandon,Travis Etienne,RB,22.58004,190.4,False,False,False,False,True,True
3,Brandon,Dak Prescott,QB,1.5816666666666668,278.54,True,False,False,False,False,True
3,Brandon,Braelon Allen,RB,1.5744444444444443,68.77,False,False,False,False,False,False
3,Brandon,Jayden Higgins,WR,1.1944444444444444,132.72222222222223,False,False,False,False,False,False
3,Brandon,Jonah Coleman,RB,1.1888888888888889,67.3,False,False,False,False,False,False
3,Brandon,Ray Davis,RB,1.1833333333333333,61.54,False,False,False,False,False,False
3,Brandon,Isaiah Likely,TE,1.1777777777777778,115.25,False,False,False,False,False,False
3,Brandon,AD Mitchell,WR,1.1722222222222223,145.99444444444444,False,False,False,False,False,False
3,CJ,Tory Horton,WR,11.0,55.15,False,False,False,False,False,False
3,CJ,Ja'Marr Chase,WR,46.0,266.33,False,False,True,False,False,True
3,CJ,Chase Brown,RB,31.0,227.25,False,True,False,False,False,True
3,CJ,Sam LaPorta,TE,31.0,139.7,False,False,False,True,False,True
3,CJ,Parker Washington,WR,11.0,162.09,False,False,False,False,True,True
3,CJ,Omarion Hampton,RB,6.0,205.65,False,False,False,False,True,True
3,CJ,Kenny Gainwell,RB,74.97776662696482,136.45,False,False,False,False,False,False
3,CJ,Bill Croskey-Merritt,RB,53.26388888888889,557.4333333333333,False,True,False,False,False,True
3,CJ,Carnell Tate,WR,36.95236355555556,140.03,False,False,False,False,True,True
3,CJ,Joe Burrow,QB,26.072500898256564,282.7,True,False,False,False,False,True
3,CJ,Romeo Doubs,WR,18.346272222222225,122.25,False,False,False,False,False,False
3,CJ,Tank Bigsby,RB,12.578863708591935,68.64,False,False,False,False,False,False
3,CJ,Jake Ferguson,TE,10.164011000000004,117.94,False,False,False,False,False,False
3,CJ,Ricky Pearsall,WR,7.156995777777778,199.08333333333334,False,False,True,False,False,True
3,CJ,Isiah Pacheco,RB,5.234180555555556,73.93,False,False,False,False,False,False
3,Coby,Derrick Henry,RB,51.0,227.4,False,True,False,False,False,True
3,Coby,Kyren Williams,RB,31.0,196.2,False,True,False,False,False,True
3,Coby,Brian Thomas Jr,WR,16.0,138.06,False,False,True,False,False,True
3,Coby,Harold Fannin Jr,TE,6.0,141.21,False,False,False,True,False,True
3,Coby,TreVeyon Henderson,RB,11.0,158.6,False,False,False,False,True,True
3,Coby,Quinshon Judkins,RB,11.0,177.8,False,False,False,False,True,True
3,Coby,Tony Pollard,RB,78.91100000000002,143.2,False,False,False,False,False,False
3,Coby,Jordan Mason,RB,64.57860362047745,137.2,False,False,False,False,False,False
3,Coby,Jonathon Brooks,RB,77.5327777777778,148.6,False,False,False,False,True,True
3,Coby,DeVonta Smith,WR,44.40233333333334,189.84,False,False,True,False,False,True
3,Coby,Alvin Kamara,RB,4.2555555555555555,68.7,False,False,False,False,False,False
3,Coby,Dallas Goedert,TE,1.3200000000000003,119.45,False,False,False,False,False,False
3,Coby,LeQuint Allen Jr.,RB,1.0,38.64,False,False,False,False,False,False
3,Coby,Jordyn Tyson,WR,1.0,94.75,False,False,False,False,False,False
3,Coby,Jordan Love,QB,1.0,256.74,True,False,False,False,False,True
3,Evan,Amon-Ra St Brown,WR,41.0,247.22,False,False,True,False,False,True
3,Evan,Drake London,WR,36.0,221.3,False,False,False,False,True,True
3,Evan,Saquon Barkley,RB,46.0,222.8,False,True,False,False,False,True
3,Evan,George Pickens,WR,41.0,209.94,False,False,False,False,True,True
3,Evan,Puka Nacua,WR,31.0,256.87,False,False,True,False,False,True
3,Evan,Emeka Egbuka,WR,11.0,166.25,False,False,False,False,False,False
3,Evan,Nick Chubb,RB,50.52377777777778,451.25555555555553,False,True,False,False,False,True
3,Evan,Jaylen Waddle,WR,35.16986,177.9,False,False,False,False,True,True
3,Evan,Jalen Hurts,QB,24.147306666666665,297.46,True,False,False,False,False,True
3,Evan,Travis Kelce,TE,19.029868000000004,129.94,False,False,False,True,False,True
3,Evan,Dalton Kincaid,TE,10.753250401427586,118.1,False,False,False,False,False,False
3,Evan,Mike Washington Jr.,RB,10.834883888888891,80.65,False,False,False,False,False,False
3,Evan,Dylan Sampson,RB,7.668333333333333,79.3,False,False,False,False,False,False
3,Evan,Jajuan Jennings,WR,6.130109333333333,145.99444444444444,False,False,False,False,False,False
3,Evan,Stefon Diggs,WR,4.0,130.42,False,False,False,False,False,False
3,James,Wan'Dale Robinson,WR,11.0,133.19,False,False,False,False,False,False
3,James,Trevor Lawrence,QB,11.0,272.04,False,False,False,False,False,False
3,James,Jordan Addison,WR,31.0,131.03,False,False,False,False,False,False
3,James,Zay Flowers,WR,31.0,205.23,False,False,True,False,False,True
3,James,Colston Loveland,TE,6.0,157.08,False,False,False,True,False,True
3,James,Rico Dowdle,RB,13.0,157.15,False,False,False,False,True,True
3,James,Tee Higgins,WR,62.0,181.9,False,False,True,False,False,True
3,James,Jaylen Warren,RB,48.0,162.0,False,True,False,False,False,True
3,James,James Cook,RB,38.37548222222223,234.4,False,True,False,False,False,True
3,James,Courtland Sutton,WR,29.76828111111111,137.35,False,False,False,False,True,True
3,James,Keaton Mitchell,RB,23.479477777777777,90.45,False,False,False,False,False,False
3,James,Zach Charbonnet,RB,18.395813333333336,107.61,False,False,False,False,False,False
3,James,Chris Godwin Jr,WR,14.54733,134.26,False,False,False,False,True,True
3,James,Lamar Jackson,QB,11.554635555555556,289.92,True,False,False,False,False,True
3,James,CJ Stroud,QB,8.351177777777778,245.14,False,False,False,False,False,False
3,Jason,CeeDee Lamb,WR,46.0,224.28,False,False,True,False,False,True
3,Jason,Trey McBride,TE,31.0,188.05,False,False,False,True,False,True
3,Jason,AJ Brown,WR,46.0,194.9,False,False,True,False,False,True
3,Jason,Bijan Robinson,RB,21.0,295.2,False,False,False,False,True,True
3,Jason,Jahmyr Gibbs,RB,31.0,296.35,False,True,False,False,False,True
3,Jason,Luther Burden,WR,11.0,169.58,False,False,False,False,True,True
3,Jason,Josh Allen,QB,39.68822222222223,328.82,True,False,False,False,False,True
3,Jason,Jacory Croskey-Merritt,RB,34.23824444444445,127.0,False,False,False,False,False,False
3,Jason,Khalil Shakir,WR,24.571916666666663,122.83,False,False,False,False,False,False
3,Jason,Brian Robinson Jr,RB,19.469990000000003,77.14,False,False,False,False,False,False
3,Jason,Austin Ekeler,RB,15.0,411.43888888888887,False,True,False,False,False,True
3,Jason,Michael Pittman Jr,WR,14.251401111111113,137.83,False,False,False,False,True,True
3,Jason,Jayden Daniels,QB,10.31111111111111,293.28,False,False,False,False,False,False
3,Jason,Tyler Allgeier,RB,9.327507777777777,86.65,False,False,False,False,False,False
3,Jason,Makai Lemon,WR,7.538377777777778,119.03,False,False,False,False,False,False
3,Reid,Kyle Pitts Sr,TE,11.0,140.7,False,False,False,False,True,True
3,Reid,Tucker Kraft,TE,21.0,143.34,False,False,False,True,False,True
3,Reid,Drake Maye,QB,30.0,296.32,True,False,False,False,False,True
3,Reid,Chris Olave,WR,41.0,194.65,False,False,True,False,False,True
3,Reid,Jalen Coker,WR,13.0,124.35,False,False,True,False,False,True
3,Reid,Javonte Williams,RB,34.0,196.9,False,True,False,False,False,True
3,Reid,Josh Jacobs,RB,250.0,189.35,False,True,False,False,False,True
3,Reid,Xavier Worthy,WR,2.3200000000000003,118.5,False,False,False,False,True,True
3,Reid,Tyrone Tracy Jr,RB,1.6799999999999997,72.35,False,False,False,False,True,True
3,Reid,Trey Benson,RB,1.0,11.03,False,False,False,False,False,False
3,Reid,Baker Mayfield,QB,1.0,243.4,False,False,False,False,False,False
3,Reid,Christian Kirk,WR,1.0,37.77,False,False,False,False,False,False
3,Reid,Tyler Shough,QB,1.0,258.88,False,False,False,False,False,False
3,Reid,Kendre Miller,RB,1.0,19.51,False,False,False,False,False,False
3,Reid,Bo Nix,QB,1.0,262.52,False,False,False,False,False,False
3,Ryan J,Brock Purdy,QB,15.0,256.32,False,False,False,False,False,False
3,Ryan J,Michael Wilson,WR,11.0,132.1,False,False,True,False,False,True
3,Ryan J,Oronde Gadsden,TE,11.0,72.1,False,False,False,False,False,False
3,Ryan J,DeVon Achane,RB,26.0,242.2,False,True,False,False,False,True
3,Ryan J,Ashton Jeanty,RB,6.0,199.4,False,True,False,False,False,True
3,Ryan J,Ladd McConkey,WR,67.0,165.85,False,False,True,False,False,True
3,Ryan J,Rachaad White,RB,216.0,127.05,False,False,False,False,True,True
3,Ryan J,TJ Hockenson,TE,29.21,103.35,False,False,False,False,True,True
3,Ryan J,Justin Herbert,QB,1.56,263.56,True,False,False,False,False,True
3,Ryan J,Justice Hill,RB,1.5166666666666668,57.9,False,False,False,False,False,False
3,Ryan J,Rashid Shaheed,WR,1.5094444444444446,105.92,False,False,False,False,True,True
3,Ryan J,Emmett Johnson,RB,1.1555555555555557,63.25,False,False,False,False,False,False
3,Ryan J,Kimani Vidal,RB,1.4949999999999999,54.72,False,False,False,False,False,False
3,Ryan J,James Conner,RB,1.1444444444444444,42.62,False,False,False,False,False,False
3,Ryan J,Brenton Strange,TE,1.1388888888888888,112.65,False,False,False,True,False,True
3,Sam,Garrett Wilson,WR,31.0,163.37,False,False,False,False,False,False
3,Sam,Kenneth Walker III,RB,36.0,217.65,False,False,False,False,False,False
3,Sam,Quentin Johnston,WR,11.0,125.4,False,False,False,False,False,False
3,Sam,David Montgomery,RB,45.0,176.5,False,False,False,False,False,False
3,Sam,Cam Skattebo,RB,28.0,186.4,False,False,False,False,False,False
3,Sam,Jaxson Dart,QB,11.0,273.12,False,False,False,False,False,False
3,Sam,Bhayshul Tuten,RB,177.83427797482005,160.4,False,False,False,False,False,False
3,Sam,Chuba Hubbard,RB,38.17,143.25,False,False,False,False,False,False
3,Sam,Jared Goff,QB,1.0,261.71,False,False,False,False,False,False
3,Sam,Chris Rodriguez Jr,RB,1.0,110.29,False,False,False,False,False,False
3,Sam,Adonai Mitchell,WR,1.0,84.34,False,False,False,False,False,False
3,Sam,DJ Giddens,RB,1.0,33.72,False,False,False,False,False,False
3,Sam,Patrick Mahomes,QB,1.0,254.26,False,False,False,False,False,False
3,Sam,Kyler Murray,QB,1.0,255.34,False,False,False,False,False,False
3,Sam,Jalen Nailor,WR,1.0,94.21,False,False,False,False,False,False
3,Shane,MarShawn Lloyd,RB,11.0,75.39,False,False,False,False,False,False
3,Shane,Rome Odunze,WR,16.0,159.72,False,False,False,False,False,False
3,Shane,Caleb Williams,QB,16.0,271.0,False,False,False,False,False,False
3,Shane,Blake Corum,RB,11.0,134.1,False,False,False,False,False,False
3,Shane,Kyle Monangai,RB,11.0,144.3,False,False,False,False,False,False
3,Shane,Christian Watson,WR,11.0,161.94,False,False,False,False,False,False
3,Shane,Deebo Samuel,WR,55.39470544444445,102.68,False,False,False,False,False,False
3,Shane,RJ Harvey,RB,67.96266666666666,136.65,False,False,False,False,False,False
3,Shane,Rashee Rice,WR,69.57471904461256,197.11,False,False,False,False,False,False
3,Shane,Terry McLaurin,WR,50.17688888888889,173.93,False,False,False,False,False,False
3,Shane,DJ Moore,WR,49.68891353232624,154.17,False,False,False,False,False,False
3,Shane,Mike Evans,WR,28.21,164.95,False,False,False,False,False,False
3,Shane,Keon Coleman,WR,1.0,60.6,False,False,False,False,False,False
3,Shane,Samaje Perine,RB,1.0,68.35,False,False,False,False,False,False
3,Shane,Cedric Tillman,WR,1.0,19.7,False,False,False,False,False,False
3,Travis,Jayden Reed,WR,26.0,143.93,False,False,False,False,False,False
3,Travis,Malik Nabers,WR,16.0,183.51,False,False,False,False,False,False
3,Travis,Woody Marks,RB,11.0,104.75,False,False,False,False,False,False
3,Travis,Rhamondre Stevenson,RB,42.0,157.55,False,False,False,False,False,False
3,Travis,Hunter Henry,TE,12.0,119.7,False,False,False,False,False,False
3,Travis,Tetairoa McMillan,WR,6.0,184.82,False,False,False,False,False,False
3,Travis,Bucky Irving,RB,252.0,175.8,False,False,False,False,False,False
3,Travis,Dalton Schultz,TE,2.5759999999999996,109.4,False,False,False,False,False,False
3,Travis,George Kittle,TE,1.7427000000000001,130.46,False,False,False,False,False,False
3,Travis,KC Concepcion,WR,1.408,118.36,False,False,False,False,False,False
3,Travis,Rashod Bateman,WR,1.0,79.23,False,False,False,False,False,False
3,Travis,Juwan Johnson,TE,1.1277777777777778,111.55,False,False,False,False,False,False
3,Travis,Cooper Kupp,WR,1.1222222222222222,69.66,False,False,False,False,False,False
3,Travis,Keenan Allen,WR,1.1166666666666667,80.85,False,False,False,False,False,False
3,Travis,Chig Okonkwo,TE,1.2777777777777777,98.45,False,False,False,False,False,False
4,Brad,Alec Pierce,WR,11.0,154.64,False,False,False,False,True,True
4,Brad,Jaxon Smith-Njigba,WR,31.0,253.78,False,False,True,False,False,True
4,Brad,Jaydon Blue,RB,14.0,54.64,False,False,False,False,False,False
4,Brad,Jameson Williams,WR,41.0,156.45,False,False,True,False,False,True
4,Brad,Marvin Harrison Jr,WR,16.0,145.68,False,False,False,False,True,True
4,Brad,Tyler Warren,TE,6.0,162.68,False,False,False,True,False,True
4,Brad,Rachaad White,RB,234.36111111111114,127.05,False,True,False,False,False,True
4,Brad,DK Metcalf,WR,12.0,148.53,False,False,False,False,True,True
4,Brad,Joe Burrow,QB,4.33245,282.7,False,False,False,False,False,False
4,Brad,Dak Prescott,QB,4.138272222222223,278.54,False,False,False,False,False,False
4,Brad,Zach Charbonnet,RB,5.0,107.61,False,False,False,False,False,False
4,Brad,Austin Ekeler,RB,4.0,411.43888888888887,False,True,False,False,False,True
4,Brad,Lamar Jackson,QB,3.469960000000001,289.92,True,False,False,False,False,True
4,Brad,Dylan Sampson,RB,4.0,79.3,False,False,False,False,False,False
4,Brad,Mike Washington Jr.,RB,3.214364444444444,80.65,False,False,False,False,False,False
4,Brandon,Jonathan Taylor,RB,46.0,256.35,False,True,False,False,False,True
4,Brandon,Justin Jefferson,WR,46.0,221.18,False,False,True,False,False,True
4,Brandon,Nico Collins,WR,36.0,214.51,False,False,True,False,False,True
4,Brandon,Breece Hall,RB,31.0,201.5,False,False,False,False,True,True
4,Brandon,Brock Bowers,TE,16.0,177.91,False,False,False,True,False,True
4,Brandon,Christian McCaffrey,RB,46.0,265.35,False,True,False,False,False,True
4,Brandon,Josh Jacobs,RB,145.65866666666668,189.35,False,False,False,False,True,True
4,Brandon,Aaron Jones Sr,RB,31.340000000000003,131.55,False,False,False,False,True,True
4,Brandon,Xavier Worthy,WR,1.0,118.5,False,False,False,False,False,False
4,Brandon,George Kittle,TE,1.0,130.46,False,False,False,False,False,False
4,Brandon,Tyrone Tracy Jr,RB,1.0,72.35,False,False,False,False,False,False
4,Brandon,Emmett Johnson,RB,1.0,63.25,False,False,False,False,False,False
4,Brandon,Rashod Bateman,WR,1.0,79.23,False,False,False,False,False,False
4,Brandon,Tyler Shough,QB,1.0,258.88,False,False,False,False,False,False
4,Brandon,Jared Goff,QB,1.0,261.71,True,False,False,False,False,True
4,CJ,Tory Horton,WR,11.0,55.15,False,False,False,False,False,False
4,CJ,Ja'Marr Chase,WR,46.0,266.33,False,False,True,False,False,True
4,CJ,Chase Brown,RB,31.0,227.25,False,True,False,False,False,True
4,CJ,Sam LaPorta,TE,31.0,139.7,False,False,False,True,False,True
4,CJ,Parker Washington,WR,11.0,162.09,False,False,False,False,True,True
4,CJ,Omarion Hampton,RB,6.0,205.65,False,False,False,False,True,True
4,CJ,DJ Moore,WR,55.64533333333333,154.17,False,False,False,False,False,False
4,CJ,Nick Chubb,RB,35.84342755555556,451.25555555555553,False,True,False,False,False,True
4,CJ,JK Dobbins,RB,29.799231821377028,134.15,False,False,False,False,False,False
4,CJ,Keaton Mitchell,RB,18.312768000000002,90.45,False,False,False,False,False,False
4,CJ,Tyler Allgeier,RB,17.857222222222223,86.65,False,False,False,False,False,False
4,CJ,Mike Evans,WR,17.0,164.95,False,False,False,False,True,True
4,CJ,Terry McLaurin,WR,17.0,173.93,False,False,True,False,False,True
4,CJ,Josh Allen,QB,12.0,328.82,True,False,False,False,False,True
4,CJ,Josh Downs,WR,9.258611111111112,145.07,False,False,False,False,False,False
4,Coby,Derrick Henry,RB,51.0,227.4,False,True,False,False,False,True
4,Coby,Kyren Williams,RB,31.0,196.2,False,False,False,False,True,True
4,Coby,Brian Thomas Jr,WR,16.0,138.06,False,False,True,False,False,True
4,Coby,Harold Fannin Jr,TE,6.0,141.21,False,False,False,True,False,True
4,Coby,TreVeyon Henderson,RB,11.0,158.6,False,False,False,False,True,True
4,Coby,Quinshon Judkins,RB,11.0,177.8,False,False,False,False,True,True
4,Coby,Jacory Croskey-Merritt,RB,75.52600992778157,127.0,False,False,False,False,False,False
4,Coby,James Cook,RB,85.0423544672989,234.4,False,True,False,False,False,True
4,Coby,Khalil Shakir,WR,28.292,122.83,False,False,False,False,False,False
4,Coby,Courtland Sutton,WR,30.08112666666667,137.35,False,False,False,False,False,False
4,Coby,Jalen Hurts,QB,18.967693333333337,297.46,True,False,False,False,False,True
4,Coby,TJ Hockenson,TE,12.0,103.35,False,False,False,False,False,False
4,Coby,Jajuan Jennings,WR,10.786966666666668,145.99444444444444,False,False,True,False,False,True
4,Coby,Brian Robinson Jr,RB,4.706722222222223,77.14,False,False,False,False,False,False
4,Coby,Romeo Doubs,WR,3.644784722222222,122.25,False,False,False,False,False,False
4,Evan,Amon-Ra St Brown,WR,41.0,247.22,False,False,False,False,False,False
4,Evan,Drake London,WR,36.0,221.3,False,False,False,False,False,False
4,Evan,Saquon Barkley,RB,46.0,222.8,False,False,False,False,False,False
4,Evan,George Pickens,WR,41.0,209.94,False,False,False,False,False,False
4,Evan,Puka Nacua,WR,31.0,256.87,False,False,False,False,False,False
4,Evan,Emeka Egbuka,WR,11.0,166.25,False,False,False,False,False,False
4,Evan,Bhayshul Tuten,RB,176.0,160.4,False,False,False,False,False,False
4,Evan,KC Concepcion,WR,1.0,118.36,False,False,False,False,False,False
4,Evan,Rashid Shaheed,WR,1.0,105.92,False,False,False,False,False,False
4,Evan,Samaje Perine,RB,1.0,68.35,False,False,False,False,False,False
4,Evan,Christian Kirk,WR,1.0,37.77,False,False,False,False,False,False
4,Evan,Keon Coleman,WR,1.0,60.6,False,False,False,False,False,False
4,Evan,Chris Rodriguez Jr,RB,1.0,110.29,False,False,False,False,False,False
4,Evan,Kendre Miller,RB,1.0,19.51,False,False,False,False,False,False
4,Evan,Jordyn Tyson,WR,1.0,94.75,False,False,False,False,False,False
4,James,Wan'Dale Robinson,WR,11.0,133.19,False,False,False,False,True,True
4,James,Trevor Lawrence,QB,11.0,272.04,True,False,False,False,False,True
4,James,Jordan Addison,WR,31.0,131.03,False,False,False,False,False,False
4,James,Zay Flowers,WR,31.0,205.23,False,False,True,False,False,True
4,James,Colston Loveland,TE,6.0,157.08,False,False,False,True,False,True
4,James,Rico Dowdle,RB,13.0,157.15,False,True,False,False,False,True
4,James,Tee Higgins,WR,240.0,181.9,False,False,False,False,True,True
4,James,Kenny Gainwell,RB,49.5345,136.45,False,True,False,False,False,True
4,James,Ricky Pearsall,WR,1.4699999999999998,199.08333333333334,False,False,True,False,False,True
4,James,AD Mitchell,WR,1.0,145.99444444444444,False,False,False,False,True,True
4,James,Jordan Love,QB,1.0,256.74,False,False,False,False,False,False
4,James,Ray Davis,RB,1.0,61.54,False,False,False,False,False,False
4,James,Cooper Kupp,WR,1.0,69.66,False,False,False,False,False,False
4,James,Baker Mayfield,QB,1.0,243.4,False,False,False,False,False,False
4,James,De'Zhaun Stribling,WR,1.0,92.85,False,False,False,False,False,False
4,Jason,CeeDee Lamb,WR,46.0,224.28,False,False,True,False,False,True
4,Jason,Trey McBride,TE,31.0,188.05,False,False,False,True,False,True
4,Jason,AJ Brown,WR,46.0,194.9,False,False,True,False,False,True
4,Jason,Bijan Robinson,RB,21.0,295.2,False,True,False,False,False,True
4,Jason,Jahmyr Gibbs,RB,31.0,296.35,False,True,False,False,False,True
4,Jason,Luther Burden,WR,11.0,169.58,False,False,False,False,True,True
4,Jason,Deebo Samuel,WR,190.0,102.68,False,False,False,False,False,False
4,Jason,Chris Godwin Jr,WR,12.0,134.26,False,False,False,False,True,True
4,Jason,Geno Smith,QB,1.0,177.54,False,False,False,False,False,False
4,Jason,Anthony Richardson Sr.,QB,1.0,10.4,False,False,False,False,False,False
4,Jason,Dallas Goedert,TE,1.0,119.45,False,False,False,False,True,True
4,Jason,Michael Penix Jr.,QB,1.0,122.75,False,False,False,False,False,False
4,Jason,Justice Hill,RB,1.0,57.9,False,False,False,False,False,False
4,Jason,Chris Brooks,RB,1.0,38.97,False,False,False,False,False,False
4,Jason,Cam Ward,QB,1.0,221.28,True,False,False,False,False,True
4,Reid,Kyle Pitts Sr,TE,11.0,140.7,False,False,False,False,True,True
4,Reid,Tucker Kraft,TE,21.0,143.34,False,False,False,True,False,True
4,Reid,Drake Maye,QB,30.0,296.32,True,False,False,False,False,True
4,Reid,Chris Olave,WR,41.0,194.65,False,False,True,False,False,True
4,Reid,Jalen Coker,WR,13.0,124.35,False,False,True,False,False,True
4,Reid,Javonte Williams,RB,34.0,196.9,False,True,False,False,False,True
4,Reid,Bucky Irving,RB,249.0,175.8,False,False,False,False,True,True
4,Reid,Travis Etienne,RB,4.0,190.4,False,True,False,False,False,True
4,Reid,Dalton Kincaid,TE,1.0,118.1,False,False,False,False,True,True
4,Reid,Jonah Coleman,RB,1.0,67.3,False,False,False,False,False,False
4,Reid,Isaiah Likely,TE,1.0,115.25,False,False,False,False,False,False
4,Reid,Adonai Mitchell,WR,1.0,84.34,False,False,False,False,False,False
4,Reid,Brenton Strange,TE,1.0,112.65,False,False,False,False,False,False
4,Reid,Patrick Mahomes,QB,1.0,254.26,False,False,False,False,False,False
4,Reid,James Conner,RB,1.0,42.62,False,False,False,False,False,False
4,Ryan J,Brock Purdy,QB,15.0,256.32,True,False,False,False,False,True
4,Ryan J,Michael Wilson,WR,11.0,132.1,False,False,True,False,False,True
4,Ryan J,Oronde Gadsden,TE,11.0,72.1,False,False,False,False,False,False
4,Ryan J,DeVon Achane,RB,26.0,242.2,False,True,False,False,False,True
4,Ryan J,Ashton Jeanty,RB,6.0,199.4,False,True,False,False,False,True
4,Ryan J,Ladd McConkey,WR,67.0,165.85,False,False,True,False,False,True
4,Ryan J,Tony Pollard,RB,177.0,143.2,False,False,False,False,True,True
4,Ryan J,Jordan Mason,RB,72.61373333333333,137.2,False,False,False,False,True,True
4,Ryan J,Tyson Bagent,QB,1.0,11.07,False,False,False,False,False,False
4,Ryan J,Makai Lemon,WR,1.3899999999999997,119.03,False,False,False,False,True,True
4,Ryan J,Alvin Kamara,RB,1.0,68.7,False,False,False,False,False,False
4,Ryan J,Chig Okonkwo,TE,1.0,98.45,False,False,False,False,False,False
4,Ryan J,Dalton Schultz,TE,1.0,109.4,False,False,False,False,False,False
4,Ryan J,Juwan Johnson,TE,1.0,111.55,False,False,False,True,False,True
4,Ryan J,Emanuel Wilson,RB,1.0,38.92,False,False,False,False,False,False
4,Sam,Garrett Wilson,WR,31.0,163.37,False,False,True,False,False,True
4,Sam,Kenneth Walker III,RB,36.0,217.65,False,True,False,False,False,True
4,Sam,Quentin Johnston,WR,11.0,125.4,False,False,False,False,False,False
4,Sam,David Montgomery,RB,45.0,176.5,False,False,False,False,True,True
4,Sam,Cam Skattebo,RB,28.0,186.4,False,False,False,False,True,True
4,Sam,Jaxson Dart,QB,11.0,273.12,True,False,False,False,False,True
4,Sam,Carnell Tate,WR,67.88470616878176,140.03,False,False,False,False,True,True
4,Sam,Bill Croskey-Merritt,RB,57.30775466666667,557.4333333333333,False,True,False,False,False,True
4,Sam,DeVonta Smith,WR,57.26133333333333,189.84,False,False,True,False,False,True
4,Sam,Mark Andrews,TE,17.681600000000003,128.18,False,False,False,False,False,False
4,Sam,Michael Pittman Jr,WR,4.0,137.83,False,False,False,False,False,False
4,Sam,Matthew Golden,WR,4.737843055555555,127.74,False,False,False,False,False,False
4,Sam,Travis Kelce,TE,6.123000000000001,129.94,False,False,False,True,False,True
4,Sam,Stefon Diggs,WR,2.4699999999999998,130.42,False,False,False,False,False,False
4,Sam,Jakobi Meyers,WR,1.832508888888889,131.61,False,False,False,False,False,False
4,Shane,MarShawn Lloyd,RB,11.0,75.39,False,False,False,False,False,False
4,Shane,Rome Odunze,WR,16.0,159.72,False,False,False,False,False,False
4,Shane,Caleb Williams,QB,16.0,271.0,False,False,False,False,False,False
4,Shane,Blake Corum,RB,11.0,134.1,False,False,False,False,False,False
4,Shane,Kyle Monangai,RB,11.0,144.3,False,False,False,False,False,False
4,Shane,Christian Watson,WR,11.0,161.94,False,False,False,False,False,False
4,Shane,RJ Harvey,RB,57.46666666666666,136.65,False,False,False,False,False,False
4,Shane,Jaylen Warren,RB,57.056,162.0,False,False,False,False,False,False
4,Shane,Jaylen Waddle,WR,56.85066666666667,177.9,False,False,False,False,False,False
4,Shane,Jonathon Brooks,RB,51.0,148.6,False,False,False,False,False,False
4,Shane,Rashee Rice,WR,51.0,197.11,False,False,False,False,False,False
4,Shane,Chuba Hubbard,RB,32.34,143.25,False,False,False,False,False,False
4,Shane,Davante Adams,WR,15.0,161.35,False,False,False,False,False,False
4,Shane,Jacoby Brissett,QB,1.0,179.82,False,False,False,False,False,False
4,Shane,Isiah Pacheco,RB,2.28,73.93,False,False,False,False,False,False
4,Travis,Jayden Reed,WR,26.0,143.93,False,False,False,False,True,True
4,Travis,Malik Nabers,WR,16.0,183.51,False,False,True,False,False,True
4,Travis,Woody Marks,RB,11.0,104.75,False,False,False,False,False,False
4,Travis,Rhamondre Stevenson,RB,42.0,157.55,False,True,False,False,False,True
4,Travis,Hunter Henry,TE,12.0,119.7,False,False,False,True,False,True
4,Travis,Tetairoa McMillan,WR,6.0,184.82,False,False,True,False,False,True
4,Travis,Jeremiyah Love,RB,253.0,202.4,False,True,False,False,False,True
4,Travis,Jake Ferguson,TE,2.4245833333333326,117.94,False,False,False,False,True,True
4,Travis,Tank Bigsby,RB,1.8747299999999998,68.64,False,False,False,False,False,False
4,Travis,Jayden Daniels,QB,1.258125,293.28,True,False,False,False,False,True
4,Travis,Justin Herbert,QB,1.0,263.56,False,False,False,False,False,False
4,Travis,Braelon Allen,RB,1.4247222222222222,68.77,False,False,False,False,False,False
4,Travis,CJ Stroud,QB,1.0299999999999998,245.14,False,False,False,False,False,False
4,Travis,Jayden Higgins,WR,1.0,132.72222222222223,False,False,False,False,True,True
4,Travis,Kimani Vidal,RB,1.0,54.72,False,False,False,False,False,False
5,Brad,Alec Pierce,WR,11.0,154.64,False,False,False,False,True,True
5,Brad,Jaxon Smith-Njigba,WR,31.0,253.78,False,False,True,False,False,True
5,Brad,Jaydon Blue,RB,14.0,54.64,False,False,False,False,False,False
5,Brad,Jameson Williams,WR,41.0,156.45,False,False,True,False,False,True
5,Brad,Marvin Harrison Jr,WR,16.0,145.68,False,False,False,False,True,True
5,Brad,Tyler Warren,TE,6.0,162.68,False,False,False,True,False,True
5,Brad,Bucky Irving,RB,176.31044444444444,175.8,False,True,False,False,False,True
5,Brad,Courtland Sutton,WR,40.498744888888886,137.35,False,False,False,False,True,True
5,Brad,Tyler Allgeier,RB,17.192843333333336,86.65,False,True,False,False,False,True
5,Brad,Jalen Hurts,QB,16.711111111111112,297.46,True,False,False,False,False,True
5,Brad,Mark Andrews,TE,10.554382222222223,128.18,False,False,False,False,False,False
5,Brad,Dylan Sampson,RB,6.653696,79.3,False,False,False,False,False,False
5,Brad,Dak Prescott,QB,4.0,278.54,False,False,False,False,False,False
5,Brad,Mike Washington Jr.,RB,2.8829439999999997,80.65,False,False,False,False,False,False
5,Brad,Xavier Worthy,WR,1.92,118.5,False,False,False,False,False,False
5,Brandon,Jonathan Taylor,RB,46.0,256.35,False,False,False,False,True,True
5,Brandon,Justin Jefferson,WR,46.0,221.18,False,False,True,False,False,True
5,Brandon,Nico Collins,WR,36.0,214.51,False,False,True,False,False,True
5,Brandon,Breece Hall,RB,31.0,201.5,False,False,False,False,True,True
5,Brandon,Brock Bowers,TE,16.0,177.91,False,False,False,True,False,True
5,Brandon,Christian McCaffrey,RB,46.0,265.35,False,True,False,False,False,True
5,Brandon,Josh Allen,QB,31.163186666666668,328.82,True,False,False,False,False,True
5,Brandon,Nick Chubb,RB,31.0035,451.25555555555553,False,True,False,False,False,True
5,Brandon,Davante Adams,WR,20.0,161.35,False,False,False,False,False,False
5,Brandon,Mike Evans,WR,20.0,164.95,False,False,False,False,False,False
5,Brandon,Carnell Tate,WR,13.826543333333335,140.03,False,False,False,False,False,False
5,Brandon,Matthew Golden,WR,13.065476666666669,127.74,False,False,False,False,False,False
5,Brandon,Khalil Shakir,WR,10.426391111111112,122.83,False,False,False,False,False,False
5,Brandon,Ricky Pearsall,WR,7.765994666666667,199.08333333333334,False,False,False,False,True,True
5,Brandon,Travis Kelce,TE,6.858133333333335,129.94,False,False,False,False,False,False
5,CJ,Tory Horton,WR,11.0,55.15,False,False,False,False,False,False
5,CJ,Ja'Marr Chase,WR,46.0,266.33,False,False,True,False,False,True
5,CJ,Chase Brown,RB,31.0,227.25,False,True,False,False,False,True
5,CJ,Sam LaPorta,TE,31.0,139.7,False,False,False,True,False,True
5,CJ,Parker Washington,WR,11.0,162.09,False,False,True,False,False,True
5,CJ,Omarion Hampton,RB,6.0,205.65,False,True,False,False,False,True
5,CJ,Jeremiyah Love,RB,250.0,202.4,False,False,False,False,True,True
5,CJ,Joe Flacco,QB,1.0,28.58,True,False,False,False,False,True
5,CJ,Dallas Goedert,TE,1.2537777777777777,119.45,False,False,False,False,True,True
5,CJ,Rashid Shaheed,WR,1.5455555555555556,105.92,False,False,False,False,False,False
5,CJ,Kimani Vidal,RB,1.5311111111111113,54.72,False,False,False,False,False,False
5,CJ,Isaiah Likely,TE,1.1722222222222223,115.25,False,False,False,False,False,False
5,CJ,Jayden Higgins,WR,1.1666666666666667,132.72222222222223,False,False,False,False,True,True
5,CJ,Chig Okonkwo,TE,1.5094444444444446,98.45,False,False,False,False,False,False
5,CJ,Tank Bigsby,RB,1.5022222222222223,68.64,False,False,False,False,False,False
5,Coby,Derrick Henry,RB,51.0,227.4,False,True,False,False,False,True
5,Coby,Kyren Williams,RB,31.0,196.2,False,False,False,False,True,True
5,Coby,Brian Thomas Jr,WR,16.0,138.06,False,False,False,False,False,False
5,Coby,Harold Fannin Jr,TE,6.0,141.21,False,False,False,True,False,True
5,Coby,TreVeyon Henderson,RB,11.0,158.6,False,False,False,False,True,True
5,Coby,Quinshon Judkins,RB,11.0,177.8,False,False,False,False,True,True
5,Coby,Bill Croskey-Merritt,RB,45.355555555555554,557.4333333333333,False,True,False,False,False,True
5,Coby,JK Dobbins,RB,41.647637333333336,134.15,False,False,False,False,False,False
5,Coby,DK Metcalf,WR,38.968,148.53,False,False,True,False,False,True
5,Coby,Joe Burrow,QB,24.439447673567134,282.7,True,False,False,False,False,True
5,Coby,Jacory Croskey-Merritt,RB,24.79838666666667,127.0,False,False,False,False,False,False
5,Coby,Chuba Hubbard,RB,16.492675555555557,143.25,False,False,False,False,False,False
5,Coby,Zach Charbonnet,RB,16.064836666666668,107.61,False,False,False,False,False,False
5,Coby,Keaton Mitchell,RB,11.597461333333333,90.45,False,False,False,False,False,False
5,Coby,Josh Downs,WR,9.377771111111112,145.07,False,False,True,False,False,True
5,Evan,Amon-Ra St Brown,WR,41.0,247.22,False,False,True,False,False,True
5,Evan,Drake London,WR,36.0,221.3,False,False,False,False,True,True
5,Evan,Saquon Barkley,RB,46.0,222.8,False,True,False,False,False,True
5,Evan,George Pickens,WR,41.0,209.94,False,False,False,False,True,True
5,Evan,Puka Nacua,WR,31.0,256.87,False,False,True,False,False,True
5,Evan,Emeka Egbuka,WR,11.0,166.25,False,False,False,False,True,True
5,Evan,Jaylen Warren,RB,94.58399999999999,162.0,False,True,False,False,False,True
5,Evan,Tony Pollard,RB,74.39209955555555,143.2,False,False,False,False,False,False
5,Evan,Jake Ferguson,TE,6.2959,117.94,False,False,False,True,False,True
5,Evan,Jayden Daniels,QB,2.80992,293.28,True,False,False,False,False,True
5,Evan,Jonah Coleman,RB,1.864142222222222,67.3,False,False,False,False,False,False
5,Evan,Brenton Strange,TE,1.0599999999999996,112.65,False,False,False,False,False,False
5,Evan,Christian Kirk,WR,1.0,37.77,False,False,False,False,False,False
5,Evan,James Conner,RB,1.0,42.62,False,False,False,False,False,False
5,Evan,Patrick Mahomes,QB,1.0,254.26,False,False,False,False,False,False
5,James,Wan'Dale Robinson,WR,11.0,133.19,False,False,False,False,True,True
5,James,Trevor Lawrence,QB,11.0,272.04,True,False,False,False,False,True
5,James,Jordan Addison,WR,31.0,131.03,False,False,False,False,True,True
5,James,Zay Flowers,WR,31.0,205.23,False,False,True,False,False,True
5,James,Colston Loveland,TE,6.0,157.08,False,False,False,True,False,True
5,James,Rico Dowdle,RB,13.0,157.15,False,True,False,False,False,True
5,James,Bhayshul Tuten,RB,274.0,160.4,False,True,False,False,False,True
5,James,Chris Godwin Jr,WR,13.775031111111113,134.26,False,False,True,False,False,True
5,James,Alvin Kamara,RB,3.023135555555556,68.7,False,False,False,False,False,False
5,James,Tyrone Tracy Jr,RB,1.2000000000000002,72.35,False,False,False,False,False,False
5,James,Jordan Love,QB,1.0,256.74,False,False,False,False,False,False
5,James,Samaje Perine,RB,1.0,68.35,False,False,False,False,False,False
5,James,Kaytron Allen,RB,1.0,42.77,False,False,False,False,False,False
5,James,Rashod Bateman,WR,1.0,79.23,False,False,False,False,False,False
5,James,De'Zhaun Stribling,WR,1.0,92.85,False,False,False,False,True,True
5,Jason,CeeDee Lamb,WR,46.0,224.28,False,False,True,False,False,True
5,Jason,Trey McBride,TE,31.0,188.05,False,False,False,True,False,True
5,Jason,AJ Brown,WR,46.0,194.9,False,False,True,False,False,True
5,Jason,Bijan Robinson,RB,21.0,295.2,False,True,False,False,False,True
5,Jason,Jahmyr Gibbs,RB,31.0,296.35,False,True,False,False,False,True
5,Jason,Luther Burden,WR,11.0,169.58,False,False,False,False,True,True
5,Jason,Jaylen Waddle,WR,74.21683042921181,177.9,False,False,False,False,True,True
5,Jason,Kenny Gainwell,RB,85.42,136.45,False,False,False,False,False,False
5,Jason,Romeo Doubs,WR,17.0,122.25,False,False,False,False,False,False
5,Jason,Lamar Jackson,QB,6.553333333333334,289.92,True,False,False,False,False,True
5,Jason,Jakobi Meyers,WR,5.57648,131.61,False,False,False,False,False,False
5,Jason,Michael Pittman Jr,WR,6.0,137.83,False,False,False,False,True,True
5,Jason,Braelon Allen,RB,5.306941666666666,68.77,False,False,False,False,False,False
5,Jason,KC Concepcion,WR,2.9118844444444445,118.36,False,False,False,False,False,False
5,Jason,Dalton Kincaid,TE,2.3981569444444446,118.1,False,False,False,False,False,False
5,Reid,Kyle Pitts Sr,TE,11.0,140.7,False,False,False,False,True,True
5,Reid,Tucker Kraft,TE,21.0,143.34,False,False,False,True,False,True
5,Reid,Drake Maye,QB,30.0,296.32,True,False,False,False,False,True
5,Reid,Chris Olave,WR,41.0,194.65,False,False,True,False,False,True
5,Reid,Jalen Coker,WR,13.0,124.35,False,False,True,False,False,True
5,Reid,Javonte Williams,RB,34.0,196.9,False,False,False,False,True,True
5,Reid,Jordan Mason,RB,65.59595555555555,137.2,False,False,False,False,False,False
5,Reid,James Cook,RB,76.81866666666667,234.4,False,True,False,False,False,True
5,Reid,Jonathon Brooks,RB,64.99851959184693,148.6,False,False,False,False,True,True
5,Reid,Deebo Samuel,WR,41.99817564163537,102.68,False,False,False,False,False,False
5,Reid,Austin Ekeler,RB,6.576666666666667,411.43888888888887,False,True,False,False,False,True
5,Reid,Justin Herbert,QB,1.0,263.56,False,False,False,False,False,False
5,Reid,Keon Coleman,WR,1.0,60.6,False,False,False,False,False,False
5,Reid,Chris Rodriguez Jr,RB,1.0,110.29,False,False,False,False,False,False
5,Reid,Justice Hill,RB,1.0,57.9,False,False,False,False,False,False
5,Ryan J,Brock Purdy,QB,15.0,256.32,False,False,False,False,False,False
5,Ryan J,Michael Wilson,WR,11.0,132.1,False,False,False,False,True,True
5,Ryan J,Oronde Gadsden,TE,11.0,72.1,False,False,False,False,False,False
5,Ryan J,DeVon Achane,RB,26.0,242.2,False,True,False,False,False,True
5,Ryan J,Ashton Jeanty,RB,6.0,199.4,False,True,False,False,False,True
5,Ryan J,Ladd McConkey,WR,67.0,165.85,False,False,True,False,False,True
5,Ryan J,Tee Higgins,WR,237.5,181.9,False,False,True,False,False,True
5,Ryan J,Travis Etienne,RB,12.5,190.4,False,False,False,False,True,True
5,Ryan J,Dalton Schultz,TE,1.0,109.4,False,False,False,False,True,True
5,Ryan J,Juwan Johnson,TE,1.0,111.55,False,False,False,True,False,True
5,Ryan J,Cooper Kupp,WR,1.0,69.66,False,False,False,False,False,False
5,Ryan J,Jared Goff,QB,1.0,261.71,True,False,False,False,False,True
5,Ryan J,Tre Tucker,WR,1.0,95.11,False,False,False,False,False,False
5,Ryan J,George Holani,RB,1.0,36.01,False,False,False,False,False,False
5,Ryan J,Jalen Nailor,WR,1.0,94.21,False,False,False,False,False,False
5,Sam,Garrett Wilson,WR,31.0,163.37,False,False,True,False,False,True
5,Sam,Kenneth Walker III,RB,36.0,217.65,False,True,False,False,False,True
5,Sam,Quentin Johnston,WR,11.0,125.4,False,False,False,False,True,True
5,Sam,David Montgomery,RB,45.0,176.5,False,False,False,False,True,True
5,Sam,Cam Skattebo,RB,28.0,186.4,False,True,False,False,False,True
5,Sam,Jaxson Dart,QB,11.0,273.12,True,False,False,False,False,True
5,Sam,DJ Moore,WR,189.33333333333331,154.17,False,False,True,False,False,True
5,Sam,TJ Hockenson,TE,26.62289,103.35,False,False,False,True,False,True
5,Sam,Justin Fields,QB,1.0,40.19,False,False,False,False,False,False
5,Sam,Emmett Johnson,RB,1.0499999999999998,63.25,False,False,False,False,False,False
5,Sam,Trey Benson,RB,1.0,11.03,False,False,False,False,False,False
5,Sam,Baker Mayfield,QB,1.0,243.4,False,False,False,False,False,False
5,Sam,Keenan Allen,WR,1.0,80.85,False,False,False,False,True,True
5,Sam,Kaelon Black,RB,1.0,47.43,False,False,False,False,False,False
5,Sam,Kendre Miller,RB,1.0,19.51,False,False,False,False,False,False
5,Shane,MarShawn Lloyd,RB,11.0,75.39,False,False,False,False,False,False
5,Shane,Rome Odunze,WR,16.0,159.72,False,False,False,False,False,False
5,Shane,Caleb Williams,QB,16.0,271.0,False,False,False,False,False,False
5,Shane,Blake Corum,RB,11.0,134.1,False,False,False,False,False,False
5,Shane,Kyle Monangai,RB,11.0,144.3,False,False,False,False,False,False
5,Shane,Christian Watson,WR,11.0,161.94,False,False,False,False,False,False
5,Shane,Josh Jacobs,RB,106.42,189.35,False,False,False,False,False,False
5,Shane,Terry McLaurin,WR,44.16720786109565,173.93,False,False,False,False,False,False
5,Shane,RJ Harvey,RB,48.0,136.65,False,False,False,False,False,False
5,Shane,Rashee Rice,WR,38.67,197.11,False,False,False,False,False,False
5,Shane,Aaron Jones Sr,RB,38.67,131.55,False,False,False,False,False,False
5,Shane,Cam Ward,QB,1.0,221.28,False,False,False,False,False,False
5,Shane,DeVonta Smith,WR,41.27831333333334,189.84,False,False,False,False,False,False
5,Shane,Stefon Diggs,WR,4.79,130.42,False,False,False,False,False,False
5,Shane,Adonai Mitchell,WR,1.0,84.34,False,False,False,False,False,False
5,Travis,Jayden Reed,WR,26.0,143.93,False,False,False,False,True,True
5,Travis,Malik Nabers,WR,16.0,183.51,False,False,True,False,False,True
5,Travis,Woody Marks,RB,11.0,104.75,False,False,False,False,False,False
5,Travis,Rhamondre Stevenson,RB,42.0,157.55,False,True,False,False,False,True
5,Travis,Hunter Henry,TE,12.0,119.7,False,False,False,False,False,False
5,Travis,Tetairoa McMillan,WR,6.0,184.82,False,False,True,False,False,True
5,Travis,Rachaad White,RB,236.0,127.05,False,True,False,False,False,True
5,Travis,Brian Robinson Jr,RB,5.460000000000001,77.14,False,False,False,False,False,False
5,Travis,Makai Lemon,WR,3.0,119.03,False,False,False,False,False,False
5,Travis,George Kittle,TE,3.7288833333333327,130.46,False,False,False,True,False,True
5,Travis,CJ Stroud,QB,3.0039000000000002,245.14,True,False,False,False,False,True
5,Travis,Isiah Pacheco,RB,2.36985,73.93,False,False,False,False,False,False
5,Travis,Jajuan Jennings,WR,2.2011,145.99444444444444,False,False,False,False,True,True
5,Travis,AD Mitchell,WR,1.5038,145.99444444444444,False,False,False,False,True,True
5,Travis,Ray Davis,RB,1.2075833333333332,61.54,False,False,False,False,False,False
6,Brad,Alec Pierce,WR,11.0,154.64,False,False,False,False,True,True
6,Brad,Jaxon Smith-Njigba,WR,31.0,253.78,False,False,True,False,False,True
6,Brad,Jaydon Blue,RB,14.0,54.64,False,True,False,False,False,True
6,Brad,Jameson Williams,WR,41.0,156.45,False,False,True,False,False,True
6,Brad,Marvin Harrison Jr,WR,16.0,145.68,False,False,False,False,True,True
6,Brad,Tyler Warren,TE,6.0,162.68,False,False,False,True,False,True
6,Brad,Josh Jacobs,RB,252.0,189.35,False,True,False,False,False,True
6,Brad,Deebo Samuel,WR,22.0,102.68,False,False,False,False,False,False
6,Brad,Mark Andrews,TE,1.0,128.18,False,False,False,False,True,True
6,Brad,Jake Ferguson,TE,1.0,117.94,False,False,False,False,False,False
6,Brad,Justin Herbert,QB,1.0,263.56,True,False,False,False,False,True
6,Brad,Juwan Johnson,TE,1.0,111.55,False,False,False,False,False,False
6,Brad,Michael Penix Jr.,QB,1.0,122.75,False,False,False,False,False,False
6,Brad,Jared Goff,QB,1.0,261.71,False,False,False,False,False,False
6,Brad,Rashod Bateman,WR,1.0,79.23,False,False,False,False,False,False
6,Brandon,Jonathan Taylor,RB,46.0,256.35,False,True,False,False,False,True
6,Brandon,Justin Jefferson,WR,46.0,221.18,False,False,True,False,False,True
6,Brandon,Nico Collins,WR,36.0,214.51,False,False,True,False,False,True
6,Brandon,Breece Hall,RB,31.0,201.5,False,False,False,False,True,True
6,Brandon,Brock Bowers,TE,16.0,177.91,False,False,False,True,False,True
6,Brandon,Christian McCaffrey,RB,46.0,265.35,False,True,False,False,False,True
6,Brandon,Jaylen Warren,RB,85.456,162.0,False,False,False,False,True,True
6,Brandon,Rashee Rice,WR,42.0,197.11,False,False,False,False,True,True
6,Brandon,Joe Burrow,QB,21.0,282.7,True,False,False,False,False,True
6,Brandon,Keaton Mitchell,RB,16.812394444444447,90.45,False,False,False,False,False,False
6,Brandon,Gardner Minshew II,QB,1.0,9.19,False,False,False,False,False,False
6,Brandon,Chris Godwin Jr,WR,5.103796666666667,134.26,False,False,False,False,False,False
6,Brandon,Tyler Allgeier,RB,5.632629166666667,86.65,False,False,False,False,False,False
6,Brandon,Zach Charbonnet,RB,2.416555555555556,107.61,False,False,False,False,False,False
6,Brandon,Khalil Shakir,WR,2.1305555555555555,122.83,False,False,False,False,False,False
6,CJ,Tory Horton,WR,11.0,55.15,False,False,False,False,False,False
6,CJ,Ja'Marr Chase,WR,46.0,266.33,False,False,True,False,False,True
6,CJ,Chase Brown,RB,31.0,227.25,False,True,False,False,False,True
6,CJ,Sam LaPorta,TE,31.0,139.7,False,False,False,True,False,True
6,CJ,Parker Washington,WR,11.0,162.09,False,False,True,False,False,True
6,CJ,Omarion Hampton,RB,6.0,205.65,False,True,False,False,False,True
6,CJ,Kenny Gainwell,RB,256.0,136.45,False,False,False,False,True,True
6,CJ,Isiah Pacheco,RB,1.0,73.93,False,False,False,False,False,False
6,CJ,Dalton Kincaid,TE,1.0,118.1,False,False,False,False,False,False
6,CJ,AD Mitchell,WR,1.0,145.99444444444444,False,False,False,False,True,True
6,CJ,Xavier Worthy,WR,1.0,118.5,False,False,False,False,True,True
6,CJ,Adonai Mitchell,WR,1.0,84.34,False,False,False,False,False,False
6,CJ,Rashid Shaheed,WR,1.0,105.92,False,False,False,False,False,False
6,CJ,Patrick Mahomes,QB,1.0,254.26,True,False,False,False,False,True
6,CJ,DJ Giddens,RB,1.0,33.72,False,False,False,False,False,False
6,Coby,Derrick Henry,RB,51.0,227.4,False,True,False,False,False,True
6,Coby,Kyren Williams,RB,31.0,196.2,False,True,False,False,False,True
6,Coby,Brian Thomas Jr,WR,16.0,138.06,False,False,False,False,True,True
6,Coby,Harold Fannin Jr,TE,6.0,141.21,False,False,False,True,False,True
6,Coby,TreVeyon Henderson,RB,11.0,158.6,False,False,False,False,True,True
6,Coby,Quinshon Judkins,RB,11.0,177.8,False,False,False,False,True,True
6,Coby,Jaylen Waddle,WR,254.22222222222223,177.9,False,False,True,False,False,True
6,Coby,Aaron Rodgers,QB,1.0,191.83,True,False,False,False,False,True
6,Coby,Aaron Jones Sr,RB,3.8186000000000004,131.55,False,False,False,False,False,False
6,Coby,Travis Kelce,TE,3.4551366666666663,129.94,False,False,False,False,False,False
6,Coby,Dylan Sampson,RB,2.622958333333333,79.3,False,False,False,False,False,False
6,Coby,Tank Bigsby,RB,1.9998500000000001,68.64,False,False,False,False,False,False
6,Coby,Jajuan Jennings,WR,1.529653333333333,145.99444444444444,False,False,True,False,False,True
6,Coby,Mike Washington Jr.,RB,1.469444444444444,80.65,False,False,False,False,False,False
6,Coby,Braelon Allen,RB,1.4630555555555553,68.77,False,False,False,False,False,False
6,Evan,Amon-Ra St Brown,WR,41.0,247.22,False,False,True,False,False,True
6,Evan,Drake London,WR,36.0,221.3,False,False,False,False,True,True
6,Evan,Saquon Barkley,RB,46.0,222.8,False,True,False,False,False,True
6,Evan,George Pickens,WR,41.0,209.94,False,False,False,False,True,True
6,Evan,Puka Nacua,WR,31.0,256.87,False,False,True,False,False,True
6,Evan,Emeka Egbuka,WR,11.0,166.25,False,False,False,False,True,True
6,Evan,James Cook,RB,176.0,234.4,False,True,False,False,False,True
6,Evan,George Kittle,TE,1.0,130.46,False,False,False,True,False,True
6,Evan,Alvin Kamara,RB,1.0,68.7,False,False,False,False,False,False
6,Evan,Ray Davis,RB,1.0,61.54,False,False,False,False,False,False
6,Evan,Justice Hill,RB,1.0,57.9,False,False,False,False,False,False
6,Evan,Cooper Kupp,WR,1.0,69.66,False,False,False,False,False,False
6,Evan,Chig Okonkwo,TE,1.0,98.45,False,False,False,False,False,False
6,Evan,Christian Kirk,WR,1.0,37.77,False,False,False,False,False,False
6,Evan,Tyler Shough,QB,1.0,258.88,True,False,False,False,False,True
6,James,Wan'Dale Robinson,WR,11.0,133.19,False,False,False,False,False,False
6,James,Trevor Lawrence,QB,11.0,272.04,False,False,False,False,False,False
6,James,Jordan Addison,WR,31.0,131.03,False,False,False,False,False,False
6,James,Zay Flowers,WR,31.0,205.23,False,False,True,False,False,True
6,James,Colston Loveland,TE,6.0,157.08,False,False,False,True,False,True
6,James,Rico Dowdle,RB,13.0,157.15,False,False,False,False,True,True
6,James,Bucky Irving,RB,273.0,175.8,False,True,False,False,False,True
6,James,Joe Flacco,QB,1.0,28.58,False,False,False,False,False,False
6,James,Quinn Ewers,QB,1.0,9.68,False,False,False,False,False,False
6,James,Courtland Sutton,WR,5.228666666666666,137.35,False,False,False,False,False,False
6,James,Michael Pittman Jr,WR,3.3819500000000002,137.83,False,False,False,False,True,True
6,James,Travis Etienne,RB,2.678,190.4,False,True,False,False,False,True
6,James,Ricky Pearsall,WR,2.4325087499999998,199.08333333333334,False,False,True,False,False,True
6,James,Lamar Jackson,QB,1.6145999999999998,289.92,True,False,False,False,False,True
6,James,Josh Downs,WR,1.2839749999999999,145.07,False,False,False,False,True,True
6,Jason,CeeDee Lamb,WR,46.0,224.28,False,False,True,False,False,True
6,Jason,Trey McBride,TE,31.0,188.05,False,False,False,True,False,True
6,Jason,AJ Brown,WR,46.0,194.9,False,False,True,False,False,True
6,Jason,Bijan Robinson,RB,21.0,295.2,False,True,False,False,False,True
6,Jason,Jahmyr Gibbs,RB,31.0,296.35,False,True,False,False,False,True
6,Jason,Luther Burden,WR,11.0,169.58,False,False,False,False,True,True
6,Jason,Geno Smith,QB,1.0,177.54,False,False,False,False,False,False
6,Jason,Tony Pollard,RB,181.0,143.2,False,False,False,False,True,True
6,Jason,Chuba Hubbard,RB,21.0,143.25,False,False,False,False,True,True
6,Jason,Jakobi Meyers,WR,1.0,131.61,False,False,False,False,False,False
6,Jason,CJ Stroud,QB,1.0,245.14,True,False,False,False,False,True
6,Jason,Jonah Coleman,RB,1.0,67.3,False,False,False,False,False,False
6,Jason,Jayden Higgins,WR,1.0,132.72222222222223,False,False,False,False,False,False
6,Jason,Baker Mayfield,QB,1.0,243.4,False,False,False,False,False,False
6,Jason,Chris Rodriguez Jr,RB,1.0,110.29,False,False,False,False,False,False
6,Reid,Kyle Pitts Sr,TE,11.0,140.7,False,False,False,False,False,False
6,Reid,Tucker Kraft,TE,21.0,143.34,False,False,False,True,False,True
6,Reid,Drake Maye,QB,30.0,296.32,False,False,False,False,False,False
6,Reid,Chris Olave,WR,41.0,194.65,False,False,True,False,False,True
6,Reid,Jalen Coker,WR,13.0,124.35,False,False,False,False,False,False
6,Reid,Javonte Williams,RB,34.0,196.9,False,False,False,False,True,True
6,Reid,Jeremiyah Love,RB,201.0,202.4,False,True,False,False,False,True
6,Reid,DeVonta Smith,WR,5.0,189.84,False,False,True,False,False,True
6,Reid,Josh Allen,QB,5.0,328.82,True,False,False,False,False,True
6,Reid,Jacory Croskey-Merritt,RB,7.925937777777778,127.0,False,False,False,False,False,False
6,Reid,Jalen Hurts,QB,6.376249999999999,297.46,False,False,False,False,False,False
6,Reid,Davante Adams,WR,5.0,161.35,False,False,False,False,True,True
6,Reid,Mike Evans,WR,5.0,164.95,False,False,False,False,True,True
6,Reid,Matthew Golden,WR,5.962634999999999,127.74,False,False,False,False,False,False
6,Reid,Austin Ekeler,RB,3.792825,411.43888888888887,False,True,False,False,False,True
6,Ryan J,Brock Purdy,QB,15.0,256.32,False,False,False,False,False,False
6,Ryan J,Michael Wilson,WR,11.0,132.1,False,False,True,False,False,True
6,Ryan J,Oronde Gadsden,TE,11.0,72.1,False,False,False,False,False,False
6,Ryan J,DeVon Achane,RB,26.0,242.2,False,True,False,False,False,True
6,Ryan J,Ashton Jeanty,RB,6.0,199.4,False,True,False,False,False,True
6,Ryan J,Ladd McConkey,WR,67.0,165.85,False,False,True,False,False,True
6,Ryan J,Bhayshul Tuten,RB,249.0,160.4,False,False,False,False,True,True
6,Ryan J,Tyson Bagent,QB,1.0,11.07,False,False,False,False,False,False
6,Ryan J,Dak Prescott,QB,1.0,278.54,True,False,False,False,False,True
6,Ryan J,KC Concepcion,WR,1.0,118.36,False,False,False,False,True,True
6,Ryan J,Dalton Schultz,TE,1.0,109.4,False,False,False,False,True,True
6,Ryan J,Trey Benson,RB,1.0,11.03,False,False,False,False,False,False
6,Ryan J,Brenton Strange,TE,1.0,112.65,False,False,False,True,False,True
6,Ryan J,Matthew Stafford,QB,1.0,250.22,False,False,False,False,False,False
6,Ryan J,Jordan Love,QB,1.0,256.74,False,False,False,False,False,False
6,Sam,Garrett Wilson,WR,31.0,163.37,False,False,True,False,False,True
6,Sam,Kenneth Walker III,RB,36.0,217.65,False,True,False,False,False,True
6,Sam,Quentin Johnston,WR,11.0,125.4,False,False,False,False,False,False
6,Sam,David Montgomery,RB,45.0,176.5,False,False,False,False,True,True
6,Sam,Cam Skattebo,RB,28.0,186.4,False,True,False,False,False,True
6,Sam,Jaxson Dart,QB,11.0,273.12,True,False,False,False,False,True
6,Sam,DJ Moore,WR,188.0,154.17,False,False,False,False,True,True
6,Sam,Terry McLaurin,WR,27.450111111111113,173.93,False,False,True,False,False,True
6,Sam,Brian Robinson Jr,RB,1.5499999999999998,77.14,False,False,False,False,False,False
6,Sam,Stefon Diggs,WR,1.0,130.42,False,False,False,False,True,True
6,Sam,Dallas Goedert,TE,1.0,119.45,False,False,False,True,False,True
6,Sam,Kimani Vidal,RB,1.0,54.72,False,False,False,False,False,False
6,Sam,Isaiah Likely,TE,1.0,115.25,False,False,False,False,False,False
6,Sam,Keenan Allen,WR,1.0,80.85,False,False,False,False,False,False
6,Sam,James Conner,RB,1.0,42.62,False,False,False,False,False,False
6,Shane,MarShawn Lloyd,RB,11.0,75.39,False,False,False,False,False,False
6,Shane,Rome Odunze,WR,16.0,159.72,False,False,False,False,False,False
6,Shane,Caleb Williams,QB,16.0,271.0,False,False,False,False,False,False
6,Shane,Blake Corum,RB,11.0,134.1,False,False,False,False,False,False
6,Shane,Kyle Monangai,RB,11.0,144.3,False,False,False,False,False,False
6,Shane,Christian Watson,WR,11.0,161.94,False,False,False,False,False,False
6,Shane,Jonathon Brooks,RB,49.0,148.6,False,False,False,False,False,False
6,Shane,Jordan Mason,RB,49.755113712577035,137.2,False,False,False,False,False,False
6,Shane,Nick Chubb,RB,16.435874999999996,451.25555555555553,False,False,False,False,False,False
6,Shane,RJ Harvey,RB,46.30430624753954,136.65,False,False,False,False,False,False
6,Shane,Bill Croskey-Merritt,RB,29.0,557.4333333333333,False,False,False,False,False,False
6,Shane,Rachaad White,RB,29.0,127.05,False,False,False,False,False,False
6,Shane,JK Dobbins,RB,28.096624999999996,134.15,False,False,False,False,False,False
6,Shane,Carnell Tate,WR,15.87045833333333,140.03,False,False,False,False,False,False
6,Shane,DK Metcalf,WR,15.70083333333333,148.53,False,False,False,False,False,False
6,Travis,Jayden Reed,WR,26.0,143.93,False,False,False,False,True,True
6,Travis,Malik Nabers,WR,16.0,183.51,False,False,True,False,False,True
6,Travis,Woody Marks,RB,11.0,104.75,False,True,False,False,False,True
6,Travis,Rhamondre Stevenson,RB,42.0,157.55,False,True,False,False,False,True
6,Travis,Hunter Henry,TE,12.0,119.7,False,False,False,True,False,True
6,Travis,Tetairoa McMillan,WR,6.0,184.82,False,False,True,False,False,True
6,Travis,Tee Higgins,WR,236.66666666666666,181.9,False,False,False,False,True,True
6,Travis,TJ Hockenson,TE,15.920645,103.35,False,False,False,False,False,False
6,Travis,Romeo Doubs,WR,5.047340277777778,122.25,False,False,False,False,True,True
6,Travis,Jayden Daniels,QB,1.3600000000000003,293.28,True,False,False,False,False,True
6,Travis,Makai Lemon,WR,1.0,119.03,False,False,False,False,False,False
6,Travis,Tyrone Tracy Jr,RB,1.0,72.35,False,False,False,False,False,False
6,Travis,Samaje Perine,RB,1.0,68.35,False,False,False,False,False,False
6,Travis,Emmett Johnson,RB,1.0,63.25,False,False,False,False,False,False
6,Travis,Keon Coleman,WR,1.0,60.6,False,False,False,False,False,False
7,Brad,Alec Pierce,WR,11.0,154.64,False,False,False,False,True,True
7,Brad,Jaxon Smith-Njigba,WR,31.0,253.78,False,False,True,False,False,True
7,Brad,Jaydon Blue,RB,14.0,54.64,False,False,False,False,False,False
7,Brad,Jameson Williams,WR,41.0,156.45,False,False,False,False,True,True
7,Brad,Marvin Harrison Jr,WR,16.0,145.68,False,False,False,False,True,True
7,Brad,Tyler Warren,TE,6.0,162.68,False,False,False,True,False,True
7,Brad,Kenny Gainwell,RB,254.22222222222223,136.45,False,True,False,False,False,True
7,Brad,Zach Charbonnet,RB,11.753226666666666,107.61,False,True,False,False,False,True
7,Brad,Brian Robinson Jr,RB,3.9245000000000005,77.14,False,False,False,False,False,False
7,Brad,Ricky Pearsall,WR,3.3626266666666664,199.08333333333334,False,False,True,False,False,True
7,Brad,George Kittle,TE,1.9030555555555557,130.46,False,False,False,False,False,False
7,Brad,CJ Stroud,QB,1.391,245.14,True,False,False,False,False,True
7,Brad,Austin Hooper,TE,1.0,31.35,False,False,False,False,False,False
7,Brad,Ray Davis,RB,1.15,61.54,False,False,False,False,False,False
7,Brad,Emmett Johnson,RB,1.1222222222222222,63.25,False,False,False,False,False,False
7,Brandon,Jonathan Taylor,RB,46.0,256.35,False,True,False,False,False,True
7,Brandon,Justin Jefferson,WR,46.0,221.18,False,False,True,False,False,True
7,Brandon,Nico Collins,WR,36.0,214.51,False,False,True,False,False,True
7,Brandon,Breece Hall,RB,31.0,201.5,False,False,False,False,True,True
7,Brandon,Brock Bowers,TE,16.0,177.91,False,False,False,True,False,True
7,Brandon,Christian McCaffrey,RB,46.0,265.35,False,True,False,False,False,True
7,Brandon,Tee Higgins,WR,68.86257202172052,181.9,False,False,False,False,True,True
7,Brandon,Jaylen Waddle,WR,71.90558922885836,177.9,False,False,False,False,True,True
7,Brandon,Jalen Hurts,QB,18.14820977777778,297.46,True,False,False,False,False,True
7,Brandon,Jajuan Jennings,WR,8.883377777777778,145.99444444444444,False,False,False,False,False,False
7,Brandon,Jakobi Meyers,WR,4.157439999999999,131.61,False,False,False,False,False,False
7,Brandon,Stefon Diggs,WR,4.0521288888888884,130.42,False,False,False,False,False,False
7,Brandon,Isiah Pacheco,RB,2.573667777777778,73.93,False,False,False,False,False,False
7,Brandon,Dallas Goedert,TE,1.698868888888889,119.45,False,False,False,False,False,False
7,Brandon,Jonah Coleman,RB,1.56,67.3,False,False,False,False,False,False
7,CJ,Tory Horton,WR,11.0,55.15,False,False,False,False,False,False
7,CJ,Ja'Marr Chase,WR,46.0,266.33,False,False,True,False,False,True
7,CJ,Chase Brown,RB,31.0,227.25,False,True,False,False,False,True
7,CJ,Sam LaPorta,TE,31.0,139.7,False,False,False,True,False,True
7,CJ,Parker Washington,WR,11.0,162.09,False,False,True,False,False,True
7,CJ,Omarion Hampton,RB,6.0,205.65,False,False,False,False,True,True
7,CJ,James Cook,RB,177.0,234.4,False,True,False,False,False,True
7,CJ,JK Dobbins,RB,27.0,134.15,False,False,False,False,True,True
7,CJ,Joe Burrow,QB,20.68,282.7,True,False,False,False,False,True
7,CJ,Courtland Sutton,WR,13.980444444444444,137.35,False,False,False,False,True,True
7,CJ,Romeo Doubs,WR,8.0,122.25,False,False,False,False,False,False
7,CJ,Braelon Allen,RB,5.72944,68.77,False,False,False,False,False,False
7,CJ,Kimani Vidal,RB,3.814272,54.72,False,False,False,False,False,False
7,CJ,Ben Sinnott,TE,1.0,28.2,False,False,False,False,False,False
7,CJ,Dak Prescott,QB,2.0309333333333335,278.54,False,False,False,False,False,False
7,Coby,Derrick Henry,RB,51.0,227.4,False,True,False,False,False,True
7,Coby,Kyren Williams,RB,31.0,196.2,False,True,False,False,False,True
7,Coby,Brian Thomas Jr,WR,16.0,138.06,False,False,True,False,False,True
7,Coby,Harold Fannin Jr,TE,6.0,141.21,False,False,False,True,False,True
7,Coby,TreVeyon Henderson,RB,11.0,158.6,False,False,False,False,True,True
7,Coby,Quinshon Judkins,RB,11.0,177.8,False,False,False,False,True,True
7,Coby,Rachaad White,RB,235.18055555555557,127.05,False,False,False,False,False,False
7,Coby,Chris Godwin Jr,WR,29.227297777777782,134.26,False,False,False,False,True,True
7,Coby,Marcus Mariota,QB,1.0,17.15,False,False,False,False,False,False
7,Coby,Jayden Daniels,QB,2.118866666666667,293.28,True,False,False,False,False,True
7,Coby,Tyrone Tracy Jr,RB,1.5671777777777778,72.35,False,False,False,False,False,False
7,Coby,Jake Tonges,TE,1.0,46.75,False,False,False,False,False,False
7,Coby,Isaiah Likely,TE,1.1166666666666667,115.25,False,False,False,False,False,False
7,Coby,AD Mitchell,WR,1.1,145.99444444444444,False,False,True,False,False,True
7,Coby,Juwan Johnson,TE,1.0888888888888888,111.55,False,False,False,False,False,False
7,Evan,Amon-Ra St Brown,WR,41.0,247.22,False,False,True,False,False,True
7,Evan,Drake London,WR,36.0,221.3,False,False,False,False,True,True
7,Evan,Saquon Barkley,RB,46.0,222.8,False,True,False,False,False,True
7,Evan,George Pickens,WR,41.0,209.94,False,False,False,False,True,True
7,Evan,Puka Nacua,WR,31.0,256.87,False,False,True,False,False,True
7,Evan,Emeka Egbuka,WR,11.0,166.25,False,False,False,False,True,True
7,Evan,Bucky Irving,RB,123.0,175.8,False,True,False,False,False,True
7,Evan,Jacory Croskey-Merritt,RB,45.0,127.0,False,False,False,False,False,False
7,Evan,Tanner Hudson,TE,1.0,18.22,False,False,False,False,False,False
7,Evan,Justin Herbert,QB,4.565546666666666,263.56,True,False,False,False,False,True
7,Evan,Makai Lemon,WR,3.3144222222222224,119.03,False,False,False,False,False,False
7,Evan,Alvin Kamara,RB,2.2522933333333337,68.7,False,False,False,False,False,False
7,Evan,KC Concepcion,WR,1.523888888888889,118.36,False,False,False,False,False,False
7,Evan,Terrance Ferguson,TE,1.0,82.7,False,False,False,True,False,True
7,Evan,Jayden Higgins,WR,1.5022222222222223,132.72222222222223,False,False,False,False,False,False
7,James,Wan'Dale Robinson,WR,11.0,133.19,False,False,True,False,False,True
7,James,Trevor Lawrence,QB,11.0,272.04,True,False,False,False,False,True
7,James,Jordan Addison,WR,31.0,131.03,False,False,False,False,True,True
7,James,Zay Flowers,WR,31.0,205.23,False,False,True,False,False,True
7,James,Colston Loveland,TE,6.0,157.08,False,False,False,True,False,True
7,James,Rico Dowdle,RB,13.0,157.15,False,True,False,False,False,True
7,James,Bhayshul Tuten,RB,274.0,160.4,False,True,False,False,False,True
7,James,Mike Washington Jr.,RB,7.817955555555557,80.65,False,False,False,False,False,False
7,James,Dylan Sampson,RB,4.8307839999999995,79.3,False,False,False,False,False,False
7,James,Dalton Kincaid,TE,3.32672,118.1,False,False,False,False,True,True
7,James,Xavier Worthy,WR,2.126592,118.5,False,False,False,False,True,True
7,James,Rashid Shaheed,WR,1.8133333333333335,105.92,False,False,False,False,False,False
7,James,Max Klare,TE,1.0,16.2,False,False,False,False,False,False
7,James,Adonai Mitchell,WR,1.08,84.34,False,False,False,False,False,False
7,James,Baker Mayfield,QB,1.0,243.4,False,False,False,False,False,False
7,Jason,CeeDee Lamb,WR,46.0,224.28,False,False,True,False,False,True
7,Jason,Trey McBride,TE,31.0,188.05,False,False,False,True,False,True
7,Jason,AJ Brown,WR,46.0,194.9,False,False,True,False,False,True
7,Jason,Bijan Robinson,RB,21.0,295.2,False,False,False,False,True,True
7,Jason,Jahmyr Gibbs,RB,31.0,296.35,False,True,False,False,False,True
7,Jason,Luther Burden,WR,11.0,169.58,False,False,False,False,True,True
7,Jason,Carnell Tate,WR,35.370451111111116,140.03,False,False,False,False,False,False
7,Jason,Bill Croskey-Merritt,RB,35.11202666666667,557.4333333333333,False,True,False,False,False,True
7,Jason,Davante Adams,WR,28.061930000000004,161.35,False,False,False,False,True,True
7,Jason,DK Metcalf,WR,22.137975,148.53,False,False,False,False,False,False
7,Jason,Tyler Allgeier,RB,14.68,86.65,False,False,False,False,False,False
7,Jason,Keaton Mitchell,RB,14.376164444444445,90.45,False,False,False,False,False,False
7,Jason,Josh Allen,QB,11.338413333333333,328.82,True,False,False,False,False,True
7,Jason,Tank Bigsby,RB,9.0,68.64,False,False,False,False,False,False
7,Jason,Jake Ferguson,TE,7.204524444444446,117.94,False,False,False,False,False,False
7,Reid,Kyle Pitts Sr,TE,11.0,140.7,False,False,False,False,False,False
7,Reid,Tucker Kraft,TE,21.0,143.34,False,False,False,True,False,True
7,Reid,Drake Maye,QB,30.0,296.32,True,False,False,False,False,True
7,Reid,Chris Olave,WR,41.0,194.65,False,False,True,False,False,True
7,Reid,Jalen Coker,WR,13.0,124.35,False,False,False,False,False,False
7,Reid,Javonte Williams,RB,34.0,196.9,False,True,False,False,False,True
7,Reid,RJ Harvey,RB,71.45482210483364,136.65,False,False,False,False,False,False
7,Reid,DeVonta Smith,WR,72.0,189.84,False,False,True,False,False,True
7,Reid,DJ Moore,WR,48.89,154.17,False,False,False,False,True,True
7,Reid,Chuba Hubbard,RB,44.0,143.25,False,False,False,False,True,True
7,Reid,Austin Ekeler,RB,17.918613333333333,411.43888888888887,False,True,False,False,False,True
7,Reid,Josh Downs,WR,2.74,145.07,False,False,False,False,True,True
7,Reid,Greg Dulcich,TE,1.0,101.4,False,False,False,False,False,False
7,Reid,Tanner Koziol,TE,1.0,14.48,False,False,False,False,False,False
7,Reid,James Conner,RB,1.0,42.62,False,False,False,False,False,False
7,Ryan J,Brock Purdy,QB,15.0,256.32,False,False,False,False,False,False
7,Ryan J,Michael Wilson,WR,11.0,132.1,False,False,False,False,True,True
7,Ryan J,Oronde Gadsden,TE,11.0,72.1,False,False,False,False,False,False
7,Ryan J,DeVon Achane,RB,26.0,242.2,False,True,False,False,False,True
7,Ryan J,Ashton Jeanty,RB,6.0,199.4,False,True,False,False,False,True
7,Ryan J,Ladd McConkey,WR,67.0,165.85,False,False,True,False,False,True
7,Ryan J,Josh Jacobs,RB,210.0,189.35,False,False,False,False,True,True
7,Ryan J,Mike Evans,WR,36.78707222222223,164.95,False,False,True,False,False,True
7,Ryan J,Jonnu Smith,TE,1.0,44.13,False,False,False,False,False,False
7,Ryan J,Dalton Schultz,TE,1.422777777777778,109.4,False,False,False,True,False,True
7,Ryan J,Samaje Perine,RB,1.4083333333333332,68.35,False,False,False,False,False,False
7,Ryan J,Trey Benson,RB,1.4011111111111112,11.03,False,False,False,False,False,False
7,Ryan J,Chig Okonkwo,TE,1.393888888888889,98.45,False,False,False,False,True,True
7,Ryan J,Jordan Love,QB,1.3866666666666667,256.74,True,False,False,False,False,True
7,Ryan J,Keon Coleman,WR,1.3794444444444445,60.6,False,False,False,False,False,False
7,Sam,Garrett Wilson,WR,31.0,163.37,False,False,True,False,False,True
7,Sam,Kenneth Walker III,RB,36.0,217.65,False,True,False,False,False,True
7,Sam,Quentin Johnston,WR,11.0,125.4,False,False,False,False,False,False
7,Sam,David Montgomery,RB,45.0,176.5,False,False,False,False,True,True
7,Sam,Cam Skattebo,RB,28.0,186.4,False,False,False,False,True,True
7,Sam,Jaxson Dart,QB,11.0,273.12,True,False,False,False,False,True
7,Sam,Jaylen Warren,RB,67.51555555555555,162.0,False,False,False,False,True,True
7,Sam,Jonathon Brooks,RB,77.58698579248848,148.6,False,False,False,False,False,False
7,Sam,Rashee Rice,WR,63.66,197.11,False,False,True,False,False,True
7,Sam,Travis Etienne,RB,9.23,190.4,False,True,False,False,False,True
7,Sam,Mason Taylor,TE,1.0,58.65,False,False,False,True,False,True
7,Sam,Rashod Bateman,WR,1.0,79.23,False,False,False,False,False,False
7,Sam,Emanuel Wilson,RB,1.0,38.92,False,False,False,False,False,False
7,Sam,Patrick Mahomes,QB,1.0,254.26,False,False,False,False,False,False
7,Sam,George Holani,RB,1.0,36.01,False,False,False,False,False,False
7,Shane,MarShawn Lloyd,RB,11.0,75.39,False,False,False,False,False,False
7,Shane,Rome Odunze,WR,16.0,159.72,False,False,True,False,False,True
7,Shane,Caleb Williams,QB,16.0,271.0,True,False,False,False,False,True
7,Shane,Blake Corum,RB,11.0,134.1,False,False,False,False,True,True
7,Shane,Kyle Monangai,RB,11.0,144.3,False,True,False,False,False,True
7,Shane,Christian Watson,WR,11.0,161.94,False,False,True,False,False,True
7,Shane,Jeremiyah Love,RB,111.9539748063319,202.4,False,True,False,False,False,True
7,Shane,Jordan Mason,RB,66.82,137.2,False,False,False,False,True,True
7,Shane,Tony Pollard,RB,72.0,143.2,False,False,False,False,True,True
7,Shane,Deebo Samuel,WR,57.554278363928695,102.68,False,False,False,False,False,False
7,Shane,Khalil Shakir,WR,11.68,122.83,False,False,False,False,False,False
7,Shane,Cam Ward,QB,1.0,221.28,False,False,False,False,False,False
7,Shane,Brenton Strange,TE,1.0,112.65,False,False,False,True,False,True
7,Shane,Christian Kirk,WR,1.0,37.77,False,False,False,False,False,False
7,Shane,Jalen Nailor,WR,1.0,94.21,False,False,False,False,False,False
7,Travis,Jayden Reed,WR,26.0,143.93,False,False,False,False,True,True
7,Travis,Malik Nabers,WR,16.0,183.51,False,False,True,False,False,True
7,Travis,Woody Marks,RB,11.0,104.75,False,False,False,False,False,False
7,Travis,Rhamondre Stevenson,RB,42.0,157.55,False,True,False,False,False,True
7,Travis,Hunter Henry,TE,12.0,119.7,False,False,False,False,False,False
7,Travis,Tetairoa McMillan,WR,6.0,184.82,False,False,True,False,False,True
7,Travis,Terry McLaurin,WR,53.08277969344311,173.93,False,False,False,False,True,True
7,Travis,Nick Chubb,RB,44.78534666666666,451.25555555555553,False,True,False,False,False,True
7,Travis,Aaron Jones Sr,RB,32.82,131.55,False,False,False,False,False,False
7,Travis,Matthew Golden,WR,23.251553333333334,127.74,False,False,False,False,False,False
7,Travis,TJ Hockenson,TE,20.78,103.35,False,False,False,False,False,False
7,Travis,Lamar Jackson,QB,17.637760000000004,289.92,True,False,False,False,False,True
7,Travis,Mark Andrews,TE,12.476686666666668,128.18,False,False,False,False,False,False
7,Travis,Michael Pittman Jr,WR,10.23,137.83,False,False,False,False,True,True
7,Travis,Travis Kelce,TE,9.285826666666669,129.94,False,False,False,True,False,True
8,Brad,Alec Pierce,WR,11.0,154.64,False,False,False,False,False,False
8,Brad,Jaxon Smith-Njigba,WR,31.0,253.78,False,False,False,False,False,False
8,Brad,Jaydon Blue,RB,14.0,54.64,False,False,False,False,False,False
8,Brad,Jameson Williams,WR,41.0,156.45,False,False,False,False,False,False
8,Brad,Marvin Harrison Jr,WR,16.0,145.68,False,False,False,False,False,False
8,Brad,Tyler Warren,TE,6.0,162.68,False,False,False,False,False,False
8,Brad,Bucky Irving,RB,122.27499999999999,175.8,False,False,False,False,False,False
8,Brad,Kenny Gainwell,RB,61.709999999999994,136.45,False,False,False,False,False,False
8,Brad,DK Metcalf,WR,36.013824,148.53,False,False,False,False,False,False
8,Brad,Dylan Sampson,RB,18.656932222222224,79.3,False,False,False,False,False,False
8,Brad,Keaton Mitchell,RB,14.636160000000002,90.45,False,False,False,False,False,False
8,Brad,Romeo Doubs,WR,9.221888000000002,122.25,False,False,False,False,False,False
8,Brad,Braelon Allen,RB,5.2255408333333335,68.77,False,False,False,False,False,False
8,Brad,Travis Kelce,TE,4.224341333333333,129.94,False,False,False,False,False,False
8,Brad,Xavier Worthy,WR,2.8028017777777774,118.5,False,False,False,False,False,False
8,Brandon,Jonathan Taylor,RB,46.0,256.35,False,True,False,False,False,True
8,Brandon,Justin Jefferson,WR,46.0,221.18,False,False,True,False,False,True
8,Brandon,Nico Collins,WR,36.0,214.51,False,False,True,False,False,True
8,Brandon,Breece Hall,RB,31.0,201.5,False,False,False,False,True,True
8,Brandon,Brock Bowers,TE,16.0,177.91,False,False,False,True,False,True
8,Brandon,Christian McCaffrey,RB,46.0,265.35,False,True,False,False,False,True
8,Brandon,Jaylen Warren,RB,78.82866666666666,162.0,False,False,False,False,True,True
8,Brandon,Jordan Mason,RB,62.709999999999994,137.2,False,False,False,False,True,True
8,Brandon,Josh Allen,QB,36.46,328.82,True,False,False,False,False,True
8,Brandon,Ty Johnson,RB,1.0,48.65,False,False,False,False,False,False
8,Brandon,Brenton Strange,TE,1.0,112.65,False,False,False,False,False,False
8,Brandon,Dallas Goedert,TE,1.0,119.45,False,False,False,False,False,False
8,Brandon,Tyler Shough,QB,1.0,258.88,False,False,False,False,False,False
8,Brandon,Justice Hill,RB,1.0,57.9,False,False,False,False,False,False
8,Brandon,Juwan Johnson,TE,1.0,111.55,False,False,False,False,False,False
8,CJ,Tory Horton,WR,11.0,55.15,False,False,False,False,False,False
8,CJ,Ja'Marr Chase,WR,46.0,266.33,False,False,True,False,False,True
8,CJ,Chase Brown,RB,31.0,227.25,False,True,False,False,False,True
8,CJ,Sam LaPorta,TE,31.0,139.7,False,False,False,True,False,True
8,CJ,Parker Washington,WR,11.0,162.09,False,False,True,False,False,True
8,CJ,Omarion Hampton,RB,6.0,205.65,False,True,False,False,False,True
8,CJ,Josh Jacobs,RB,123.71875237484606,189.35,False,False,False,False,True,True
8,CJ,Jeremiyah Love,RB,123.80180733700988,202.4,False,False,False,False,True,True
8,CJ,Trey Lance,QB,1.0,9.42,False,False,False,False,False,False
8,CJ,Mike Washington Jr.,RB,10.261297777777779,80.65,False,False,False,False,False,False
8,CJ,Tyrone Tracy Jr,RB,1.2199999999999998,72.35,False,False,False,False,False,False
8,CJ,AD Mitchell,WR,1.0,145.99444444444444,False,False,False,False,True,True
8,CJ,Keon Coleman,WR,1.0,60.6,False,False,False,False,False,False
8,CJ,Jordan Love,QB,1.0,256.74,True,False,False,False,False,True
8,CJ,Christian Kirk,WR,1.0,37.77,False,False,False,False,False,False
8,Coby,Derrick Henry,RB,51.0,227.4,False,True,False,False,False,True
8,Coby,Kyren Williams,RB,31.0,196.2,False,True,False,False,False,True
8,Coby,Brian Thomas Jr,WR,16.0,138.06,False,False,True,False,False,True
8,Coby,Harold Fannin Jr,TE,6.0,141.21,False,False,False,True,False,True
8,Coby,TreVeyon Henderson,RB,11.0,158.6,False,False,False,False,True,True
8,Coby,Quinshon Judkins,RB,11.0,177.8,False,False,False,False,True,True
8,Coby,Jaylen Waddle,WR,254.22222222222223,177.9,False,False,True,False,False,True
8,Coby,Travis Etienne,RB,12.269066666666667,190.4,False,False,False,False,True,True
8,Coby,Anthony Richardson Sr.,QB,1.0,10.4,False,False,False,False,False,False
8,Coby,Alvin Kamara,RB,1.5099999999999998,68.7,False,False,False,False,False,False
8,Coby,J'Mari Taylor,RB,1.0,0.0,False,False,False,False,False,False
8,Coby,Cooper Kupp,WR,1.0,69.66,False,False,False,False,False,False
8,Coby,Emari Demercado,RB,1.0,26.21,False,False,False,False,False,False
8,Coby,Baker Mayfield,QB,1.0,243.4,True,False,False,False,False,True
8,Coby,Chris Rodriguez Jr,RB,1.0,110.29,False,False,False,False,False,False
8,Evan,Amon-Ra St Brown,WR,41.0,247.22,False,False,True,False,False,True
8,Evan,Drake London,WR,36.0,221.3,False,False,False,False,True,True
8,Evan,Saquon Barkley,RB,46.0,222.8,False,True,False,False,False,True
8,Evan,George Pickens,WR,41.0,209.94,False,False,False,False,True,True
8,Evan,Puka Nacua,WR,31.0,256.87,False,False,True,False,False,True
8,Evan,Emeka Egbuka,WR,11.0,166.25,False,False,False,False,True,True
8,Evan,JK Dobbins,RB,47.457871334412445,134.15,False,True,False,False,False,True
8,Evan,Tyson Bagent,QB,1.0,11.07,False,False,False,False,False,False
8,Evan,Carnell Tate,WR,37.03329300000001,140.03,False,False,False,False,False,False
8,Evan,Joe Burrow,QB,26.301622722222227,282.7,True,False,False,False,False,True
8,Evan,Zach Charbonnet,RB,15.198294444444448,107.61,False,False,False,False,False,False
8,Evan,Mark Andrews,TE,11.48,128.18,False,False,False,True,False,True
8,Evan,Khalil Shakir,WR,11.162944222222226,122.83,False,False,False,False,False,False
8,Evan,KC Concepcion,WR,7.01601,118.36,False,False,False,False,False,False
8,Evan,Tyler Allgeier,RB,6.535130555555557,86.65,False,False,False,False,False,False
8,James,Wan'Dale Robinson,WR,11.0,133.19,False,False,False,False,False,False
8,James,Trevor Lawrence,QB,11.0,272.04,True,False,False,False,False,True
8,James,Jordan Addison,WR,31.0,131.03,False,False,False,False,False,False
8,James,Zay Flowers,WR,31.0,205.23,False,False,True,False,False,True
8,James,Colston Loveland,TE,6.0,157.08,False,False,False,True,False,True
8,James,Rico Dowdle,RB,13.0,157.15,False,True,False,False,False,True
8,James,Bhayshul Tuten,RB,98.84143128644924,160.4,False,True,False,False,False,True
8,James,Jonathon Brooks,RB,61.0,148.6,False,False,False,False,True,True
8,James,Terry McLaurin,WR,54.8177,173.93,False,False,True,False,False,True
8,James,RJ Harvey,RB,44.0,136.65,False,False,False,False,True,True
8,James,Davante Adams,WR,34.34,161.35,False,False,False,False,True,True
8,James,Colby Parkinson,TE,1.0,62.2,False,False,False,False,False,False
8,James,Ted Hurst III,WR,1.0,61.33,False,False,False,False,False,False
8,James,Jayden Higgins,WR,1.0,132.72222222222223,False,False,False,False,False,False
8,James,Jake Tonges,TE,1.0,46.75,False,False,False,False,False,False
8,Jason,CeeDee Lamb,WR,46.0,224.28,False,False,True,False,False,True
8,Jason,Trey McBride,TE,31.0,188.05,False,False,False,True,False,True
8,Jason,AJ Brown,WR,46.0,194.9,False,False,False,False,True,True
8,Jason,Bijan Robinson,RB,21.0,295.2,False,True,False,False,False,True
8,Jason,Jahmyr Gibbs,RB,31.0,296.35,False,True,False,False,False,True
8,Jason,Luther Burden,WR,11.0,169.58,False,False,False,False,False,False
8,Jason,James Cook,RB,75.17986035759701,234.4,False,False,False,False,True,True
8,Jason,DeVonta Smith,WR,78.94175999999999,189.84,False,False,False,False,True,True
8,Jason,Jalen Hurts,QB,23.36164,297.46,True,False,False,False,False,True
8,Jason,Ricky Pearsall,WR,13.487933333333332,199.08333333333334,False,False,True,False,False,True
8,Jason,Jajuan Jennings,WR,6.9956906666666665,145.99444444444444,False,False,False,False,False,False
8,Jason,Dalton Kincaid,TE,4.4809375,118.1,False,False,False,False,False,False
8,Jason,Isiah Pacheco,RB,2.0436,73.93,False,False,False,False,False,False
8,Jason,Rashid Shaheed,WR,1.9229166666666666,105.92,False,False,False,False,False,False
8,Jason,Jonah Coleman,RB,1.5166666666666668,67.3,False,False,False,False,False,False
8,Reid,Kyle Pitts Sr,TE,11.0,140.7,False,False,False,False,False,False
8,Reid,Tucker Kraft,TE,21.0,143.34,False,False,False,True,False,True
8,Reid,Drake Maye,QB,30.0,296.32,True,False,False,False,False,True
8,Reid,Chris Olave,WR,41.0,194.65,False,False,True,False,False,True
8,Reid,Jalen Coker,WR,13.0,124.35,False,False,False,False,False,False
8,Reid,Javonte Williams,RB,34.0,196.9,False,False,False,False,True,True
8,Reid,Jacory Croskey-Merritt,RB,49.688745555555556,127.0,False,False,False,False,False,False
8,Reid,Aaron Jones Sr,RB,43.34722777777779,131.55,False,False,False,False,False,False
8,Reid,Nick Chubb,RB,29.20465066666667,451.25555555555553,False,True,False,False,False,True
8,Reid,Bill Croskey-Merritt,RB,23.039523555555558,557.4333333333333,False,True,False,False,False,True
8,Reid,TJ Hockenson,TE,22.395893333333333,103.35,False,False,False,False,False,False
8,Reid,Chuba Hubbard,RB,17.807502222222222,143.25,False,False,False,False,True,True
8,Reid,Austin Ekeler,RB,14.140342222222225,411.43888888888887,False,False,False,False,True,True
8,Reid,Michael Pittman Jr,WR,11.222112222222222,137.83,False,False,True,False,False,True
8,Reid,Brian Robinson Jr,RB,8.530848888888888,77.14,False,False,False,False,False,False
8,Ryan J,Brock Purdy,QB,15.0,256.32,True,False,False,False,False,True
8,Ryan J,Michael Wilson,WR,11.0,132.1,False,False,False,False,True,True
8,Ryan J,Oronde Gadsden,TE,11.0,72.1,False,False,False,False,False,False
8,Ryan J,DeVon Achane,RB,26.0,242.2,False,True,False,False,False,True
8,Ryan J,Ashton Jeanty,RB,6.0,199.4,False,True,False,False,False,True
8,Ryan J,Ladd McConkey,WR,67.0,165.85,False,False,True,False,False,True
8,Ryan J,Tee Higgins,WR,189.28817777777778,181.9,False,False,True,False,False,True
8,Ryan J,Deebo Samuel,WR,55.80222222222223,102.68,False,False,False,False,True,True
8,Ryan J,Stefon Diggs,WR,3.836343333333334,130.42,False,False,False,False,True,True
8,Ryan J,Kimani Vidal,RB,3.0700000000000003,54.72,False,False,False,False,False,False
8,Ryan J,Durham Smythe,TE,1.0,18.49,False,False,False,False,False,False
8,Ryan J,Caleb Douglas,WR,1.0,83.27,False,False,False,False,False,False
8,Ryan J,Ray Davis,RB,1.0,61.54,False,False,False,False,False,False
8,Ryan J,David Njoku,TE,1.0,56.0,False,False,False,False,False,False
8,Ryan J,Chig Okonkwo,TE,1.0,98.45,False,False,False,True,False,True
8,Sam,Garrett Wilson,WR,31.0,163.37,False,False,True,False,False,True
8,Sam,Kenneth Walker III,RB,36.0,217.65,False,True,False,False,False,True
8,Sam,Quentin Johnston,WR,11.0,125.4,False,False,False,False,False,False
8,Sam,David Montgomery,RB,45.0,176.5,False,False,False,False,True,True
8,Sam,Cam Skattebo,RB,28.0,186.4,False,True,False,False,False,True
8,Sam,Jaxson Dart,QB,11.0,273.12,False,False,False,False,False,False
8,Sam,Gardner Minshew II,QB,1.0,9.19,False,False,False,False,False,False
8,Sam,DJ Moore,WR,44.83795111111112,154.17,False,False,False,False,True,True
8,Sam,Rashee Rice,WR,35.34,197.11,False,False,True,False,False,True
8,Sam,Matthew Golden,WR,27.7252,127.74,False,False,False,False,False,False
8,Sam,Courtland Sutton,WR,22.18416666666667,137.35,False,False,False,False,False,False
8,Sam,Chris Godwin Jr,WR,17.585446666666666,134.26,False,False,False,False,False,False
8,Sam,Lamar Jackson,QB,13.988675555555556,289.92,True,False,False,False,False,True
8,Sam,Josh Downs,WR,11.0,145.07,False,False,False,False,True,True
8,Sam,Jake Ferguson,TE,8.939692222222222,117.94,False,False,False,True,False,True
8,Shane,MarShawn Lloyd,RB,11.0,75.39,False,False,False,False,False,False
8,Shane,Rome Odunze,WR,16.0,159.72,False,False,False,False,True,True
8,Shane,Caleb Williams,QB,16.0,271.0,True,False,False,False,False,True
8,Shane,Blake Corum,RB,11.0,134.1,False,False,False,False,True,True
8,Shane,Kyle Monangai,RB,11.0,144.3,False,True,False,False,False,True
8,Shane,Christian Watson,WR,11.0,161.94,False,False,True,False,False,True
8,Shane,Tony Pollard,RB,274.0,143.2,False,True,False,False,False,True
8,Shane,Cam Ward,QB,1.0,221.28,False,False,False,False,False,False
8,Shane,Mike Evans,WR,38.34,164.95,False,False,True,False,False,True
8,Shane,Joe Flacco,QB,1.0,28.58,False,False,False,False,False,False
8,Shane,Samaje Perine,RB,1.0,68.35,False,False,False,False,False,False
8,Shane,Justin Herbert,QB,1.4877777777777776,263.56,False,False,False,False,False,False
8,Shane,Dalton Schultz,TE,1.4805555555555556,109.4,False,False,False,False,True,True
8,Shane,Emmett Johnson,RB,1.0,63.25,False,False,False,False,False,False
8,Shane,Isaiah Likely,TE,1.1111111111111112,115.25,False,False,False,True,False,True
8,Travis,Jayden Reed,WR,26.0,143.93,False,False,False,False,True,True
8,Travis,Malik Nabers,WR,16.0,183.51,False,False,True,False,False,True
8,Travis,Woody Marks,RB,11.0,104.75,False,False,False,False,False,False
8,Travis,Rhamondre Stevenson,RB,42.0,157.55,False,True,False,False,False,True
8,Travis,Hunter Henry,TE,12.0,119.7,False,False,False,False,True,True
8,Travis,Tetairoa McMillan,WR,6.0,184.82,False,False,True,False,False,True
8,Travis,Rachaad White,RB,235.18055555555557,127.05,False,True,False,False,False,True
8,Travis,CJ Stroud,QB,4.763742222222222,245.14,False,False,False,False,False,False
8,Travis,George Kittle,TE,4.551349999999999,130.46,False,False,False,True,False,True
8,Travis,Makai Lemon,WR,3.0909055555555556,119.03,False,False,False,False,False,False
8,Travis,Dak Prescott,QB,3.461883333333333,278.54,False,False,False,False,False,False
8,Travis,Jakobi Meyers,WR,2.3436,131.61,False,False,False,False,True,True
8,Travis,Jayden Daniels,QB,1.9027499999999997,293.28,True,False,False,False,False,True
8,Travis,Tank Bigsby,RB,1.7883266666666666,68.64,False,False,False,False,False,False
8,Travis,Kenyon Sadiq,TE,1.0,85.03,False,False,False,False,False,False
9,Brad,Alec Pierce,WR,11.0,154.64,False,False,False,False,True,True
9,Brad,Jaxon Smith-Njigba,WR,31.0,253.78,False,False,True,False,False,True
9,Brad,Jaydon Blue,RB,14.0,54.64,False,False,False,False,False,False
9,Brad,Jameson Williams,WR,41.0,156.45,False,False,True,False,False,True
9,Brad,Marvin Harrison Jr,WR,16.0,145.68,False,False,False,False,True,True
9,Brad,Tyler Warren,TE,6.0,162.68,False,False,False,True,False,True
9,Brad,Bucky Irving,RB,257.0,175.8,False,True,False,False,False,True
9,Brad,Jacoby Brissett,QB,1.0,179.82,False,False,False,False,False,False
9,Brad,Lamar Jackson,QB,4.504166666666666,289.92,True,False,False,False,False,True
9,Brad,Jakobi Meyers,WR,3.576666666666666,131.61,False,False,False,False,False,False
9,Brad,CJ Stroud,QB,2.8223666666666665,245.14,False,False,False,False,False,False
9,Brad,Isiah Pacheco,RB,2.0,73.93,False,True,False,False,False,True
9,Brad,KC Concepcion,WR,1.8600833333333333,118.36,False,False,False,False,False,False
9,Brad,George Kittle,TE,1.5038,130.46,False,False,False,False,False,False
9,Brad,AD Mitchell,WR,1.2188166666666664,145.99444444444444,False,False,False,False,True,True
9,Brandon,Jonathan Taylor,RB,46.0,256.35,False,False,False,False,True,True
9,Brandon,Justin Jefferson,WR,46.0,221.18,False,False,True,False,False,True
9,Brandon,Nico Collins,WR,36.0,214.51,False,False,True,False,False,True
9,Brandon,Breece Hall,RB,31.0,201.5,False,False,False,False,True,True
9,Brandon,Brock Bowers,TE,16.0,177.91,False,False,False,True,False,True
9,Brandon,Christian McCaffrey,RB,46.0,265.35,False,True,False,False,False,True
9,Brandon,Marcus Mariota,QB,1.0,17.15,False,False,False,False,False,False
9,Brandon,Chuba Hubbard,RB,34.33643333333333,143.25,False,False,False,False,False,False
9,Brandon,Tua Tagovailoa,QB,1.0,103.67,False,False,False,False,False,False
9,Brandon,Jaylen Warren,RB,25.35843111111111,162.0,False,False,False,False,False,False
9,Brandon,Josh Allen,QB,22.17,328.82,True,False,False,False,False,True
9,Brandon,Bill Croskey-Merritt,RB,19.859116666666665,557.4333333333333,False,True,False,False,False,True
9,Brandon,Jacory Croskey-Merritt,RB,14.0,127.0,False,False,False,False,False,False
9,Brandon,Mike Evans,WR,10.304,164.95,False,False,False,False,False,False
9,Brandon,Terry McLaurin,WR,10.274666666666667,173.93,False,False,False,False,True,True
9,CJ,Tory Horton,WR,11.0,55.15,False,False,False,False,False,False
9,CJ,Ja'Marr Chase,WR,46.0,266.33,False,False,True,False,False,True
9,CJ,Chase Brown,RB,31.0,227.25,False,True,False,False,False,True
9,CJ,Sam LaPorta,TE,31.0,139.7,False,False,False,True,False,True
9,CJ,Parker Washington,WR,11.0,162.09,False,False,True,False,False,True
9,CJ,Omarion Hampton,RB,6.0,205.65,False,True,False,False,False,True
9,CJ,Tony Pollard,RB,256.0,143.2,False,False,False,False,True,True
9,CJ,Joe Flacco,QB,1.0,28.58,False,False,False,False,False,False
9,CJ,Rashod Bateman,WR,1.0,79.23,False,False,False,False,False,False
9,CJ,Jared Goff,QB,1.0,261.71,True,False,False,False,False,True
9,CJ,Matthew Stafford,QB,1.0,250.22,False,False,False,False,False,False
9,CJ,Patrick Mahomes,QB,1.0,254.26,False,False,False,False,False,False
9,CJ,Keenan Allen,WR,1.0,80.85,False,False,False,False,True,True
9,CJ,Tre Tucker,WR,1.0,95.11,False,False,False,False,True,True
9,CJ,Justice Hill,RB,1.0,57.9,False,False,False,False,False,False
9,Coby,Derrick Henry,RB,51.0,227.4,False,True,False,False,False,True
9,Coby,Kyren Williams,RB,31.0,196.2,False,False,False,False,True,True
9,Coby,Brian Thomas Jr,WR,16.0,138.06,False,False,True,False,False,True
9,Coby,Harold Fannin Jr,TE,6.0,141.21,False,False,False,True,False,True
9,Coby,TreVeyon Henderson,RB,11.0,158.6,False,False,False,False,False,False
9,Coby,Quinshon Judkins,RB,11.0,177.8,False,False,False,False,True,True
9,Coby,Josh Jacobs,RB,96.0,189.35,False,False,False,False,True,True
9,Coby,Jeremiyah Love,RB,48.44133333333333,202.4,False,True,False,False,False,True
9,Coby,Jonathon Brooks,RB,48.0,148.6,False,False,False,False,False,False
9,Coby,RJ Harvey,RB,39.0,136.65,False,False,False,False,False,False
9,Coby,Aaron Jones Sr,RB,38.56,131.55,False,False,False,False,False,False
9,Coby,Dallas Goedert,TE,1.0,119.45,False,False,False,False,False,False
9,Coby,Baker Mayfield,QB,1.0,243.4,True,False,False,False,False,True
9,Coby,Adonai Mitchell,WR,1.0,84.34,False,False,True,False,False,True
9,Coby,Cooper Kupp,WR,1.0,69.66,False,False,False,False,False,False
9,Evan,Amon-Ra St Brown,WR,41.0,247.22,False,False,False,False,False,False
9,Evan,Drake London,WR,36.0,221.3,False,False,False,False,False,False
9,Evan,Saquon Barkley,RB,46.0,222.8,False,False,False,False,False,False
9,Evan,George Pickens,WR,41.0,209.94,False,False,False,False,False,False
9,Evan,Puka Nacua,WR,31.0,256.87,False,False,False,False,False,False
9,Evan,Emeka Egbuka,WR,11.0,166.25,False,False,False,False,False,False
9,Evan,Carnell Tate,WR,51.803155555555556,140.03,False,False,False,False,False,False
9,Evan,DK Metcalf,WR,33.756102222222225,148.53,False,False,False,False,False,False
9,Evan,JK Dobbins,RB,25.80316,134.15,False,False,False,False,False,False
9,Evan,Travis Etienne,RB,16.857784444444448,190.4,False,False,False,False,False,False
9,Evan,Romeo Doubs,WR,13.885833333333334,122.25,False,False,False,False,False,False
9,Evan,Chris Godwin Jr,WR,9.453380000000001,134.26,False,False,False,False,False,False
9,Evan,Josh Downs,WR,7.444980000000001,145.07,False,False,False,False,False,False
9,Evan,Jayden Daniels,QB,5.5616666666666665,293.28,False,False,False,False,False,False
9,Evan,Brian Robinson Jr,RB,4.296240000000001,77.14,False,False,False,False,False,False
9,James,Wan'Dale Robinson,WR,11.0,133.19,False,False,False,False,True,True
9,James,Trevor Lawrence,QB,11.0,272.04,True,False,False,False,False,True
9,James,Jordan Addison,WR,31.0,131.03,False,False,False,False,True,True
9,James,Zay Flowers,WR,31.0,205.23,False,False,True,False,False,True
9,James,Colston Loveland,TE,6.0,157.08,False,False,False,True,False,True
9,James,Rico Dowdle,RB,13.0,157.15,False,True,False,False,False,True
9,James,James Cook,RB,274.0,234.4,False,True,False,False,False,True
9,James,Davante Adams,WR,16.0,161.35,False,False,True,False,False,True
9,James,Jake Ferguson,TE,1.0,117.94,False,False,False,False,True,True
9,James,Chig Okonkwo,TE,1.0,98.45,False,False,False,False,False,False
9,James,Emmett Johnson,RB,1.0,63.25,False,False,False,False,False,False
9,James,Brenton Strange,TE,1.0,112.65,False,False,False,False,False,False
9,James,Emanuel Wilson,RB,1.0,38.92,False,False,False,False,False,False
9,James,James Conner,RB,1.0,42.62,False,False,False,False,False,False
9,James,Kyler Murray,QB,1.0,255.34,False,False,False,False,False,False
9,Jason,CeeDee Lamb,WR,46.0,224.28,False,False,True,False,False,True
9,Jason,Trey McBride,TE,31.0,188.05,False,False,False,True,False,True
9,Jason,AJ Brown,WR,46.0,194.9,False,False,True,False,False,True
9,Jason,Bijan Robinson,RB,21.0,295.2,False,False,False,False,True,True
9,Jason,Jahmyr Gibbs,RB,31.0,296.35,False,False,False,False,True,True
9,Jason,Luther Burden,WR,11.0,169.58,False,False,False,False,True,True
9,Jason,Kenny Gainwell,RB,120.93333333333332,136.45,False,False,False,False,False,False
9,Jason,Nick Chubb,RB,31.524853333333336,451.25555555555553,False,True,False,False,False,True
9,Jason,Joe Burrow,QB,20.58922666666667,282.7,True,False,False,False,False,True
9,Jason,Austin Ekeler,RB,7.799324444444445,411.43888888888887,False,True,False,False,False,True
9,Jason,Zach Charbonnet,RB,6.0324977777777775,107.61,False,False,False,False,False,False
9,Jason,Braelon Allen,RB,6.912149333333334,68.77,False,False,False,False,False,False
9,Jason,Tyler Allgeier,RB,4.9786311111111115,86.65,False,False,False,False,False,False
9,Jason,Travis Kelce,TE,3.2768,129.94,False,False,False,False,False,False
9,Jason,Dylan Sampson,RB,2.177706666666667,79.3,False,False,False,False,False,False
9,Reid,Kyle Pitts Sr,TE,11.0,140.7,False,False,False,False,True,True
9,Reid,Tucker Kraft,TE,21.0,143.34,False,False,False,True,False,True
9,Reid,Drake Maye,QB,30.0,296.32,False,False,False,False,False,False
9,Reid,Chris Olave,WR,41.0,194.65,False,False,True,False,False,True
9,Reid,Jalen Coker,WR,13.0,124.35,False,False,False,False,True,True
9,Reid,Javonte Williams,RB,34.0,196.9,False,True,False,False,False,True
9,Reid,Rachaad White,RB,200.0,127.05,False,True,False,False,False,True
9,Reid,Jalen Hurts,QB,21.469941333333335,297.46,True,False,False,False,False,True
9,Reid,Matthew Golden,WR,13.535160888888893,127.74,False,False,False,False,True,True
9,Reid,Keaton Mitchell,RB,8.207361111111112,90.45,False,False,False,False,False,False
9,Reid,Makai Lemon,WR,3.4454933333333333,119.03,False,False,False,False,False,False
9,Reid,Jajuan Jennings,WR,4.335054222222222,145.99444444444444,False,False,True,False,False,True
9,Reid,Dak Prescott,QB,2.864014222222223,278.54,False,False,False,False,False,False
9,Reid,Xavier Worthy,WR,1.9377777777777778,118.5,False,False,False,False,False,False
9,Reid,Mike Washington Jr.,RB,1.92,80.65,False,False,False,False,False,False
9,Ryan J,Brock Purdy,QB,15.0,256.32,True,False,False,False,False,True
9,Ryan J,Michael Wilson,WR,11.0,132.1,False,False,False,False,False,False
9,Ryan J,Oronde Gadsden,TE,11.0,72.1,False,False,False,False,False,False
9,Ryan J,DeVon Achane,RB,26.0,242.2,False,True,False,False,False,True
9,Ryan J,Ashton Jeanty,RB,6.0,199.4,False,True,False,False,False,True
9,Ryan J,Ladd McConkey,WR,67.0,165.85,False,False,True,False,False,True
9,Ryan J,Bhayshul Tuten,RB,82.34980921906259,160.4,False,False,False,False,True,True
9,Ryan J,Jordan Mason,RB,69.0,137.2,False,False,False,False,True,True
9,Ryan J,DeVonta Smith,WR,39.14533333333333,189.84,False,False,True,False,False,True
9,Ryan J,Cam Ward,QB,1.0,221.28,False,False,False,False,False,False
9,Ryan J,Courtland Sutton,WR,24.910933333333332,137.35,False,False,False,False,True,True
9,Ryan J,Khalil Shakir,WR,16.79535222222222,122.83,False,False,False,False,False,False
9,Ryan J,TJ Hockenson,TE,8.419016666666668,103.35,False,False,False,True,False,True
9,Ryan J,Stefon Diggs,WR,5.2394622222222225,130.42,False,False,False,False,False,False
9,Ryan J,Alvin Kamara,RB,3.0571022222222224,68.7,False,False,False,False,False,False
9,Sam,Garrett Wilson,WR,31.0,163.37,False,False,True,False,False,True
9,Sam,Kenneth Walker III,RB,36.0,217.65,False,True,False,False,False,True
9,Sam,Quentin Johnston,WR,11.0,125.4,False,False,False,False,False,False
9,Sam,David Montgomery,RB,45.0,176.5,False,False,False,False,True,True
9,Sam,Cam Skattebo,RB,28.0,186.4,False,True,False,False,False,True
9,Sam,Jaxson Dart,QB,11.0,273.12,True,False,False,False,False,True
9,Sam,DJ Moore,WR,190.0,154.17,False,False,False,False,True,True
9,Sam,Michael Pittman Jr,WR,6.37266888888889,137.83,False,False,False,False,True,True
9,Sam,Mark Andrews,TE,9.089706666666666,128.18,False,False,False,True,False,True
9,Sam,Ricky Pearsall,WR,5.812366222222222,199.08333333333334,False,False,True,False,False,True
9,Sam,Dalton Kincaid,TE,3.803648,118.1,False,False,False,False,False,False
9,Sam,Tank Bigsby,RB,2.5037653333333334,68.64,False,False,False,False,False,False
9,Sam,Jayden Higgins,WR,1.1888888888888889,132.72222222222223,False,False,False,False,False,False
9,Sam,Justin Herbert,QB,1.8933333333333335,263.56,False,False,False,False,False,False
9,Sam,Rashid Shaheed,WR,1.8844444444444446,105.92,False,False,False,False,False,False
9,Shane,MarShawn Lloyd,RB,11.0,75.39,False,False,False,False,True,True
9,Shane,Rome Odunze,WR,16.0,159.72,False,False,False,False,True,True
9,Shane,Caleb Williams,QB,16.0,271.0,True,False,False,False,False,True
9,Shane,Blake Corum,RB,11.0,134.1,False,True,False,False,False,True
9,Shane,Kyle Monangai,RB,11.0,144.3,False,True,False,False,False,True
9,Shane,Christian Watson,WR,11.0,161.94,False,False,True,False,False,True
9,Shane,Jaylen Waddle,WR,256.0,177.9,False,False,True,False,False,True
9,Shane,Tyrod Taylor,QB,1.0,10.25,False,False,False,False,False,False
9,Shane,Deebo Samuel,WR,60.84253007680065,102.68,False,False,False,False,True,True
9,Shane,Tyrone Tracy Jr,RB,1.1600000000000001,72.35,False,False,False,False,False,False
9,Shane,Kimani Vidal,RB,1.0,54.72,False,False,False,False,False,False
9,Shane,Ray Davis,RB,1.0,61.54,False,False,False,False,False,False
9,Shane,Samaje Perine,RB,1.0,68.35,False,False,False,False,False,False
9,Shane,Juwan Johnson,TE,1.0,111.55,False,False,False,True,False,True
9,Shane,Trey Benson,RB,1.0,11.03,False,False,False,False,False,False
9,Travis,Jayden Reed,WR,26.0,143.93,False,False,False,False,True,True
9,Travis,Malik Nabers,WR,16.0,183.51,False,False,False,False,True,True
9,Travis,Woody Marks,RB,11.0,104.75,False,True,False,False,False,True
9,Travis,Rhamondre Stevenson,RB,42.0,157.55,False,True,False,False,False,True
9,Travis,Hunter Henry,TE,12.0,119.7,False,False,False,True,False,True
9,Travis,Tetairoa McMillan,WR,6.0,184.82,False,False,True,False,False,True
9,Travis,Tee Higgins,WR,235.83333333333331,181.9,False,False,False,False,True,True
9,Travis,Rashee Rice,WR,21.17,197.11,False,False,True,False,False,True
9,Travis,Tyson Bagent,QB,1.0,11.07,False,False,False,False,False,False
9,Travis,Jonah Coleman,RB,1.0,67.3,False,False,False,False,False,False
9,Travis,Isaiah Likely,TE,1.0,115.25,False,False,False,False,False,False
9,Travis,Dalton Schultz,TE,1.0,109.4,False,False,False,False,False,False
9,Travis,Keon Coleman,WR,1.0,60.6,False,False,False,False,False,False
9,Travis,Christian Kirk,WR,1.0,37.77,False,False,False,False,False,False
9,Travis,Jordan Love,QB,1.0,256.74,True,False,False,False,False,True
10,Brad,Alec Pierce,WR,11.0,154.64,False,False,False,False,True,True
10,Brad,Jaxon Smith-Njigba,WR,31.0,253.78,False,False,True,False,False,True
10,Brad,Jaydon Blue,RB,14.0,54.64,False,False,False,False,False,False
10,Brad,Jameson Williams,WR,41.0,156.45,False,False,True,False,False,True
10,Brad,Marvin Harrison Jr,WR,16.0,145.68,False,False,False,False,True,True
10,Brad,Tyler Warren,TE,6.0,162.68,False,False,False,True,False,True
10,Brad,Rachaad White,RB,215.216,127.05,False,True,False,False,False,True
10,Brad,Mike Washington Jr.,RB,19.60993807868507,80.65,False,True,False,False,False,True
10,Brad,Dak Prescott,QB,11.497157417335632,278.54,True,False,False,False,False,True
10,Brad,Mark Andrews,TE,11.291633777777777,128.18,False,False,False,False,True,True
10,Brad,Jacoby Brissett,QB,1.0,179.82,False,False,False,False,False,False
10,Brad,Isaiah Likely,TE,2.3272000000000004,115.25,False,False,False,False,False,False
10,Brad,Dallas Goedert,TE,2.0,119.45,False,False,False,False,False,False
10,Brad,Rashod Bateman,WR,4.003990601585296,79.23,False,False,False,False,False,False
10,Brad,Rashid Shaheed,WR,4.096355555555556,105.92,False,False,False,False,False,False
10,Brandon,Jonathan Taylor,RB,46.0,256.35,False,True,False,False,False,True
10,Brandon,Justin Jefferson,WR,46.0,221.18,False,False,True,False,False,True
10,Brandon,Nico Collins,WR,36.0,214.51,False,False,True,False,False,True
10,Brandon,Breece Hall,RB,31.0,201.5,False,False,False,False,True,True
10,Brandon,Brock Bowers,TE,16.0,177.91,False,False,False,True,False,True
10,Brandon,Christian McCaffrey,RB,46.0,265.35,False,True,False,False,False,True
10,Brandon,James Cook,RB,96.0,234.4,False,False,False,False,True,True
10,Brandon,Jordan Mason,RB,81.0,137.2,False,False,False,False,True,True
10,Brandon,Quinn Ewers,QB,1.0,9.68,False,False,False,False,False,False
10,Brandon,Baker Mayfield,QB,1.0,243.4,True,False,False,False,False,True
10,Brandon,James Conner,RB,1.0,42.62,False,False,False,False,False,False
10,Brandon,Juwan Johnson,TE,1.0,111.55,False,False,False,False,False,False
10,Brandon,Emari Demercado,RB,1.0,26.21,False,False,False,False,False,False
10,Brandon,Chris Rodriguez Jr,RB,1.0,110.29,False,False,False,False,False,False
10,Brandon,Tyreek Hill,WR,1.0,0.0,False,False,False,False,False,False
10,CJ,Tory Horton,WR,11.0,55.15,False,False,False,False,False,False
10,CJ,Ja'Marr Chase,WR,46.0,266.33,False,False,True,False,False,True
10,CJ,Chase Brown,RB,31.0,227.25,False,True,False,False,False,True
10,CJ,Sam LaPorta,TE,31.0,139.7,False,False,False,True,False,True
10,CJ,Parker Washington,WR,11.0,162.09,False,False,True,False,False,True
10,CJ,Omarion Hampton,RB,6.0,205.65,False,True,False,False,False,True
10,CJ,Bucky Irving,RB,96.59440000000001,175.8,False,False,False,False,True,True
10,CJ,Josh Jacobs,RB,73.0,189.35,False,False,False,False,True,True
10,CJ,Jeremiyah Love,RB,70.31466666666667,202.4,False,False,False,False,True,True
10,CJ,Chris Godwin Jr,WR,19.0,134.26,False,False,False,False,False,False
10,CJ,Anthony Richardson Sr.,QB,1.0,10.4,False,False,False,False,False,False
10,CJ,Christian Kirk,WR,1.0,37.77,False,False,False,False,False,False
10,CJ,Jared Goff,QB,1.1,261.71,True,False,False,False,False,True
10,CJ,Patrick Mahomes,QB,1.0,254.26,False,False,False,False,False,False
10,CJ,Keon Coleman,WR,1.0,60.6,False,False,False,False,False,False
10,Coby,Derrick Henry,RB,51.0,227.4,False,True,False,False,False,True
10,Coby,Kyren Williams,RB,31.0,196.2,False,True,False,False,False,True
10,Coby,Brian Thomas Jr,WR,16.0,138.06,False,False,False,False,False,False
10,Coby,Harold Fannin Jr,TE,6.0,141.21,False,False,False,True,False,True
10,Coby,TreVeyon Henderson,RB,11.0,158.6,False,False,False,False,True,True
10,Coby,Quinshon Judkins,RB,11.0,177.8,False,False,False,False,True,True
10,Coby,Tony Pollard,RB,77.63111111111112,143.2,False,False,False,False,True,True
10,Coby,Joe Flacco,QB,1.0,28.58,False,False,False,False,False,False
10,Coby,Carnell Tate,WR,55.07886244444444,140.03,False,False,True,False,False,True
10,Coby,TJ Hockenson,TE,33.84584222222223,103.35,False,False,False,False,False,False
10,Coby,Keaton Mitchell,RB,28.197729999999996,90.45,False,False,False,False,False,False
10,Coby,Jalen Hurts,QB,19.751688,297.46,True,False,False,False,False,True
10,Coby,Jajuan Jennings,WR,14.279683611111114,145.99444444444444,False,False,True,False,False,True
10,Coby,Dalton Kincaid,TE,9.571872222222224,118.1,False,False,False,False,False,False
10,Coby,Braelon Allen,RB,7.7732160000000015,68.77,False,False,False,False,False,False
10,Evan,Amon-Ra St Brown,WR,41.0,247.22,False,False,True,False,False,True
10,Evan,Drake London,WR,36.0,221.3,False,False,False,False,True,True
10,Evan,Saquon Barkley,RB,46.0,222.8,False,True,False,False,False,True
10,Evan,George Pickens,WR,41.0,209.94,False,False,False,False,True,True
10,Evan,Puka Nacua,WR,31.0,256.87,False,False,True,False,False,True
10,Evan,Emeka Egbuka,WR,11.0,166.25,False,False,False,False,False,False
10,Evan,DeVonta Smith,WR,35.84647722222222,189.84,False,False,False,False,True,True
10,Evan,DK Metcalf,WR,29.0,148.53,False,False,False,False,False,False
10,Evan,Austin Ekeler,RB,21.519722222222224,411.43888888888887,False,True,False,False,False,True
10,Evan,Zach Charbonnet,RB,18.679873333333333,107.61,False,False,False,False,False,False
10,Evan,KC Concepcion,WR,13.770410000000002,118.36,False,False,False,False,False,False
10,Evan,Alvin Kamara,RB,11.710673333333334,68.7,False,False,False,False,False,False
10,Evan,George Kittle,TE,8.722722222222224,130.46,False,False,False,True,False,True
10,Evan,Riley Leonard,QB,1.0,11.86,True,False,False,False,False,True
10,Evan,AD Mitchell,WR,7.281944444444446,145.99444444444444,False,False,False,False,False,False
10,James,Wan'Dale Robinson,WR,11.0,133.19,False,False,False,False,False,False
10,James,Trevor Lawrence,QB,11.0,272.04,False,False,False,False,False,False
10,James,Jordan Addison,WR,31.0,131.03,False,False,False,False,False,False
10,James,Zay Flowers,WR,31.0,205.23,False,False,True,False,False,True
10,James,Colston Loveland,TE,6.0,157.08,False,False,False,True,False,True
10,James,Rico Dowdle,RB,13.0,157.15,False,True,False,False,False,True
10,James,Bill Croskey-Merritt,RB,56.29957766666667,557.4333333333333,False,True,False,False,False,True
10,James,Rashee Rice,WR,50.547,197.11,False,False,True,False,False,True
10,James,Josh Allen,QB,38.781333333333336,328.82,True,False,False,False,False,True
10,James,Terry McLaurin,WR,30.0,173.93,False,False,False,False,True,True
10,James,Tyler Allgeier,RB,23.788520000000002,86.65,False,False,False,False,False,False
10,James,Josh Downs,WR,17.93168,145.07,False,False,False,False,True,True
10,James,Michael Pittman Jr,WR,14.620200000000002,137.83,False,False,False,False,True,True
10,James,Stefon Diggs,WR,10.603394444444445,130.42,False,False,False,False,False,False
10,James,Jake Ferguson,TE,9.398246666666667,117.94,False,False,False,False,False,False
10,Jason,CeeDee Lamb,WR,46.0,224.28,False,False,True,False,False,True
10,Jason,Trey McBride,TE,31.0,188.05,False,False,False,True,False,True
10,Jason,AJ Brown,WR,46.0,194.9,False,False,True,False,False,True
10,Jason,Bijan Robinson,RB,21.0,295.2,False,True,False,False,False,True
10,Jason,Jahmyr Gibbs,RB,31.0,296.35,False,True,False,False,False,True
10,Jason,Luther Burden,WR,11.0,169.58,False,False,False,False,True,True
10,Jason,Bhayshul Tuten,RB,177.0,160.4,False,False,False,False,True,True
10,Jason,Mike Evans,WR,23.60180111111111,164.95,False,False,False,False,True,True
10,Jason,Jordan Love,QB,2.0999999999999996,256.74,True,False,False,False,False,True
10,Jason,Emmett Johnson,RB,1.2999999999999998,63.25,False,False,False,False,False,False
10,Jason,Justice Hill,RB,1.0,57.9,False,False,False,False,False,False
10,Jason,Ted Hurst III,WR,1.0,61.33,False,False,False,False,False,False
10,Jason,Chimere Dike,WR,1.0,52.35,False,False,False,False,False,False
10,Jason,Keenan Allen,WR,1.0,80.85,False,False,False,False,False,False
10,Jason,David Njoku,TE,1.0,56.0,False,False,False,False,False,False
10,Reid,Kyle Pitts Sr,TE,11.0,140.7,False,False,False,False,True,True
10,Reid,Tucker Kraft,TE,21.0,143.34,False,False,False,True,False,True
10,Reid,Drake Maye,QB,30.0,296.32,True,False,False,False,False,True
10,Reid,Chris Olave,WR,41.0,194.65,False,False,True,False,False,True
10,Reid,Jalen Coker,WR,13.0,124.35,False,False,False,False,False,False
10,Reid,Javonte Williams,RB,34.0,196.9,False,True,False,False,False,True
10,Reid,Jaylen Waddle,WR,70.01909133333334,177.9,False,False,True,False,False,True
10,Reid,Nick Chubb,RB,53.22630666666667,451.25555555555553,False,True,False,False,False,True
10,Reid,Jacory Croskey-Merritt,RB,33.708875,127.0,False,False,False,False,True,True
10,Reid,Joe Burrow,QB,27.618154666666673,282.7,False,False,False,False,False,False
10,Reid,Brian Robinson Jr,RB,17.01337888888889,77.14,False,False,False,False,False,False
10,Reid,Travis Kelce,TE,12.812064444444445,129.94,False,False,False,False,True,True
10,Reid,Xavier Worthy,WR,10.753746666666666,118.5,False,False,False,False,False,False
10,Reid,Justin Herbert,QB,8.109982222222223,263.56,False,False,False,False,False,False
10,Reid,Aaron Rodgers,QB,1.0,191.83,False,False,False,False,False,False
10,Ryan J,Brock Purdy,QB,15.0,256.32,False,False,False,False,False,False
10,Ryan J,Michael Wilson,WR,11.0,132.1,False,False,True,False,False,True
10,Ryan J,Oronde Gadsden,TE,11.0,72.1,False,False,False,True,False,True
10,Ryan J,DeVon Achane,RB,26.0,242.2,False,True,False,False,False,True
10,Ryan J,Ashton Jeanty,RB,6.0,199.4,False,True,False,False,False,True
10,Ryan J,Ladd McConkey,WR,67.0,165.85,False,False,True,False,False,True
10,Ryan J,Jaylen Warren,RB,51.92142222222222,162.0,False,False,False,False,True,True
10,Ryan J,Jonathon Brooks,RB,40.21066666666667,148.6,False,False,False,False,True,True
10,Ryan J,Chuba Hubbard,RB,33.34037777777778,143.25,False,False,False,False,True,True
10,Ryan J,Aaron Jones Sr,RB,26.0,131.55,False,False,False,False,False,False
10,Ryan J,Lamar Jackson,QB,20.1,289.92,False,False,False,False,False,False
10,Ryan J,Jayden Daniels,QB,15.868000000000002,293.28,True,False,False,False,False,True
10,Ryan J,Jakobi Meyers,WR,12.551715555555555,131.61,False,False,False,False,False,False
10,Ryan J,Jonah Coleman,RB,9.976750000000001,67.3,False,False,False,False,False,False
10,Ryan J,Makai Lemon,WR,8.010776666666668,119.03,False,False,False,False,False,False
10,Sam,Garrett Wilson,WR,31.0,163.37,False,False,True,False,False,True
10,Sam,Kenneth Walker III,RB,36.0,217.65,False,True,False,False,False,True
10,Sam,Quentin Johnston,WR,11.0,125.4,False,False,True,False,False,True
10,Sam,David Montgomery,RB,45.0,176.5,False,False,False,False,True,True
10,Sam,Cam Skattebo,RB,28.0,186.4,False,True,False,False,False,True
10,Sam,Jaxson Dart,QB,11.0,273.12,True,False,False,False,False,True
10,Sam,Kenny Gainwell,RB,201.69614444444446,136.45,False,False,False,False,True,True
10,Sam,Dalton Schultz,TE,7.077001218360513,109.4,False,False,False,True,False,True
10,Sam,Cam Ward,QB,1.0,221.28,False,False,False,False,False,False
10,Sam,Ray Davis,RB,3.4000000000000004,61.54,False,False,False,False,False,False
10,Sam,Trey Benson,RB,2.3,11.03,False,False,False,False,False,False
10,Sam,Kimani Vidal,RB,2.3,54.72,False,False,False,False,False,False
10,Sam,Chig Okonkwo,TE,1.8944250000000005,98.45,False,False,False,False,True,True
10,Sam,Trey Lance,QB,1.0,9.42,False,False,False,False,False,False
10,Sam,Samaje Perine,RB,1.7875,68.35,False,False,False,False,False,False
10,Shane,MarShawn Lloyd,RB,11.0,75.39,False,False,False,False,False,False
10,Shane,Rome Odunze,WR,16.0,159.72,False,False,False,False,False,False
10,Shane,Caleb Williams,QB,16.0,271.0,False,False,False,False,False,False
10,Shane,Blake Corum,RB,11.0,134.1,False,False,False,False,False,False
10,Shane,Kyle Monangai,RB,11.0,144.3,False,False,False,False,False,False
10,Shane,Christian Watson,WR,11.0,161.94,False,False,False,False,False,False
10,Shane,Tee Higgins,WR,81.55752222222223,181.9,False,False,False,False,False,False
10,Shane,JK Dobbins,RB,56.339548598829836,134.15,False,False,False,False,False,False
10,Shane,Courtland Sutton,WR,41.84454000000001,137.35,False,False,False,False,False,False
10,Shane,DJ Moore,WR,39.71557944444445,154.17,False,False,False,False,False,False
10,Shane,Romeo Doubs,WR,24.437805039368175,122.25,False,False,False,False,False,False
10,Shane,Matthew Golden,WR,20.118132000000003,127.74,False,False,False,False,False,False
10,Shane,Khalil Shakir,WR,14.768075666666668,122.83,False,False,False,False,False,False
10,Shane,Tank Bigsby,RB,10.614805666666667,68.64,False,False,False,False,False,False
10,Shane,Jayden Higgins,WR,6.0,132.72222222222223,False,False,False,False,False,False
10,Travis,Jayden Reed,WR,26.0,143.93,False,False,False,False,True,True
10,Travis,Malik Nabers,WR,16.0,183.51,False,False,False,False,True,True
10,Travis,Woody Marks,RB,11.0,104.75,False,False,False,False,False,False
10,Travis,Rhamondre Stevenson,RB,42.0,157.55,False,True,False,False,False,True
10,Travis,Hunter Henry,TE,12.0,119.7,False,False,False,True,False,True
10,Travis,Tetairoa McMillan,WR,6.0,184.82,False,False,True,False,False,True
10,Travis,RJ Harvey,RB,69.01888888888888,136.65,False,False,False,False,False,False
10,Travis,Davante Adams,WR,48.27973888888889,161.35,False,False,False,False,True,True
10,Travis,Deebo Samuel,WR,40.539730000000006,102.68,False,False,False,False,False,False
10,Travis,Dylan Sampson,RB,24.363752149507306,79.3,False,False,False,False,False,False
10,Travis,Travis Etienne,RB,19.159377777777777,190.4,False,True,False,False,False,True
10,Travis,Ricky Pearsall,WR,15.488088000000001,199.08333333333334,False,False,True,False,False,True
10,Travis,Isiah Pacheco,RB,10.152966666666668,73.93,False,False,False,False,False,False
10,Travis,Tyrone Tracy Jr,RB,7.6178888888888885,72.35,False,False,False,False,False,False
10,Travis,CJ Stroud,QB,5.197493333333333,245.14,True,False,False,False,False,True
11,Brad,Alec Pierce,WR,11.0,154.64,False,False,False,False,True,True
11,Brad,Jaxon Smith-Njigba,WR,31.0,253.78,False,False,True,False,False,True
11,Brad,Jaydon Blue,RB,14.0,54.64,False,False,False,False,False,False
11,Brad,Jameson Williams,WR,41.0,156.45,False,False,True,False,False,True
11,Brad,Marvin Harrison Jr,WR,16.0,145.68,False,False,False,False,True,True
11,Brad,Tyler Warren,TE,6.0,162.68,False,False,False,True,False,True
11,Brad,Kenny Gainwell,RB,74.12,136.45,False,False,False,False,False,False
11,Brad,James Cook,RB,57.46666666666666,234.4,False,True,False,False,False,True
11,Brad,Josh Allen,QB,35.43085333333334,328.82,True,False,False,False,False,True
11,Brad,Nick Chubb,RB,28.37976111111111,451.25555555555553,False,True,False,False,False,True
11,Brad,DK Metcalf,WR,22.65930666666667,148.53,False,False,False,False,True,True
11,Brad,Travis Kelce,TE,15.697095111111114,129.94,False,False,False,False,False,False
11,Brad,TJ Hockenson,TE,11.15388888888889,103.35,False,False,False,False,False,False
11,Brad,Tyler Allgeier,RB,9.073427000000002,86.65,False,False,False,False,False,False
11,Brad,Stefon Diggs,WR,6.073495555555556,130.42,False,False,False,False,False,False
11,Brandon,Jonathan Taylor,RB,46.0,256.35,False,True,False,False,False,True
11,Brandon,Justin Jefferson,WR,46.0,221.18,False,False,True,False,False,True
11,Brandon,Nico Collins,WR,36.0,214.51,False,False,True,False,False,True
11,Brandon,Breece Hall,RB,31.0,201.5,False,False,False,False,True,True
11,Brandon,Brock Bowers,TE,16.0,177.91,False,False,False,True,False,True
11,Brandon,Christian McCaffrey,RB,46.0,265.35,False,True,False,False,False,True
11,Brandon,DJ Moore,WR,47.111041777777785,154.17,False,False,False,False,True,True
11,Brandon,DeVonta Smith,WR,34.519095,189.84,False,False,False,False,True,True
11,Brandon,JK Dobbins,RB,25.451337499999998,134.15,False,False,False,False,False,False
11,Brandon,Matthew Golden,WR,19.310479,127.74,False,False,False,False,False,False
11,Brandon,Lamar Jackson,QB,13.765589444444444,289.92,False,False,False,False,False,False
11,Brandon,Khalil Shakir,WR,11.249587555555557,122.83,False,False,False,False,False,False
11,Brandon,Jake Ferguson,TE,8.159630722222225,117.94,False,False,False,False,False,False
11,Brandon,Jayden Daniels,QB,5.445175555555556,293.28,True,False,False,False,False,True
11,Brandon,Alvin Kamara,RB,4.087026666666667,68.7,False,False,False,False,False,False
11,CJ,Tory Horton,WR,11.0,55.15,False,False,False,False,False,False
11,CJ,Ja'Marr Chase,WR,46.0,266.33,False,False,False,False,False,False
11,CJ,Chase Brown,RB,31.0,227.25,False,False,False,False,False,False
11,CJ,Sam LaPorta,TE,31.0,139.7,False,False,False,False,False,False
11,CJ,Parker Washington,WR,11.0,162.09,False,False,False,False,False,False
11,CJ,Omarion Hampton,RB,6.0,205.65,False,False,False,False,False,False
11,CJ,Rashee Rice,WR,55.82,197.11,False,False,False,False,False,False
11,CJ,RJ Harvey,RB,43.0,136.65,False,False,False,False,False,False
11,CJ,Terry McLaurin,WR,31.328661111111117,173.93,False,False,False,False,False,False
11,CJ,Jacory Croskey-Merritt,RB,26.33088777777778,127.0,False,False,False,False,False,False
11,CJ,Keaton Mitchell,RB,20.870018,90.45,False,False,False,False,False,False
11,CJ,Chris Godwin Jr,WR,17.25297777777778,134.26,False,False,False,False,False,False
11,CJ,Mike Evans,WR,13.47596,164.95,False,False,False,False,False,False
11,CJ,Josh Downs,WR,10.260806666666667,145.07,False,False,False,False,False,False
11,CJ,Austin Ekeler,RB,8.629740000000002,411.43888888888887,False,False,False,False,False,False
11,Coby,Derrick Henry,RB,51.0,227.4,False,True,False,False,False,True
11,Coby,Kyren Williams,RB,31.0,196.2,False,True,False,False,False,True
11,Coby,Brian Thomas Jr,WR,16.0,138.06,False,False,False,False,False,False
11,Coby,Harold Fannin Jr,TE,6.0,141.21,False,False,False,True,False,True
11,Coby,TreVeyon Henderson,RB,11.0,158.6,False,False,False,False,True,True
11,Coby,Quinshon Judkins,RB,11.0,177.8,False,False,False,False,True,True
11,Coby,Jaylen Waddle,WR,83.03170555555556,177.9,False,False,True,False,False,True
11,Coby,Tee Higgins,WR,82.73977777777779,181.9,False,False,True,False,False,True
11,Coby,Chuba Hubbard,RB,42.2097,143.25,False,False,False,False,True,True
11,Coby,Jalen Hurts,QB,31.11291388888889,297.46,True,False,False,False,False,True
11,Coby,Brian Robinson Jr,RB,11.0,77.14,False,False,False,False,False,False
11,Coby,Romeo Doubs,WR,10.148414000000002,122.25,False,False,False,False,False,False
11,Coby,Mike Washington Jr.,RB,5.714222222222222,80.65,False,False,False,False,False,False
11,Coby,Isiah Pacheco,RB,2.592994444444445,73.93,False,False,False,False,False,False
11,Coby,Xavier Worthy,WR,2.0,118.5,False,False,False,False,False,False
11,Evan,Amon-Ra St Brown,WR,41.0,247.22,False,False,True,False,False,True
11,Evan,Drake London,WR,36.0,221.3,False,False,False,False,True,True
11,Evan,Saquon Barkley,RB,46.0,222.8,False,True,False,False,False,True
11,Evan,George Pickens,WR,41.0,209.94,False,False,False,False,True,True
11,Evan,Puka Nacua,WR,31.0,256.87,False,False,True,False,False,True
11,Evan,Emeka Egbuka,WR,11.0,166.25,False,False,False,False,False,False
11,Evan,Josh Jacobs,RB,104.024,189.35,False,False,False,False,True,True
11,Evan,Bill Croskey-Merritt,RB,65.17320555555555,557.4333333333333,False,True,False,False,False,True
11,Evan,Joe Burrow,QB,5.838730416666666,282.7,True,False,False,False,False,True
11,Evan,Dalton Schultz,TE,2.0,109.4,False,False,False,False,False,False
11,Evan,Christian Kirk,WR,2.0,37.77,False,False,False,False,False,False
11,Evan,Adonai Mitchell,WR,1.823611111111111,84.34,False,False,False,False,False,False
11,Evan,Juwan Johnson,TE,1.15,111.55,False,False,False,True,False,True
11,Evan,Chris Rodriguez Jr,RB,1.0,110.29,False,False,False,False,False,False
11,Evan,Jared Goff,QB,1.0,261.71,False,False,False,False,False,False
11,James,Wan'Dale Robinson,WR,11.0,133.19,False,False,False,False,True,True
11,James,Trevor Lawrence,QB,11.0,272.04,True,False,False,False,False,True
11,James,Jordan Addison,WR,31.0,131.03,False,False,False,False,True,True
11,James,Zay Flowers,WR,31.0,205.23,False,False,True,False,False,True
11,James,Colston Loveland,TE,6.0,157.08,False,False,False,True,False,True
11,James,Rico Dowdle,RB,13.0,157.15,False,True,False,False,False,True
11,James,Rachaad White,RB,235.18055555555557,127.05,False,False,False,False,True,True
11,James,Aaron Jones Sr,RB,48.44133333333333,131.55,False,True,False,False,False,True
11,James,Ricky Pearsall,WR,5.604733333333334,199.08333333333334,False,False,True,False,False,True
11,James,Nate Boerkircher,TE,1.0,29.93,False,False,False,False,False,False
11,James,Rashid Shaheed,WR,2.6564416666666664,105.92,False,False,False,False,False,False
11,James,Keenan Allen,WR,1.12,80.85,False,False,False,False,False,False
11,James,Brenton Strange,TE,1.0,112.65,False,False,False,False,False,False
11,James,Emanuel Wilson,RB,1.0,38.92,False,False,False,False,False,False
11,James,Cooper Kupp,WR,1.0,69.66,False,False,False,False,False,False
11,Jason,CeeDee Lamb,WR,46.0,224.28,False,False,True,False,False,True
11,Jason,Trey McBride,TE,31.0,188.05,False,False,False,True,False,True
11,Jason,AJ Brown,WR,46.0,194.9,False,False,True,False,False,True
11,Jason,Bijan Robinson,RB,21.0,295.2,False,True,False,False,False,True
11,Jason,Jahmyr Gibbs,RB,31.0,296.35,False,True,False,False,False,True
11,Jason,Luther Burden,WR,11.0,169.58,False,False,False,False,True,True
11,Jason,Bhayshul Tuten,RB,176.6155611111111,160.4,False,False,False,False,True,True
11,Jason,Courtland Sutton,WR,11.42078577777778,137.35,False,False,False,False,True,True
11,Jason,Dalton Kincaid,TE,7.064917333333335,118.1,False,False,False,False,False,False
11,Jason,Justin Herbert,QB,4.527075555555556,263.56,False,False,False,False,False,False
11,Jason,Samaje Perine,RB,2.0913500000000003,68.35,False,False,False,False,False,False
11,Jason,Tank Bigsby,RB,2.0863666666666667,68.64,False,False,False,False,False,False
11,Jason,Dak Prescott,QB,1.92,278.54,True,False,False,False,False,True
11,Jason,Ray Davis,RB,1.1611111111111112,61.54,False,False,False,False,False,False
11,Jason,Dallas Goedert,TE,1.1555555555555557,119.45,False,False,False,False,False,False
11,Reid,Kyle Pitts Sr,TE,11.0,140.7,False,False,False,False,True,True
11,Reid,Tucker Kraft,TE,21.0,143.34,False,False,False,True,False,True
11,Reid,Drake Maye,QB,30.0,296.32,True,False,False,False,False,True
11,Reid,Chris Olave,WR,41.0,194.65,False,False,True,False,False,True
11,Reid,Jalen Coker,WR,13.0,124.35,False,False,True,False,False,True
11,Reid,Javonte Williams,RB,34.0,196.9,False,True,False,False,False,True
11,Reid,Tony Pollard,RB,249.0,143.2,False,True,False,False,False,True
11,Reid,Emmett Johnson,RB,1.15,63.25,False,False,False,False,False,False
11,Reid,James Conner,RB,1.1444444444444444,42.62,False,False,False,False,False,False
11,Reid,Trey Benson,RB,1.4805555555555556,11.03,False,False,False,False,False,False
11,Reid,Kimani Vidal,RB,1.4733333333333334,54.72,False,False,False,False,False,False
11,Reid,Keon Coleman,WR,1.4516666666666667,60.6,False,False,False,False,False,False
11,Reid,Chig Okonkwo,TE,1.4372222222222224,98.45,False,False,False,False,True,True
11,Reid,Rashod Bateman,WR,1.422777777777778,79.23,False,False,False,False,True,True
11,Reid,Baker Mayfield,QB,1.4155555555555555,243.4,False,False,False,False,False,False
11,Ryan J,Brock Purdy,QB,15.0,256.32,False,False,False,False,False,False
11,Ryan J,Michael Wilson,WR,11.0,132.1,False,False,True,False,False,True
11,Ryan J,Oronde Gadsden,TE,11.0,72.1,False,False,False,True,False,True
11,Ryan J,DeVon Achane,RB,26.0,242.2,False,True,False,False,False,True
11,Ryan J,Ashton Jeanty,RB,6.0,199.4,False,True,False,False,False,True
11,Ryan J,Ladd McConkey,WR,67.0,165.85,False,False,True,False,False,True
11,Ryan J,Jaylen Warren,RB,176.87777777777777,162.0,False,False,False,False,True,True
11,Ryan J,Jonathon Brooks,RB,73.12,148.6,False,False,False,False,True,True
11,Ryan J,Charlie Kolar,TE,1.0,48.57,False,False,False,False,False,False
11,Ryan J,Jordan Love,QB,1.0,256.74,False,False,False,False,False,False
11,Ryan J,Tyler Shough,QB,1.0,258.88,True,False,False,False,False,True
11,Ryan J,Kaelon Black,RB,1.0,47.43,False,False,False,False,False,False
11,Ryan J,Jalen Nailor,WR,1.0,94.21,False,False,False,False,False,False
11,Ryan J,Justice Hill,RB,1.0,57.9,False,False,False,False,False,False
11,Ryan J,Tre Tucker,WR,1.0,95.11,False,False,False,False,True,True
11,Sam,Garrett Wilson,WR,31.0,163.37,False,False,True,False,False,True
11,Sam,Kenneth Walker III,RB,36.0,217.65,False,True,False,False,False,True
11,Sam,Quentin Johnston,WR,11.0,125.4,False,False,False,False,False,False
11,Sam,David Montgomery,RB,45.0,176.5,False,False,False,False,True,True
11,Sam,Cam Skattebo,RB,28.0,186.4,False,False,False,False,True,True
11,Sam,Jaxson Dart,QB,11.0,273.12,True,False,False,False,False,True
11,Sam,Jordan Mason,RB,59.82,137.2,False,False,False,False,False,False
11,Sam,Deebo Samuel,WR,42.0,102.68,False,False,False,False,False,False
11,Sam,Davante Adams,WR,28.48386666666667,161.35,False,False,True,False,False,True
11,Sam,Carnell Tate,WR,24.12151111111111,140.03,False,False,False,False,True,True
11,Sam,Travis Etienne,RB,16.158049999999996,190.4,False,True,False,False,False,True
11,Sam,Mark Andrews,TE,12.558940444444445,128.18,False,False,False,True,False,True
11,Sam,Zach Charbonnet,RB,9.223161111111112,107.61,False,False,False,False,False,False
11,Sam,Dylan Sampson,RB,7.607741777777779,79.3,False,False,False,False,False,False
11,Sam,CJ Stroud,QB,5.089630000000001,245.14,False,False,False,False,False,False
11,Shane,MarShawn Lloyd,RB,11.0,75.39,False,False,False,False,False,False
11,Shane,Rome Odunze,WR,16.0,159.72,False,False,False,False,False,False
11,Shane,Caleb Williams,QB,16.0,271.0,False,False,False,False,False,False
11,Shane,Blake Corum,RB,11.0,134.1,False,False,False,False,False,False
11,Shane,Kyle Monangai,RB,11.0,144.3,False,False,False,False,False,False
11,Shane,Christian Watson,WR,11.0,161.94,False,False,False,False,False,False
11,Shane,Jeremiyah Love,RB,289.0,202.4,False,False,False,False,False,False
11,Shane,Braelon Allen,RB,8.049999999999999,68.77,False,False,False,False,False,False
11,Shane,Michael Pittman Jr,WR,5.277708333333333,137.83,False,False,False,False,False,False
11,Shane,Jajuan Jennings,WR,4.78,145.99444444444444,False,False,False,False,False,False
11,Shane,KC Concepcion,WR,3.1950250000000002,118.36,False,False,False,False,False,False
11,Shane,Makai Lemon,WR,2.5554666666666663,119.03,False,False,False,False,False,False
11,Shane,Jonah Coleman,RB,2.0405,67.3,False,False,False,False,False,False
11,Shane,AD Mitchell,WR,1.6210499999999999,145.99444444444444,False,False,False,False,False,False
11,Shane,Jayden Higgins,WR,1.3196999999999999,132.72222222222223,False,False,False,False,False,False
11,Travis,Jayden Reed,WR,26.0,143.93,False,False,False,False,True,True
11,Travis,Malik Nabers,WR,16.0,183.51,False,False,True,False,False,True
11,Travis,Woody Marks,RB,11.0,104.75,False,False,False,False,False,False
11,Travis,Rhamondre Stevenson,RB,42.0,157.55,False,True,False,False,False,True
11,Travis,Hunter Henry,TE,12.0,119.7,False,False,False,False,True,True
11,Travis,Tetairoa McMillan,WR,6.0,184.82,False,False,True,False,False,True
11,Travis,Bucky Irving,RB,252.0,175.8,False,True,False,False,False,True
11,Travis,George Kittle,TE,3.0000000000000004,130.46,False,False,False,True,False,True
11,Travis,Jakobi Meyers,WR,2.2100000000000004,131.61,False,False,False,False,True,True
11,Travis,Tyrone Tracy Jr,RB,1.6069666666666669,72.35,False,False,False,False,False,False
11,Travis,Isaiah Likely,TE,1.1799999999999997,115.25,False,False,False,False,False,False
11,Travis,Patrick Mahomes,QB,1.0,254.26,True,False,False,False,False,True
11,Travis,Isaiah Davis,RB,1.0,45.95,False,False,False,False,False,False
11,Travis,Kaytron Allen,RB,1.0,42.77,False,False,False,False,False,False
11,Travis,De'Zhaun Stribling,WR,1.0,92.85,False,False,False,False,False,False
12,Brad,Alec Pierce,WR,11.0,154.64,False,False,False,False,True,True
12,Brad,Jaxon Smith-Njigba,WR,31.0,253.78,False,False,True,False,False,True
12,Brad,Jaydon Blue,RB,14.0,54.64,False,False,False,False,False,False
12,Brad,Jameson Williams,WR,41.0,156.45,False,False,True,False,False,True
12,Brad,Marvin Harrison Jr,WR,16.0,145.68,False,False,False,False,True,True
12,Brad,Tyler Warren,TE,6.0,162.68,False,False,False,True,False,True
12,Brad,Jeremiyah Love,RB,267.0,202.4,False,True,False,False,False,True
12,Brad,Lamar Jackson,QB,4.69,289.92,True,False,False,False,False,True
12,Brad,Makai Lemon,WR,3.0795411111111113,119.03,False,False,False,False,True,True
12,Brad,Tyrone Tracy Jr,RB,1.2300000000000004,72.35,False,True,False,False,False,True
12,Brad,Brenton Strange,TE,1.0,112.65,False,False,False,False,False,False
12,Brad,Rashod Bateman,WR,1.0,79.23,False,False,False,False,False,False
12,Brad,Keon Coleman,WR,1.0,60.6,False,False,False,False,False,False
12,Brad,Justice Hill,RB,1.0,57.9,False,False,False,False,False,False
12,Brad,Bo Nix,QB,1.0,262.52,False,False,False,False,False,False
12,Brandon,Jonathan Taylor,RB,46.0,256.35,False,False,False,False,False,False
12,Brandon,Justin Jefferson,WR,46.0,221.18,False,False,False,False,False,False
12,Brandon,Nico Collins,WR,36.0,214.51,False,False,False,False,False,False
12,Brandon,Breece Hall,RB,31.0,201.5,False,False,False,False,False,False
12,Brandon,Brock Bowers,TE,16.0,177.91,False,False,False,False,False,False
12,Brandon,Christian McCaffrey,RB,46.0,265.35,False,False,False,False,False,False
12,Brandon,Rashee Rice,WR,72.8182,197.11,False,False,False,False,False,False
12,Brandon,Kenny Gainwell,RB,60.493011111111116,136.45,False,False,False,False,False,False
12,Brandon,Mike Evans,WR,44.0,164.95,False,False,False,False,False,False
12,Brandon,Dalton Kincaid,TE,1.6900000000000004,118.1,False,False,False,False,False,False
12,Brandon,AD Mitchell,WR,1.0,145.99444444444444,False,False,False,False,False,False
12,Brandon,Rashid Shaheed,WR,1.0,105.92,False,False,False,False,False,False
12,Brandon,Dalton Schultz,TE,1.0,109.4,False,False,False,False,False,False
12,Brandon,Christian Kirk,WR,1.0,37.77,False,False,False,False,False,False
12,Brandon,Keenan Allen,WR,1.0,80.85,False,False,False,False,False,False
12,CJ,Tory Horton,WR,11.0,55.15,False,False,False,False,False,False
12,CJ,Ja'Marr Chase,WR,46.0,266.33,False,False,True,False,False,True
12,CJ,Chase Brown,RB,31.0,227.25,False,True,False,False,False,True
12,CJ,Sam LaPorta,TE,31.0,139.7,False,False,False,True,False,True
12,CJ,Parker Washington,WR,11.0,162.09,False,False,True,False,False,True
12,CJ,Omarion Hampton,RB,6.0,205.65,False,True,False,False,False,True
12,CJ,Bhayshul Tuten,RB,215.78,160.4,False,False,False,False,True,True
12,CJ,Josh Allen,QB,27.82,328.82,True,False,False,False,False,True
12,CJ,Tyler Allgeier,RB,6.4192,86.65,False,False,False,False,False,False
12,CJ,Isiah Pacheco,RB,3.5882,73.93,False,False,False,False,False,False
12,CJ,CJ Stroud,QB,2.6321333333333334,245.14,False,False,False,False,False,False
12,CJ,Xavier Worthy,WR,2.3280000000000003,118.5,False,False,False,False,True,True
12,CJ,Alvin Kamara,RB,1.3273333333333335,68.7,False,False,False,False,False,False
12,CJ,Jonah Coleman,RB,1.2055555555555555,67.3,False,False,False,False,False,False
12,CJ,Jayden Higgins,WR,1.1944444444444444,132.72222222222223,False,False,False,False,True,True
12,Coby,Derrick Henry,RB,51.0,227.4,False,True,False,False,False,True
12,Coby,Kyren Williams,RB,31.0,196.2,False,True,False,False,False,True
12,Coby,Brian Thomas Jr,WR,16.0,138.06,False,False,True,False,False,True
12,Coby,Harold Fannin Jr,TE,6.0,141.21,False,False,False,True,False,True
12,Coby,TreVeyon Henderson,RB,11.0,158.6,False,False,False,False,True,True
12,Coby,Quinshon Judkins,RB,11.0,177.8,False,False,False,False,True,True
12,Coby,Josh Jacobs,RB,256.223,189.35,False,False,False,False,True,True
12,Coby,TJ Hockenson,TE,10.780000000000001,103.35,False,False,False,False,False,False
12,Coby,James Conner,RB,1.0,42.62,False,False,False,False,False,False
12,Coby,Cooper Kupp,WR,1.0,69.66,False,False,False,False,False,False
12,Coby,Adonai Mitchell,WR,1.0,84.34,False,False,True,False,False,True
12,Coby,Jared Goff,QB,1.0,261.71,True,False,False,False,False,True
12,Coby,Kendre Miller,RB,1.0,19.51,False,False,False,False,False,False
12,Coby,Cedric Tillman,WR,1.0,19.7,False,False,False,False,False,False
12,Coby,Kyler Murray,QB,1.0,255.34,False,False,False,False,False,False
12,Evan,Amon-Ra St Brown,WR,41.0,247.22,False,False,True,False,False,True
12,Evan,Drake London,WR,36.0,221.3,False,False,False,False,True,True
12,Evan,Saquon Barkley,RB,46.0,222.8,False,True,False,False,False,True
12,Evan,George Pickens,WR,41.0,209.94,False,False,False,False,True,True
12,Evan,Puka Nacua,WR,31.0,256.87,False,False,True,False,False,True
12,Evan,Emeka Egbuka,WR,11.0,166.25,False,False,False,False,True,True
12,Evan,James Cook,RB,90.68,234.4,False,True,False,False,False,True
12,Evan,Jordan Mason,RB,76.63111111111112,137.2,False,False,False,False,False,False
12,Evan,Zach Charbonnet,RB,8.051258333333333,107.61,False,False,False,False,False,False
12,Evan,Isaiah Likely,TE,1.211111111111111,115.25,False,False,False,False,False,False
12,Evan,Dak Prescott,QB,1.56,278.54,True,False,False,False,False,True
12,Evan,Jake Ferguson,TE,1.5455555555555556,117.94,False,False,False,False,False,False
12,Evan,Trey Lance,QB,1.0,9.42,False,False,False,False,False,False
12,Evan,Dallas Goedert,TE,1.1722222222222223,119.45,False,False,False,True,False,True
12,Evan,Emmett Johnson,RB,1.1666666666666667,63.25,False,False,False,False,False,False
12,James,Wan'Dale Robinson,WR,11.0,133.19,False,False,False,False,False,False
12,James,Trevor Lawrence,QB,11.0,272.04,True,False,False,False,False,True
12,James,Jordan Addison,WR,31.0,131.03,False,False,False,False,False,False
12,James,Zay Flowers,WR,31.0,205.23,False,False,True,False,False,True
12,James,Colston Loveland,TE,6.0,157.08,False,False,False,True,False,True
12,James,Rico Dowdle,RB,13.0,157.15,False,False,False,False,True,True
12,James,Jaylen Waddle,WR,86.70255000000002,177.9,False,False,True,False,False,True
12,James,Bill Croskey-Merritt,RB,60.07631388888889,557.4333333333333,False,True,False,False,False,True
12,James,Nick Chubb,RB,39.28226666666667,451.25555555555553,False,True,False,False,False,True
12,James,Chuba Hubbard,RB,22.057673333333337,143.25,False,False,False,False,False,False
12,James,Aaron Jones Sr,RB,21.573151111111112,131.55,False,False,False,False,False,False
12,James,Josh Downs,WR,15.690000000000001,145.07,False,False,False,False,True,True
12,James,Carnell Tate,WR,13.460488555555557,140.03,False,False,False,False,False,False
12,James,Jajuan Jennings,WR,9.673136000000001,145.99444444444444,False,False,False,False,True,True
12,James,Mike Washington Jr.,RB,7.014712833333334,80.65,False,False,False,False,False,False
12,Jason,CeeDee Lamb,WR,46.0,224.28,False,False,True,False,False,True
12,Jason,Trey McBride,TE,31.0,188.05,False,False,False,True,False,True
12,Jason,AJ Brown,WR,46.0,194.9,False,False,True,False,False,True
12,Jason,Bijan Robinson,RB,21.0,295.2,False,True,False,False,False,True
12,Jason,Jahmyr Gibbs,RB,31.0,296.35,False,True,False,False,False,True
12,Jason,Luther Burden,WR,11.0,169.58,False,False,False,False,True,True
12,Jason,JK Dobbins,RB,53.69030433333334,134.15,False,False,False,False,False,False
12,Jason,Deebo Samuel,WR,43.22,102.68,False,False,False,False,False,False
12,Jason,Gardner Minshew II,QB,1.0,9.19,False,False,False,False,False,False
12,Jason,Joe Burrow,QB,27.0,282.7,True,False,False,False,False,True
12,Jason,Courtland Sutton,WR,18.831540833333335,137.35,False,False,False,False,True,True
12,Jason,Matthew Golden,WR,17.152865888888893,127.74,False,False,False,False,False,False
12,Jason,Davante Adams,WR,11.313868333333334,161.35,False,False,False,False,True,True
12,Jason,Mark Andrews,TE,8.192300500000002,128.18,False,False,False,False,False,False
12,Jason,Brian Robinson Jr,RB,6.430892222222223,77.14,False,False,False,False,False,False
12,Reid,Kyle Pitts Sr,TE,11.0,140.7,False,False,False,False,True,True
12,Reid,Tucker Kraft,TE,21.0,143.34,False,False,False,True,False,True
12,Reid,Drake Maye,QB,30.0,296.32,False,False,False,False,False,False
12,Reid,Chris Olave,WR,41.0,194.65,False,False,True,False,False,True
12,Reid,Jalen Coker,WR,13.0,124.35,False,False,False,False,False,False
12,Reid,Javonte Williams,RB,34.0,196.9,False,True,False,False,False,True
12,Reid,DJ Moore,WR,74.22,154.17,False,False,True,False,False,True
12,Reid,DK Metcalf,WR,44.44883377777778,148.53,False,False,False,False,True,True
12,Reid,Jalen Hurts,QB,30.909146666666665,297.46,True,False,False,False,False,True
12,Reid,Romeo Doubs,WR,24.0,122.25,False,False,False,False,False,False
12,Reid,Khalil Shakir,WR,22.98387911111112,122.83,False,False,False,False,False,False
12,Reid,Chris Godwin Jr,WR,12.780000000000001,134.26,False,False,False,False,False,False
12,Reid,Travis Etienne,RB,11.961388888888887,190.4,False,False,False,False,True,True
12,Reid,Dylan Sampson,RB,9.850225000000002,79.3,False,False,False,False,False,False
12,Reid,Austin Ekeler,RB,6.5120861111111115,411.43888888888887,False,True,False,False,False,True
12,Ryan J,Brock Purdy,QB,15.0,256.32,False,False,False,False,False,False
12,Ryan J,Michael Wilson,WR,11.0,132.1,False,False,False,False,True,True
12,Ryan J,Oronde Gadsden,TE,11.0,72.1,False,False,False,True,False,True
12,Ryan J,DeVon Achane,RB,26.0,242.2,False,True,False,False,False,True
12,Ryan J,Ashton Jeanty,RB,6.0,199.4,False,True,False,False,False,True
12,Ryan J,Ladd McConkey,WR,67.0,165.85,False,False,True,False,False,True
12,Ryan J,Tee Higgins,WR,176.31965000000002,181.9,False,False,True,False,False,True
12,Ryan J,Rachaad White,RB,66.95675757993803,127.05,False,False,False,False,False,False
12,Ryan J,Stefon Diggs,WR,4.597724444444444,130.42,False,False,False,False,True,True
12,Ryan J,Jakobi Meyers,WR,2.957244444444444,131.61,False,False,False,False,True,True
12,Ryan J,KC Concepcion,WR,1.9753066666666672,118.36,False,False,False,False,False,False
12,Ryan J,Ray Davis,RB,1.1799999999999997,61.54,False,False,False,False,False,False
12,Ryan J,Baker Mayfield,QB,1.0,243.4,False,False,False,False,False,False
12,Ryan J,Jordan Love,QB,1.0,256.74,True,False,False,False,False,True
12,Ryan J,Chris Rodriguez Jr,RB,1.0,110.29,False,False,False,False,False,False
12,Sam,Garrett Wilson,WR,31.0,163.37,False,False,True,False,False,True
12,Sam,Kenneth Walker III,RB,36.0,217.65,False,True,False,False,False,True
12,Sam,Quentin Johnston,WR,11.0,125.4,False,False,False,False,False,False
12,Sam,David Montgomery,RB,45.0,176.5,False,False,False,False,True,True
12,Sam,Cam Skattebo,RB,28.0,186.4,False,True,False,False,False,True
12,Sam,Jaxson Dart,QB,11.0,273.12,False,False,False,False,False,False
12,Sam,Tony Pollard,RB,177.0,143.2,False,False,False,False,True,True
12,Sam,Ricky Pearsall,WR,10.888583333333331,199.08333333333334,False,False,True,False,False,True
12,Sam,Travis Kelce,TE,8.075299999999999,129.94,False,False,False,False,True,True
12,Sam,Keaton Mitchell,RB,6.0,90.45,False,False,False,False,False,False
12,Sam,Braelon Allen,RB,4.69582375,68.77,False,False,False,False,False,False
12,Sam,George Kittle,TE,3.129916666666666,130.46,False,False,False,True,False,True
12,Sam,Jayden Daniels,QB,2.4859999999999998,293.28,True,False,False,False,False,True
12,Sam,Justin Herbert,QB,2.29908,263.56,False,False,False,False,False,False
12,Sam,Tank Bigsby,RB,1.7972870833333334,68.64,False,False,False,False,False,False
12,Shane,MarShawn Lloyd,RB,11.0,75.39,False,False,False,False,False,False
12,Shane,Rome Odunze,WR,16.0,159.72,False,False,False,False,True,True
12,Shane,Caleb Williams,QB,16.0,271.0,True,False,False,False,False,True
12,Shane,Blake Corum,RB,11.0,134.1,False,False,False,False,True,True
12,Shane,Kyle Monangai,RB,11.0,144.3,False,True,False,False,False,True
12,Shane,Christian Watson,WR,11.0,161.94,False,False,True,False,False,True
12,Shane,Bucky Irving,RB,274.0,175.8,False,True,False,False,False,True
12,Shane,Terry McLaurin,WR,43.0,173.93,False,False,True,False,False,True
12,Shane,Cam Ward,QB,1.0,221.28,False,False,False,False,False,False
12,Shane,Kimani Vidal,RB,1.0,54.72,False,False,False,False,False,False
12,Shane,Chig Okonkwo,TE,1.0,98.45,False,False,False,False,True,True
12,Shane,Juwan Johnson,TE,1.0,111.55,False,False,False,True,False,True
12,Shane,De'Zhaun Stribling,WR,1.0,92.85,False,False,False,False,False,False
12,Shane,Tre Tucker,WR,1.0,95.11,False,False,False,False,False,False
12,Shane,LeQuint Allen Jr.,RB,1.0,38.64,False,False,False,False,False,False
12,Travis,Jayden Reed,WR,26.0,143.93,False,False,False,False,True,True
12,Travis,Malik Nabers,WR,16.0,183.51,False,False,False,False,True,True
12,Travis,Woody Marks,RB,11.0,104.75,False,False,False,False,False,False
12,Travis,Rhamondre Stevenson,RB,42.0,157.55,False,True,False,False,False,True
12,Travis,Hunter Henry,TE,12.0,119.7,False,False,False,True,False,True
12,Travis,Tetairoa McMillan,WR,6.0,184.82,False,False,True,False,False,True
12,Travis,DeVonta Smith,WR,69.23134148260354,189.84,False,False,True,False,False,True
12,Travis,Jacory Croskey-Merritt,RB,45.69,127.0,False,False,False,False,False,False
12,Travis,RJ Harvey,RB,45.69,136.65,False,False,False,False,False,False
12,Travis,Jonathon Brooks,RB,44.880476666666674,148.6,False,False,False,False,True,True
12,Travis,Jaylen Warren,RB,45.69,162.0,False,True,False,False,False,True
12,Travis,Michael Pittman Jr,WR,9.82,137.83,False,False,False,False,False,False
12,Travis,Samaje Perine,RB,1.0,68.35,False,False,False,False,False,False
12,Travis,Trey Benson,RB,1.0,11.03,False,False,False,False,False,False
12,Travis,Patrick Mahomes,QB,1.0,254.26,True,False,False,False,False,True
13,Brad,Alec Pierce,WR,11.0,154.64,False,False,False,False,True,True
13,Brad,Jaxon Smith-Njigba,WR,31.0,253.78,False,False,True,False,False,True
13,Brad,Jaydon Blue,RB,14.0,54.64,False,False,False,False,False,False
13,Brad,Jameson Williams,WR,41.0,156.45,False,False,True,False,False,True
13,Brad,Marvin Harrison Jr,WR,16.0,145.68,False,False,False,False,True,True
13,Brad,Tyler Warren,TE,6.0,162.68,False,False,False,True,False,True
13,Brad,Josh Jacobs,RB,261.0,189.35,False,True,False,False,False,True
13,Brad,KC Concepcion,WR,4.0,118.36,False,False,False,False,False,False
13,Brad,Xavier Worthy,WR,3.611648,118.5,False,False,False,False,True,True
13,Brad,Samaje Perine,RB,3.5997226666666666,68.35,False,True,False,False,False,True
13,Brad,Dak Prescott,QB,2.53152,278.54,True,False,False,False,False,True
13,Brad,Emmett Johnson,RB,1.4606666666666668,63.25,False,False,False,False,False,False
13,Brad,Ray Davis,RB,1.1333333333333333,61.54,False,False,False,False,False,False
13,Brad,Cooper Kupp,WR,1.1277777777777778,69.66,False,False,False,False,False,False
13,Brad,Brenton Strange,TE,1.1,112.65,False,False,False,False,False,False
13,Brandon,Jonathan Taylor,RB,46.0,256.35,False,True,False,False,False,True
13,Brandon,Justin Jefferson,WR,46.0,221.18,False,False,True,False,False,True
13,Brandon,Nico Collins,WR,36.0,214.51,False,False,True,False,False,True
13,Brandon,Breece Hall,RB,31.0,201.5,False,False,False,False,True,True
13,Brandon,Brock Bowers,TE,16.0,177.91,False,False,False,True,False,True
13,Brandon,Christian McCaffrey,RB,46.0,265.35,False,True,False,False,False,True
13,Brandon,Rashee Rice,WR,37.92444444444445,197.11,False,False,False,False,True,True
13,Brandon,Matthew Golden,WR,29.364213333333335,127.74,False,False,False,False,False,False
13,Brandon,Cam Ward,QB,1.0,221.28,True,False,False,False,False,True
13,Brandon,Josh Downs,WR,22.198753333333332,145.07,False,False,False,False,True,True
13,Brandon,Michael Pittman Jr,WR,17.67528,137.83,False,False,False,False,False,False
13,Brandon,Mark Andrews,TE,13.916426666666668,128.18,False,False,False,False,False,False
13,Brandon,Stefon Diggs,WR,11.0,130.42,False,False,False,False,False,False
13,Brandon,Dalton Kincaid,TE,8.911000000000001,118.1,False,False,False,False,False,False
13,Brandon,Tyrone Tracy Jr,RB,7.046786666666667,72.35,False,False,False,False,False,False
13,CJ,Tory Horton,WR,11.0,55.15,False,False,False,False,False,False
13,CJ,Ja'Marr Chase,WR,46.0,266.33,False,False,True,False,False,True
13,CJ,Chase Brown,RB,31.0,227.25,False,True,False,False,False,True
13,CJ,Sam LaPorta,TE,31.0,139.7,False,False,False,True,False,True
13,CJ,Parker Washington,WR,11.0,162.09,False,False,True,False,False,True
13,CJ,Omarion Hampton,RB,6.0,205.65,False,False,False,False,True,True
13,CJ,Jonathon Brooks,RB,54.95760222222223,148.6,False,False,False,False,True,True
13,CJ,Davante Adams,WR,43.11828444444445,161.35,False,False,False,False,True,True
13,CJ,Jacory Croskey-Merritt,RB,33.810808888888886,127.0,False,False,False,False,False,False
13,CJ,Keaton Mitchell,RB,24.898280000000003,90.45,False,False,False,False,False,False
13,CJ,Austin Ekeler,RB,19.832940000000004,411.43888888888887,False,True,False,False,False,True
13,CJ,Jake Ferguson,TE,11.257087234789617,117.94,False,False,False,False,False,False
13,CJ,Romeo Doubs,WR,14.031453333333337,122.25,False,False,False,False,False,False
13,CJ,Jayden Daniels,QB,11.155503333333334,293.28,True,False,False,False,False,True
13,CJ,Isiah Pacheco,RB,8.952362222222222,73.93,False,False,False,False,False,False
13,Coby,Derrick Henry,RB,51.0,227.4,False,True,False,False,False,True
13,Coby,Kyren Williams,RB,31.0,196.2,False,True,False,False,False,True
13,Coby,Brian Thomas Jr,WR,16.0,138.06,False,False,False,False,False,False
13,Coby,Harold Fannin Jr,TE,6.0,141.21,False,False,False,True,False,True
13,Coby,TreVeyon Henderson,RB,11.0,158.6,False,False,False,False,True,True
13,Coby,Quinshon Judkins,RB,11.0,177.8,False,False,False,False,True,True
13,Coby,DeVonta Smith,WR,58.81866666666667,189.84,False,False,True,False,False,True
13,Coby,Rachaad White,RB,44.73581333333334,127.05,False,False,False,False,False,False
13,Coby,Josh Allen,QB,34.599966111111115,328.82,True,False,False,False,False,True
13,Coby,TJ Hockenson,TE,26.9416,103.35,False,False,False,False,False,False
13,Coby,Ricky Pearsall,WR,21.0056,199.08333333333334,False,False,True,False,False,True
13,Coby,Khalil Shakir,WR,16.0,122.83,False,False,False,False,False,False
13,Coby,Jajuan Jennings,WR,13.139894444444446,145.99444444444444,False,False,False,False,True,True
13,Coby,Makai Lemon,WR,10.0,119.03,False,False,False,False,False,False
13,Coby,Alvin Kamara,RB,8.493333333333334,68.7,False,False,False,False,False,False
13,Evan,Amon-Ra St Brown,WR,41.0,247.22,False,False,False,False,False,False
13,Evan,Drake London,WR,36.0,221.3,False,False,False,False,False,False
13,Evan,Saquon Barkley,RB,46.0,222.8,False,False,False,False,False,False
13,Evan,George Pickens,WR,41.0,209.94,False,False,False,False,False,False
13,Evan,Puka Nacua,WR,31.0,256.87,False,False,False,False,False,False
13,Evan,Emeka Egbuka,WR,11.0,166.25,False,False,False,False,False,False
13,Evan,Jordan Mason,RB,72.25863779378255,137.2,False,False,False,False,False,False
13,Evan,Tony Pollard,RB,73.49551905201989,143.2,False,False,False,False,False,False
13,Evan,Chris Godwin Jr,WR,28.047253333333337,134.26,False,False,False,False,False,False
13,Evan,Isaiah Likely,TE,1.1388888888888888,115.25,False,False,False,False,False,False
13,Evan,Trey Benson,RB,1.458888888888889,11.03,False,False,False,False,False,False
13,Evan,Kimani Vidal,RB,1.4516666666666667,54.72,False,False,False,False,False,False
13,Evan,Adonai Mitchell,WR,1.4444444444444446,84.34,False,False,False,False,False,False
13,Evan,George Holani,RB,1.3526019021349942,36.01,False,False,False,False,False,False
13,Evan,Juwan Johnson,TE,1.0944444444444446,111.55,False,False,False,False,False,False
13,James,Wan'Dale Robinson,WR,11.0,133.19,False,False,False,False,True,True
13,James,Trevor Lawrence,QB,11.0,272.04,False,False,False,False,False,False
13,James,Jordan Addison,WR,31.0,131.03,False,False,False,False,False,False
13,James,Zay Flowers,WR,31.0,205.23,False,False,True,False,False,True
13,James,Colston Loveland,TE,6.0,157.08,False,False,False,True,False,True
13,James,Rico Dowdle,RB,13.0,157.15,False,True,False,False,False,True
13,James,Tee Higgins,WR,60.03177777777778,181.9,False,False,True,False,False,True
13,James,Terry McLaurin,WR,45.43260000000001,173.93,False,False,False,False,True,True
13,James,Deebo Samuel,WR,39.06755555555556,102.68,False,False,False,False,False,False
13,James,JK Dobbins,RB,30.540622222222225,134.15,False,False,False,False,True,True
13,James,Zach Charbonnet,RB,23.50111111111111,107.61,False,False,False,False,False,False
13,James,Travis Etienne,RB,18.756383333333336,190.4,False,True,False,False,False,True
13,James,Lamar Jackson,QB,14.747802222222225,289.92,True,False,False,False,False,True
13,James,Tyler Allgeier,RB,11.764946666666667,86.65,False,False,False,False,False,False
13,James,George Kittle,TE,9.044444444444444,130.46,False,False,False,False,False,False
13,Jason,CeeDee Lamb,WR,46.0,224.28,False,False,True,False,False,True
13,Jason,Trey McBride,TE,31.0,188.05,False,False,False,True,False,True
13,Jason,AJ Brown,WR,46.0,194.9,False,False,True,False,False,True
13,Jason,Bijan Robinson,RB,21.0,295.2,False,True,False,False,False,True
13,Jason,Jahmyr Gibbs,RB,31.0,296.35,False,True,False,False,False,True
13,Jason,Luther Burden,WR,11.0,169.58,False,False,False,False,True,True
13,Jason,James Cook,RB,177.0,234.4,False,False,False,False,True,True
13,Jason,Aaron Jones Sr,RB,25.0,131.55,False,False,False,False,True,True
13,Jason,Christian Kirk,WR,1.0,37.77,False,False,False,False,False,False
13,Jason,Kyler Murray,QB,1.0,255.34,True,False,False,False,False,True
13,Jason,Patrick Mahomes,QB,1.0,254.26,False,False,False,False,False,False
13,Jason,Tre Tucker,WR,1.0,95.11,False,False,False,False,False,False
13,Jason,Cedric Tillman,WR,1.0,19.7,False,False,False,False,False,False
13,Jason,LeQuint Allen Jr.,RB,1.0,38.64,False,False,False,False,False,False
13,Jason,Emari Demercado,RB,1.0,26.21,False,False,False,False,False,False
13,Reid,Kyle Pitts Sr,TE,11.0,140.7,False,False,False,False,True,True
13,Reid,Tucker Kraft,TE,21.0,143.34,False,False,False,True,False,True
13,Reid,Drake Maye,QB,30.0,296.32,True,False,False,False,False,True
13,Reid,Chris Olave,WR,41.0,194.65,False,False,True,False,False,True
13,Reid,Jalen Coker,WR,13.0,124.35,False,False,False,False,False,False
13,Reid,Javonte Williams,RB,34.0,196.9,False,True,False,False,False,True
13,Reid,Jeremiyah Love,RB,65.67111111111112,202.4,False,True,False,False,False,True
13,Reid,Bhayshul Tuten,RB,65.449,160.4,False,False,False,False,True,True
13,Reid,Jaylen Waddle,WR,65.218,177.9,False,False,True,False,False,True
13,Reid,RJ Harvey,RB,57.46666666666666,136.65,False,False,False,False,True,True
13,Reid,Riley Leonard,QB,1.0,11.86,False,False,False,False,False,False
13,Reid,Justin Herbert,QB,2.1900000000000004,263.56,False,False,False,False,False,False
13,Reid,Justin Fields,QB,1.0,40.19,False,False,False,False,False,False
13,Reid,Chris Rodriguez Jr,RB,1.0,110.29,False,False,False,False,False,False
13,Reid,Jordyn Tyson,WR,1.0,94.75,False,False,False,False,False,False
13,Ryan J,Brock Purdy,QB,15.0,256.32,True,False,False,False,False,True
13,Ryan J,Michael Wilson,WR,11.0,132.1,False,False,False,False,False,False
13,Ryan J,Oronde Gadsden,TE,11.0,72.1,False,False,False,False,False,False
13,Ryan J,DeVon Achane,RB,26.0,242.2,False,False,False,False,True,True
13,Ryan J,Ashton Jeanty,RB,6.0,199.4,False,False,False,False,True,True
13,Ryan J,Ladd McConkey,WR,67.0,165.85,False,False,True,False,False,True
13,Ryan J,Nick Chubb,RB,53.36886502531377,451.25555555555553,False,True,False,False,False,True
13,Ryan J,Bill Croskey-Merritt,RB,54.76067666666667,557.4333333333333,False,True,False,False,False,True
13,Ryan J,Courtland Sutton,WR,41.782948609999224,137.35,False,False,False,False,False,False
13,Ryan J,DK Metcalf,WR,26.996312222222226,148.53,False,False,True,False,False,True
13,Ryan J,Jakobi Meyers,WR,18.45629555555556,131.61,False,False,False,False,False,False
13,Ryan J,Braelon Allen,RB,13.487866185979177,68.77,False,False,False,False,False,False
13,Ryan J,Travis Kelce,TE,11.60280977777778,129.94,False,False,False,True,False,True
13,Ryan J,CJ Stroud,QB,7.69573,245.14,False,False,False,False,False,False
13,Ryan J,AD Mitchell,WR,5.911111111111111,145.99444444444444,False,False,False,False,True,True
13,Sam,Garrett Wilson,WR,31.0,163.37,False,False,True,False,False,True
13,Sam,Kenneth Walker III,RB,36.0,217.65,False,True,False,False,False,True
13,Sam,Quentin Johnston,WR,11.0,125.4,False,False,False,False,True,True
13,Sam,David Montgomery,RB,45.0,176.5,False,False,False,False,True,True
13,Sam,Cam Skattebo,RB,28.0,186.4,False,True,False,False,False,True
13,Sam,Jaxson Dart,QB,11.0,273.12,True,False,False,False,False,True
13,Sam,Bucky Irving,RB,202.36041111111115,175.8,False,False,False,False,True,True
13,Sam,Rashid Shaheed,WR,2.587797333333333,105.92,False,False,False,False,False,False
13,Sam,Chig Okonkwo,TE,2.2213533333333335,98.45,False,False,False,False,False,False
13,Sam,Dallas Goedert,TE,1.4845022222222222,119.45,False,False,False,True,False,True
13,Sam,Jayden Higgins,WR,1.3329555555555554,132.72222222222223,False,False,True,False,False,True
13,Sam,Dalton Schultz,TE,1.5496693333333333,109.4,False,False,False,False,False,False
13,Sam,James Conner,RB,1.0888888888888888,42.62,False,False,False,False,False,False
13,Sam,Justice Hill,RB,1.4083333333333332,57.9,False,False,False,False,False,False
13,Sam,Keon Coleman,WR,1.4011111111111112,60.6,False,False,False,False,False,False
13,Shane,MarShawn Lloyd,RB,11.0,75.39,False,False,False,False,False,False
13,Shane,Rome Odunze,WR,16.0,159.72,False,False,False,False,False,False
13,Shane,Caleb Williams,QB,16.0,271.0,False,False,False,False,False,False
13,Shane,Blake Corum,RB,11.0,134.1,False,False,False,False,False,False
13,Shane,Kyle Monangai,RB,11.0,144.3,False,False,False,False,False,False
13,Shane,Christian Watson,WR,11.0,161.94,False,False,False,False,False,False
13,Shane,Jaylen Warren,RB,70.81200000000001,162.0,False,False,False,False,False,False
13,Shane,DJ Moore,WR,51.13232,154.17,False,False,False,False,False,False
13,Shane,Carnell Tate,WR,40.21066666666667,140.03,False,False,False,False,False,False
13,Shane,Joe Burrow,QB,26.199853247179774,282.7,False,False,False,False,False,False
13,Shane,Mike Evans,WR,26.189999999999998,164.95,False,False,False,False,False,False
13,Shane,Jalen Hurts,QB,21.028482222222223,297.46,False,False,False,False,False,False
13,Shane,Dylan Sampson,RB,16.575712222222222,79.3,False,False,False,False,False,False
13,Shane,Mike Washington Jr.,RB,12.702834000000005,80.65,False,False,False,False,False,False
13,Shane,Brian Robinson Jr,RB,10.535272222222222,77.14,False,False,False,False,False,False
13,Travis,Jayden Reed,WR,26.0,143.93,False,False,False,False,True,True
13,Travis,Malik Nabers,WR,16.0,183.51,False,False,True,False,False,True
13,Travis,Woody Marks,RB,11.0,104.75,False,False,False,False,True,True
13,Travis,Rhamondre Stevenson,RB,42.0,157.55,False,True,False,False,False,True
13,Travis,Hunter Henry,TE,12.0,119.7,False,False,False,True,False,True
13,Travis,Tetairoa McMillan,WR,6.0,184.82,False,False,True,False,False,True
13,Travis,Kenny Gainwell,RB,219.16288888888892,136.45,False,False,False,False,True,True
13,Travis,Chuba Hubbard,RB,35.99701333333334,143.25,False,True,False,False,False,True
13,Travis,Aaron Rodgers,QB,1.0,191.83,False,False,False,False,False,False
13,Travis,Tank Bigsby,RB,2.2474666666666665,68.64,False,False,False,False,False,False
13,Travis,Jonah Coleman,RB,1.2857,67.3,False,False,False,False,False,False
13,Travis,Jared Goff,QB,1.0,261.71,True,False,False,False,False,True
13,Travis,Rashod Bateman,WR,1.28,79.23,False,False,False,False,False,False
13,Travis,Jordan Love,QB,1.02,256.74,False,False,False,False,False,False
13,Travis,Baker Mayfield,QB,1.0,243.4,False,False,False,False,False,False
14,Brad,Alec Pierce,WR,11.0,154.64,False,False,False,False,False,False
14,Brad,Jaxon Smith-Njigba,WR,31.0,253.78,False,False,False,False,False,False
14,Brad,Jaydon Blue,RB,14.0,54.64,False,False,False,False,False,False
14,Brad,Jameson Williams,WR,41.0,156.45,False,False,False,False,False,False
14,Brad,Marvin Harrison Jr,WR,16.0,145.68,False,False,False,False,False,False
14,Brad,Tyler Warren,TE,6.0,162.68,False,False,False,False,False,False
14,Brad,Rashee Rice,WR,66.17255999999999,197.11,False,False,False,False,False,False
14,Brad,RJ Harvey,RB,55.796125,136.65,False,False,False,False,False,False
14,Brad,Rachaad White,RB,44.0,127.05,False,False,False,False,False,False
14,Brad,Carnell Tate,WR,30.426070666666675,140.03,False,False,False,False,False,False
14,Brad,Jacory Croskey-Merritt,RB,20.08,127.0,False,False,False,False,False,False
14,Brad,Nick Chubb,RB,16.851813388888893,451.25555555555553,False,False,False,False,False,False
14,Brad,Travis Kelce,TE,12.133339166666671,129.94,False,False,False,False,False,False
14,Brad,Matthew Golden,WR,8.713618222222223,127.74,False,False,False,False,False,False
14,Brad,Stefon Diggs,WR,5.828072222222222,130.42,False,False,False,False,False,False
14,Brandon,Jonathan Taylor,RB,46.0,256.35,False,True,False,False,False,True
14,Brandon,Justin Jefferson,WR,46.0,221.18,False,False,True,False,False,True
14,Brandon,Nico Collins,WR,36.0,214.51,False,False,True,False,False,True
14,Brandon,Breece Hall,RB,31.0,201.5,False,False,False,False,True,True
14,Brandon,Brock Bowers,TE,16.0,177.91,False,False,False,True,False,True
14,Brandon,Christian McCaffrey,RB,46.0,265.35,False,True,False,False,False,True
14,Brandon,Davante Adams,WR,35.39288888888889,161.35,False,False,False,False,True,True
14,Brandon,TJ Hockenson,TE,29.435450000000007,103.35,False,False,False,False,False,False
14,Brandon,Khalil Shakir,WR,23.8514,122.83,False,False,False,False,False,False
14,Brandon,Aaron Jones Sr,RB,19.053408888888892,131.55,False,False,False,False,False,False
14,Brandon,Michael Pittman Jr,WR,14.502991666666667,137.83,False,False,False,False,False,False
14,Brandon,Travis Etienne,RB,11.866703333333335,190.4,False,False,False,False,True,True
14,Brandon,Tyler Allgeier,RB,9.275855555555555,86.65,False,False,False,False,False,False
14,Brandon,CJ Stroud,QB,7.014880000000001,245.14,True,False,False,False,False,True
14,Brandon,Jakobi Meyers,WR,6.064737777777777,131.61,False,False,False,False,False,False
14,CJ,Tory Horton,WR,11.0,55.15,False,False,False,False,False,False
14,CJ,Ja'Marr Chase,WR,46.0,266.33,False,False,True,False,False,True
14,CJ,Chase Brown,RB,31.0,227.25,False,True,False,False,False,True
14,CJ,Sam LaPorta,TE,31.0,139.7,False,False,False,True,False,True
14,CJ,Parker Washington,WR,11.0,162.09,False,False,False,False,True,True
14,CJ,Omarion Hampton,RB,6.0,205.65,False,True,False,False,False,True
14,CJ,Tee Higgins,WR,95.58460000000001,181.9,False,False,True,False,False,True
14,CJ,Kenny Gainwell,RB,82.44785,136.45,False,False,False,False,True,True
14,CJ,Deebo Samuel,WR,41.910375,102.68,False,False,False,False,False,False
14,CJ,Jayden Daniels,QB,11.573065000000001,293.28,True,False,False,False,False,True
14,CJ,Romeo Doubs,WR,12.6677275,122.25,False,False,False,False,True,True
14,CJ,Dylan Sampson,RB,8.409736111111114,79.3,False,False,False,False,False,False
14,CJ,Rashid Shaheed,WR,4.594109722222222,105.92,False,False,False,False,False,False
14,CJ,Dalton Schultz,TE,2.6105444444444443,109.4,False,False,False,False,False,False
14,CJ,Adonai Mitchell,WR,1.859722222222222,84.34,False,False,False,False,False,False
14,Coby,Derrick Henry,RB,51.0,227.4,False,False,False,False,False,False
14,Coby,Kyren Williams,RB,31.0,196.2,False,False,False,False,False,False
14,Coby,Brian Thomas Jr,WR,16.0,138.06,False,False,False,False,False,False
14,Coby,Harold Fannin Jr,TE,6.0,141.21,False,False,False,False,False,False
14,Coby,TreVeyon Henderson,RB,11.0,158.6,False,False,False,False,False,False
14,Coby,Quinshon Judkins,RB,11.0,177.8,False,False,False,False,False,False
14,Coby,Jeremiyah Love,RB,250.0,202.4,False,False,False,False,False,False
14,Coby,Jonah Coleman,RB,4.52,67.3,False,False,False,False,False,False
14,Coby,Makai Lemon,WR,3.6038000000000006,119.03,False,False,False,False,False,False
14,Coby,Dalton Kincaid,TE,3.3023783333333334,118.1,False,False,False,False,False,False
14,Coby,Dallas Goedert,TE,2.2434333333333334,119.45,False,False,False,False,False,False
14,Coby,Jayden Higgins,WR,1.7922666666666667,132.72222222222223,False,False,False,False,False,False
14,Coby,Ray Davis,RB,1.446375,61.54,False,False,False,False,False,False
14,Coby,Rashod Bateman,WR,1.3608333333333331,79.23,False,False,False,False,False,False
14,Coby,Christian Kirk,WR,1.271388888888889,37.77,False,False,False,False,False,False
14,Evan,Amon-Ra St Brown,WR,41.0,247.22,False,False,True,False,False,True
14,Evan,Drake London,WR,36.0,221.3,False,False,False,False,True,True
14,Evan,Saquon Barkley,RB,46.0,222.8,False,True,False,False,False,True
14,Evan,George Pickens,WR,41.0,209.94,False,False,False,False,True,True
14,Evan,Puka Nacua,WR,31.0,256.87,False,False,True,False,False,True
14,Evan,Emeka Egbuka,WR,11.0,166.25,False,False,False,False,True,True
14,Evan,Josh Jacobs,RB,102.14533333333333,189.35,False,True,False,False,False,True
14,Evan,Jaylen Warren,RB,74.40784,162.0,False,False,False,False,False,False
14,Evan,Jordan Love,QB,1.4400000000000004,256.74,False,False,False,False,False,False
14,Evan,James Conner,RB,1.0,42.62,False,False,False,False,False,False
14,Evan,Chig Okonkwo,TE,1.0,98.45,False,False,False,True,False,True
14,Evan,DJ Giddens,RB,1.0,33.72,False,False,False,False,False,False
14,Evan,Jared Goff,QB,1.0,261.71,True,False,False,False,False,True
14,Evan,Keenan Allen,WR,1.0,80.85,False,False,False,False,False,False
14,Evan,De'Zhaun Stribling,WR,1.0,92.85,False,False,False,False,False,False
14,James,Wan'Dale Robinson,WR,11.0,133.19,False,False,False,False,True,True
14,James,Trevor Lawrence,QB,11.0,272.04,False,False,False,False,False,False
14,James,Jordan Addison,WR,31.0,131.03,False,False,False,False,False,False
14,James,Zay Flowers,WR,31.0,205.23,False,False,True,False,False,True
14,James,Colston Loveland,TE,6.0,157.08,False,False,False,True,False,True
14,James,Rico Dowdle,RB,13.0,157.15,False,True,False,False,False,True
14,James,Bucky Irving,RB,203.0,175.8,False,True,False,False,False,True
14,James,DK Metcalf,WR,35.69493333333334,148.53,False,False,False,False,True,True
14,James,Joe Burrow,QB,21.230023111111116,282.7,True,False,False,False,False,True
14,James,Ricky Pearsall,WR,12.973055999999998,199.08333333333334,False,False,True,False,False,True
14,James,Braelon Allen,RB,7.6764208333333315,68.77,False,False,False,False,False,False
14,James,Jajuan Jennings,WR,5.327701333333333,145.99444444444444,False,False,False,False,True,True
14,James,Tank Bigsby,RB,3.4414933333333333,68.64,False,False,False,False,False,False
14,James,Kimani Vidal,RB,2.287786666666667,54.72,False,False,False,False,False,False
14,James,Baker Mayfield,QB,1.8133333333333335,243.4,False,False,False,False,False,False
14,Jason,CeeDee Lamb,WR,46.0,224.28,False,False,True,False,False,True
14,Jason,Trey McBride,TE,31.0,188.05,False,False,False,True,False,True
14,Jason,AJ Brown,WR,46.0,194.9,False,False,True,False,False,True
14,Jason,Bijan Robinson,RB,21.0,295.2,False,True,False,False,False,True
14,Jason,Jahmyr Gibbs,RB,31.0,296.35,False,True,False,False,False,True
14,Jason,Luther Burden,WR,11.0,169.58,False,False,False,False,True,True
14,Jason,Bhayshul Tuten,RB,177.9074888888889,160.4,False,False,False,False,True,True
14,Jason,Xavier Worthy,WR,6.882548749999999,118.5,False,False,False,False,False,False
14,Jason,Jake Ferguson,TE,5.266683749999999,117.94,False,False,False,False,False,False
14,Jason,Justin Herbert,QB,4.0,263.56,True,False,False,False,False,True
14,Jason,AD Mitchell,WR,2.6891999999999996,145.99444444444444,False,False,False,False,True,True
14,Jason,Tyrone Tracy Jr,RB,2.174375,72.35,False,False,False,False,False,False
14,Jason,Geno Smith,QB,1.0,177.54,False,False,False,False,False,False
14,Jason,Isaiah Likely,TE,1.5662999999999998,115.25,False,False,False,False,False,False
14,Jason,Juwan Johnson,TE,1.2641833333333332,111.55,False,False,False,False,False,False
14,Reid,Kyle Pitts Sr,TE,11.0,140.7,False,False,False,False,False,False
14,Reid,Tucker Kraft,TE,21.0,143.34,False,False,False,True,False,True
14,Reid,Drake Maye,QB,30.0,296.32,False,False,False,False,False,False
14,Reid,Chris Olave,WR,41.0,194.65,False,False,True,False,False,True
14,Reid,Jalen Coker,WR,13.0,124.35,False,False,False,False,False,False
14,Reid,Javonte Williams,RB,34.0,196.9,False,False,False,False,True,True
14,Reid,Tony Pollard,RB,55.408888888888896,143.2,False,False,False,False,False,False
14,Reid,Chuba Hubbard,RB,39.570085,143.25,False,False,False,False,True,True
14,Reid,Bill Croskey-Merritt,RB,31.908622499999996,557.4333333333333,False,True,False,False,False,True
14,Reid,Terry McLaurin,WR,24.644614444444446,173.93,False,False,True,False,False,True
14,Reid,Josh Allen,QB,21.175065000000004,328.82,True,False,False,False,False,True
14,Reid,Mike Evans,WR,16.477631111111116,164.95,False,False,False,False,True,True
14,Reid,Brian Robinson Jr,RB,12.0,77.14,False,False,False,False,False,False
14,Reid,Austin Ekeler,RB,11.160831111111113,411.43888888888887,False,True,False,False,False,True
14,Reid,George Kittle,TE,8.820544444444444,130.46,False,False,False,False,False,False
14,Ryan J,Brock Purdy,QB,15.0,256.32,False,False,False,False,False,False
14,Ryan J,Michael Wilson,WR,11.0,132.1,False,False,False,False,True,True
14,Ryan J,Oronde Gadsden,TE,11.0,72.1,False,False,False,False,False,False
14,Ryan J,DeVon Achane,RB,26.0,242.2,False,True,False,False,False,True
14,Ryan J,Ashton Jeanty,RB,6.0,199.4,False,True,False,False,False,True
14,Ryan J,Ladd McConkey,WR,67.0,165.85,False,False,True,False,False,True
14,Ryan J,DJ Moore,WR,190.66666666666669,154.17,False,False,True,False,False,True
14,Ryan J,Keaton Mitchell,RB,16.018694999999997,90.45,False,False,False,False,False,False
14,Ryan J,Courtland Sutton,WR,11.619513749999998,137.35,False,False,False,False,True,True
14,Ryan J,Mark Andrews,TE,8.78746625,128.18,False,False,False,True,False,True
14,Ryan J,Mike Washington Jr.,RB,6.31308625,80.65,False,False,False,False,False,False
14,Ryan J,Dak Prescott,QB,5.0839375,278.54,True,False,False,False,False,True
14,Ryan J,KC Concepcion,WR,3.3935000000000004,118.36,False,False,False,False,True,True
14,Ryan J,Jacoby Brissett,QB,1.0,179.82,False,False,False,False,False,False
14,Ryan J,Alvin Kamara,RB,2.529833333333333,68.7,False,False,False,False,False,False
14,Sam,Garrett Wilson,WR,31.0,163.37,False,False,True,False,False,True
14,Sam,Kenneth Walker III,RB,36.0,217.65,False,True,False,False,False,True
14,Sam,Quentin Johnston,WR,11.0,125.4,False,False,False,False,True,True
14,Sam,David Montgomery,RB,45.0,176.5,False,False,False,False,True,True
14,Sam,Cam Skattebo,RB,28.0,186.4,False,True,False,False,False,True
14,Sam,Jaxson Dart,QB,11.0,273.12,True,False,False,False,False,True
14,Sam,Jaylen Waddle,WR,200.9212,177.9,False,False,True,False,False,True
14,Sam,Chris Godwin Jr,WR,14.962790000000002,134.26,False,False,False,False,True,True
14,Sam,Samaje Perine,RB,1.0,68.35,False,False,False,False,False,False
14,Sam,Brenton Strange,TE,1.12,112.65,False,False,False,True,False,True
14,Sam,Cooper Kupp,WR,1.0,69.66,False,False,False,False,False,False
14,Sam,Matthew Stafford,QB,1.0,250.22,False,False,False,False,False,False
14,Sam,Isaiah Davis,RB,1.0,45.95,False,False,False,False,False,False
14,Sam,Kendre Miller,RB,1.0,19.51,False,False,False,False,False,False
14,Sam,Patrick Mahomes,QB,1.0,254.26,False,False,False,False,False,False
14,Shane,MarShawn Lloyd,RB,11.0,75.39,False,False,False,False,False,False
14,Shane,Rome Odunze,WR,16.0,159.72,False,False,False,False,False,False
14,Shane,Caleb Williams,QB,16.0,271.0,False,False,False,False,False,False
14,Shane,Blake Corum,RB,11.0,134.1,False,False,False,False,False,False
14,Shane,Kyle Monangai,RB,11.0,144.3,False,False,False,False,False,False
14,Shane,Christian Watson,WR,11.0,161.94,False,False,False,False,False,False
14,Shane,DeVonta Smith,WR,74.8768,189.84,False,False,False,False,False,False
14,Shane,Jonathon Brooks,RB,56.2559,148.6,False,False,False,False,False,False
14,Shane,James Cook,RB,46.06933333333333,234.4,False,False,False,False,False,False
14,Shane,JK Dobbins,RB,39.49688888888889,134.15,False,False,False,False,False,False
14,Shane,Jalen Hurts,QB,27.904267486868978,297.46,False,False,False,False,False,False
14,Shane,Tyson Bagent,QB,1.0,11.07,False,False,False,False,False,False
14,Shane,Zach Charbonnet,RB,18.08,107.61,False,False,False,False,False,False
14,Shane,Josh Downs,WR,14.23986111111111,145.07,False,False,False,False,False,False
14,Shane,Lamar Jackson,QB,9.894666666666666,289.92,False,False,False,False,False,False
14,Travis,Jayden Reed,WR,26.0,143.93,False,False,False,False,True,True
14,Travis,Malik Nabers,WR,16.0,183.51,False,False,True,False,False,True
14,Travis,Woody Marks,RB,11.0,104.75,False,False,False,False,True,True
14,Travis,Rhamondre Stevenson,RB,42.0,157.55,False,True,False,False,False,True
14,Travis,Hunter Henry,TE,12.0,119.7,False,False,False,True,False,True
14,Travis,Tetairoa McMillan,WR,6.0,184.82,False,False,True,False,False,True
14,Travis,Jordan Mason,RB,252.0,137.2,False,True,False,False,False,True
14,Travis,Isiah Pacheco,RB,3.8826666666666676,73.93,False,False,False,False,False,False
14,Travis,Aaron Rodgers,QB,1.0,191.83,True,False,False,False,False,True
14,Travis,Emmett Johnson,RB,2.108311111111111,63.25,False,False,False,False,False,False
14,Travis,Trey Benson,RB,1.0099999999999998,11.03,False,False,False,False,False,False
14,Travis,Keon Coleman,WR,1.0,60.6,False,False,False,False,False,False
14,Travis,Justice Hill,RB,1.0,57.9,False,False,False,False,False,False
14,Travis,Chris Rodriguez Jr,RB,1.0,110.29,False,False,False,False,True,True
14,Travis,Jordyn Tyson,WR,1.0,94.75,False,False,False,False,False,False
15,Brad,Alec Pierce,WR,11.0,154.64,False,False,False,False,True,True
15,Brad,Jaxon Smith-Njigba,WR,31.0,253.78,False,False,True,False,False,True
15,Brad,Jaydon Blue,RB,14.0,54.64,False,False,False,False,False,False
15,Brad,Jameson Williams,WR,41.0,156.45,False,False,True,False,False,True
15,Brad,Marvin Harrison Jr,WR,16.0,145.68,False,False,False,False,True,True
15,Brad,Tyler Warren,TE,6.0,162.68,False,False,False,True,False,True
15,Brad,Rachaad White,RB,234.36111111111114,127.05,False,True,False,False,False,True
15,Brad,Chuba Hubbard,RB,39.64,143.25,False,True,False,False,False,True
15,Brad,Kenyon Sadiq,TE,1.0,85.03,False,False,False,False,False,False
15,Brad,Marcus Mariota,QB,1.0,17.15,False,False,False,False,False,False
15,Brad,Gunnar Helm,TE,1.0,85.2,False,False,False,False,False,False
15,Brad,Isaiah Likely,TE,1.0,115.25,False,False,False,False,True,True
15,Brad,Adonai Mitchell,WR,1.0,84.34,False,False,False,False,False,False
15,Brad,Patrick Mahomes,QB,1.0,254.26,True,False,False,False,False,True
15,Brad,Chris Rodriguez Jr,RB,1.0,110.29,False,False,False,False,False,False
15,Brandon,Jonathan Taylor,RB,46.0,256.35,False,True,False,False,False,True
15,Brandon,Justin Jefferson,WR,46.0,221.18,False,False,True,False,False,True
15,Brandon,Nico Collins,WR,36.0,214.51,False,False,True,False,False,True
15,Brandon,Breece Hall,RB,31.0,201.5,False,False,False,False,True,True
15,Brandon,Brock Bowers,TE,16.0,177.91,False,False,False,True,False,True
15,Brandon,Christian McCaffrey,RB,46.0,265.35,False,True,False,False,False,True
15,Brandon,Tee Higgins,WR,78.0,181.9,False,False,False,False,True,True
15,Brandon,DJ Moore,WR,40.100977777777786,154.17,False,False,False,False,True,True
15,Brandon,JK Dobbins,RB,24.368355555555556,134.15,False,False,False,False,False,False
15,Brandon,Jalen Hurts,QB,12.840403666666667,297.46,True,False,False,False,False,True
15,Brandon,Matthew Golden,WR,8.0,127.74,False,False,False,False,False,False
15,Brandon,Dylan Sampson,RB,5.0,79.3,False,False,False,False,False,False
15,Brandon,Braelon Allen,RB,5.221632000000001,68.77,False,False,False,False,False,False
15,Brandon,Mike Washington Jr.,RB,3.4248533333333335,80.65,False,False,False,False,False,False
15,Brandon,Jajuan Jennings,WR,2.0,145.99444444444444,False,False,False,False,False,False
15,CJ,Tory Horton,WR,11.0,55.15,False,False,False,False,False,False
15,CJ,Ja'Marr Chase,WR,46.0,266.33,False,False,True,False,False,True
15,CJ,Chase Brown,RB,31.0,227.25,False,True,False,False,False,True
15,CJ,Sam LaPorta,TE,31.0,139.7,False,False,False,True,False,True
15,CJ,Parker Washington,WR,11.0,162.09,False,False,False,False,True,True
15,CJ,Omarion Hampton,RB,6.0,205.65,False,True,False,False,False,True
15,CJ,Jaylen Waddle,WR,256.0,177.9,False,False,True,False,False,True
15,CJ,Chig Okonkwo,TE,1.0,98.45,False,False,False,False,True,True
15,CJ,Jayden Higgins,WR,1.0,132.72222222222223,False,False,False,False,True,True
15,CJ,Max Klare,TE,1.0,16.2,False,False,False,False,False,False
15,CJ,Baker Mayfield,QB,1.0,243.4,False,False,False,False,False,False
15,CJ,Cooper Kupp,WR,1.0,69.66,False,False,False,False,False,False
15,CJ,Rashod Bateman,WR,1.0,79.23,False,False,False,False,False,False
15,CJ,Justice Hill,RB,1.0,57.9,False,False,False,False,False,False
15,CJ,Jared Goff,QB,1.0,261.71,True,False,False,False,False,True
15,Coby,Derrick Henry,RB,51.0,227.4,False,True,False,False,False,True
15,Coby,Kyren Williams,RB,31.0,196.2,False,False,False,False,True,True
15,Coby,Brian Thomas Jr,WR,16.0,138.06,False,False,False,False,False,False
15,Coby,Harold Fannin Jr,TE,6.0,141.21,False,False,False,True,False,True
15,Coby,TreVeyon Henderson,RB,11.0,158.6,False,False,False,False,False,False
15,Coby,Quinshon Judkins,RB,11.0,177.8,False,False,False,False,True,True
15,Coby,Terry McLaurin,WR,49.0,173.93,False,False,False,False,True,True
15,Coby,James Cook,RB,46.332187333333344,234.4,False,True,False,False,False,True
15,Coby,DeVonta Smith,WR,35.29,189.84,False,False,True,False,False,True
15,Coby,Joe Burrow,QB,25.46208,282.7,True,False,False,False,False,True
15,Coby,Rashee Rice,WR,23.479182222222224,197.11,False,False,True,False,False,True
15,Coby,Romeo Doubs,WR,16.532594,122.25,False,False,False,False,False,False
15,Coby,Chris Godwin Jr,WR,15.008472222222222,134.26,False,False,False,False,False,False
15,Coby,Josh Downs,WR,11.807759444444445,145.07,False,False,False,False,False,False
15,Coby,Zach Charbonnet,RB,9.197040000000001,107.61,False,False,False,False,False,False
15,Evan,Amon-Ra St Brown,WR,41.0,247.22,False,False,True,False,False,True
15,Evan,Drake London,WR,36.0,221.3,False,False,False,False,True,True
15,Evan,Saquon Barkley,RB,46.0,222.8,False,True,False,False,False,True
15,Evan,George Pickens,WR,41.0,209.94,False,False,False,False,True,True
15,Evan,Puka Nacua,WR,31.0,256.87,False,False,True,False,False,True
15,Evan,Emeka Egbuka,WR,11.0,166.25,False,False,False,False,True,True
15,Evan,Bucky Irving,RB,77.79466666666669,175.8,False,True,False,False,False,True
15,Evan,Jaylen Warren,RB,77.21,162.0,False,False,False,False,False,False
15,Evan,Mike Evans,WR,19.775366666666663,164.95,False,False,False,False,False,False
15,Evan,Isiah Pacheco,RB,4.220000000000001,73.93,False,False,False,False,False,False
15,Evan,Jayden Daniels,QB,1.0,293.28,True,False,False,False,False,True
15,Evan,Jonah Coleman,RB,1.0,67.3,False,False,False,False,False,False
15,Evan,Keon Coleman,WR,1.0,60.6,False,False,False,False,False,False
15,Evan,Christian Kirk,WR,1.0,37.77,False,False,False,False,False,False
15,Evan,Juwan Johnson,TE,1.0,111.55,False,False,False,True,False,True
15,James,Wan'Dale Robinson,WR,11.0,133.19,False,False,False,False,True,True
15,James,Trevor Lawrence,QB,11.0,272.04,False,False,False,False,False,False
15,James,Jordan Addison,WR,31.0,131.03,False,False,False,False,True,True
15,James,Zay Flowers,WR,31.0,205.23,False,False,True,False,False,True
15,James,Colston Loveland,TE,6.0,157.08,False,False,False,True,False,True
15,James,Rico Dowdle,RB,13.0,157.15,False,True,False,False,False,True
15,James,Jeremiyah Love,RB,252.63150313507938,202.4,False,True,False,False,False,True
15,James,Joe Flacco,QB,1.0,28.58,False,False,False,False,False,False
15,James,Josh Allen,QB,8.746283333333334,328.82,True,False,False,False,False,True
15,James,Tyler Allgeier,RB,7.896244999999998,86.65,False,False,False,False,False,False
15,James,Michael Pittman Jr,WR,5.254933333333334,137.83,False,False,True,False,False,True
15,James,Khalil Shakir,WR,4.794072083333332,122.83,False,False,False,False,False,False
15,James,KC Concepcion,WR,3.0,118.36,False,False,False,False,False,False
15,James,Mark Andrews,TE,2.97597,128.18,False,False,False,False,True,True
15,James,Alvin Kamara,RB,1.997333333333333,68.7,False,False,False,False,False,False
15,Jason,CeeDee Lamb,WR,46.0,224.28,False,False,True,False,False,True
15,Jason,Trey McBride,TE,31.0,188.05,False,False,False,True,False,True
15,Jason,AJ Brown,WR,46.0,194.9,False,False,False,False,True,True
15,Jason,Bijan Robinson,RB,21.0,295.2,False,False,False,False,True,True
15,Jason,Jahmyr Gibbs,RB,31.0,296.35,False,True,False,False,False,True
15,Jason,Luther Burden,WR,11.0,169.58,False,False,False,False,True,True
15,Jason,Bill Croskey-Merritt,RB,58.64,557.4333333333333,False,True,False,False,False,True
15,Jason,DK Metcalf,WR,41.0,148.53,False,False,False,False,False,False
15,Jason,Courtland Sutton,WR,29.99380266666667,137.35,False,False,False,False,False,False
15,Jason,Michael Penix Jr.,QB,1.0,122.75,True,False,False,False,False,True
15,Jason,Aaron Jones Sr,RB,18.800092222222226,131.55,False,False,False,False,False,False
15,Jason,Keaton Mitchell,RB,15.40976616666667,90.45,False,False,False,False,False,False
15,Jason,Ricky Pearsall,WR,11.141351666666665,199.08333333333334,False,False,True,False,False,True
15,Jason,TJ Hockenson,TE,7.484533333333335,103.35,False,False,False,False,False,False
15,Jason,Brian Robinson Jr,RB,5.716703333333333,77.14,False,False,False,False,False,False
15,Reid,Kyle Pitts Sr,TE,11.0,140.7,False,False,False,False,True,True
15,Reid,Tucker Kraft,TE,21.0,143.34,False,False,False,True,False,True
15,Reid,Drake Maye,QB,30.0,296.32,True,False,False,False,False,True
15,Reid,Chris Olave,WR,41.0,194.65,False,False,True,False,False,True
15,Reid,Jalen Coker,WR,13.0,124.35,False,False,True,False,False,True
15,Reid,Javonte Williams,RB,34.0,196.9,False,True,False,False,False,True
15,Reid,Tony Pollard,RB,176.78651309325446,143.2,False,False,False,False,True,True
15,Reid,Josh Jacobs,RB,59.64,189.35,False,False,False,False,True,True
15,Reid,Travis Etienne,RB,15.265804444444443,190.4,False,True,False,False,False,True
15,Reid,Justin Herbert,QB,1.5816666666666668,263.56,False,False,False,False,False,False
15,Reid,Xavier Worthy,WR,1.5672222222222223,118.5,False,False,False,False,False,False
15,Reid,Dalton Schultz,TE,1.56,109.4,False,False,False,False,False,False
15,Reid,Kimani Vidal,RB,1.5527777777777778,54.72,False,False,False,False,False,False
15,Reid,Durham Smythe,TE,1.0,18.49,False,False,False,False,False,False
15,Reid,Nate Boerkircher,TE,1.0,29.93,False,False,False,False,False,False
15,Ryan J,Brock Purdy,QB,15.0,256.32,True,False,False,False,False,True
15,Ryan J,Michael Wilson,WR,11.0,132.1,False,False,False,False,True,True
15,Ryan J,Oronde Gadsden,TE,11.0,72.1,False,False,False,False,False,False
15,Ryan J,DeVon Achane,RB,26.0,242.2,False,True,False,False,False,True
15,Ryan J,Ashton Jeanty,RB,6.0,199.4,False,True,False,False,False,True
15,Ryan J,Ladd McConkey,WR,67.0,165.85,False,False,True,False,False,True
15,Ryan J,Jordan Mason,RB,242.0,137.2,False,False,False,False,True,True
15,Ryan J,Geno Smith,QB,1.0,177.54,False,False,False,False,False,False
15,Ryan J,George Kittle,TE,2.6716666666666664,130.46,False,False,False,True,False,True
15,Ryan J,Dalton Kincaid,TE,2.4430312499999998,118.1,False,False,False,False,False,False
15,Ryan J,CJ Stroud,QB,1.6520583333333336,245.14,False,False,False,False,False,False
15,Ryan J,Makai Lemon,WR,1.3273333333333335,119.03,False,False,False,False,True,True
15,Ryan J,AD Mitchell,WR,1.211111111111111,145.99444444444444,False,False,True,False,False,True
15,Ryan J,Rashid Shaheed,WR,1.3608333333333333,105.92,False,False,False,False,False,False
15,Ryan J,Tyrone Tracy Jr,RB,1.1666666666666667,72.35,False,False,False,False,False,False
15,Sam,Garrett Wilson,WR,31.0,163.37,False,False,True,False,False,True
15,Sam,Kenneth Walker III,RB,36.0,217.65,False,True,False,False,False,True
15,Sam,Quentin Johnston,WR,11.0,125.4,False,False,False,False,True,True
15,Sam,David Montgomery,RB,45.0,176.5,False,False,False,False,True,True
15,Sam,Cam Skattebo,RB,28.0,186.4,False,True,False,False,False,True
15,Sam,Jaxson Dart,QB,11.0,273.12,True,False,False,False,False,True
15,Sam,Deebo Samuel,WR,177.0,102.68,False,False,False,False,False,False
15,Sam,RJ Harvey,RB,37.37480888888889,136.65,False,False,False,False,True,True
15,Sam,Stefon Diggs,WR,2.630000000000001,130.42,False,False,True,False,False,True
15,Sam,Trey Lance,QB,1.0,9.42,False,False,False,False,False,False
15,Sam,Ray Davis,RB,1.0,61.54,False,False,False,False,False,False
15,Sam,Samaje Perine,RB,1.0,68.35,False,False,False,False,False,False
15,Sam,Emmett Johnson,RB,1.0,63.25,False,False,False,False,False,False
15,Sam,James Conner,RB,1.0,42.62,False,False,False,False,False,False
15,Sam,Brenton Strange,TE,1.0,112.65,False,False,False,True,False,True
15,Shane,MarShawn Lloyd,RB,11.0,75.39,False,False,False,False,False,False
15,Shane,Rome Odunze,WR,16.0,159.72,False,False,True,False,False,True
15,Shane,Caleb Williams,QB,16.0,271.0,False,False,False,False,False,False
15,Shane,Blake Corum,RB,11.0,134.1,False,False,False,False,True,True
15,Shane,Kyle Monangai,RB,11.0,144.3,False,True,False,False,False,True
15,Shane,Christian Watson,WR,11.0,161.94,False,False,True,False,False,True
15,Shane,Bhayshul Tuten,RB,289.71453333333335,160.4,False,True,False,False,False,True
15,Shane,Justin Fields,QB,1.0,40.19,False,False,False,False,False,False
15,Shane,Jacory Croskey-Merritt,RB,24.561128888888888,127.0,False,False,False,False,True,True
15,Shane,Jakobi Meyers,WR,2.1922,131.61,False,False,False,False,True,True
15,Shane,Tank Bigsby,RB,1.9271200000000002,68.64,False,False,False,False,False,False
15,Shane,Dak Prescott,QB,1.4266666666666665,278.54,True,False,False,False,False,True
15,Shane,Jake Ferguson,TE,1.1800000000000002,117.94,False,False,False,False,False,False
15,Shane,Anthony Richardson Sr.,QB,1.0,10.4,False,False,False,False,False,False
15,Shane,Dallas Goedert,TE,1.0,119.45,False,False,False,True,False,True
15,Travis,Jayden Reed,WR,26.0,143.93,False,False,False,False,False,False
15,Travis,Malik Nabers,WR,16.0,183.51,False,False,True,False,False,True
15,Travis,Woody Marks,RB,11.0,104.75,False,False,False,False,False,False
15,Travis,Rhamondre Stevenson,RB,42.0,157.55,False,False,False,False,True,True
15,Travis,Hunter Henry,TE,12.0,119.7,False,False,False,False,False,False
15,Travis,Tetairoa McMillan,WR,6.0,184.82,False,False,True,False,False,True
15,Travis,Kenny Gainwell,RB,76.2448888888889,136.45,False,False,False,False,False,False
15,Travis,Jonathon Brooks,RB,48.0,148.6,False,False,False,False,True,True
15,Travis,Carnell Tate,WR,31.10741555555556,140.03,False,False,False,False,False,False
15,Travis,Nick Chubb,RB,29.686088722222227,451.25555555555553,False,True,False,False,False,True
15,Travis,Jacoby Brissett,QB,1.0,179.82,False,False,False,False,False,False
15,Travis,Davante Adams,WR,18.628108888888885,161.35,False,False,False,False,True,True
15,Travis,Austin Ekeler,RB,13.0,411.43888888888887,False,True,False,False,False,True
15,Travis,Travis Kelce,TE,11.792271944444446,129.94,False,False,False,True,False,True
15,Travis,Lamar Jackson,QB,7.861687777777778,289.92,True,False,False,False,False,True
16,Brad,Alec Pierce,WR,11.0,154.64,False,False,False,False,True,True
16,Brad,Jaxon Smith-Njigba,WR,31.0,253.78,False,False,True,False,False,True
16,Brad,Jaydon Blue,RB,14.0,54.64,False,False,False,False,False,False
16,Brad,Jameson Williams,WR,41.0,156.45,False,False,False,False,True,True
16,Brad,Marvin Harrison Jr,WR,16.0,145.68,False,False,False,False,True,True
16,Brad,Tyler Warren,TE,6.0,162.68,False,False,False,True,False,True
16,Brad,Jeremiyah Love,RB,250.0,202.4,False,True,False,False,False,True
16,Brad,Davante Adams,WR,24.0,161.35,False,False,True,False,False,True
16,Brad,Cam Ward,QB,1.0,221.28,False,False,False,False,False,False
16,Brad,Baker Mayfield,QB,1.0,243.4,False,False,False,False,False,False
16,Brad,Ray Davis,RB,1.0,61.54,False,True,False,False,False,True
16,Brad,James Conner,RB,1.0,42.62,False,False,False,False,False,False
16,Brad,Kyler Murray,QB,1.0,255.34,True,False,False,False,False,True
16,Brad,Cedric Tillman,WR,1.0,19.7,False,False,False,False,False,False
16,Brad,Tre Tucker,WR,1.0,95.11,False,False,False,False,False,False
16,Brandon,Jonathan Taylor,RB,46.0,256.35,False,True,False,False,False,True
16,Brandon,Justin Jefferson,WR,46.0,221.18,False,False,True,False,False,True
16,Brandon,Nico Collins,WR,36.0,214.51,False,False,True,False,False,True
16,Brandon,Breece Hall,RB,31.0,201.5,False,False,False,False,True,True
16,Brandon,Brock Bowers,TE,16.0,177.91,False,False,False,True,False,True
16,Brandon,Christian McCaffrey,RB,46.0,265.35,False,True,False,False,False,True
16,Brandon,Jordan Mason,RB,50.0,137.2,False,False,False,False,False,False
16,Brandon,Tony Pollard,RB,50.75758666666667,143.2,False,False,False,False,True,True
16,Brandon,Deebo Samuel,WR,31.309120000000007,102.68,False,False,False,False,False,False
16,Brandon,Joe Burrow,QB,20.563693333333333,282.7,True,False,False,False,False,True
16,Brandon,Courtland Sutton,WR,14.307383333333334,137.35,False,False,False,False,False,False
16,Brandon,Michael Pittman Jr,WR,5.830771111111112,137.83,False,False,False,False,False,False
16,Brandon,Jakobi Meyers,WR,3.8930666666666665,131.61,False,False,False,False,False,False
16,Brandon,George Kittle,TE,2.0,130.46,False,False,False,False,False,False
16,Brandon,Ricky Pearsall,WR,2.0,199.08333333333334,False,False,False,False,True,True
16,CJ,Tory Horton,WR,11.0,55.15,False,False,False,False,False,False
16,CJ,Ja'Marr Chase,WR,46.0,266.33,False,False,True,False,False,True
16,CJ,Chase Brown,RB,31.0,227.25,False,True,False,False,False,True
16,CJ,Sam LaPorta,TE,31.0,139.7,False,False,False,True,False,True
16,CJ,Parker Washington,WR,11.0,162.09,False,False,False,False,True,True
16,CJ,Omarion Hampton,RB,6.0,205.65,False,True,False,False,False,True
16,CJ,JK Dobbins,RB,32.207168,134.15,False,False,False,False,False,False
16,CJ,DeVonta Smith,WR,49.577305555555554,189.84,False,False,True,False,False,True
16,CJ,Jacory Croskey-Merritt,RB,33.49995,127.0,False,False,False,False,False,False
16,CJ,Chuba Hubbard,RB,28.0,143.25,False,False,False,False,False,False
16,CJ,DK Metcalf,WR,25.067443333333333,148.53,False,False,False,False,True,True
16,CJ,Aaron Jones Sr,RB,16.38,131.55,False,False,False,False,False,False
16,CJ,Josh Allen,QB,16.028133333333333,328.82,True,False,False,False,False,True
16,CJ,Travis Etienne,RB,12.491437777777778,190.4,False,False,False,False,True,True
16,CJ,Dylan Sampson,RB,9.022572499999997,79.3,False,False,False,False,False,False
16,Coby,Derrick Henry,RB,51.0,227.4,False,True,False,False,False,True
16,Coby,Kyren Williams,RB,31.0,196.2,False,False,False,False,True,True
16,Coby,Brian Thomas Jr,WR,16.0,138.06,False,False,True,False,False,True
16,Coby,Harold Fannin Jr,TE,6.0,141.21,False,False,False,True,False,True
16,Coby,TreVeyon Henderson,RB,11.0,158.6,False,False,False,False,True,True
16,Coby,Quinshon Judkins,RB,11.0,177.8,False,False,False,False,True,True
16,Coby,Jaylen Waddle,WR,254.22222222222223,177.9,False,False,True,False,False,True
16,Coby,Jalen Hurts,QB,4.5683558333333325,297.46,True,False,False,False,False,True
16,Coby,Austin Ekeler,RB,3.01665,411.43888888888887,False,True,False,False,False,True
16,Coby,Tyler Allgeier,RB,2.7336074999999993,86.65,False,False,False,False,False,False
16,Coby,CJ Stroud,QB,1.8368166666666665,245.14,False,False,False,False,False,False
16,Coby,Xavier Worthy,WR,1.6576674999999998,118.5,False,False,False,False,False,False
16,Coby,Isiah Pacheco,RB,1.25,73.93,False,False,False,False,False,False
16,Coby,KC Concepcion,WR,1.2444444444444445,118.36,False,False,False,False,False,False
16,Coby,Alvin Kamara,RB,1.2222222222222223,68.7,False,False,False,False,False,False
16,Evan,Amon-Ra St Brown,WR,41.0,247.22,False,False,False,False,False,False
16,Evan,Drake London,WR,36.0,221.3,False,False,False,False,False,False
16,Evan,Saquon Barkley,RB,46.0,222.8,False,False,False,False,False,False
16,Evan,George Pickens,WR,41.0,209.94,False,False,False,False,False,False
16,Evan,Puka Nacua,WR,31.0,256.87,False,False,False,False,False,False
16,Evan,Emeka Egbuka,WR,11.0,166.25,False,False,False,False,False,False
16,Evan,Kenny Gainwell,RB,105.06666666666665,136.45,False,False,False,False,False,False
16,Evan,Bill Croskey-Merritt,RB,26.0,557.4333333333333,False,False,False,False,False,False
16,Evan,Nick Chubb,RB,19.94872888888889,451.25555555555553,False,False,False,False,False,False
16,Evan,Khalil Shakir,WR,11.160700000000002,122.83,False,False,False,False,False,False
16,Evan,Mike Washington Jr.,RB,5.6441791666666665,80.65,False,False,False,False,False,False
16,Evan,Romeo Doubs,WR,5.591808,122.25,False,False,False,False,False,False
16,Evan,Jajuan Jennings,WR,3.5544746666666667,145.99444444444444,False,False,False,False,False,False
16,Evan,Jake Ferguson,TE,2.3128746666666666,117.94,False,False,False,False,False,False
16,Evan,Dalton Kincaid,TE,2.0444444444444443,118.1,False,False,False,False,False,False
16,James,Wan'Dale Robinson,WR,11.0,133.19,False,False,False,False,True,True
16,James,Trevor Lawrence,QB,11.0,272.04,True,False,False,False,False,True
16,James,Jordan Addison,WR,31.0,131.03,False,False,False,False,True,True
16,James,Zay Flowers,WR,31.0,205.23,False,False,True,False,False,True
16,James,Colston Loveland,TE,6.0,157.08,False,False,False,True,False,True
16,James,Rico Dowdle,RB,13.0,157.15,False,True,False,False,False,True
16,James,Bucky Irving,RB,274.0,175.8,False,True,False,False,False,True
16,James,Tua Tagovailoa,QB,1.0,103.67,False,False,False,False,False,False
16,James,Rashee Rice,WR,13.540616666666665,197.11,False,False,True,False,False,True
16,James,Braelon Allen,RB,1.6322222222222222,68.77,False,False,False,False,False,False
16,James,Kimani Vidal,RB,1.6105555555555557,54.72,False,False,False,False,False,False
16,James,Travis Kelce,TE,1.6033333333333335,129.94,False,False,False,False,False,False
16,James,Justin Herbert,QB,1.5961111111111113,263.56,False,False,False,False,False,False
16,James,Jayden Higgins,WR,1.0,132.72222222222223,False,False,False,False,True,True
16,James,Rashid Shaheed,WR,1.02,105.92,False,False,False,False,False,False
16,Jason,CeeDee Lamb,WR,46.0,224.28,False,False,True,False,False,True
16,Jason,Trey McBride,TE,31.0,188.05,False,False,False,True,False,True
16,Jason,AJ Brown,WR,46.0,194.9,False,False,True,False,False,True
16,Jason,Bijan Robinson,RB,21.0,295.2,False,True,False,False,False,True
16,Jason,Jahmyr Gibbs,RB,31.0,296.35,False,True,False,False,False,True
16,Jason,Luther Burden,WR,11.0,169.58,False,False,False,False,True,True
16,Jason,James Cook,RB,176.0,234.4,False,False,False,False,True,True
16,Jason,Terry McLaurin,WR,26.0,173.93,False,False,False,False,True,True
16,Jason,Colby Parkinson,TE,1.0,62.2,False,False,False,False,False,False
16,Jason,Isaiah Likely,TE,1.0,115.25,False,False,False,False,False,False
16,Jason,Christian Kirk,WR,1.0,37.77,False,False,False,False,False,False
16,Jason,Chig Okonkwo,TE,1.0,98.45,False,False,False,False,False,False
16,Jason,DJ Giddens,RB,1.0,33.72,False,False,False,False,False,False
16,Jason,Adonai Mitchell,WR,1.0,84.34,False,False,False,False,False,False
16,Jason,Patrick Mahomes,QB,1.0,254.26,True,False,False,False,False,True
16,Reid,Kyle Pitts Sr,TE,11.0,140.7,False,False,False,False,True,True
16,Reid,Tucker Kraft,TE,21.0,143.34,False,False,False,True,False,True
16,Reid,Drake Maye,QB,30.0,296.32,True,False,False,False,False,True
16,Reid,Chris Olave,WR,41.0,194.65,False,False,True,False,False,True
16,Reid,Jalen Coker,WR,13.0,124.35,False,False,False,False,False,False
16,Reid,Javonte Williams,RB,34.0,196.9,False,True,False,False,False,True
16,Reid,DJ Moore,WR,189.33333333333331,154.17,False,False,False,False,True,True
16,Reid,Matthew Golden,WR,15.669831944444446,127.74,False,False,False,False,False,False
16,Reid,Zach Charbonnet,RB,11.379999999999999,107.61,False,True,False,False,False,True
16,Reid,Carnell Tate,WR,10.0,140.03,False,False,False,False,True,True
16,Reid,Mike Evans,WR,6.948133333333332,164.95,False,False,True,False,False,True
16,Reid,Brian Robinson Jr,RB,5.46735,77.14,False,False,False,False,False,False
16,Reid,Mark Andrews,TE,4.916633333333333,128.18,False,False,False,False,False,False
16,Reid,Keaton Mitchell,RB,3.728798333333333,90.45,False,False,False,False,False,False
16,Reid,Lamar Jackson,QB,2.4577083333333336,289.92,False,False,False,False,False,False
16,Ryan J,Brock Purdy,QB,15.0,256.32,False,False,False,False,False,False
16,Ryan J,Michael Wilson,WR,11.0,132.1,False,False,False,False,True,True
16,Ryan J,Oronde Gadsden,TE,11.0,72.1,False,False,False,True,False,True
16,Ryan J,DeVon Achane,RB,26.0,242.2,False,True,False,False,False,True
16,Ryan J,Ashton Jeanty,RB,6.0,199.4,False,True,False,False,False,True
16,Ryan J,Ladd McConkey,WR,67.0,165.85,False,False,True,False,False,True
16,Ryan J,Bhayshul Tuten,RB,201.0985675,160.4,False,False,False,False,True,True
16,Ryan J,Jaylen Warren,RB,39.51643333333333,162.0,False,False,False,False,True,True
16,Ryan J,Chris Godwin Jr,WR,10.0,134.26,False,False,True,False,False,True
16,Ryan J,Jayden Daniels,QB,1.2055555555555555,293.28,True,False,False,False,False,True
16,Ryan J,Emmett Johnson,RB,1.17,63.25,False,False,False,False,False,False
16,Ryan J,Jacoby Brissett,QB,1.0,179.82,False,False,False,False,False,False
16,Ryan J,Cooper Kupp,WR,1.0,69.66,False,False,False,False,False,False
16,Ryan J,Keenan Allen,WR,1.0,80.85,False,False,False,False,False,False
16,Ryan J,Keon Coleman,WR,1.0,60.6,False,False,False,False,False,False
16,Sam,Garrett Wilson,WR,31.0,163.37,False,False,True,False,False,True
16,Sam,Kenneth Walker III,RB,36.0,217.65,False,True,False,False,False,True
16,Sam,Quentin Johnston,WR,11.0,125.4,False,False,False,False,False,False
16,Sam,David Montgomery,RB,45.0,176.5,False,False,False,False,True,True
16,Sam,Cam Skattebo,RB,28.0,186.4,False,True,False,False,False,True
16,Sam,Jaxson Dart,QB,11.0,273.12,True,False,False,False,False,True
16,Sam,Tee Higgins,WR,177.0,181.9,False,False,True,False,False,True
16,Sam,Jonathon Brooks,RB,32.46042666666666,148.6,False,False,False,False,True,True
16,Sam,Josh Downs,WR,4.772097777777779,145.07,False,False,False,False,True,True
16,Sam,Stefon Diggs,WR,3.0022633333333335,130.42,False,False,False,False,False,False
16,Sam,Makai Lemon,WR,1.7699999999999996,119.03,False,False,False,False,False,False
16,Sam,Tyrone Tracy Jr,RB,1.0,72.35,False,False,False,False,False,False
16,Sam,Quinn Ewers,QB,1.0,9.68,False,False,False,False,False,False
16,Sam,Brenton Strange,TE,1.0,112.65,False,False,False,True,False,True
16,Sam,Trey Benson,RB,1.0,11.03,False,False,False,False,False,False
16,Shane,MarShawn Lloyd,RB,11.0,75.39,False,False,False,False,False,False
16,Shane,Rome Odunze,WR,16.0,159.72,False,False,True,False,False,True
16,Shane,Caleb Williams,QB,16.0,271.0,True,False,False,False,False,True
16,Shane,Blake Corum,RB,11.0,134.1,False,False,False,False,True,True
16,Shane,Kyle Monangai,RB,11.0,144.3,False,True,False,False,False,True
16,Shane,Christian Watson,WR,11.0,161.94,False,False,True,False,False,True
16,Shane,Josh Jacobs,RB,290.0,189.35,False,True,False,False,False,True
16,Shane,TJ Hockenson,TE,27.0,103.35,False,False,False,False,True,True
16,Shane,Joe Flacco,QB,1.0,28.58,False,False,False,False,False,False
16,Shane,Rashod Bateman,WR,1.0,79.23,False,False,False,False,True,True
16,Shane,Juwan Johnson,TE,1.0,111.55,False,False,False,True,False,True
16,Shane,Justice Hill,RB,1.0,57.9,False,False,False,False,False,False
16,Shane,Matthew Stafford,QB,1.0,250.22,False,False,False,False,False,False
16,Shane,Jared Goff,QB,1.0,261.71,False,False,False,False,False,False
16,Shane,Bo Nix,QB,1.0,262.52,False,False,False,False,False,False
16,Travis,Jayden Reed,WR,26.0,143.93,False,False,False,False,True,True
16,Travis,Malik Nabers,WR,16.0,183.51,False,False,True,False,False,True
16,Travis,Woody Marks,RB,11.0,104.75,False,False,False,False,False,False
16,Travis,Rhamondre Stevenson,RB,42.0,157.55,False,True,False,False,False,True
16,Travis,Hunter Henry,TE,12.0,119.7,False,False,False,True,False,True
16,Travis,Tetairoa McMillan,WR,6.0,184.82,False,False,True,False,False,True
16,Travis,Rachaad White,RB,233.54166666666666,127.05,False,False,False,False,True,True
16,Travis,RJ Harvey,RB,20.489306666666668,136.65,False,True,False,False,False,True
16,Travis,Dak Prescott,QB,1.5816666666666668,278.54,True,False,False,False,False,True
16,Travis,Tank Bigsby,RB,1.5744444444444443,68.64,False,False,False,False,False,False
16,Travis,Dalton Schultz,TE,1.56,109.4,False,False,False,False,False,False
16,Travis,Jonah Coleman,RB,1.1944444444444444,67.3,False,False,False,False,False,False
16,Travis,AD Mitchell,WR,1.1888888888888889,145.99444444444444,False,False,False,False,True,True
16,Travis,Dallas Goedert,TE,1.1833333333333333,119.45,False,False,False,False,False,False
16,Travis,Samaje Perine,RB,1.5311111111111113,68.35,False,False,False,False,False,False
17,Brad,Alec Pierce,WR,11.0,154.64,False,False,False,False,True,True
17,Brad,Jaxon Smith-Njigba,WR,31.0,253.78,False,False,True,False,False,True
17,Brad,Jaydon Blue,RB,14.0,54.64,False,False,False,False,False,False
17,Brad,Jameson Williams,WR,41.0,156.45,False,False,True,False,False,True
17,Brad,Marvin Harrison Jr,WR,16.0,145.68,False,False,False,False,True,True
17,Brad,Tyler Warren,TE,6.0,162.68,False,False,False,True,False,True
17,Brad,Bucky Irving,RB,256.0,175.8,False,True,False,False,False,True
17,Brad,Romeo Doubs,WR,8.144594722222223,122.25,False,False,False,False,False,False
17,Brad,Travis Kelce,TE,5.706922666666666,129.94,False,False,False,False,True,True
17,Brad,Mike Washington Jr.,RB,3.647288888888889,80.65,False,True,False,False,False,True
17,Brad,Braelon Allen,RB,2.0,68.77,False,False,False,False,False,False
17,Brad,Jacoby Brissett,QB,1.0,179.82,False,False,False,False,False,False
17,Brad,Dalton Kincaid,TE,1.9377777777777778,118.1,False,False,False,False,False,False
17,Brad,Dak Prescott,QB,1.56,278.54,True,False,False,False,False,True
17,Brad,Rashod Bateman,WR,1.0,79.23,False,False,False,False,False,False
17,Brandon,Jonathan Taylor,RB,46.0,256.35,False,False,False,False,True,True
17,Brandon,Justin Jefferson,WR,46.0,221.18,False,False,True,False,False,True
17,Brandon,Nico Collins,WR,36.0,214.51,False,False,True,False,False,True
17,Brandon,Breece Hall,RB,31.0,201.5,False,False,False,False,True,True
17,Brandon,Brock Bowers,TE,16.0,177.91,False,False,False,True,False,True
17,Brandon,Christian McCaffrey,RB,46.0,265.35,False,False,False,False,True,True
17,Brandon,Bill Croskey-Merritt,RB,38.78311111111111,557.4333333333333,False,True,False,False,False,True
17,Brandon,DJ Moore,WR,26.493333333333332,154.17,False,False,False,False,False,False
17,Brandon,Rashee Rice,WR,23.530005555555558,197.11,False,False,False,False,False,False
17,Brandon,Terry McLaurin,WR,18.764615555555558,173.93,False,False,False,False,False,False
17,Brandon,Davante Adams,WR,14.665400000000002,161.35,False,False,False,False,False,False
17,Brandon,Austin Ekeler,RB,11.0,411.43888888888887,False,True,False,False,False,True
17,Brandon,Keaton Mitchell,RB,9.911432222222222,90.45,False,False,False,False,False,False
17,Brandon,Zach Charbonnet,RB,7.8814400000000004,107.61,False,False,False,False,False,False
17,Brandon,Lamar Jackson,QB,6.233220000000001,289.92,True,False,False,False,False,True
17,CJ,Tory Horton,WR,11.0,55.15,False,False,False,False,False,False
17,CJ,Ja'Marr Chase,WR,46.0,266.33,False,False,True,False,False,True
17,CJ,Chase Brown,RB,31.0,227.25,False,True,False,False,False,True
17,CJ,Sam LaPorta,TE,31.0,139.7,False,False,False,True,False,True
17,CJ,Parker Washington,WR,11.0,162.09,False,False,False,False,True,True
17,CJ,Omarion Hampton,RB,6.0,205.65,False,True,False,False,False,True
17,CJ,Rachaad White,RB,235.18055555555557,127.05,False,False,False,False,True,True
17,CJ,Mike Evans,WR,20.570022777777776,164.95,False,False,True,False,False,True
17,CJ,Dalton Schultz,TE,1.5455555555555556,109.4,False,False,False,False,False,False
17,CJ,Chig Okonkwo,TE,1.5383333333333333,98.45,False,False,False,False,False,False
17,CJ,Tua Tagovailoa,QB,1.0,103.67,False,False,False,False,False,False
17,CJ,Jayden Higgins,WR,1.1555555555555557,132.72222222222223,False,False,False,False,True,True
17,CJ,J'Mari Taylor,RB,1.0,0.0,False,False,False,False,False,False
17,CJ,Christian Kirk,WR,1.0,37.77,False,False,False,False,False,False
17,CJ,Tyler Shough,QB,1.0,258.88,True,False,False,False,False,True
17,Coby,Derrick Henry,RB,51.0,227.4,False,True,False,False,False,True
17,Coby,Kyren Williams,RB,31.0,196.2,False,True,False,False,False,True
17,Coby,Brian Thomas Jr,WR,16.0,138.06,False,False,True,False,False,True
17,Coby,Harold Fannin Jr,TE,6.0,141.21,False,False,False,True,False,True
17,Coby,TreVeyon Henderson,RB,11.0,158.6,False,False,False,False,True,True
17,Coby,Quinshon Judkins,RB,11.0,177.8,False,False,False,False,True,True
17,Coby,Kenny Gainwell,RB,65.40487777777778,136.45,False,False,False,False,False,False
17,Coby,DK Metcalf,WR,46.21244444444444,148.53,False,False,True,False,False,True
17,Coby,RJ Harvey,RB,41.869555,136.65,False,False,False,False,False,False
17,Coby,Chuba Hubbard,RB,30.504951111111115,143.25,False,False,False,False,True,True
17,Coby,Courtland Sutton,WR,21.999,137.35,False,False,False,False,False,False
17,Coby,Josh Allen,QB,16.457866666666668,328.82,True,False,False,False,False,True
17,Coby,Matthew Golden,WR,13.71266844444445,127.74,False,False,False,False,False,False
17,Coby,TJ Hockenson,TE,8.885833333333334,103.35,False,False,False,False,False,False
17,Coby,Brian Robinson Jr,RB,6.728373333333334,77.14,False,False,False,False,False,False
17,Evan,Amon-Ra St Brown,WR,41.0,247.22,False,False,True,False,False,True
17,Evan,Drake London,WR,36.0,221.3,False,False,False,False,True,True
17,Evan,Saquon Barkley,RB,46.0,222.8,False,True,False,False,False,True
17,Evan,George Pickens,WR,41.0,209.94,False,False,False,False,True,True
17,Evan,Puka Nacua,WR,31.0,256.87,False,False,True,False,False,True
17,Evan,Emeka Egbuka,WR,11.0,166.25,False,False,False,False,True,True
17,Evan,Bhayshul Tuten,RB,80.0,160.4,False,False,False,False,False,False
17,Evan,James Cook,RB,79.52000000000001,234.4,False,True,False,False,False,True
17,Evan,Tyler Allgeier,RB,10.95092,86.65,False,False,False,False,False,False
17,Evan,George Kittle,TE,4.670856666666666,130.46,False,False,False,True,False,True
17,Evan,CJ Stroud,QB,2.9690844444444444,245.14,True,False,False,False,False,True
17,Evan,Tyrone Tracy Jr,RB,1.9227577777777776,72.35,False,False,False,False,False,False
17,Evan,Jonah Coleman,RB,1.5961111111111113,67.3,False,False,False,False,False,False
17,Evan,Isiah Pacheco,RB,1.37,73.93,False,False,False,False,False,False
17,Evan,Justice Hill,RB,1.0,57.9,False,False,False,False,False,False
17,James,Wan'Dale Robinson,WR,11.0,133.19,False,False,False,False,True,True
17,James,Trevor Lawrence,QB,11.0,272.04,True,False,False,False,False,True
17,James,Jordan Addison,WR,31.0,131.03,False,False,False,False,True,True
17,James,Zay Flowers,WR,31.0,205.23,False,False,True,False,False,True
17,James,Colston Loveland,TE,6.0,157.08,False,False,False,True,False,True
17,James,Rico Dowdle,RB,13.0,157.15,False,True,False,False,False,True
17,James,Jordan Mason,RB,252.0,137.2,False,True,False,False,False,True
17,James,Jacory Croskey-Merritt,RB,32.410900000000005,127.0,False,False,False,False,True,True
17,James,Jajuan Jennings,WR,5.342006944444446,145.99444444444444,False,False,True,False,False,True
17,James,Xavier Worthy,WR,2.25,118.5,False,False,False,False,False,False
17,James,Isaiah Likely,TE,1.0,115.25,False,False,False,False,False,False
17,James,Jared Goff,QB,1.0,261.71,False,False,False,False,False,False
17,James,Keon Coleman,WR,1.0,60.6,False,False,False,False,False,False
17,James,Emanuel Wilson,RB,1.0,38.92,False,False,False,False,False,False
17,James,Jordyn Tyson,WR,1.0,94.75,False,False,False,False,False,False
17,Jason,CeeDee Lamb,WR,46.0,224.28,False,False,True,False,False,True
17,Jason,Trey McBride,TE,31.0,188.05,False,False,False,True,False,True
17,Jason,AJ Brown,WR,46.0,194.9,False,False,True,False,False,True
17,Jason,Bijan Robinson,RB,21.0,295.2,False,True,False,False,False,True
17,Jason,Jahmyr Gibbs,RB,31.0,296.35,False,True,False,False,False,True
17,Jason,Luther Burden,WR,11.0,169.58,False,False,False,False,True,True
17,Jason,Deebo Samuel,WR,188.66666666666666,102.68,False,False,False,False,False,False
17,Jason,Khalil Shakir,WR,6.802837333333334,122.83,False,False,False,False,True,True
17,Jason,Jake Ferguson,TE,4.445056,117.94,False,False,False,False,False,False
17,Jason,Justin Herbert,QB,2.9572551111111114,263.56,True,False,False,False,False,True
17,Jason,Samaje Perine,RB,1.92,68.35,False,False,False,False,False,False
17,Jason,AD Mitchell,WR,1.1666666666666667,145.99444444444444,False,False,False,False,True,True
17,Jason,Jordan Love,QB,1.0299999999999998,256.74,False,False,False,False,False,False
17,Jason,Trey Benson,RB,1.0,11.03,False,False,False,False,False,False
17,Jason,Brenton Strange,TE,1.0,112.65,False,False,False,False,False,False
17,Reid,Kyle Pitts Sr,TE,11.0,140.7,False,False,False,False,True,True
17,Reid,Tucker Kraft,TE,21.0,143.34,False,False,False,True,False,True
17,Reid,Drake Maye,QB,30.0,296.32,False,False,False,False,False,False
17,Reid,Chris Olave,WR,41.0,194.65,False,False,True,False,False,True
17,Reid,Jalen Coker,WR,13.0,124.35,False,False,False,False,False,False
17,Reid,Javonte Williams,RB,34.0,196.9,False,True,False,False,False,True
17,Reid,Josh Jacobs,RB,177.0,189.35,False,True,False,False,False,True
17,Reid,Joe Burrow,QB,19.443623,282.7,False,False,False,False,False,False
17,Reid,Chris Godwin Jr,WR,13.514757777777781,134.26,False,False,False,False,True,True
17,Reid,Jalen Hurts,QB,12.13503958333333,297.46,True,False,False,False,False,True
17,Reid,Ricky Pearsall,WR,8.973612916666665,199.08333333333334,False,False,True,False,False,True
17,Reid,Dylan Sampson,RB,6.683934166666666,79.3,False,False,False,False,False,False
17,Reid,Alvin Kamara,RB,4.0,68.7,False,False,False,False,False,False
17,Reid,Stefon Diggs,WR,3.5607000000000006,130.42,False,False,False,False,True,True
17,Reid,Makai Lemon,WR,2.854249999999999,119.03,False,False,False,False,False,False
17,Ryan J,Brock Purdy,QB,15.0,256.32,True,False,False,False,False,True
17,Ryan J,Michael Wilson,WR,11.0,132.1,False,False,False,False,True,True
17,Ryan J,Oronde Gadsden,TE,11.0,72.1,False,False,False,True,False,True
17,Ryan J,DeVon Achane,RB,26.0,242.2,False,True,False,False,False,True
17,Ryan J,Ashton Jeanty,RB,6.0,199.4,False,True,False,False,False,True
17,Ryan J,Ladd McConkey,WR,67.0,165.85,False,False,True,False,False,True
17,Ryan J,Tee Higgins,WR,195.48,181.9,False,False,True,False,False,True
17,Ryan J,Jonathon Brooks,RB,54.52,148.6,False,False,False,False,True,True
17,Ryan J,Marcus Mariota,QB,1.0,17.15,False,False,False,False,False,False
17,Ryan J,Rashid Shaheed,WR,1.0,105.92,False,False,False,False,False,False
17,Ryan J,Cooper Kupp,WR,1.0,69.66,False,False,False,False,False,False
17,Ryan J,Baker Mayfield,QB,1.0,243.4,False,False,False,False,False,False
17,Ryan J,Chris Rodriguez Jr,RB,1.0,110.29,False,False,False,False,True,True
17,Ryan J,LeQuint Allen Jr.,RB,1.0,38.64,False,False,False,False,False,False
17,Ryan J,George Holani,RB,1.0,36.01,False,False,False,False,False,False
17,Sam,Garrett Wilson,WR,31.0,163.37,False,False,False,False,False,False
17,Sam,Kenneth Walker III,RB,36.0,217.65,False,False,False,False,False,False
17,Sam,Quentin Johnston,WR,11.0,125.4,False,False,False,False,False,False
17,Sam,David Montgomery,RB,45.0,176.5,False,False,False,False,False,False
17,Sam,Cam Skattebo,RB,28.0,186.4,False,False,False,False,False,False
17,Sam,Jaxson Dart,QB,11.0,273.12,False,False,False,False,False,False
17,Sam,Tony Pollard,RB,60.82,143.2,False,False,False,False,False,False
17,Sam,Aaron Jones Sr,RB,39.0,131.55,False,False,False,False,False,False
17,Sam,DeVonta Smith,WR,31.0,189.84,False,False,False,False,False,False
17,Sam,Carnell Tate,WR,25.4734308888889,140.03,False,False,False,False,False,False
17,Sam,Nick Chubb,RB,16.77612166666667,451.25555555555553,False,False,False,False,False,False
17,Sam,JK Dobbins,RB,13.227289166666667,134.15,False,False,False,False,False,False
17,Sam,Travis Etienne,RB,8.630616666666668,190.4,False,False,False,False,False,False
17,Sam,Josh Downs,WR,6.4093511111111106,145.07,False,False,False,False,False,False
17,Sam,Michael Pittman Jr,WR,4.9096,137.83,False,False,False,False,False,False
17,Shane,MarShawn Lloyd,RB,11.0,75.39,False,False,False,False,False,False
17,Shane,Rome Odunze,WR,16.0,159.72,False,False,True,False,False,True
17,Shane,Caleb Williams,QB,16.0,271.0,True,False,False,False,False,True
17,Shane,Blake Corum,RB,11.0,134.1,False,False,False,False,True,True
17,Shane,Kyle Monangai,RB,11.0,144.3,False,False,False,False,True,True
17,Shane,Christian Watson,WR,11.0,161.94,False,False,True,False,False,True
17,Shane,Jeremiyah Love,RB,256.2347777777778,202.4,False,True,False,False,False,True
17,Shane,Jaylen Warren,RB,55.27492,162.0,False,True,False,False,False,True
17,Shane,Mark Andrews,TE,4.704444444444444,128.18,False,False,False,True,False,True
17,Shane,Jakobi Meyers,WR,2.557533333333333,131.61,False,False,False,False,True,True
17,Shane,Emmett Johnson,RB,1.2400000000000002,63.25,False,False,False,False,False,False
17,Shane,Juwan Johnson,TE,1.0,111.55,False,False,False,False,False,False
17,Shane,James Conner,RB,1.0,42.62,False,False,False,False,False,False
17,Shane,Jalen Nailor,WR,1.0,94.21,False,False,False,False,False,False
17,Shane,Patrick Mahomes,QB,1.0,254.26,False,False,False,False,False,False
17,Travis,Jayden Reed,WR,26.0,143.93,False,False,False,False,True,True
17,Travis,Malik Nabers,WR,16.0,183.51,False,False,True,False,False,True
17,Travis,Woody Marks,RB,11.0,104.75,False,True,False,False,False,True
17,Travis,Rhamondre Stevenson,RB,42.0,157.55,False,True,False,False,False,True
17,Travis,Hunter Henry,TE,12.0,119.7,False,False,False,True,False,True
17,Travis,Tetairoa McMillan,WR,6.0,184.82,False,False,True,False,False,True
17,Travis,Jaylen Waddle,WR,252.44444444444443,177.9,False,False,False,False,True,True
17,Travis,Tank Bigsby,RB,2.5258599999999998,68.64,False,False,False,False,False,False
17,Travis,Jayden Daniels,QB,1.6780749999999998,293.28,True,False,False,False,False,True
17,Travis,KC Concepcion,WR,1.3291249999999997,118.36,False,False,False,False,False,False
17,Travis,Kimani Vidal,RB,1.3544444444444443,54.72,False,False,False,False,False,False
17,Travis,Dallas Goedert,TE,1.1611111111111112,119.45,False,False,False,False,True,True
17,Travis,Adonai Mitchell,WR,1.3224999999999998,84.34,False,False,False,False,False,False
17,Travis,Cam Ward,QB,1.0,221.28,False,False,False,False,False,False
17,Travis,Ray Davis,RB,1.1333333333333333,61.54,False,False,False,False,False,False
18,Brad,Alec Pierce,WR,11.0,154.64,False,False,False,False,False,False
18,Brad,Jaxon Smith-Njigba,WR,31.0,253.78,False,False,False,False,False,False
18,Brad,Jaydon Blue,RB,14.0,54.64,False,False,False,False,False,False
18,Brad,Jameson Williams,WR,41.0,156.45,False,False,False,False,False,False
18,Brad,Marvin Harrison Jr,WR,16.0,145.68,False,False,False,False,False,False
18,Brad,Tyler Warren,TE,6.0,162.68,False,False,False,False,False,False
18,Brad,Josh Jacobs,RB,262.0,189.35,False,False,False,False,False,False
18,Brad,Zach Charbonnet,RB,12.0,107.61,False,False,False,False,False,False
18,Brad,Juwan Johnson,TE,1.0,111.55,False,False,False,False,False,False
18,Brad,Samaje Perine,RB,1.0,68.35,False,False,False,False,False,False
18,Brad,Chris Rodriguez Jr,RB,1.0,110.29,False,False,False,False,False,False
18,Brad,LeQuint Allen Jr.,RB,1.0,38.64,False,False,False,False,False,False
18,Brad,Keenan Allen,WR,1.0,80.85,False,False,False,False,False,False
18,Brad,De'Zhaun Stribling,WR,1.0,92.85,False,False,False,False,False,False
18,Brad,Keon Coleman,WR,1.0,60.6,False,False,False,False,False,False
18,Brandon,Jonathan Taylor,RB,46.0,256.35,False,False,False,False,True,True
18,Brandon,Justin Jefferson,WR,46.0,221.18,False,False,True,False,False,True
18,Brandon,Nico Collins,WR,36.0,214.51,False,False,True,False,False,True
18,Brandon,Breece Hall,RB,31.0,201.5,False,False,False,False,True,True
18,Brandon,Brock Bowers,TE,16.0,177.91,False,False,False,True,False,True
18,Brandon,Christian McCaffrey,RB,46.0,265.35,False,True,False,False,False,True
18,Brandon,Bill Croskey-Merritt,RB,167.41666666666669,557.4333333333333,False,True,False,False,False,True
18,Brandon,Aaron Rodgers,QB,1.0,191.83,True,False,False,False,False,True
18,Brandon,Brian Robinson Jr,RB,2.9991499999999993,77.14,False,False,False,False,False,False
18,Brandon,Jonah Coleman,RB,2.3692333333333333,67.3,False,False,False,False,False,False
18,Brandon,Alvin Kamara,RB,1.8888500000000001,68.7,False,False,False,False,False,False
18,Brandon,KC Concepcion,WR,1.5114666666666665,118.36,False,False,False,False,False,False
18,Brandon,Jake Ferguson,TE,1.3900912499999998,117.94,False,False,False,False,False,False
18,Brandon,Dallas Goedert,TE,1.1777777777777778,119.45,False,False,False,False,True,True
18,Brandon,Emmett Johnson,RB,1.1722222222222223,63.25,False,False,False,False,False,False
18,CJ,Tory Horton,WR,11.0,55.15,False,False,False,False,False,False
18,CJ,Ja'Marr Chase,WR,46.0,266.33,False,False,False,False,False,False
18,CJ,Chase Brown,RB,31.0,227.25,False,False,False,False,False,False
18,CJ,Sam LaPorta,TE,31.0,139.7,False,False,False,False,False,False
18,CJ,Parker Washington,WR,11.0,162.09,False,False,False,False,False,False
18,CJ,Omarion Hampton,RB,6.0,205.65,False,False,False,False,False,False
18,CJ,Chuba Hubbard,RB,66.39437497070963,143.25,False,False,False,False,False,False
18,CJ,Deebo Samuel,WR,53.355555555555554,102.68,False,False,False,False,False,False
18,CJ,Kenny Gainwell,RB,38.32866666666667,136.45,False,False,False,False,False,False
18,CJ,Mike Evans,WR,23.946666666666665,164.95,False,False,False,False,False,False
18,CJ,Jacory Croskey-Merritt,RB,19.488899999999997,127.0,False,False,False,False,False,False
18,CJ,Keaton Mitchell,RB,16.675733333333334,90.45,False,False,False,False,False,False
18,CJ,Mark Andrews,TE,10.0,128.18,False,False,False,False,False,False
18,CJ,Austin Ekeler,RB,8.2161,411.43888888888887,False,False,False,False,False,False
18,CJ,Braelon Allen,RB,6.781621666666666,68.77,False,False,False,False,False,False
18,Coby,Derrick Henry,RB,51.0,227.4,False,True,False,False,False,True
18,Coby,Kyren Williams,RB,31.0,196.2,False,True,False,False,False,True
18,Coby,Brian Thomas Jr,WR,16.0,138.06,False,False,False,False,False,False
18,Coby,Harold Fannin Jr,TE,6.0,141.21,False,False,False,True,False,True
18,Coby,TreVeyon Henderson,RB,11.0,158.6,False,False,False,False,True,True
18,Coby,Quinshon Judkins,RB,11.0,177.8,False,False,False,False,True,True
18,Coby,Bucky Irving,RB,253.0,175.8,False,False,False,False,True,True
18,Coby,Travis Kelce,TE,7.168,129.94,False,False,False,False,False,False
18,Coby,Jajuan Jennings,WR,3.7487299999999997,145.99444444444444,False,False,True,False,False,True
18,Coby,Jayden Daniels,QB,2.016,293.28,True,False,False,False,False,True
18,Coby,Ricky Pearsall,WR,2.556273777777778,199.08333333333334,False,False,True,False,False,True
18,Coby,Kimani Vidal,RB,1.92,54.72,False,False,False,False,False,False
18,Coby,Justin Herbert,QB,1.58,263.56,False,False,False,False,False,False
18,Coby,Justice Hill,RB,1.0,57.9,False,False,False,False,False,False
18,Coby,Brenton Strange,TE,1.0,112.65,False,False,False,False,False,False
18,Evan,Amon-Ra St Brown,WR,41.0,247.22,False,False,True,False,False,True
18,Evan,Drake London,WR,36.0,221.3,False,False,False,False,True,True
18,Evan,Saquon Barkley,RB,46.0,222.8,False,True,False,False,False,True
18,Evan,George Pickens,WR,41.0,209.94,False,False,False,False,True,True
18,Evan,Puka Nacua,WR,31.0,256.87,False,False,True,False,False,True
18,Evan,Emeka Egbuka,WR,11.0,166.25,False,False,False,False,False,False
18,Evan,DeVonta Smith,WR,38.49688888888889,189.84,False,False,False,False,True,True
18,Evan,Nick Chubb,RB,29.705557333333335,451.25555555555553,False,True,False,False,False,True
18,Evan,Davante Adams,WR,20.5592,161.35,False,False,False,False,False,False
18,Evan,JK Dobbins,RB,17.876542222222223,134.15,False,False,False,False,False,False
18,Evan,TJ Hockenson,TE,15.521566666666669,103.35,False,False,False,False,False,False
18,Evan,Lamar Jackson,QB,11.943655555555555,289.92,True,False,False,False,False,True
18,Evan,Dalton Kincaid,TE,9.545620000000001,118.1,False,False,False,True,False,True
18,Evan,Jakobi Meyers,WR,7.303562222222223,131.61,False,False,False,False,False,False
18,Evan,Josh Downs,WR,5.5978,145.07,False,False,False,False,False,False
18,James,Wan'Dale Robinson,WR,11.0,133.19,False,False,False,False,False,False
18,James,Trevor Lawrence,QB,11.0,272.04,True,False,False,False,False,True
18,James,Jordan Addison,WR,31.0,131.03,False,False,False,False,False,False
18,James,Zay Flowers,WR,31.0,205.23,False,False,True,False,False,True
18,James,Colston Loveland,TE,6.0,157.08,False,False,False,True,False,True
18,James,Rico Dowdle,RB,13.0,157.15,False,True,False,False,False,True
18,James,Jaylen Warren,RB,66.1248711111111,162.0,False,True,False,False,False,True
18,James,Tony Pollard,RB,82.86666883333334,143.2,False,False,False,False,False,False
18,James,DJ Moore,WR,53.0,154.17,False,False,False,False,True,True
18,James,Rashee Rice,WR,39.28,197.11,False,False,True,False,False,True
18,James,Jaylen Waddle,WR,41.611984722222225,177.9,False,False,False,False,True,True
18,James,Khalil Shakir,WR,10.584423333333334,122.83,False,False,False,False,False,False
18,James,Colby Parkinson,TE,1.0,62.2,False,False,False,False,False,False
18,James,AD Mitchell,WR,1.54,145.99444444444444,False,False,False,False,True,True
18,James,Rashid Shaheed,WR,1.0,105.92,False,False,False,False,False,False
18,Jason,CeeDee Lamb,WR,46.0,224.28,False,False,True,False,False,True
18,Jason,Trey McBride,TE,31.0,188.05,False,False,False,True,False,True
18,Jason,AJ Brown,WR,46.0,194.9,False,False,True,False,False,True
18,Jason,Bijan Robinson,RB,21.0,295.2,False,True,False,False,False,True
18,Jason,Jahmyr Gibbs,RB,31.0,296.35,False,True,False,False,False,True
18,Jason,Luther Burden,WR,11.0,169.58,False,False,False,False,True,True
18,Jason,Bhayshul Tuten,RB,124.64,160.4,False,False,False,False,False,False
18,Jason,Carnell Tate,WR,19.449440000000003,140.03,False,False,False,False,False,False
18,Jason,Terry McLaurin,WR,13.030166666666666,173.93,False,False,False,False,True,True
18,Jason,Joe Burrow,QB,12.429583333333332,282.7,True,False,False,False,False,True
18,Jason,Dylan Sampson,RB,9.26253125,79.3,False,False,False,False,False,False
18,Jason,Tank Bigsby,RB,6.9147679166666665,68.64,False,False,False,False,False,False
18,Jason,Michael Pittman Jr,WR,4.559,137.83,False,False,False,False,False,False
18,Jason,Travis Etienne,RB,3.6347999999999994,190.4,False,False,False,False,True,True
18,Jason,CJ Stroud,QB,2.8922499999999998,245.14,False,False,False,False,False,False
18,Reid,Kyle Pitts Sr,TE,11.0,140.7,False,False,False,False,True,True
18,Reid,Tucker Kraft,TE,21.0,143.34,False,False,False,True,False,True
18,Reid,Drake Maye,QB,30.0,296.32,True,False,False,False,False,True
18,Reid,Chris Olave,WR,41.0,194.65,False,False,True,False,False,True
18,Reid,Jalen Coker,WR,13.0,124.35,False,False,False,False,True,True
18,Reid,Javonte Williams,RB,34.0,196.9,False,True,False,False,False,True
18,Reid,Jeremiyah Love,RB,215.0,202.4,False,True,False,False,False,True
18,Reid,RJ Harvey,RB,27.609457777777784,136.65,False,False,False,False,True,True
18,Reid,Chris Godwin Jr,WR,11.385155555555556,134.26,False,False,True,False,False,True
18,Reid,Dalton Schultz,TE,1.0,109.4,False,False,False,False,False,False
18,Reid,Cooper Kupp,WR,1.0,69.66,False,False,False,False,False,False
18,Reid,James Conner,RB,1.0,42.62,False,False,False,False,False,False
18,Reid,Emanuel Wilson,RB,1.0,38.92,False,False,False,False,False,False
18,Reid,George Holani,RB,1.0,36.01,False,False,False,False,False,False
18,Reid,Baker Mayfield,QB,1.0,243.4,False,False,False,False,False,False
18,Ryan J,Brock Purdy,QB,15.0,256.32,False,False,False,False,False,False
18,Ryan J,Michael Wilson,WR,11.0,132.1,False,False,True,False,False,True
18,Ryan J,Oronde Gadsden,TE,11.0,72.1,False,False,False,False,False,False
18,Ryan J,DeVon Achane,RB,26.0,242.2,False,True,False,False,False,True
18,Ryan J,Ashton Jeanty,RB,6.0,199.4,False,True,False,False,False,True
18,Ryan J,Ladd McConkey,WR,67.0,165.85,False,False,True,False,False,True
18,Ryan J,Rachaad White,RB,232.7222222222222,127.05,False,False,False,False,True,True
18,Ryan J,Josh Allen,QB,17.28,328.82,True,False,False,False,False,True
18,Ryan J,Ray Davis,RB,1.0,61.54,False,False,False,False,False,False
18,Ryan J,Chig Okonkwo,TE,1.0,98.45,False,False,False,True,False,True
18,Ryan J,Patrick Mahomes,QB,1.0,254.26,False,False,False,False,False,False
18,Ryan J,Rashod Bateman,WR,1.0,79.23,False,False,False,False,True,True
18,Ryan J,Tre Tucker,WR,1.0,95.11,False,False,False,False,True,True
18,Ryan J,Cedric Tillman,WR,1.0,19.7,False,False,False,False,False,False
18,Ryan J,Tyler Shough,QB,1.0,258.88,False,False,False,False,False,False
18,Sam,Garrett Wilson,WR,31.0,163.37,False,False,True,False,False,True
18,Sam,Kenneth Walker III,RB,36.0,217.65,False,True,False,False,False,True
18,Sam,Quentin Johnston,WR,11.0,125.4,False,False,True,False,False,True
18,Sam,David Montgomery,RB,45.0,176.5,False,False,False,False,True,True
18,Sam,Cam Skattebo,RB,28.0,186.4,False,True,False,False,False,True
18,Sam,Jaxson Dart,QB,11.0,273.12,True,False,False,False,False,True
18,Sam,Jonathon Brooks,RB,202.0,148.6,False,False,False,False,True,True
18,Sam,Aaron Jones Sr,RB,14.0,131.55,False,False,False,False,True,True
18,Sam,Isaiah Likely,TE,1.0,115.25,False,False,False,True,False,True
18,Sam,Trey Benson,RB,1.0,11.03,False,False,False,False,False,False
18,Sam,Jordan Love,QB,1.0,256.74,False,False,False,False,False,False
18,Sam,Jared Goff,QB,1.0,261.71,False,False,False,False,False,False
18,Sam,Adonai Mitchell,WR,1.0,84.34,False,False,False,False,False,False
18,Sam,DJ Giddens,RB,1.0,33.72,False,False,False,False,False,False
18,Sam,Christian Kirk,WR,1.0,37.77,False,False,False,False,False,False
18,Shane,MarShawn Lloyd,RB,11.0,75.39,False,False,False,False,False,False
18,Shane,Rome Odunze,WR,16.0,159.72,False,False,False,False,False,False
18,Shane,Caleb Williams,QB,16.0,271.0,False,False,False,False,False,False
18,Shane,Blake Corum,RB,11.0,134.1,False,False,False,False,False,False
18,Shane,Kyle Monangai,RB,11.0,144.3,False,False,False,False,False,False
18,Shane,Christian Watson,WR,11.0,161.94,False,False,False,False,False,False
18,Shane,James Cook,RB,266.84000000000003,234.4,False,False,False,False,False,False
18,Shane,Courtland Sutton,WR,21.299086222222222,137.35,False,False,False,False,False,False
18,Shane,Tyler Allgeier,RB,12.954225777777777,86.65,False,False,False,False,False,False
18,Shane,Matthew Golden,WR,7.852529777777777,127.74,False,False,False,False,False,False
18,Shane,Dak Prescott,QB,5.0,278.54,False,False,False,False,False,False
18,Shane,Isiah Pacheco,RB,2.003057777777778,73.93,False,False,False,False,False,False
18,Shane,Tyrone Tracy Jr,RB,1.576177777777778,72.35,False,False,False,False,False,False
18,Shane,Jayden Higgins,WR,1.2499200000000001,132.72222222222223,False,False,False,False,False,False
18,Shane,Xavier Worthy,WR,1.9111111111111112,118.5,False,False,False,False,False,False
18,Travis,Jayden Reed,WR,26.0,143.93,False,False,False,False,True,True
18,Travis,Malik Nabers,WR,16.0,183.51,False,False,True,False,False,True
18,Travis,Woody Marks,RB,11.0,104.75,False,False,False,False,False,False
18,Travis,Rhamondre Stevenson,RB,42.0,157.55,False,True,False,False,False,True
18,Travis,Hunter Henry,TE,12.0,119.7,False,False,False,False,False,False
18,Travis,Tetairoa McMillan,WR,6.0,184.82,False,False,True,False,False,True
18,Travis,Jordan Mason,RB,85.81835499756995,137.2,False,True,False,False,False,True
18,Travis,Tee Higgins,WR,71.31322,181.9,False,False,False,False,True,True
18,Travis,DK Metcalf,WR,41.19332266666667,148.53,False,False,False,False,True,True
18,Travis,Jalen Hurts,QB,31.839077543402034,297.46,True,False,False,False,False,True
18,Travis,Romeo Doubs,WR,13.0,122.25,False,False,False,False,False,False
18,Travis,Mike Washington Jr.,RB,9.181177777777778,80.65,False,False,False,False,False,False
18,Travis,Makai Lemon,WR,3.815173333333333,119.03,False,False,False,False,False,False
18,Travis,Stefon Diggs,WR,2.570648888888889,130.42,False,False,False,False,False,False
18,Travis,George Kittle,TE,1.6823011111111112,130.46,False,False,False,True,False,True
19,Brad,Alec Pierce,WR,11.0,154.64,False,False,False,False,True,True
19,Brad,Jaxon Smith-Njigba,WR,31.0,253.78,False,False,True,False,False,True
19,Brad,Jaydon Blue,RB,14.0,54.64,False,False,False,False,False,False
19,Brad,Jameson Williams,WR,41.0,156.45,False,False,True,False,False,True
19,Brad,Marvin Harrison Jr,WR,16.0,145.68,False,False,False,False,True,True
19,Brad,Tyler Warren,TE,6.0,162.68,False,False,False,True,False,True
19,Brad,Josh Jacobs,RB,267.0,189.35,False,True,False,False,False,True
19,Brad,TJ Hockenson,TE,5.6411999999999995,103.35,False,False,False,False,False,False
19,Brad,Jakobi Meyers,WR,2.3599999999999994,131.61,False,False,False,False,True,True
19,Brad,Samaje Perine,RB,1.0,68.35,False,True,False,False,False,True
19,Brad,Jake Ferguson,TE,1.0,117.94,False,False,False,False,False,False
19,Brad,Cam Ward,QB,1.0,221.28,True,False,False,False,False,True
19,Brad,Adonai Mitchell,WR,1.0,84.34,False,False,False,False,False,False
19,Brad,James Conner,RB,1.0,42.62,False,False,False,False,False,False
19,Brad,LeQuint Allen Jr.,RB,1.0,38.64,False,False,False,False,False,False
19,Brandon,Jonathan Taylor,RB,46.0,256.35,False,True,False,False,False,True
19,Brandon,Justin Jefferson,WR,46.0,221.18,False,False,True,False,False,True
19,Brandon,Nico Collins,WR,36.0,214.51,False,False,True,False,False,True
19,Brandon,Breece Hall,RB,31.0,201.5,False,False,False,False,True,True
19,Brandon,Brock Bowers,TE,16.0,177.91,False,False,False,True,False,True
19,Brandon,Christian McCaffrey,RB,46.0,265.35,False,True,False,False,False,True
19,Brandon,Tony Pollard,RB,176.0,143.2,False,False,False,False,True,True
19,Brandon,Kimani Vidal,RB,1.0,54.72,False,False,False,False,False,False
19,Brandon,Chig Okonkwo,TE,1.0,98.45,False,False,False,False,False,False
19,Brandon,Dalton Schultz,TE,1.0,109.4,False,False,False,False,True,True
19,Brandon,Patrick Mahomes,QB,1.0,254.26,True,False,False,False,False,True
19,Brandon,Keenan Allen,WR,1.0,80.85,False,False,False,False,False,False
19,Brandon,Keon Coleman,WR,1.0,60.6,False,False,False,False,False,False
19,Brandon,De'Zhaun Stribling,WR,1.0,92.85,False,False,False,False,False,False
19,Brandon,Baker Mayfield,QB,1.0,243.4,False,False,False,False,False,False
19,CJ,Tory Horton,WR,11.0,55.15,False,False,False,False,False,False
19,CJ,Ja'Marr Chase,WR,46.0,266.33,False,False,True,False,False,True
19,CJ,Chase Brown,RB,31.0,227.25,False,True,False,False,False,True
19,CJ,Sam LaPorta,TE,31.0,139.7,False,False,False,True,False,True
19,CJ,Parker Washington,WR,11.0,162.09,False,False,False,False,True,True
19,CJ,Omarion Hampton,RB,6.0,205.65,False,True,False,False,False,True
19,CJ,Jaylen Waddle,WR,256.0,177.9,False,False,True,False,False,True
19,CJ,Quinn Ewers,QB,1.0,9.68,False,False,False,False,False,False
19,CJ,Jonah Coleman,RB,1.0,67.3,False,False,False,False,False,False
19,CJ,KC Concepcion,WR,1.0,118.36,False,False,False,False,True,True
19,CJ,Tua Tagovailoa,QB,1.0,103.67,False,False,False,False,False,False
19,CJ,Brenton Strange,TE,1.0,112.65,False,False,False,False,True,True
19,CJ,Kendre Miller,RB,1.0,19.51,False,False,False,False,False,False
19,CJ,Bo Nix,QB,1.0,262.52,True,False,False,False,False,True
19,CJ,Chris Brooks,RB,1.0,38.97,False,False,False,False,False,False
19,Coby,Derrick Henry,RB,51.0,227.4,False,True,False,False,False,True
19,Coby,Kyren Williams,RB,31.0,196.2,False,True,False,False,False,True
19,Coby,Brian Thomas Jr,WR,16.0,138.06,False,False,True,False,False,True
19,Coby,Harold Fannin Jr,TE,6.0,141.21,False,False,False,True,False,True
19,Coby,TreVeyon Henderson,RB,11.0,158.6,False,False,False,False,True,True
19,Coby,Quinshon Judkins,RB,11.0,177.8,False,False,False,False,True,True
19,Coby,Jaylen Warren,RB,256.0,162.0,False,False,False,False,True,True
19,Coby,Josh Allen,QB,8.0,328.82,True,False,False,False,False,True
19,Coby,Dalton Kincaid,TE,3.1599999999999997,118.1,False,False,False,False,False,False
19,Coby,George Kittle,TE,1.7631999999999999,130.46,False,False,False,False,False,False
19,Coby,Jayden Daniels,QB,1.08,293.28,False,False,False,False,False,False
19,Coby,AD Mitchell,WR,1.0,145.99444444444444,False,False,True,False,False,True
19,Coby,Justin Herbert,QB,1.0,263.56,False,False,False,False,False,False
19,Coby,Isaiah Likely,TE,1.0,115.25,False,False,False,False,False,False
19,Coby,Cooper Kupp,WR,1.0,69.66,False,False,False,False,False,False
19,Evan,Amon-Ra St Brown,WR,41.0,247.22,False,False,False,False,False,False
19,Evan,Drake London,WR,36.0,221.3,False,False,False,False,False,False
19,Evan,Saquon Barkley,RB,46.0,222.8,False,False,False,False,False,False
19,Evan,George Pickens,WR,41.0,209.94,False,False,False,False,False,False
19,Evan,Puka Nacua,WR,31.0,256.87,False,False,False,False,False,False
19,Evan,Emeka Egbuka,WR,11.0,166.25,False,False,False,False,False,False
19,Evan,Bucky Irving,RB,109.20203442879863,175.8,False,False,False,False,False,False
19,Evan,JK Dobbins,RB,18.709349999999993,134.15,False,False,False,False,False,False
19,Evan,Zach Charbonnet,RB,12.0,107.61,False,False,False,False,False,False
19,Evan,Courtland Sutton,WR,9.975555555555555,137.35,False,False,False,False,False,False
19,Evan,Dylan Sampson,RB,7.380773333333333,79.3,False,False,False,False,False,False
19,Evan,Lamar Jackson,QB,5.501925,289.92,False,False,False,False,False,False
19,Evan,Khalil Shakir,WR,4.943936249999999,122.83,False,False,False,False,False,False
19,Evan,Braelon Allen,RB,3.7466999999999993,68.77,False,False,False,False,False,False
19,Evan,Michael Pittman Jr,WR,2.4661999999999997,137.83,False,False,False,False,False,False
19,James,Wan'Dale Robinson,WR,11.0,133.19,False,False,False,False,False,False
19,James,Trevor Lawrence,QB,11.0,272.04,True,False,False,False,False,True
19,James,Jordan Addison,WR,31.0,131.03,False,False,False,False,False,False
19,James,Zay Flowers,WR,31.0,205.23,False,False,True,False,False,True
19,James,Colston Loveland,TE,6.0,157.08,False,False,False,True,False,True
19,James,Rico Dowdle,RB,13.0,157.15,False,True,False,False,False,True
19,James,Aaron Jones Sr,RB,55.727267578859,131.55,False,False,False,False,False,False
19,James,Jonathon Brooks,RB,66.38882002451548,148.6,False,True,False,False,False,True
19,James,DeVonta Smith,WR,45.0,189.84,False,False,False,False,True,True
19,James,Jordan Mason,RB,44.43,137.2,False,False,False,False,True,True
19,James,Rashee Rice,WR,45.0,197.11,False,False,True,False,False,True
19,James,Terry McLaurin,WR,35.387080000000005,173.93,False,False,False,False,True,True
19,James,Stefon Diggs,WR,3.0599999999999996,130.42,False,False,False,False,False,False
19,James,CJ Stroud,QB,1.0,245.14,False,False,False,False,False,False
19,James,Dallas Goedert,TE,1.0,119.45,False,False,False,False,False,False
19,Jason,CeeDee Lamb,WR,46.0,224.28,False,False,True,False,False,True
19,Jason,Trey McBride,TE,31.0,188.05,False,False,False,True,False,True
19,Jason,AJ Brown,WR,46.0,194.9,False,False,True,False,False,True
19,Jason,Bijan Robinson,RB,21.0,295.2,False,True,False,False,False,True
19,Jason,Jahmyr Gibbs,RB,31.0,296.35,False,True,False,False,False,True
19,Jason,Luther Burden,WR,11.0,169.58,False,False,False,False,True,True
19,Jason,Deebo Samuel,WR,44.02666666666667,102.68,False,False,False,False,False,False
19,Jason,Carnell Tate,WR,34.03680000000001,140.03,False,False,False,False,False,False
19,Jason,RJ Harvey,RB,20.29,136.65,False,False,False,False,False,False
19,Jason,Joe Burrow,QB,22.2174053050284,282.7,True,False,False,False,False,True
19,Jason,DK Metcalf,WR,14.975758333333333,148.53,False,False,False,False,True,True
19,Jason,Matthew Golden,WR,14.736960000000002,127.74,False,False,False,False,False,False
19,Jason,Davante Adams,WR,11.687822222222225,161.35,False,False,False,False,True,True
19,Jason,Josh Downs,WR,7.773266666666666,145.07,False,False,False,False,False,False
19,Jason,Chris Godwin Jr,WR,7.630000000000001,134.26,False,False,False,False,False,False
19,Reid,Kyle Pitts Sr,TE,11.0,140.7,False,False,False,False,True,True
19,Reid,Tucker Kraft,TE,21.0,143.34,False,False,False,True,False,True
19,Reid,Drake Maye,QB,30.0,296.32,True,False,False,False,False,True
19,Reid,Chris Olave,WR,41.0,194.65,False,False,True,False,False,True
19,Reid,Jalen Coker,WR,13.0,124.35,False,False,True,False,False,True
19,Reid,Javonte Williams,RB,34.0,196.9,False,False,False,False,True,True
19,Reid,Bill Croskey-Merritt,RB,165.08333333333334,557.4333333333333,False,True,False,False,False,True
19,Reid,James Cook,RB,72.49,234.4,False,True,False,False,False,True
19,Reid,Jacory Croskey-Merritt,RB,16.43,127.0,False,False,False,False,True,True
19,Reid,Tyrone Tracy Jr,RB,1.0,72.35,False,False,False,False,False,False
19,Reid,Dak Prescott,QB,1.0,278.54,False,False,False,False,False,False
19,Reid,Emmett Johnson,RB,1.0,63.25,False,False,False,False,False,False
19,Reid,Trey Benson,RB,1.0,11.03,False,False,False,False,False,False
19,Reid,Jordan Love,QB,1.0,256.74,False,False,False,False,False,False
19,Reid,Emanuel Wilson,RB,1.0,38.92,False,False,False,False,False,False
19,Ryan J,Brock Purdy,QB,15.0,256.32,True,False,False,False,False,True
19,Ryan J,Michael Wilson,WR,11.0,132.1,False,False,True,False,False,True
19,Ryan J,Oronde Gadsden,TE,11.0,72.1,False,False,False,False,False,False
19,Ryan J,DeVon Achane,RB,26.0,242.2,False,True,False,False,False,True
19,Ryan J,Ashton Jeanty,RB,6.0,199.4,False,False,False,False,True,True
19,Ryan J,Ladd McConkey,WR,67.0,165.85,False,False,True,False,False,True
19,Ryan J,Rachaad White,RB,234.36111111111114,127.05,False,False,False,False,True,True
19,Ryan J,Brian Robinson Jr,RB,4.603466666666667,77.14,False,False,False,False,False,False
19,Ryan J,Austin Ekeler,RB,3.623033333333333,411.43888888888887,False,True,False,False,False,True
19,Ryan J,Mark Andrews,TE,3.3027808333333324,128.18,False,False,False,True,False,True
19,Ryan J,Alvin Kamara,RB,2.1684,68.7,False,False,False,False,False,False
19,Ryan J,Makai Lemon,WR,1.7228749999999995,119.03,False,False,False,False,True,True
19,Ryan J,Xavier Worthy,WR,1.5866837499999997,118.5,False,False,False,False,False,False
19,Ryan J,Mike Washington Jr.,RB,1.4566666666666666,80.65,False,False,False,False,False,False
19,Ryan J,Isiah Pacheco,RB,1.261111111111111,73.93,False,False,False,False,False,False
19,Sam,Garrett Wilson,WR,31.0,163.37,False,False,True,False,False,True
19,Sam,Kenneth Walker III,RB,36.0,217.65,False,True,False,False,False,True
19,Sam,Quentin Johnston,WR,11.0,125.4,False,False,False,False,False,False
19,Sam,David Montgomery,RB,45.0,176.5,False,False,False,False,True,True
19,Sam,Cam Skattebo,RB,28.0,186.4,False,False,False,False,True,True
19,Sam,Jaxson Dart,QB,11.0,273.12,True,False,False,False,False,True
19,Sam,Jeremiyah Love,RB,144.51089113553047,202.4,False,True,False,False,False,True
19,Sam,Kenny Gainwell,RB,53.20426255144084,136.45,False,False,False,False,True,True
19,Sam,Mike Evans,WR,19.086802222222225,164.95,False,False,True,False,False,True
19,Sam,Travis Kelce,TE,1.2000000000000002,129.94,False,False,False,True,False,True
19,Sam,Tank Bigsby,RB,1.0,68.64,False,False,False,False,False,False
19,Sam,Jayden Higgins,WR,1.0,132.72222222222223,False,False,False,False,False,False
19,Sam,Ray Davis,RB,1.0,61.54,False,False,False,False,False,False
19,Sam,Chris Rodriguez Jr,RB,1.0,110.29,False,False,False,False,False,False
19,Sam,Christian Kirk,WR,1.0,37.77,False,False,False,False,False,False
19,Shane,MarShawn Lloyd,RB,11.0,75.39,False,False,False,False,False,False
19,Shane,Rome Odunze,WR,16.0,159.72,False,False,True,False,False,True
19,Shane,Caleb Williams,QB,16.0,271.0,True,False,False,False,False,True
19,Shane,Blake Corum,RB,11.0,134.1,False,False,False,False,True,True
19,Shane,Kyle Monangai,RB,11.0,144.3,False,False,False,False,True,True
19,Shane,Christian Watson,WR,11.0,161.94,False,False,True,False,False,True
19,Shane,Bhayshul Tuten,RB,273.0,160.4,False,True,False,False,False,True
19,Shane,Chuba Hubbard,RB,37.515390000000004,143.25,False,False,False,False,True,True
19,Shane,Travis Etienne,RB,7.48,190.4,False,True,False,False,False,True
19,Shane,Joe Flacco,QB,1.0,28.58,False,False,False,False,False,False
19,Shane,Rashid Shaheed,WR,1.0,105.92,False,False,False,False,False,False
19,Shane,Juwan Johnson,TE,1.0,111.55,False,False,False,True,False,True
19,Shane,Jared Goff,QB,1.0,261.71,False,False,False,False,False,False
19,Shane,Kyler Murray,QB,1.0,255.34,False,False,False,False,False,False
19,Shane,Jordyn Tyson,WR,1.0,94.75,False,False,False,False,False,False
19,Travis,Jayden Reed,WR,26.0,143.93,False,False,False,False,False,False
19,Travis,Malik Nabers,WR,16.0,183.51,False,False,False,False,True,True
19,Travis,Woody Marks,RB,11.0,104.75,False,False,False,False,False,False
19,Travis,Rhamondre Stevenson,RB,42.0,157.55,False,True,False,False,False,True
19,Travis,Hunter Henry,TE,12.0,119.7,False,False,False,True,False,True
19,Travis,Tetairoa McMillan,WR,6.0,184.82,False,False,True,False,False,True
19,Travis,Tee Higgins,WR,177.0,181.9,False,False,False,False,True,True
19,Travis,DJ Moore,WR,28.087962222222227,154.17,False,False,False,False,True,True
19,Travis,Nick Chubb,RB,19.78103333333333,451.25555555555553,False,True,False,False,False,True
19,Travis,Keaton Mitchell,RB,11.774493749999998,90.45,False,False,False,False,False,False
19,Travis,Ricky Pearsall,WR,8.660520000000002,199.08333333333334,False,False,True,False,False,True
19,Travis,Jalen Hurts,QB,6.315683333333333,297.46,True,False,False,False,False,True
19,Travis,Tyler Allgeier,RB,4.26092088888889,86.65,False,False,False,False,False,False
19,Travis,Romeo Doubs,WR,2.6907875555555556,122.25,False,False,False,False,False,False
19,Travis,Jajuan Jennings,WR,2.0444444444444443,145.99444444444444,False,False,False,False,False,False
