pick,nomination_number,player,position,tier,nominating_team,nominator,winning_team,winner,sale_price,price,bidder_count,second_highest_bid,sale_is_organic,sale_has_competing_bid,forced_final_slot,budget_before,budget_after,slots_before,slots_after,minimum_reserve_after,winner_archetype,seed
1,1,James Cook,RB,2,Coby,Coby,James,James,257.0,257.0,12,256.0,True,True,False,297.0,40.0,9,8,8,stars_and_scrubs,0
2,2,Bhayshul Tuten,RB,1,CJ,CJ,CJ,CJ,256.0,256.0,12,255.01333333333332,True,True,False,264.0,8.0,9,8,8,positional_extremist_rb,0
3,3,Kenny Gainwell,RB,3,Travis,Travis,Travis,Travis,253.0,253.0,11,252.0,True,True,False,264.0,11.0,9,8,8,emotional,0
4,4,Josh Jacobs,RB,1,Ryan J,Ryan J,Reid,Reid,202.12,202.12,10,198.12,True,True,False,260.0,57.88,9,8,8,stars_and_scrubs,0
5,5,Bucky Irving,RB,1,Jason,Jason,Jason,Jason,157.46792028308204,157.46792028308204,10,152.46792028308204,True,True,False,209.0,51.53,9,8,8,stars_and_scrubs,0
6,6,Jeremiyah Love,RB,1,Brad,Brad,Evan,Evan,123.256,123.256,10,122.256,True,True,False,184.0,60.74,9,8,8,value_purist,0
7,7,DJ Moore,WR,2,Shane,Shane,Shane,Shane,176.73666383948895,176.73666383948895,10,175.73666383948895,True,True,False,324.0,147.26,9,8,8,positional_extremist_wr,0
8,8,Tee Higgins,WR,1,Evan,Evan,Brandon,Brandon,141.26,141.26,10,140.26,True,True,False,184.0,42.74,9,8,8,positional_extremist_wr,0
9,9,Jaylen Warren,RB,2,Sam,Sam,Coby,Coby,68.96222222222224,68.96222222222224,10,67.96222222222224,True,True,False,274.0,205.04,9,8,8,value_purist,0
10,10,Jordan Mason,RB,3,Reid,Reid,Ryan J,Ryan J,69.47589999999998,69.47589999999998,10,68.47589999999998,True,True,False,257.0,187.52,9,8,8,balanced,0
11,11,Jaylen Waddle,WR,1,James,James,Shane,Shane,74.75844444444445,74.75844444444445,10,73.75844444444445,True,True,False,147.26,72.5,8,7,7,positional_extremist_wr,0
12,12,RJ Harvey,RB,3,Brandon,Brandon,Brad,Brad,51.88,51.88,9,50.88,True,True,False,281.0,229.12,9,8,8,price_enforcer,0
13,13,DeVonta Smith,WR,1,Coby,Coby,Coby,Coby,53.88,53.88,10,52.88,True,True,False,205.04,151.16,8,7,7,value_purist,0
14,14,Jonathon Brooks,RB,2,CJ,CJ,Coby,Coby,53.88,53.88,10,52.88,True,True,False,151.16,97.28,7,6,6,value_purist,0
15,15,Tony Pollard,RB,2,Travis,Travis,Coby,Coby,54.74,54.74,11,53.74,True,True,False,97.28,42.54,6,5,5,value_purist,0
16,16,Rashee Rice,WR,1,Ryan J,Ryan J,Evan,Evan,51.88,51.88,10,50.88,True,True,False,60.74,8.86,8,7,7,value_purist,0
17,17,Chuba Hubbard,RB,3,Jason,Jason,Reid,Reid,49.471608888888895,49.471608888888895,8,48.471608888888895,True,True,False,57.88,8.41,8,7,7,stars_and_scrubs,0
18,18,Bill Croskey-Merritt,RB,4,Brad,Brad,Ryan J,Ryan J,49.0,49.0,8,48.0,True,True,False,187.52,138.52,8,7,7,balanced,0
19,19,Jacory Croskey-Merritt,RB,4,Shane,Shane,Brad,Brad,47.830000000000005,47.830000000000005,8,46.830000000000005,True,True,False,229.12,181.29,8,7,7,price_enforcer,0
20,20,TJ Hockenson,TE,1,Evan,Evan,Sam,Sam,45.0,45.0,9,44.0,True,True,False,223.0,178.0,9,8,8,price_enforcer,0
21,21,JK Dobbins,RB,5,Sam,Sam,Ryan J,Ryan J,38.27205315410435,38.27205315410435,8,37.27205315410435,True,True,False,138.52,100.25,7,6,6,balanced,0
22,22,Rachaad White,RB,4,Reid,Reid,Jason,Jason,39.54,39.54,9,38.54,True,True,False,51.53,11.99,8,7,7,stars_and_scrubs,0
23,23,Aaron Jones Sr,RB,4,James,James,Coby,Coby,38.506886666666674,38.506886666666674,8,37.506886666666674,True,True,False,42.54,4.03,5,4,4,value_purist,0
24,24,Jalen Hurts,QB,1,Brandon,Brandon,Sam,Sam,28.44990277777778,28.44990277777778,6,27.44990277777778,True,True,False,178.0,149.55,8,7,7,price_enforcer,0
25,25,Davante Adams,WR,2,Coby,Coby,Brad,Brad,36.0,36.0,8,35.0,True,True,False,181.29,145.29,7,6,6,price_enforcer,0
26,26,Deebo Samuel,WR,2,CJ,CJ,Brandon,Brandon,35.42743055555555,35.42743055555555,8,34.42743055555555,True,True,False,42.74,7.31,8,7,7,positional_extremist_wr,0
27,27,Terry McLaurin,WR,2,Travis,Travis,James,James,30.86,30.86,8,29.86,True,True,False,40.0,9.14,8,7,7,stars_and_scrubs,0
28,28,Josh Allen,QB,1,Ryan J,Ryan J,Sam,Sam,30.358650000000004,30.358650000000004,7,29.49387,True,True,False,149.55,119.19,7,6,6,price_enforcer,0
29,29,Zach Charbonnet,RB,5,Jason,Jason,Brad,Brad,25.14,25.14,7,24.14,True,True,False,145.29,120.15,6,5,5,price_enforcer,0
30,30,Nick Chubb,RB,5,Brad,Brad,Ryan J,Ryan J,25.203550000000003,25.203550000000003,6,24.203550000000003,True,True,False,100.25,75.05,6,5,5,balanced,0
31,31,Khalil Shakir,WR,5,Shane,Shane,Shane,Shane,24.86,24.86,5,23.86,True,True,False,72.5,47.64,7,6,6,positional_extremist_wr,0
32,32,DK Metcalf,WR,3,Evan,Evan,Brad,Brad,23.86,23.86,5,22.86,True,True,False,120.15,96.29,5,4,4,price_enforcer,0
33,33,Carnell Tate,WR,3,Sam,Sam,Sam,Sam,20.86,20.86,5,19.86,True,True,False,119.19,98.33,6,5,5,price_enforcer,0
34,34,Mike Evans,WR,3,Reid,Reid,Sam,Sam,19.502116666666666,19.502116666666666,7,19.097516666666667,True,True,False,98.33,78.83,5,4,4,price_enforcer,0
35,35,Courtland Sutton,WR,4,James,James,Ryan J,Ryan J,19.573304444444446,19.573304444444446,6,18.573304444444446,True,True,False,75.05,55.48,5,4,4,balanced,0
36,36,Tyler Allgeier,RB,6,Brandon,Brandon,Brad,Brad,15.86,15.86,6,14.86,True,True,False,96.29,80.43,4,3,3,price_enforcer,0
37,37,Joe Burrow,QB,1,Coby,Coby,Brad,Brad,15.764280000000003,15.764280000000003,6,14.86,True,True,False,80.43,64.67,3,2,2,price_enforcer,0
38,38,Austin Ekeler,RB,6,CJ,CJ,Sam,Sam,14.151842222222221,14.151842222222221,6,13.151842222222221,True,True,False,78.83,64.68,4,3,3,price_enforcer,0
39,39,Romeo Doubs,WR,5,Travis,Travis,Ryan J,Ryan J,13.574722222222222,13.574722222222222,6,12.574722222222222,True,True,False,55.48,41.91,4,3,3,balanced,0
40,40,Lamar Jackson,QB,1,Ryan J,Ryan J,Sam,Sam,12.52636,12.52636,5,11.855834999999999,True,True,False,64.68,52.15,3,2,2,price_enforcer,0
41,41,Travis Etienne,RB,5,Jason,Jason,Brad,Brad,11.059155555555556,11.059155555555556,6,10.059155555555556,True,True,False,64.67,53.61,2,1,1,price_enforcer,0
42,42,Ricky Pearsall,WR,6,Brad,Brad,Ryan J,Ryan J,10.309999999999999,10.309999999999999,6,9.309999999999999,True,True,False,41.91,31.6,3,2,2,balanced,0
43,43,Keaton Mitchell,RB,6,Shane,Shane,Brad,Brad,10.257380000000001,10.257380000000001,5,9.978033333333334,True,True,False,53.61,43.35,1,0,0,price_enforcer,0
44,44,Josh Downs,WR,4,Evan,Evan,Sam,Sam,8.311888888888891,8.311888888888891,5,7.31188888888889,True,True,False,52.15,43.84,2,1,1,price_enforcer,0
45,45,Chris Godwin Jr,WR,3,Sam,Sam,Sam,Sam,7.99,7.99,6,6.99,True,True,False,43.84,35.85,1,0,0,price_enforcer,0
46,46,Brian Robinson Jr,RB,6,Reid,Reid,Ryan J,Ryan J,6.145120000000001,6.145120000000001,5,5.145120000000001,True,True,False,31.6,25.45,2,1,1,balanced,0
47,47,Michael Pittman Jr,WR,4,James,James,Ryan J,Ryan J,5.81673888888889,5.81673888888889,5,5.123946666666668,True,True,False,25.45,19.63,1,0,0,balanced,0
48,48,Matthew Golden,WR,4,Brandon,Brandon,Shane,Shane,6.378466666666666,6.378466666666666,5,3.5346666666666664,True,True,False,47.64,41.26,6,5,5,positional_extremist_wr,0
49,49,Mike Washington Jr.,RB,7,Coby,Coby,Shane,Shane,5.501333333333335,5.501333333333335,4,3.52,True,True,False,41.26,35.76,5,4,4,positional_extremist_wr,0
50,50,Stefon Diggs,WR,5,CJ,CJ,Shane,Shane,3.3099999999999996,3.3099999999999996,4,2.3099999999999996,True,True,False,35.76,32.45,4,3,3,positional_extremist_wr,0
51,51,Dylan Sampson,RB,7,Travis,Travis,Shane,Shane,4.290611111111112,4.290611111111112,4,3.490666666666667,True,True,False,32.45,28.16,3,2,2,positional_extremist_wr,0
52,52,Mark Andrews,TE,1,Jason,Jason,Shane,Shane,4.476,4.476,5,3.476,True,True,False,28.16,23.68,2,1,1,positional_extremist_wr,0
53,53,Jajuan Jennings,WR,6,Shane,Shane,Shane,Shane,4.461333333333334,4.461333333333334,4,3.4613333333333336,True,True,False,23.68,19.22,1,0,0,positional_extremist_wr,0
54,54,Dak Prescott,QB,2,Evan,Evan,Travis,Travis,3.4466666666666668,3.4466666666666668,3,2.3099999999999996,True,True,False,11.0,7.55,8,7,7,emotional,0
55,55,Tank Bigsby,RB,8,Reid,Reid,Evan,Evan,2.0300000000000002,2.0300000000000002,3,1.0300000000000002,True,True,False,8.86,6.83,7,6,6,value_purist,0
56,56,Jakobi Meyers,WR,5,James,James,Evan,Evan,1.83,1.83,3,1.3099999999999996,True,True,False,6.83,5.0,6,5,5,value_purist,0
57,57,Travis Kelce,TE,1,Brandon,Brandon,James,James,1.6755555555555555,1.6755555555555555,3,1.0300000000000002,True,True,False,9.14,7.46,7,6,6,stars_and_scrubs,0
58,58,KC Concepcion,WR,6,Coby,Coby,Travis,Travis,1.5499999999999998,1.5499999999999998,3,1.3099999999999996,True,True,False,7.55,6.0,7,6,6,emotional,0
59,59,George Kittle,TE,1,CJ,CJ,James,James,1.2777777777777777,1.2777777777777777,3,1.0300000000000002,True,True,False,7.46,6.18,6,5,5,stars_and_scrubs,0
60,60,Makai Lemon,WR,6,Travis,Travis,Brandon,Brandon,1.3099999999999996,1.3099999999999996,2,1.0,True,True,False,7.31,6.0,7,6,6,positional_extremist_wr,0
61,61,Braelon Allen,RB,8,Jason,Jason,James,James,1.6466666666666667,1.6466666666666667,3,1.0300000000000002,True,True,False,6.18,4.53,5,4,4,stars_and_scrubs,0
62,62,Jayden Daniels,QB,2,Evan,Evan,James,James,1.261111111111111,1.261111111111111,3,1.0300000000000002,True,True,False,4.53,3.27,4,3,3,stars_and_scrubs,0
63,63,Jonah Coleman,RB,8,Reid,Reid,James,James,1.2555555555555555,1.2555555555555555,3,1.0300000000000002,True,True,False,3.27,2.01,3,2,2,stars_and_scrubs,0
64,64,Marcus Mariota,QB,5,James,James,James,James,1.0,1.0,1,0.0,True,False,False,2.01,1.01,2,1,1,stars_and_scrubs,0
65,65,Alvin Kamara,RB,7,Brandon,Brandon,Jason,Jason,1.2444444444444445,1.2444444444444445,3,1.0300000000000002,True,True,False,11.99,10.75,7,6,6,stars_and_scrubs,0
66,66,Isiah Pacheco,RB,7,Coby,Coby,Jason,Jason,1.238888888888889,1.238888888888889,3,1.01,True,True,False,10.75,9.51,6,5,5,stars_and_scrubs,0
67,67,CJ Stroud,QB,2,CJ,CJ,Jason,Jason,1.2333333333333334,1.2333333333333334,3,1.0300000000000002,True,True,False,9.51,8.28,5,4,4,stars_and_scrubs,0
68,68,AD Mitchell,WR,7,Travis,Travis,Jason,Jason,1.2277777777777779,1.2277777777777779,3,1.0300000000000002,True,True,False,8.28,7.05,4,3,3,stars_and_scrubs,0
69,69,Dalton Kincaid,TE,2,Jason,Jason,Jason,Jason,1.588888888888889,1.588888888888889,2,1.0300000000000002,True,True,False,7.05,5.46,3,2,2,stars_and_scrubs,0
70,70,Isaiah Likely,TE,2,Evan,Evan,Jason,Jason,1.2166666666666668,1.2166666666666668,3,1.0300000000000002,True,True,False,5.46,4.24,2,1,1,stars_and_scrubs,0
71,71,Dalton Schultz,TE,3,Reid,Reid,Jason,Jason,1.5744444444444443,1.5744444444444443,3,1.0300000000000002,True,True,False,4.24,2.67,1,0,0,stars_and_scrubs,0
72,72,Dallas Goedert,TE,2,James,James,Reid,Reid,1.2055555555555555,1.2055555555555555,3,1.0300000000000002,True,True,False,8.41,7.2,7,6,6,stars_and_scrubs,0
73,73,Tyrone Tracy Jr,RB,8,Brandon,Brandon,Reid,Reid,1.2,1.2,3,1.0300000000000002,True,True,False,7.2,6.0,6,5,5,stars_and_scrubs,0
74,74,Jayden Higgins,WR,7,Coby,Coby,Reid,Reid,1.1944444444444444,1.1944444444444444,3,1.01,True,True,False,6.0,4.81,5,4,4,stars_and_scrubs,0
75,75,Xavier Worthy,WR,7,CJ,CJ,Reid,Reid,1.5455555555555556,1.5455555555555556,3,1.0300000000000002,True,True,False,4.81,3.26,4,3,3,stars_and_scrubs,0
76,76,Brenton Strange,TE,3,Travis,Travis,Reid,Reid,1.1833333333333333,1.1833333333333333,3,1.0300000000000002,True,True,False,3.26,2.08,3,2,2,stars_and_scrubs,0
77,77,Jake Ferguson,TE,2,Evan,Evan,Reid,Reid,1.08,1.08,3,1.0300000000000002,True,True,False,2.08,1.0,2,1,1,stars_and_scrubs,0
78,78,Samaje Perine,RB,9,Reid,Reid,Coby,Coby,1.0300000000000002,1.0300000000000002,2,1.0,True,True,False,4.03,3.0,4,3,3,value_purist,0
79,79,Justin Herbert,QB,2,James,James,James,James,1.0,1.0,1,0.0,True,False,False,1.01,0.01,1,0,0,stars_and_scrubs,0
80,80,Kimani Vidal,RB,9,Brandon,Brandon,Brandon,Brandon,1.0,1.0,1,0.0,True,False,False,6.0,5.0,6,5,5,positional_extremist_wr,0
81,81,Emmett Johnson,RB,9,Coby,Coby,Coby,Coby,1.0,1.0,1,0.0,True,False,False,3.0,2.0,3,2,2,value_purist,0
82,82,Michael Penix Jr.,QB,10,CJ,CJ,CJ,CJ,1.0,1.0,1,0.0,True,False,False,8.0,7.0,8,7,7,positional_extremist_rb,0
83,83,Rashid Shaheed,WR,7,Travis,Travis,Travis,Travis,1.0,1.0,1,0.0,True,False,False,6.0,5.0,6,5,5,emotional,0
84,84,Baker Mayfield,QB,3,Evan,Evan,Evan,Evan,1.0,1.0,1,0.0,True,False,False,5.0,4.0,5,4,4,value_purist,0
85,85,Jordan Love,QB,3,Reid,Reid,Reid,Reid,1.0,1.0,1,0.0,True,False,False,1.0,0.0,1,0,0,stars_and_scrubs,0
86,86,Chig Okonkwo,TE,3,Brandon,Brandon,Brandon,Brandon,1.0,1.0,1,0.0,True,False,False,5.0,4.0,5,4,4,positional_extremist_wr,0
87,87,Quinn Ewers,QB,7,Coby,Coby,Coby,Coby,1.0,1.0,1,0.0,True,False,False,2.0,1.0,2,1,1,value_purist,0
88,88,Cade Otton,TE,11,CJ,CJ,CJ,CJ,1.0,1.0,1,0.0,True,False,False,7.0,6.0,7,6,6,positional_extremist_rb,0
89,89,Joe Flacco,QB,5,Travis,Travis,Travis,Travis,1.0,1.0,1,0.0,True,False,False,5.0,4.0,5,4,4,emotional,0
90,90,Cooper Kupp,WR,8,Evan,Evan,Evan,Evan,1.0,1.0,1,0.0,True,False,False,4.0,3.0,4,3,3,value_purist,0
91,91,Ray Davis,RB,9,Brandon,Brandon,Brandon,Brandon,1.0,1.0,1,0.0,True,False,False,4.0,3.0,4,3,3,positional_extremist_wr,0
92,92,Juwan Johnson,TE,3,Coby,Coby,Coby,Coby,1.0,1.0,1,0.0,True,False,False,1.0,0.0,1,0,0,value_purist,0
93,93,Trey Benson,RB,10,CJ,CJ,CJ,CJ,1.0,1.0,1,0.0,True,False,False,6.0,5.0,6,5,5,positional_extremist_rb,0
94,94,Chris Rodriguez Jr,RB,10,Travis,Travis,Travis,Travis,1.0,1.0,1,0.0,True,False,False,4.0,3.0,4,3,3,emotional,0
95,95,Rashod Bateman,WR,9,Evan,Evan,Evan,Evan,1.0,1.0,1,0.0,True,False,False,3.0,2.0,3,2,2,value_purist,0
96,96,Cam Ward,QB,12,Brandon,Brandon,Brandon,Brandon,1.0,1.0,1,0.0,True,False,False,3.0,2.0,3,2,2,positional_extremist_wr,0
97,97,Christian Kirk,WR,9,CJ,CJ,CJ,CJ,1.0,1.0,1,0.0,True,False,False,5.0,4.0,5,4,4,positional_extremist_rb,0
98,98,Emari Demercado,RB,15,Travis,Travis,Travis,Travis,1.0,1.0,1,0.0,True,False,False,3.0,2.0,3,2,2,emotional,0
99,99,Keenan Allen,WR,8,Evan,Evan,Evan,Evan,1.0,1.0,1,0.0,True,False,False,2.0,1.0,2,1,1,value_purist,0
100,100,Jared Goff,QB,3,Brandon,Brandon,Brandon,Brandon,1.0,1.0,1,0.0,True,False,False,2.0,1.0,2,1,1,positional_extremist_wr,0
101,101,Adonai Mitchell,WR,8,CJ,CJ,CJ,CJ,1.0,1.0,1,0.0,True,False,False,4.0,3.0,4,3,3,positional_extremist_rb,0
102,102,James Conner,RB,10,Travis,Travis,Travis,Travis,1.0,1.0,1,0.0,True,False,False,2.0,1.0,2,1,1,emotional,0
103,103,Tre Tucker,WR,10,Evan,Evan,Evan,Evan,1.0,1.0,1,0.0,True,False,False,1.0,0.0,1,0,0,value_purist,0
104,104,Keon Coleman,WR,8,Brandon,Brandon,Brandon,Brandon,1.0,1.0,1,0.0,True,False,False,1.0,0.0,1,0,0,positional_extremist_wr,0
105,105,Justice Hill,RB,10,CJ,CJ,CJ,CJ,1.0,1.0,1,0.0,True,False,False,3.0,2.0,3,2,2,positional_extremist_rb,0
106,106,Jordyn Tyson,WR,9,Travis,Travis,Travis,Travis,1.0,1.0,1,0.0,True,False,False,1.0,0.0,1,0,0,emotional,0
107,107,Kyler Murray,QB,4,CJ,CJ,CJ,CJ,1.0,1.0,1,0.0,True,False,False,2.0,1.0,2,1,1,positional_extremist_rb,0
108,108,Patrick Mahomes,QB,3,CJ,CJ,CJ,CJ,1.0,1.0,1,0.0,True,False,False,1.0,0.0,1,0,0,positional_extremist_rb,0
1,1,Tony Pollard,RB,2,Brandon,Brandon,Brad,Brad,267.0,267.0,12,266.0,True,True,False,281.0,14.0,9,8,8,positional_extremist_rb,1
2,2,Jeremiyah Love,RB,1,Shane,Shane,Coby,Coby,257.0,257.0,12,256.0,True,True,False,274.0,17.0,9,8,8,emotional,1
3,3,Bhayshul Tuten,RB,1,Jason,Jason,CJ,CJ,256.0,256.0,12,255.0,True,True,False,264.0,8.0,9,8,8,tier_controller,1
4,4,Deebo Samuel,WR,2,Brad,Brad,Reid,Reid,190.0,190.0,11,189.39999999999998,True,True,False,260.0,70.0,9,8,8,emotional,1
5,5,Bucky Irving,RB,1,Reid,Reid,Travis,Travis,176.0,176.0,11,175.0,True,True,False,264.0,88.0,9,8,8,anchor,1
6,6,Jordan Mason,RB,3,Travis,Travis,Brandon,Brandon,176.0,176.0,11,175.31965000000002,True,True,False,184.0,8.0,9,8,8,positional_extremist_rb,1
7,7,Jaylen Warren,RB,2,James,James,Evan,Evan,99.24685474581987,99.24685474581987,10,98.24685474581987,True,True,False,184.0,84.75,9,8,8,stars_and_scrubs,1
8,8,James Cook,RB,2,Ryan J,Ryan J,James,James,78.75,78.75,10,77.75,True,True,False,297.0,218.25,9,8,8,balanced,1
9,9,Tee Higgins,WR,1,Sam,Sam,Ryan J,Ryan J,78.180660304354,78.180660304354,10,77.56000000000002,True,True,False,257.0,178.82,9,8,8,value_purist,1
10,10,Josh Jacobs,RB,1,CJ,CJ,Ryan J,Ryan J,138.75,138.75,11,137.75,True,True,False,178.82,40.07,8,7,7,value_purist,1
11,11,Chuba Hubbard,RB,3,Coby,Coby,Evan,Evan,71.056,71.056,10,70.056,True,True,False,84.75,13.69,8,7,7,stars_and_scrubs,1
12,12,Rachaad White,RB,4,Evan,Evan,Shane,Shane,63.02788888888889,63.02788888888889,10,62.02788888888889,True,True,False,324.0,260.97,9,8,8,price_enforcer,1
13,13,DeVonta Smith,WR,1,Brandon,Brandon,Reid,Reid,60.86533333333333,60.86533333333333,11,59.86533333333333,True,True,False,70.0,9.13,8,7,7,emotional,1
14,14,Jonathon Brooks,RB,2,Shane,Shane,Sam,Sam,57.684374999999996,57.684374999999996,9,56.684374999999996,True,True,False,223.0,165.32,9,8,8,value_purist,1
15,15,Jaylen Waddle,WR,1,Jason,Jason,Sam,Sam,63.126075,63.126075,9,62.126075,True,True,False,165.32,102.19,8,7,7,value_purist,1
16,16,Kenny Gainwell,RB,3,Brad,Brad,Sam,Sam,62.8993375,62.8993375,9,61.8993375,True,True,False,102.19,39.29,7,6,6,value_purist,1
17,17,RJ Harvey,RB,3,Reid,Reid,James,James,55.69,55.69,10,54.69,True,True,False,218.25,162.56,8,7,7,balanced,1
18,18,Bill Croskey-Merritt,RB,4,Travis,Travis,Shane,Shane,46.29,46.29,9,45.29,True,True,False,260.97,214.68,8,7,7,price_enforcer,1
19,19,Rashee Rice,WR,1,James,James,Shane,Shane,44.89,44.89,9,43.89,True,True,False,214.68,169.79,7,6,6,price_enforcer,1
20,20,Terry McLaurin,WR,2,Ryan J,Ryan J,Jason,Jason,42.29927111111111,42.29927111111111,9,41.29927111111111,True,True,False,209.0,166.7,9,8,8,price_enforcer,1
21,21,DJ Moore,WR,2,Sam,Sam,James,James,36.391782222222226,36.391782222222226,9,35.391782222222226,True,True,False,162.56,126.17,7,6,6,balanced,1
22,22,Nick Chubb,RB,5,CJ,CJ,Shane,Shane,35.0,35.0,9,34.0,True,True,False,169.79,134.79,6,5,5,price_enforcer,1
23,23,Carnell Tate,WR,3,Coby,Coby,James,James,34.86637855555556,34.86637855555556,8,33.01160344834497,True,True,False,126.17,91.3,6,5,5,balanced,1
24,24,Jalen Hurts,QB,1,Evan,Evan,Shane,Shane,27.781716666666668,27.781716666666668,9,26.880614677834206,True,True,False,134.79,107.01,5,4,4,price_enforcer,1
25,25,Davante Adams,WR,2,Brandon,Brandon,Sam,Sam,34.29,34.29,10,34.22906666666667,True,True,False,39.29,5.0,6,5,5,value_purist,1
26,26,Jacory Croskey-Merritt,RB,4,Shane,Shane,Jason,Jason,34.09941111111111,34.09941111111111,8,34.07,True,True,False,166.7,132.6,8,7,7,price_enforcer,1
27,27,Matthew Golden,WR,4,Jason,Jason,Ryan J,Ryan J,27.938666666666666,27.938666666666666,7,26.938666666666666,True,True,False,40.07,12.13,7,6,6,value_purist,1
28,28,Courtland Sutton,WR,4,Brad,Brad,Jason,Jason,25.755995000000006,25.755995000000006,8,24.755995000000006,True,True,False,132.6,106.84,7,6,6,price_enforcer,1
29,29,JK Dobbins,RB,5,Reid,Reid,James,James,22.926666666666662,22.926666666666662,8,21.926666666666662,True,True,False,91.3,68.37,5,4,4,balanced,1
30,30,Aaron Jones Sr,RB,4,Travis,Travis,Shane,Shane,21.556570000000004,21.556570000000004,8,21.0,True,True,False,107.01,85.45,4,3,3,price_enforcer,1
31,31,Mike Evans,WR,3,James,James,Jason,Jason,19.146966666666668,19.146966666666668,7,18.146966666666668,True,True,False,106.84,87.69,6,5,5,price_enforcer,1
32,32,TJ Hockenson,TE,1,Ryan J,Ryan J,Travis,Travis,18.0,18.0,8,17.0,True,True,False,88.0,70.0,8,7,7,anchor,1
33,33,Joe Burrow,QB,1,Sam,Sam,James,James,18.173333333333332,18.173333333333332,7,17.173333333333332,True,True,False,68.37,50.2,4,3,3,balanced,1
34,34,Josh Allen,QB,1,CJ,CJ,Jason,Jason,17.391849999999998,17.391849999999998,8,16.875,True,True,False,87.69,70.3,5,4,4,price_enforcer,1
35,35,Khalil Shakir,WR,5,Coby,Coby,Travis,Travis,17.039166666666667,17.039166666666667,6,16.881122222222224,True,True,False,70.0,52.96,7,6,6,anchor,1
36,36,DK Metcalf,WR,3,Evan,Evan,Shane,Shane,14.833477777777777,14.833477777777777,7,13.833477777777777,True,True,False,85.45,70.62,3,2,2,price_enforcer,1
37,37,Tyler Allgeier,RB,6,Brandon,Brandon,Shane,Shane,13.841520000000001,13.841520000000001,8,13.7788,True,True,False,70.62,56.78,2,1,1,price_enforcer,1
38,38,Josh Downs,WR,4,Shane,Shane,Jason,Jason,12.90018888888889,12.90018888888889,7,11.90018888888889,True,True,False,70.3,57.4,4,3,3,price_enforcer,1
39,39,Chris Godwin Jr,WR,3,Jason,Jason,James,James,11.852777777777778,11.852777777777778,8,11.161111111111113,True,True,False,50.2,38.35,3,2,2,balanced,1
40,40,Romeo Doubs,WR,5,Brad,Brad,Travis,Travis,12.116466666666668,12.116466666666668,7,11.116466666666668,True,True,False,52.96,40.84,6,5,5,anchor,1
41,41,Travis Kelce,TE,1,Reid,Reid,Jason,Jason,11.071822222222224,11.071822222222224,8,10.952231111111113,True,True,False,57.4,46.33,3,2,2,price_enforcer,1
42,42,Ricky Pearsall,WR,6,Travis,Travis,Shane,Shane,10.840823055555557,10.840823055555557,6,9.840823055555557,True,True,False,56.78,45.94,1,0,0,price_enforcer,1
43,43,Dylan Sampson,RB,7,James,James,James,James,9.800981666666669,9.800981666666669,6,9.62803,True,True,False,38.35,28.55,2,1,1,balanced,1
44,44,Zach Charbonnet,RB,5,Ryan J,Ryan J,Coby,Coby,9.13,9.13,7,8.13,True,True,False,17.0,7.87,8,7,7,emotional,1
45,45,Travis Etienne,RB,5,Sam,Sam,Jason,Jason,8.792404444444445,8.792404444444445,7,8.0,True,True,False,46.33,37.54,2,1,1,price_enforcer,1
46,46,Brian Robinson Jr,RB,6,CJ,CJ,Travis,Travis,8.13,8.13,6,7.130000000000001,True,True,False,40.84,32.71,5,4,4,anchor,1
47,47,George Kittle,TE,1,Coby,Coby,Ryan J,Ryan J,7.130000000000001,7.130000000000001,6,7.065862222222223,True,True,False,12.13,5.0,6,5,5,value_purist,1
48,48,Austin Ekeler,RB,6,Evan,Evan,Jason,Jason,7.0,7.0,5,6.0,True,True,False,37.54,30.54,1,0,0,price_enforcer,1
49,49,Jakobi Meyers,WR,5,Brandon,Brandon,Travis,Travis,6.542,6.542,5,6.471333333333334,True,True,False,32.71,26.17,4,3,3,anchor,1
50,50,Jake Ferguson,TE,2,Brad,Brad,James,James,6.909426666666667,6.909426666666667,6,5.909426666666667,True,True,False,28.55,21.64,1,0,0,balanced,1
51,51,Xavier Worthy,WR,7,Reid,Reid,Travis,Travis,3.882527111111111,3.882527111111111,5,2.882527111111111,True,True,False,26.17,22.29,3,2,2,anchor,1
52,52,Keaton Mitchell,RB,6,Travis,Travis,Brad,Brad,5.990833333333335,5.990833333333335,3,5.062616249999999,True,True,False,14.0,8.01,8,7,7,positional_extremist_rb,1
53,53,Michael Pittman Jr,WR,4,Ryan J,Ryan J,Travis,Travis,4.383699999999999,4.383699999999999,4,2.394088888888889,True,True,False,22.29,17.91,2,1,1,anchor,1
54,54,Lamar Jackson,QB,1,Sam,Sam,Travis,Travis,3.383944444444445,3.383944444444445,4,2.383944444444445,True,True,False,17.91,14.53,1,0,0,anchor,1
55,55,Alvin Kamara,RB,7,CJ,CJ,Reid,Reid,2.3738000000000006,2.3738000000000006,3,2.01,True,True,False,9.13,6.76,7,6,6,emotional,1
56,56,KC Concepcion,WR,6,Coby,Coby,Coby,Coby,1.87,1.87,3,1.7500888888888888,True,True,False,7.87,6.0,7,6,6,emotional,1
57,57,Makai Lemon,WR,6,Evan,Evan,Reid,Reid,1.7425777777777778,1.7425777777777778,2,1.0,True,True,False,6.76,5.02,6,5,5,emotional,1
58,58,Dalton Kincaid,TE,2,Brandon,Brandon,Evan,Evan,1.8271586666666664,1.8271586666666664,3,1.02795,True,True,False,13.69,11.86,7,6,6,stars_and_scrubs,1
59,59,Mike Washington Jr.,RB,7,Brad,Brad,Brad,Brad,2.01,2.01,2,1.661111111111111,True,True,False,8.01,6.0,7,6,6,positional_extremist_rb,1
60,60,Braelon Allen,RB,8,Reid,Reid,Evan,Evan,1.6538888888888887,1.6538888888888887,2,1.0,True,True,False,11.86,10.21,6,5,5,stars_and_scrubs,1
61,61,Jayden Daniels,QB,2,Ryan J,Ryan J,Evan,Evan,1.2666666666666666,1.2666666666666666,2,1.0,True,True,False,10.21,8.94,5,4,4,stars_and_scrubs,1
62,62,Mark Andrews,TE,1,Sam,Sam,Evan,Evan,1.6394444444444445,1.6394444444444445,2,1.0,True,True,False,8.94,7.3,4,3,3,stars_and_scrubs,1
63,63,CJ Stroud,QB,2,CJ,CJ,Evan,Evan,1.2555555555555555,1.2555555555555555,2,1.0,True,True,False,7.3,6.04,3,2,2,stars_and_scrubs,1
64,64,Stefon Diggs,WR,5,Coby,Coby,Evan,Evan,1.25,1.25,2,1.0,True,True,False,6.04,4.79,2,1,1,stars_and_scrubs,1
65,65,Isiah Pacheco,RB,7,Evan,Evan,Evan,Evan,1.2444444444444445,1.2444444444444445,2,1.0199999999999996,True,True,False,4.79,3.55,1,0,0,stars_and_scrubs,1
66,66,Jonah Coleman,RB,8,Brandon,Brandon,Reid,Reid,1.0199999999999996,1.0199999999999996,2,1.0,True,True,False,5.02,4.0,5,4,4,emotional,1
67,67,Tyrone Tracy Jr,RB,8,Brad,Brad,Brad,Brad,1.0,1.0,1,0.0,True,False,False,6.0,5.0,6,5,5,positional_extremist_rb,1
68,68,Rashid Shaheed,WR,7,Reid,Reid,Reid,Reid,1.0,1.0,1,0.0,True,False,False,4.0,3.0,4,3,3,emotional,1
69,69,Isaiah Likely,TE,2,Ryan J,Ryan J,Ryan J,Ryan J,1.0,1.0,1,0.0,True,False,False,5.0,4.0,5,4,4,value_purist,1
70,70,Kimani Vidal,RB,9,Sam,Sam,Sam,Sam,1.0,1.0,1,0.0,True,False,False,5.0,4.0,5,4,4,value_purist,1
71,71,Jajuan Jennings,WR,6,CJ,CJ,CJ,CJ,1.0,1.0,1,0.0,True,False,False,8.0,7.0,8,7,7,tier_controller,1
72,72,Tank Bigsby,RB,8,Coby,Coby,Coby,Coby,1.0,1.0,1,0.0,True,False,False,6.0,5.0,6,5,5,emotional,1
73,73,Jayden Higgins,WR,7,Brandon,Brandon,Brandon,Brandon,1.0,1.0,1,0.0,True,False,False,8.0,7.0,8,7,7,positional_extremist_rb,1
74,74,Dak Prescott,QB,2,Brad,Brad,Brad,Brad,1.0,1.0,1,0.0,True,False,False,5.0,4.0,5,4,4,positional_extremist_rb,1
75,75,AD Mitchell,WR,7,Reid,Reid,Reid,Reid,1.0,1.0,1,0.0,True,False,False,3.0,2.0,3,2,2,emotional,1
76,76,Dalton Schultz,TE,3,Ryan J,Ryan J,Ryan J,Ryan J,1.0,1.0,1,0.0,True,False,False,4.0,3.0,4,3,3,value_purist,1
77,77,Justin Herbert,QB,2,Sam,Sam,Sam,Sam,1.0,1.0,1,0.0,True,False,False,4.0,3.0,4,3,3,value_purist,1
78,78,Jordan Love,QB,3,CJ,CJ,CJ,CJ,1.0,1.0,1,0.0,True,False,False,7.0,6.0,7,6,6,tier_controller,1
79,79,Samaje Perine,RB,9,Coby,Coby,Coby,Coby,1.0,1.0,1,0.0,True,False,False,5.0,4.0,5,4,4,emotional,1
80,80,Dallas Goedert,TE,2,Brandon,Brandon,Brandon,Brandon,1.0,1.0,1,0.0,True,False,False,7.0,6.0,7,6,6,positional_extremist_rb,1
81,81,Justice Hill,RB,10,Brad,Brad,Brad,Brad,1.0,1.0,1,0.0,True,False,False,4.0,3.0,4,3,3,positional_extremist_rb,1
82,82,Ray Davis,RB,9,Reid,Reid,Reid,Reid,1.0,1.0,1,0.0,True,False,False,2.0,1.0,2,1,1,emotional,1
83,83,Christian Kirk,WR,9,Ryan J,Ryan J,Ryan J,Ryan J,1.0,1.0,1,0.0,True,False,False,3.0,2.0,3,2,2,value_purist,1
84,84,Baker Mayfield,QB,3,Sam,Sam,Sam,Sam,1.0,1.0,1,0.0,True,False,False,3.0,2.0,3,2,2,value_purist,1
85,85,Emmett Johnson,RB,9,CJ,CJ,CJ,CJ,1.0,1.0,1,0.0,True,False,False,6.0,5.0,6,5,5,tier_controller,1
86,86,Patrick Mahomes,QB,3,Coby,Coby,Coby,Coby,1.0,1.0,1,0.0,True,False,False,4.0,3.0,4,3,3,emotional,1
87,87,Cooper Kupp,WR,8,Brandon,Brandon,Brandon,Brandon,1.0,1.0,1,0.0,True,False,False,6.0,5.0,6,5,5,positional_extremist_rb,1
88,88,Chig Okonkwo,TE,3,Brad,Brad,Brad,Brad,1.0,1.0,1,0.0,True,False,False,3.0,2.0,3,2,2,positional_extremist_rb,1
89,89,Keon Coleman,WR,8,Reid,Reid,Reid,Reid,1.0,1.0,1,0.0,True,False,False,1.0,0.0,1,0,0,emotional,1
90,90,Cole Kmet,TE,7,Ryan J,Ryan J,Ryan J,Ryan J,1.0,1.0,1,0.0,True,False,False,2.0,1.0,2,1,1,value_purist,1
91,91,Brenton Strange,TE,3,Sam,Sam,Sam,Sam,1.0,1.0,1,0.0,True,False,False,2.0,1.0,2,1,1,value_purist,1
92,92,Tua Tagovailoa,QB,12,CJ,CJ,CJ,CJ,1.0,1.0,1,0.0,True,False,False,5.0,4.0,5,4,4,tier_controller,1
93,93,Adonai Mitchell,WR,8,Coby,Coby,Coby,Coby,1.0,1.0,1,0.0,True,False,False,3.0,2.0,3,2,2,emotional,1
94,94,Rashod Bateman,WR,9,Brandon,Brandon,Brandon,Brandon,1.0,1.0,1,0.0,True,False,False,5.0,4.0,5,4,4,positional_extremist_rb,1
95,95,Trey Benson,RB,10,Brad,Brad,Brad,Brad,1.0,1.0,1,0.0,True,False,False,2.0,1.0,2,1,1,positional_extremist_rb,1
96,96,Jared Goff,QB,3,Ryan J,Ryan J,Ryan J,Ryan J,1.0,1.0,1,0.0,True,False,False,1.0,0.0,1,0,0,value_purist,1
97,97,Geno Smith,QB,11,Sam,Sam,Sam,Sam,1.0,1.0,1,0.0,True,False,False,1.0,0.0,1,0,0,value_purist,1
98,98,Juwan Johnson,TE,3,CJ,CJ,CJ,CJ,1.0,1.0,1,0.0,True,False,False,4.0,3.0,4,3,3,tier_controller,1
99,99,Justin Fields,QB,8,Coby,Coby,Coby,Coby,1.0,1.0,1,0.0,True,False,False,2.0,1.0,2,1,1,emotional,1
100,100,Kaelon Black,RB,14,Brandon,Brandon,Brandon,Brandon,1.0,1.0,1,0.0,True,False,False,4.0,3.0,4,3,3,positional_extremist_rb,1
101,101,Tyrod Taylor,QB,6,Brad,Brad,Brad,Brad,1.0,1.0,1,0.0,True,False,False,1.0,0.0,1,0,0,positional_extremist_rb,1
102,102,LeQuint Allen Jr.,RB,12,CJ,CJ,CJ,CJ,1.0,1.0,1,0.0,True,False,False,3.0,2.0,3,2,2,tier_controller,1
103,103,James Conner,RB,10,Coby,Coby,Coby,Coby,1.0,1.0,1,0.0,True,False,False,1.0,0.0,1,0,0,emotional,1
104,104,Cedric Tillman,WR,10,Brandon,Brandon,Brandon,Brandon,1.0,1.0,1,0.0,True,False,False,3.0,2.0,3,2,2,positional_extremist_rb,1
105,105,Tre Tucker,WR,10,CJ,CJ,CJ,CJ,1.0,1.0,1,0.0,True,False,False,2.0,1.0,2,1,1,tier_controller,1
106,106,Kyler Murray,QB,4,Brandon,Brandon,Brandon,Brandon,1.0,1.0,1,0.0,True,False,False,2.0,1.0,2,1,1,positional_extremist_rb,1
107,107,Keenan Allen,WR,8,CJ,CJ,CJ,CJ,1.0,1.0,1,0.0,True,False,False,1.0,0.0,1,0,0,tier_controller,1
108,108,Chris Rodriguez Jr,RB,10,Brandon,Brandon,Brandon,Brandon,1.0,1.0,1,0.0,True,False,False,1.0,0.0,1,0,0,positional_extremist_rb,1
1,1,Jaylen Waddle,WR,1,Coby,Coby,Travis,Travis,256.0,256.0,12,254.0,True,True,False,264.0,8.0,9,8,8,tier_controller,2
2,2,Tony Pollard,RB,2,Sam,Sam,CJ,CJ,253.0,253.0,11,252.0,True,True,False,264.0,11.0,9,8,8,stars_and_scrubs,2
3,3,Bucky Irving,RB,1,Shane,Shane,Reid,Reid,250.0,250.0,11,249.0,True,True,False,260.0,10.0,9,8,8,stars_and_scrubs,2
4,4,Jeremiyah Love,RB,1,James,James,Ryan J,Ryan J,201.0,201.0,10,200.0,True,True,False,257.0,56.0,9,8,8,anchor,2
5,5,Josh Jacobs,RB,1,Jason,Jason,Jason,Jason,177.0,177.0,10,176.0,True,True,False,209.0,32.0,9,8,8,positional_extremist_rb,2
6,6,Bhayshul Tuten,RB,1,Ryan J,Ryan J,Evan,Evan,106.18166666666666,106.18166666666666,10,105.18166666666666,True,True,False,184.0,77.82,9,8,8,anchor,2
7,7,Jaylen Warren,RB,2,Reid,Reid,Coby,Coby,84.2877,84.2877,11,83.2877,True,True,False,274.0,189.71,9,8,8,value_purist,2
8,8,Jonathon Brooks,RB,2,Travis,Travis,Sam,Sam,77.43069632361029,77.43069632361029,11,76.43069632361029,True,True,False,223.0,145.57,9,8,8,positional_extremist_wr,2
9,9,DJ Moore,WR,2,CJ,CJ,Sam,Sam,73.0,73.0,10,70.0,True,True,False,145.57,72.57,8,7,7,positional_extremist_wr,2
10,10,Chuba Hubbard,RB,3,Brad,Brad,Brandon,Brandon,73.2896404308605,73.2896404308605,9,72.2896404308605,True,True,False,184.0,110.71,9,8,8,value_purist,2
11,11,James Cook,RB,2,Evan,Evan,Brandon,Brandon,71.056,71.056,10,70.056,True,True,False,110.71,39.65,8,7,7,value_purist,2
12,12,Rachaad White,RB,4,Brandon,Brandon,Shane,Shane,64.987,64.987,10,63.987,True,True,False,324.0,259.01,9,8,8,price_enforcer,2
13,13,Kenny Gainwell,RB,3,Coby,Coby,James,James,61.321333333333335,61.321333333333335,10,60.321333333333335,True,True,False,297.0,235.68,9,8,8,price_enforcer,2
14,14,Aaron Jones Sr,RB,4,Sam,Sam,Brad,Brad,55.79337726512086,55.79337726512086,10,54.79337726512086,True,True,False,281.0,225.21,9,8,8,price_enforcer,2
15,15,Jordan Mason,RB,3,Shane,Shane,Coby,Coby,56.19790888888889,56.19790888888889,10,55.19790888888889,True,True,False,189.71,133.51,8,7,7,value_purist,2
16,16,DeVonta Smith,WR,1,James,James,Coby,Coby,55.99645666666667,55.99645666666667,10,54.99645666666667,True,True,False,133.51,77.51,7,6,6,value_purist,2
17,17,RJ Harvey,RB,3,Jason,Jason,Coby,Coby,55.0,55.0,9,54.0,True,True,False,77.51,22.51,6,5,5,value_purist,2
18,18,Tee Higgins,WR,1,Ryan J,Ryan J,Shane,Shane,50.67610666666667,50.67610666666667,10,49.67610666666667,True,True,False,259.01,208.33,8,7,7,price_enforcer,2
19,19,Josh Allen,QB,1,Reid,Reid,James,James,47.749300000000005,47.749300000000005,10,46.749300000000005,True,True,False,235.68,187.93,8,7,7,price_enforcer,2
20,20,Davante Adams,WR,2,Travis,Travis,Brad,Brad,43.65,43.65,10,42.65,True,True,False,225.21,181.56,8,7,7,price_enforcer,2
21,21,Deebo Samuel,WR,2,CJ,CJ,Shane,Shane,40.172964444444446,40.172964444444446,10,39.172964444444446,True,True,False,208.33,168.16,7,6,6,price_enforcer,2
22,22,JK Dobbins,RB,5,Brad,Brad,James,James,38.0,38.0,9,37.0,True,True,False,187.93,149.93,7,6,6,price_enforcer,2
23,23,Nick Chubb,RB,5,Evan,Evan,Brad,Brad,35.65,35.65,9,34.65,True,True,False,181.56,145.91,7,6,6,price_enforcer,2
24,24,TJ Hockenson,TE,1,Brandon,Brandon,Shane,Shane,34.07367222222223,34.07367222222223,10,33.07367222222223,True,True,False,168.16,134.09,6,5,5,price_enforcer,2
25,25,Rashee Rice,WR,1,Coby,Coby,Brandon,Brandon,31.67336,31.67336,10,30.67336,True,True,False,39.65,7.98,7,6,6,value_purist,2
26,26,Jalen Hurts,QB,1,Sam,Sam,Shane,Shane,25.245467255783225,25.245467255783225,9,25.195555555555558,True,True,False,134.09,108.84,5,4,4,price_enforcer,2
27,27,Anthony Richardson Sr.,QB,8,Shane,Shane,Shane,Shane,1.0,1.0,1,0.0,True,False,False,108.84,107.84,4,3,3,price_enforcer,2
28,28,Bill Croskey-Merritt,RB,4,James,James,James,James,30.43579,30.43579,10,29.61973,True,True,False,149.93,119.49,6,5,5,price_enforcer,2
29,29,Carnell Tate,WR,3,Jason,Jason,Sam,Sam,33.50624444444445,33.50624444444445,9,29.506244444444448,True,True,False,72.57,39.06,7,6,6,positional_extremist_wr,2
30,30,Keaton Mitchell,RB,6,Ryan J,Ryan J,Brad,Brad,25.070596666666667,25.070596666666667,8,24.070596666666667,True,True,False,145.91,120.84,6,5,5,price_enforcer,2
31,31,Matthew Golden,WR,4,Reid,Reid,Brad,Brad,23.98,23.98,9,22.98,True,True,False,120.84,96.86,5,4,4,price_enforcer,2
32,32,Geno Smith,QB,11,Travis,Travis,Travis,Travis,1.0,1.0,1,0.0,True,False,False,8.0,7.0,8,7,7,tier_controller,2
33,33,Terry McLaurin,WR,2,CJ,CJ,Jason,Jason,24.791786666666667,24.791786666666667,10,23.791786666666667,True,True,False,32.0,7.21,8,7,7,positional_extremist_rb,2
34,34,Jacory Croskey-Merritt,RB,4,Brad,Brad,James,James,22.388266666666667,22.388266666666667,8,21.388266666666667,True,True,False,119.49,97.1,5,4,4,price_enforcer,2
35,35,Mike Evans,WR,3,Evan,Evan,Shane,Shane,20.18264444444445,20.18264444444445,9,19.18264444444445,True,True,False,107.84,87.66,3,2,2,price_enforcer,2
36,36,Austin Ekeler,RB,6,Brandon,Brandon,James,James,19.107122222222223,19.107122222222223,7,18.51,True,True,False,97.1,77.99,4,3,3,price_enforcer,2
37,37,DK Metcalf,WR,3,Coby,Coby,Brad,Brad,18.984560000000002,18.984560000000002,8,18.793529999999997,True,True,False,96.86,77.88,4,3,3,price_enforcer,2
38,38,Josh Downs,WR,4,Sam,Sam,Coby,Coby,17.98,17.98,8,16.98,True,True,False,22.51,4.53,5,4,4,value_purist,2
39,39,Romeo Doubs,WR,5,Shane,Shane,Evan,Evan,18.416666666666664,18.416666666666664,7,17.416666666666664,True,True,False,77.82,59.4,8,7,7,anchor,2
40,40,Lamar Jackson,QB,1,James,James,Shane,Shane,15.98,15.98,6,14.98,True,True,False,87.66,71.68,2,1,1,price_enforcer,2
41,41,Zach Charbonnet,RB,5,Jason,Jason,James,James,15.043404444444445,15.043404444444445,8,15.022186666666666,True,True,False,77.99,62.95,3,2,2,price_enforcer,2
42,42,Dylan Sampson,RB,7,Ryan J,Ryan J,Brad,Brad,14.770524444444446,14.770524444444446,6,13.770524444444446,True,True,False,77.88,63.11,3,2,2,price_enforcer,2
43,43,Courtland Sutton,WR,4,Reid,Reid,Sam,Sam,15.003549999999999,15.003549999999999,8,14.003549999999999,True,True,False,39.06,24.06,6,5,5,positional_extremist_wr,2
44,44,Michael Pittman Jr,WR,4,Travis,Travis,Shane,Shane,12.995472222222224,12.995472222222224,8,11.995472222222224,True,True,False,71.68,58.68,1,0,0,price_enforcer,2
45,45,Khalil Shakir,WR,5,CJ,CJ,Evan,Evan,13.8897,13.8897,7,13.094666666666667,True,True,False,59.4,45.51,7,6,6,anchor,2
46,46,Joe Burrow,QB,1,Brad,Brad,Ryan J,Ryan J,12.89755,12.89755,5,11.89755,True,True,False,56.0,43.1,8,7,7,anchor,2
47,47,Chris Godwin Jr,WR,3,Evan,Evan,Brad,Brad,11.878704444444445,11.878704444444445,7,11.84858888888889,True,True,False,63.11,51.23,2,1,1,price_enforcer,2
48,48,Travis Etienne,RB,5,Brandon,Brandon,James,James,9.98,9.98,6,8.98,True,True,False,62.95,52.97,2,1,1,price_enforcer,2
49,49,Travis Kelce,TE,1,Coby,Coby,Evan,Evan,10.467299999999998,10.467299999999998,7,9.562933333333334,True,True,False,45.51,35.04,6,5,5,anchor,2
50,50,Brian Robinson Jr,RB,6,Sam,Sam,James,James,9.846534444444446,9.846534444444446,6,9.523087777777777,True,True,False,52.97,43.12,1,0,0,price_enforcer,2
51,51,Mike Washington Jr.,RB,7,Jason,Jason,Ryan J,Ryan J,9.830391666666666,9.830391666666666,5,9.483242222222222,True,True,False,43.1,33.27,7,6,6,anchor,2
52,52,Jayden Daniels,QB,2,Ryan J,Ryan J,Brad,Brad,7.920399999999999,7.920399999999999,4,6.920399999999999,True,True,False,51.23,43.31,1,0,0,price_enforcer,2
53,53,Jajuan Jennings,WR,6,Reid,Reid,Sam,Sam,8.524564999999999,8.524564999999999,5,7.524565,True,True,False,24.06,15.54,5,4,4,positional_extremist_wr,2
54,54,Ricky Pearsall,WR,6,Travis,Travis,Evan,Evan,7.593708333333333,7.593708333333333,5,6.593708333333333,True,True,False,35.04,27.45,5,4,4,anchor,2
55,55,Tyler Allgeier,RB,6,CJ,CJ,Ryan J,Ryan J,7.155662499999999,7.155662499999999,4,6.155662499999999,True,True,False,33.27,26.11,6,5,5,anchor,2
56,56,Mark Andrews,TE,1,Evan,Evan,Sam,Sam,6.537591666666665,6.537591666666665,4,6.0,True,True,False,15.54,9.0,4,3,3,positional_extremist_wr,2
57,57,Stefon Diggs,WR,5,Brandon,Brandon,Evan,Evan,5.3069999999999995,5.3069999999999995,5,5.047933333333332,True,True,False,27.45,22.14,4,3,3,anchor,2
58,58,Dalton Kincaid,TE,2,Coby,Coby,Ryan J,Ryan J,5.780101249999999,5.780101249999999,4,4.9012424999999995,True,True,False,26.11,20.33,5,4,4,anchor,2
59,59,KC Concepcion,WR,6,Sam,Sam,Evan,Evan,4.2435,4.2435,4,3.8965833333333326,True,True,False,22.14,17.9,3,2,2,anchor,2
60,60,Xavier Worthy,WR,7,Jason,Jason,Ryan J,Ryan J,4.0,4.0,4,3.0,True,True,False,20.33,16.33,4,3,3,anchor,2
61,61,Alvin Kamara,RB,7,Ryan J,Ryan J,Evan,Evan,3.4009999999999994,3.4009999999999994,3,3.102699999999999,True,True,False,17.9,14.5,2,1,1,anchor,2
62,62,Jakobi Meyers,WR,5,Reid,Reid,Ryan J,Ryan J,3.089091666666666,3.089091666666666,4,2.7429166666666664,True,True,False,16.33,13.24,3,2,2,anchor,2
63,63,George Kittle,TE,1,Travis,Travis,Brandon,Brandon,2.9800000000000004,2.9800000000000004,4,2.938,True,True,False,7.98,5.0,6,5,5,value_purist,2
64,64,Jonah Coleman,RB,8,CJ,CJ,Evan,Evan,2.5300000000000002,2.5300000000000002,3,1.5300000000000002,True,True,False,14.5,11.97,1,0,0,anchor,2
65,65,CJ Stroud,QB,2,Brandon,Brandon,Ryan J,Ryan J,2.4714666666666667,2.4714666666666667,4,1.5300000000000002,True,True,False,13.24,10.77,2,1,1,anchor,2
66,66,Rashid Shaheed,WR,7,Coby,Coby,Sam,Sam,3.30163875,3.30163875,4,2.30163875,True,True,False,9.0,5.7,3,2,2,positional_extremist_wr,2
67,67,Isiah Pacheco,RB,7,Sam,Sam,Ryan J,Ryan J,1.99245,1.99245,4,1.5300000000000002,True,True,False,10.77,8.78,1,0,0,anchor,2
68,68,Makai Lemon,WR,6,Jason,Jason,Sam,Sam,1.819566666666667,1.819566666666667,4,1.5300000000000002,True,True,False,5.7,3.88,2,1,1,positional_extremist_wr,2
69,69,Dak Prescott,QB,2,Reid,Reid,CJ,CJ,1.588888888888889,1.588888888888889,2,1.0,True,True,False,11.0,9.41,8,7,7,stars_and_scrubs,2
70,70,Justin Herbert,QB,2,Travis,Travis,CJ,CJ,1.5816666666666668,1.5816666666666668,2,1.0,True,True,False,9.41,7.83,7,6,6,stars_and_scrubs,2
71,71,Braelon Allen,RB,8,CJ,CJ,Sam,Sam,1.9680555555555554,1.9680555555555554,4,1.5744444444444443,True,True,False,3.88,1.91,1,0,0,positional_extremist_wr,2
72,72,Tank Bigsby,RB,8,Brandon,Brandon,CJ,CJ,1.5672222222222223,1.5672222222222223,2,1.0,True,True,False,7.83,6.26,6,5,5,stars_and_scrubs,2
73,73,Tyrone Tracy Jr,RB,8,Coby,Coby,Coby,Coby,1.5300000000000002,1.5300000000000002,2,1.2,True,True,False,4.53,3.0,4,3,3,value_purist,2
74,74,Jayden Higgins,WR,7,Jason,Jason,CJ,CJ,1.1944444444444444,1.1944444444444444,2,1.0,True,True,False,6.26,5.07,5,4,4,stars_and_scrubs,2
75,75,Jake Ferguson,TE,2,Reid,Reid,CJ,CJ,1.5455555555555556,1.5455555555555556,2,1.0,True,True,False,5.07,3.52,4,3,3,stars_and_scrubs,2
76,76,AD Mitchell,WR,7,Travis,Travis,CJ,CJ,1.1833333333333333,1.1833333333333333,2,1.0,True,True,False,3.52,2.34,3,2,2,stars_and_scrubs,2
77,77,Dalton Schultz,TE,3,CJ,CJ,Reid,Reid,1.5311111111111113,1.5311111111111113,2,1.0,True,True,False,10.0,8.47,8,7,7,stars_and_scrubs,2
78,78,Isaiah Likely,TE,2,Brandon,Brandon,CJ,CJ,1.1722222222222223,1.1722222222222223,2,1.0,True,True,False,2.34,1.17,2,1,1,stars_and_scrubs,2
79,79,Marcus Mariota,QB,5,Coby,Coby,Coby,Coby,1.0,1.0,1,0.0,True,False,False,3.0,2.0,3,2,2,value_purist,2
80,80,Emmett Johnson,RB,9,Jason,Jason,Jason,Jason,1.21,1.21,2,1.1611111111111112,True,True,False,7.21,6.0,7,6,6,positional_extremist_rb,2
81,81,Ray Davis,RB,9,Reid,Reid,CJ,CJ,1.1555555555555557,1.1555555555555557,2,1.0,True,True,False,1.17,0.01,1,0,0,stars_and_scrubs,2
82,82,Quinn Ewers,QB,7,Travis,Travis,Travis,Travis,1.0,1.0,1,0.0,True,False,False,7.0,6.0,7,6,6,tier_controller,2
83,83,Dallas Goedert,TE,2,Brandon,Brandon,Reid,Reid,1.1444444444444444,1.1444444444444444,2,1.0,True,True,False,8.47,7.33,7,6,6,stars_and_scrubs,2
84,84,Kimani Vidal,RB,9,Coby,Coby,Reid,Reid,1.4805555555555556,1.4805555555555556,2,1.0,True,True,False,7.33,5.85,6,5,5,stars_and_scrubs,2
85,85,Cooper Kupp,WR,8,Jason,Jason,Reid,Reid,1.1333333333333333,1.1333333333333333,2,1.0,True,True,False,5.85,4.72,5,4,4,stars_and_scrubs,2
86,86,Brenton Strange,TE,3,Reid,Reid,Reid,Reid,1.0,1.0,1,0.0,True,False,False,4.72,3.72,4,3,3,stars_and_scrubs,2
87,87,James Conner,RB,10,Travis,Travis,Reid,Reid,1.1222222222222222,1.1222222222222222,2,1.0,True,True,False,3.72,2.6,3,2,2,stars_and_scrubs,2
88,88,Rashod Bateman,WR,9,Brandon,Brandon,Reid,Reid,1.4516666666666667,1.4516666666666667,2,1.0,True,True,False,2.6,1.15,2,1,1,stars_and_scrubs,2
89,89,Justice Hill,RB,10,Coby,Coby,Reid,Reid,1.15,1.15,2,1.0,True,True,False,1.15,0.0,1,0,0,stars_and_scrubs,2
90,90,Adonai Mitchell,WR,8,Jason,Jason,Jason,Jason,1.0,1.0,1,0.0,True,False,False,6.0,5.0,6,5,5,positional_extremist_rb,2
91,91,Chris Rodriguez Jr,RB,10,Travis,Travis,Travis,Travis,1.0,1.0,1,0.0,True,False,False,6.0,5.0,6,5,5,tier_controller,2
92,92,Jordan Love,QB,3,Brandon,Brandon,Brandon,Brandon,1.0,1.0,1,0.0,True,False,False,5.0,4.0,5,4,4,value_purist,2
93,93,Keon Coleman,WR,8,Coby,Coby,Coby,Coby,1.0,1.0,1,0.0,True,False,False,2.0,1.0,2,1,1,value_purist,2
94,94,Chig Okonkwo,TE,3,Jason,Jason,Jason,Jason,1.0,1.0,1,0.0,True,False,False,5.0,4.0,5,4,4,positional_extremist_rb,2
95,95,Samaje Perine,RB,9,Travis,Travis,Travis,Travis,1.0,1.0,1,0.0,True,False,False,5.0,4.0,5,4,4,tier_controller,2
96,96,Tua Tagovailoa,QB,12,Brandon,Brandon,Brandon,Brandon,1.0,1.0,1,0.0,True,False,False,4.0,3.0,4,3,3,value_purist,2
97,97,Juwan Johnson,TE,3,Coby,Coby,Coby,Coby,1.0,1.0,1,0.0,True,False,False,1.0,0.0,1,0,0,value_purist,2
98,98,Keenan Allen,WR,8,Jason,Jason,Jason,Jason,1.0,1.0,1,0.0,True,False,False,4.0,3.0,4,3,3,positional_extremist_rb,2
99,99,Baker Mayfield,QB,3,Travis,Travis,Travis,Travis,1.0,1.0,1,0.0,True,False,False,4.0,3.0,4,3,3,tier_controller,2
100,100,Tyler Shough,QB,4,Brandon,Brandon,Brandon,Brandon,1.0,1.0,1,0.0,True,False,False,3.0,2.0,3,2,2,value_purist,2
101,101,Christian Kirk,WR,9,Jason,Jason,Jason,Jason,1.0,1.0,1,0.0,True,False,False,3.0,2.0,3,2,2,positional_extremist_rb,2
102,102,Matthew Stafford,QB,4,Travis,Travis,Travis,Travis,1.0,1.0,1,0.0,True,False,False,3.0,2.0,3,2,2,tier_controller,2
103,103,Bo Nix,QB,4,Brandon,Brandon,Brandon,Brandon,1.0,1.0,1,0.0,True,False,False,2.0,1.0,2,1,1,value_purist,2
104,104,Jared Goff,QB,3,Jason,Jason,Jason,Jason,1.0,1.0,1,0.0,True,False,False,2.0,1.0,2,1,1,positional_extremist_rb,2
105,105,De'Zhaun Stribling,WR,9,Travis,Travis,Travis,Travis,1.0,1.0,1,0.0,True,False,False,2.0,1.0,2,1,1,tier_controller,2
106,106,Tre Tucker,WR,10,Brandon,Brandon,Brandon,Brandon,1.0,1.0,1,0.0,True,False,False,1.0,0.0,1,0,0,value_purist,2
107,107,Chris Brooks,RB,11,Jason,Jason,Jason,Jason,1.0,1.0,1,0.0,True,False,False,1.0,0.0,1,0,0,positional_extremist_rb,2
108,108,Trey Benson,RB,10,Travis,Travis,Travis,Travis,1.0,1.0,1,0.0,True,False,False,1.0,0.0,1,0,0,tier_controller,2
1,1,Bucky Irving,RB,1,Evan,Evan,Travis,Travis,252.0,252.0,12,251.0,True,True,False,264.0,12.0,9,8,8,anchor,3
2,2,Josh Jacobs,RB,1,Reid,Reid,Reid,Reid,250.0,250.0,11,249.0,True,True,False,260.0,10.0,9,8,8,positional_extremist_wr,3
3,3,Rachaad White,RB,4,James,James,Ryan J,Ryan J,216.0,216.0,10,215.0,True,True,False,257.0,41.0,9,8,8,stars_and_scrubs,3
4,4,Bhayshul Tuten,RB,1,Ryan J,Ryan J,Sam,Sam,177.83427797482005,177.83427797482005,10,175.83427797482005,True,True,False,223.0,45.17,9,8,8,stars_and_scrubs,3
5,5,JK Dobbins,RB,5,Coby,Coby,Brad,Brad,57.0,57.0,8,56.0,True,True,False,281.0,224.0,9,8,8,price_enforcer,3
6,6,Tyson Bagent,QB,9,Brad,Brad,Brad,Brad,1.0,1.0,1,0.0,True,False,False,224.0,223.0,8,7,7,price_enforcer,3
7,7,Jeremiyah Love,RB,1,Sam,Sam,Brandon,Brandon,149.20191849123108,149.20191849123108,10,148.20191849123108,True,True,False,184.0,34.8,9,8,8,stars_and_scrubs,3
8,8,Tony Pollard,RB,2,Travis,Travis,Coby,Coby,78.91100000000002,78.91100000000002,11,73.91100000000002,True,True,False,274.0,195.09,9,8,8,value_purist,3
9,9,Kenny Gainwell,RB,3,Jason,Jason,CJ,CJ,74.97776662696482,74.97776662696482,10,73.97776662696482,True,True,False,264.0,189.02,9,8,8,balanced,3
10,10,Jordan Mason,RB,3,Brandon,Brandon,Coby,Coby,64.57860362047745,64.57860362047745,10,64.353,True,True,False,195.09,130.51,8,7,7,value_purist,3
11,11,Tee Higgins,WR,1,Shane,Shane,James,James,62.0,62.0,10,61.0,True,True,False,297.0,235.0,9,8,8,price_enforcer,3
12,12,Deebo Samuel,WR,2,CJ,CJ,Shane,Shane,55.39470544444445,55.39470544444445,10,54.39470544444445,True,True,False,324.0,268.61,9,8,8,value_purist,3
13,13,RJ Harvey,RB,3,Evan,Evan,Shane,Shane,67.96266666666666,67.96266666666666,10,66.96266666666666,True,True,False,268.61,200.65,8,7,7,value_purist,3
14,14,Bill Croskey-Merritt,RB,4,Reid,Reid,CJ,CJ,53.26388888888889,53.26388888888889,11,52.26388888888889,True,True,False,189.02,135.76,8,7,7,balanced,3
15,15,Nick Chubb,RB,5,James,James,Evan,Evan,50.52377777777778,50.52377777777778,8,49.52377777777778,True,True,False,184.0,133.48,9,8,8,balanced,3
16,16,Rashee Rice,WR,1,Ryan J,Ryan J,Shane,Shane,69.57471904461256,69.57471904461256,10,68.57471904461256,True,True,False,200.65,131.08,7,6,6,value_purist,3
17,17,Terry McLaurin,WR,2,Coby,Coby,Shane,Shane,50.17688888888889,50.17688888888889,10,49.17688888888889,True,True,False,131.08,80.9,6,5,5,value_purist,3
18,18,Jonathon Brooks,RB,2,Brad,Brad,Coby,Coby,77.5327777777778,77.5327777777778,10,76.5327777777778,True,True,False,130.51,52.98,7,6,6,value_purist,3
19,19,DJ Moore,WR,2,Sam,Sam,Shane,Shane,49.68891353232624,49.68891353232624,10,48.830000000000005,True,True,False,80.9,31.21,5,4,4,value_purist,3
20,20,Jaylen Warren,RB,2,Travis,Travis,James,James,48.0,48.0,11,47.0,True,True,False,235.0,187.0,8,7,7,price_enforcer,3
21,21,DK Metcalf,WR,3,Jason,Jason,Brad,Brad,44.564888888888895,44.564888888888895,8,43.564888888888895,True,True,False,223.0,178.44,7,6,6,price_enforcer,3
22,22,DeVonta Smith,WR,1,Brandon,Brandon,Coby,Coby,44.40233333333334,44.40233333333334,10,43.40233333333334,True,True,False,52.98,8.58,6,5,5,value_purist,3
23,23,Josh Allen,QB,1,Shane,Shane,Jason,Jason,39.68822222222223,39.68822222222223,10,38.68822222222223,True,True,False,209.0,169.31,9,8,8,price_enforcer,3
24,24,James Cook,RB,2,CJ,CJ,James,James,38.37548222222223,38.37548222222223,9,37.37548222222223,True,True,False,187.0,148.62,7,6,6,price_enforcer,3
25,25,Chuba Hubbard,RB,3,Evan,Evan,Sam,Sam,38.17,38.17,10,35.58,True,True,False,45.17,7.0,8,7,7,stars_and_scrubs,3
26,26,Aaron Jones Sr,RB,4,Reid,Reid,Brad,Brad,35.63330111111111,35.63330111111111,10,34.63330111111111,True,True,False,178.44,142.81,6,5,5,price_enforcer,3
27,27,Carnell Tate,WR,3,James,James,CJ,CJ,36.95236355555556,36.95236355555556,8,36.33177288888889,True,True,False,135.76,98.81,7,6,6,balanced,3
28,28,Jaylen Waddle,WR,1,Ryan J,Ryan J,Evan,Evan,35.16986,35.16986,9,34.16986,True,True,False,133.48,98.31,8,7,7,balanced,3
29,29,Jacory Croskey-Merritt,RB,4,Coby,Coby,Jason,Jason,34.23824444444445,34.23824444444445,9,34.0,True,True,False,169.31,135.07,8,7,7,price_enforcer,3
30,30,Courtland Sutton,WR,4,Brad,Brad,James,James,29.76828111111111,29.76828111111111,8,28.76828111111111,True,True,False,148.62,118.85,6,5,5,price_enforcer,3
31,31,Joe Burrow,QB,1,Sam,Sam,CJ,CJ,26.072500898256564,26.072500898256564,9,25.072500898256564,True,True,False,98.81,72.74,6,5,5,balanced,3
32,32,Matthew Golden,WR,4,Travis,Travis,Brad,Brad,27.998992222222224,27.998992222222224,9,26.998992222222224,True,True,False,142.81,114.81,5,4,4,price_enforcer,3
33,33,Jalen Hurts,QB,1,Jason,Jason,Evan,Evan,24.147306666666665,24.147306666666665,7,23.147306666666665,True,True,False,98.31,74.16,7,6,6,balanced,3
34,34,Khalil Shakir,WR,5,Brandon,Brandon,Jason,Jason,24.571916666666663,24.571916666666663,7,23.571916666666663,True,True,False,135.07,110.5,7,6,6,price_enforcer,3
35,35,Keaton Mitchell,RB,6,Shane,Shane,James,James,23.479477777777777,23.479477777777777,8,22.681353333333337,True,True,False,118.85,95.37,5,4,4,price_enforcer,3
36,36,TJ Hockenson,TE,1,CJ,CJ,Ryan J,Ryan J,29.21,29.21,9,28.21,True,True,False,41.0,11.79,8,7,7,stars_and_scrubs,3
37,37,Mike Evans,WR,3,Evan,Evan,Shane,Shane,28.21,28.21,8,27.799999999999997,True,True,False,31.21,3.0,4,3,3,value_purist,3
38,38,Travis Etienne,RB,5,Reid,Reid,Brandon,Brandon,22.58004,22.58004,8,20.58004,True,True,False,34.8,12.22,8,7,7,stars_and_scrubs,3
39,39,Davante Adams,WR,2,James,James,Brad,Brad,22.32416666666667,22.32416666666667,7,21.48611111111111,True,True,False,114.81,92.49,4,3,3,price_enforcer,3
40,40,Brian Robinson Jr,RB,6,Ryan J,Ryan J,Jason,Jason,19.469990000000003,19.469990000000003,7,18.469990000000003,True,True,False,110.5,91.03,6,5,5,price_enforcer,3
41,41,Zach Charbonnet,RB,5,Coby,Coby,James,James,18.395813333333336,18.395813333333336,7,17.840293333333335,True,True,False,95.37,76.97,4,3,3,price_enforcer,3
42,42,Travis Kelce,TE,1,Brad,Brad,Evan,Evan,19.029868000000004,19.029868000000004,7,18.665488111111113,True,True,False,74.16,55.13,6,5,5,balanced,3
43,43,Josh Downs,WR,4,Sam,Sam,Brad,Brad,17.69642,17.69642,7,17.417073333333335,True,True,False,92.49,74.79,3,2,2,price_enforcer,3
44,44,Romeo Doubs,WR,5,Travis,Travis,CJ,CJ,18.346272222222225,18.346272222222225,7,17.346272222222225,True,True,False,72.74,54.39,5,4,4,balanced,3
45,45,Austin Ekeler,RB,6,Jason,Jason,Jason,Jason,15.0,15.0,6,14.0,True,True,False,91.03,76.03,5,4,4,price_enforcer,3
46,46,Chris Godwin Jr,WR,3,Brandon,Brandon,James,James,14.54733,14.54733,7,13.58,True,True,False,76.97,62.42,3,2,2,price_enforcer,3
47,47,Tank Bigsby,RB,8,Shane,Shane,CJ,CJ,12.578863708591935,12.578863708591935,7,11.578863708591935,True,True,False,54.39,41.81,4,3,3,balanced,3
48,48,Michael Pittman Jr,WR,4,CJ,CJ,Jason,Jason,14.251401111111113,14.251401111111113,6,14.018970000000001,True,True,False,76.03,61.78,4,3,3,price_enforcer,3
49,49,Dalton Kincaid,TE,2,Evan,Evan,Evan,Evan,10.753250401427586,10.753250401427586,6,10.424626666666668,True,True,False,55.13,44.38,5,4,4,balanced,3
50,50,Mark Andrews,TE,1,Reid,Reid,Brad,Brad,12.484215555555556,12.484215555555556,7,11.484215555555556,True,True,False,74.79,62.31,2,1,1,price_enforcer,3
51,51,Lamar Jackson,QB,1,James,James,James,James,11.554635555555556,11.554635555555556,6,9.975637777777779,True,True,False,62.42,50.87,2,1,1,price_enforcer,3
52,52,Jakobi Meyers,WR,5,Ryan J,Ryan J,Brad,Brad,11.485810000000003,11.485810000000003,7,10.933723333333335,True,True,False,62.31,50.82,1,0,0,price_enforcer,3
53,53,Jayden Daniels,QB,2,Coby,Coby,Jason,Jason,10.31111111111111,10.31111111111111,6,9.31111111111111,True,True,False,61.78,51.47,3,2,2,price_enforcer,3
54,54,Mike Washington Jr.,RB,7,Sam,Sam,Evan,Evan,10.834883888888891,10.834883888888891,7,10.207446944444447,True,True,False,44.38,33.55,4,3,3,balanced,3
55,55,Jake Ferguson,TE,2,Travis,Travis,CJ,CJ,10.164011000000004,10.164011000000004,7,9.367540000000002,True,True,False,41.81,31.65,3,2,2,balanced,3
56,56,Tyler Allgeier,RB,6,Jason,Jason,Jason,Jason,9.327507777777777,9.327507777777777,6,9.121150277777778,True,True,False,51.47,42.14,2,1,1,price_enforcer,3
57,57,CJ Stroud,QB,2,Brandon,Brandon,James,James,8.351177777777778,8.351177777777778,6,7.351177777777777,True,True,False,50.87,42.52,1,0,0,price_enforcer,3
58,58,Dylan Sampson,RB,7,Shane,Shane,Evan,Evan,7.668333333333333,7.668333333333333,6,6.668333333333333,True,True,False,33.55,25.88,3,2,2,balanced,3
59,59,Makai Lemon,WR,6,CJ,CJ,Jason,Jason,7.538377777777778,7.538377777777778,5,6.875083333333333,True,True,False,42.14,34.6,1,0,0,price_enforcer,3
60,60,Ricky Pearsall,WR,6,Evan,Evan,CJ,CJ,7.156995777777778,7.156995777777778,4,6.156995777777778,True,True,False,31.65,24.49,2,1,1,balanced,3
61,61,Jajuan Jennings,WR,6,Reid,Reid,Evan,Evan,6.130109333333333,6.130109333333333,5,5.8008646666666674,True,True,False,25.88,19.75,2,1,1,balanced,3
62,62,Isiah Pacheco,RB,7,Ryan J,Ryan J,CJ,CJ,5.234180555555556,5.234180555555556,5,4.234180555555556,True,True,False,24.49,19.26,1,0,0,balanced,3
63,63,Alvin Kamara,RB,7,Coby,Coby,Coby,Coby,4.2555555555555555,4.2555555555555555,3,3.2555555555555555,True,True,False,8.58,4.32,5,4,4,value_purist,3
64,64,Stefon Diggs,WR,5,Sam,Sam,Evan,Evan,4.0,4.0,5,3.0,True,True,False,19.75,15.75,1,0,0,balanced,3
65,65,Dalton Schultz,TE,3,Travis,Travis,Travis,Travis,2.5759999999999996,2.5759999999999996,2,1.6177777777777778,True,True,False,12.0,9.42,8,7,7,anchor,3
66,66,Xavier Worthy,WR,7,Brandon,Brandon,Reid,Reid,2.3200000000000003,2.3200000000000003,3,1.3200000000000003,True,True,False,10.0,7.68,8,7,7,positional_extremist_wr,3
67,67,George Kittle,TE,1,Shane,Shane,Travis,Travis,1.7427000000000001,1.7427000000000001,4,1.3200000000000003,True,True,False,9.42,7.68,7,6,6,anchor,3
68,68,Tyrone Tracy Jr,RB,8,Reid,Reid,Reid,Reid,1.6799999999999997,1.6799999999999997,3,1.3200000000000003,True,True,False,7.68,6.0,7,6,6,positional_extremist_wr,3
69,69,KC Concepcion,WR,6,Ryan J,Ryan J,Travis,Travis,1.408,1.408,4,1.3200000000000003,True,True,False,7.68,6.27,6,5,5,anchor,3
70,70,Dak Prescott,QB,2,Coby,Coby,Brandon,Brandon,1.5816666666666668,1.5816666666666668,2,1.0,True,True,False,12.22,10.64,7,6,6,stars_and_scrubs,3
71,71,Braelon Allen,RB,8,Sam,Sam,Brandon,Brandon,1.5744444444444443,1.5744444444444443,2,1.0,True,True,False,10.64,9.07,6,5,5,stars_and_scrubs,3
72,72,Dallas Goedert,TE,2,Travis,Travis,Coby,Coby,1.3200000000000003,1.3200000000000003,3,1.2055555555555555,True,True,False,4.32,3.0,4,3,3,value_purist,3
73,73,Justin Herbert,QB,2,Brandon,Brandon,Ryan J,Ryan J,1.56,1.56,2,1.0,True,True,False,11.79,10.23,7,6,6,stars_and_scrubs,3
74,74,Jayden Higgins,WR,7,Shane,Shane,Brandon,Brandon,1.1944444444444444,1.1944444444444444,2,1.0,True,True,False,9.07,7.88,5,4,4,stars_and_scrubs,3
75,75,Jonah Coleman,RB,8,Reid,Reid,Brandon,Brandon,1.1888888888888889,1.1888888888888889,2,1.0,True,True,False,7.88,6.69,4,3,3,stars_and_scrubs,3
76,76,Ray Davis,RB,9,Ryan J,Ryan J,Brandon,Brandon,1.1833333333333333,1.1833333333333333,2,1.0,True,True,False,6.69,5.51,3,2,2,stars_and_scrubs,3
77,77,Isaiah Likely,TE,2,Coby,Coby,Brandon,Brandon,1.1777777777777778,1.1777777777777778,2,1.0,True,True,False,5.51,4.33,2,1,1,stars_and_scrubs,3
78,78,AD Mitchell,WR,7,Sam,Sam,Brandon,Brandon,1.1722222222222223,1.1722222222222223,2,1.0,True,True,False,4.33,3.16,1,0,0,stars_and_scrubs,3
79,79,Justice Hill,RB,10,Travis,Travis,Ryan J,Ryan J,1.5166666666666668,1.5166666666666668,2,1.0,True,True,False,10.23,8.71,6,5,5,stars_and_scrubs,3
80,80,Rashid Shaheed,WR,7,Shane,Shane,Ryan J,Ryan J,1.5094444444444446,1.5094444444444446,2,1.0,True,True,False,8.71,7.2,5,4,4,stars_and_scrubs,3
81,81,Emmett Johnson,RB,9,Reid,Reid,Ryan J,Ryan J,1.1555555555555557,1.1555555555555557,2,1.0,True,True,False,7.2,6.04,4,3,3,stars_and_scrubs,3
82,82,Kimani Vidal,RB,9,Ryan J,Ryan J,Ryan J,Ryan J,1.4949999999999999,1.4949999999999999,2,1.3224999999999998,True,True,False,6.04,4.54,3,2,2,stars_and_scrubs,3
83,83,James Conner,RB,10,Coby,Coby,Ryan J,Ryan J,1.1444444444444444,1.1444444444444444,2,1.0,True,True,False,4.54,3.4,2,1,1,stars_and_scrubs,3
84,84,Brenton Strange,TE,3,Sam,Sam,Ryan J,Ryan J,1.1388888888888888,1.1388888888888888,2,1.0,True,True,False,3.4,2.26,1,0,0,stars_and_scrubs,3
85,85,Rashod Bateman,WR,9,Travis,Travis,Travis,Travis,1.0,1.0,1,0.0,True,False,False,6.27,5.27,5,4,4,anchor,3
86,86,Juwan Johnson,TE,3,Shane,Shane,Travis,Travis,1.1277777777777778,1.1277777777777778,2,1.0,True,True,False,5.27,4.14,4,3,3,anchor,3
87,87,Cooper Kupp,WR,8,Reid,Reid,Travis,Travis,1.1222222222222222,1.1222222222222222,2,1.0,True,True,False,4.14,3.02,3,2,2,anchor,3
88,88,Keenan Allen,WR,8,Coby,Coby,Travis,Travis,1.1166666666666667,1.1166666666666667,2,1.0,True,True,False,3.02,1.9,2,1,1,anchor,3
89,89,Chig Okonkwo,TE,3,Sam,Sam,Travis,Travis,1.2777777777777777,1.2777777777777777,2,1.0,True,True,False,1.9,0.62,1,0,0,anchor,3
90,90,Keon Coleman,WR,8,Shane,Shane,Shane,Shane,1.0,1.0,1,0.0,True,False,False,3.0,2.0,3,2,2,value_purist,3
91,91,Trey Benson,RB,10,Reid,Reid,Reid,Reid,1.0,1.0,1,0.0,True,False,False,6.0,5.0,6,5,5,positional_extremist_wr,3
92,92,LeQuint Allen Jr.,RB,12,Coby,Coby,Coby,Coby,1.0,1.0,1,0.0,True,False,False,3.0,2.0,3,2,2,value_purist,3
93,93,Jared Goff,QB,3,Sam,Sam,Sam,Sam,1.0,1.0,1,0.0,True,False,False,7.0,6.0,7,6,6,stars_and_scrubs,3
94,94,Samaje Perine,RB,9,Shane,Shane,Shane,Shane,1.0,1.0,1,0.0,True,False,False,2.0,1.0,2,1,1,value_purist,3
95,95,Baker Mayfield,QB,3,Reid,Reid,Reid,Reid,1.0,1.0,1,0.0,True,False,False,5.0,4.0,5,4,4,positional_extremist_wr,3
96,96,Jordyn Tyson,WR,9,Coby,Coby,Coby,Coby,1.0,1.0,1,0.0,True,False,False,2.0,1.0,2,1,1,value_purist,3
97,97,Chris Rodriguez Jr,RB,10,Sam,Sam,Sam,Sam,1.0,1.0,1,0.0,True,False,False,6.0,5.0,6,5,5,stars_and_scrubs,3
98,98,Cedric Tillman,WR,10,Shane,Shane,Shane,Shane,1.0,1.0,1,0.0,True,False,False,1.0,0.0,1,0,0,value_purist,3
99,99,Christian Kirk,WR,9,Reid,Reid,Reid,Reid,1.0,1.0,1,0.0,True,False,False,4.0,3.0,4,3,3,positional_extremist_wr,3
100,100,Jordan Love,QB,3,Coby,Coby,Coby,Coby,1.0,1.0,1,0.0,True,False,False,1.0,0.0,1,0,0,value_purist,3
101,101,Adonai Mitchell,WR,8,Sam,Sam,Sam,Sam,1.0,1.0,1,0.0,True,False,False,5.0,4.0,5,4,4,stars_and_scrubs,3
102,102,Tyler Shough,QB,4,Reid,Reid,Reid,Reid,1.0,1.0,1,0.0,True,False,False,3.0,2.0,3,2,2,positional_extremist_wr,3
103,103,DJ Giddens,RB,14,Sam,Sam,Sam,Sam,1.0,1.0,1,0.0,True,False,False,4.0,3.0,4,3,3,stars_and_scrubs,3
104,104,Kendre Miller,RB,13,Reid,Reid,Reid,Reid,1.0,1.0,1,0.0,True,False,False,2.0,1.0,2,1,1,positional_extremist_wr,3
105,105,Patrick Mahomes,QB,3,Sam,Sam,Sam,Sam,1.0,1.0,1,0.0,True,False,False,3.0,2.0,3,2,2,stars_and_scrubs,3
106,106,Bo Nix,QB,4,Reid,Reid,Reid,Reid,1.0,1.0,1,0.0,True,False,False,1.0,0.0,1,0,0,positional_extremist_wr,3
107,107,Kyler Murray,QB,4,Sam,Sam,Sam,Sam,1.0,1.0,1,0.0,True,False,False,2.0,1.0,2,1,1,stars_and_scrubs,3
108,108,Jalen Nailor,WR,10,Sam,Sam,Sam,Sam,1.0,1.0,1,0.0,True,False,False,1.0,0.0,1,0,0,stars_and_scrubs,3
1,1,Tee Higgins,WR,1,Brad,Brad,James,James,240.0,240.0,12,239.0,True,True,False,297.0,57.0,9,8,8,emotional,4
2,2,Jeremiyah Love,RB,1,Coby,Coby,Travis,Travis,253.0,253.0,12,252.0,True,True,False,264.0,11.0,9,8,8,anchor,4
3,3,Rachaad White,RB,4,Ryan J,Ryan J,Brad,Brad,234.36111111111114,234.36111111111114,11,234.0,True,True,False,281.0,46.64,9,8,8,tier_controller,4
4,4,Deebo Samuel,WR,2,Shane,Shane,Jason,Jason,190.0,190.0,11,189.0,True,True,False,209.0,19.0,9,8,8,emotional,4
5,5,Bucky Irving,RB,1,Jason,Jason,Reid,Reid,249.0,249.0,11,248.0,True,True,False,260.0,11.0,9,8,8,stars_and_scrubs,4
6,6,Tony Pollard,RB,2,James,James,Ryan J,Ryan J,177.0,177.0,10,176.0,True,True,False,257.0,80.0,9,8,8,positional_extremist_rb,4
7,7,Bhayshul Tuten,RB,1,Reid,Reid,Evan,Evan,176.0,176.0,11,175.81,True,True,False,184.0,8.0,9,8,8,emotional,4
8,8,Josh Jacobs,RB,1,Sam,Sam,Brandon,Brandon,145.65866666666668,145.65866666666668,9,144.65866666666668,True,True,False,184.0,38.34,9,8,8,emotional,4
9,9,Carnell Tate,WR,3,Brandon,Brandon,Sam,Sam,67.88470616878176,67.88470616878176,8,66.88470616878176,True,True,False,223.0,155.12,9,8,8,positional_extremist_wr,4
10,10,Jacory Croskey-Merritt,RB,4,Evan,Evan,Coby,Coby,75.52600992778157,75.52600992778157,10,74.52600992778157,True,True,False,274.0,198.47,9,8,8,positional_extremist_rb,4
11,11,James Cook,RB,2,CJ,CJ,Coby,Coby,85.0423544672989,85.0423544672989,9,84.0423544672989,True,True,False,198.47,113.43,8,7,7,positional_extremist_rb,4
12,12,Jordan Mason,RB,3,Travis,Travis,Ryan J,Ryan J,72.61373333333333,72.61373333333333,10,71.61373333333333,True,True,False,80.0,7.39,8,7,7,positional_extremist_rb,4
13,13,Bill Croskey-Merritt,RB,4,Brad,Brad,Sam,Sam,57.30775466666667,57.30775466666667,8,56.30775466666667,True,True,False,155.12,97.81,8,7,7,positional_extremist_wr,4
14,14,RJ Harvey,RB,3,Coby,Coby,Shane,Shane,57.46666666666666,57.46666666666666,8,56.46666666666666,True,True,False,324.0,266.53,9,8,8,value_purist,4
15,15,DeVonta Smith,WR,1,Ryan J,Ryan J,Sam,Sam,57.26133333333333,57.26133333333333,9,56.26133333333333,True,True,False,97.81,40.55,7,6,6,positional_extremist_wr,4
16,16,Jaylen Warren,RB,2,Shane,Shane,Shane,Shane,57.056,57.056,7,56.056,True,True,False,266.53,209.47,8,7,7,value_purist,4
17,17,Jaylen Waddle,WR,1,Jason,Jason,Shane,Shane,56.85066666666667,56.85066666666667,8,55.85066666666667,True,True,False,209.47,152.62,7,6,6,value_purist,4
18,18,DJ Moore,WR,2,James,James,CJ,CJ,55.64533333333333,55.64533333333333,8,54.0,True,True,False,264.0,208.35,9,8,8,price_enforcer,4
19,19,Jonathon Brooks,RB,2,Reid,Reid,Shane,Shane,51.0,51.0,8,50.0,True,True,False,152.62,101.62,6,5,5,value_purist,4
20,20,Nick Chubb,RB,5,Sam,Sam,CJ,CJ,35.84342755555556,35.84342755555556,8,34.84342755555556,True,True,False,208.35,172.51,8,7,7,price_enforcer,4
21,21,JK Dobbins,RB,5,Brandon,Brandon,CJ,CJ,29.799231821377028,29.799231821377028,6,28.799231821377028,True,True,False,172.51,142.71,7,6,6,price_enforcer,4
22,22,Khalil Shakir,WR,5,Evan,Evan,Coby,Coby,28.292,28.292,8,27.292,True,True,False,113.43,85.14,7,6,6,positional_extremist_rb,4
23,23,Rashee Rice,WR,1,CJ,CJ,Shane,Shane,51.0,51.0,8,50.0,True,True,False,101.62,50.62,5,4,4,value_purist,4
24,24,Kenny Gainwell,RB,3,Travis,Travis,James,James,49.5345,49.5345,8,44.5345,True,True,False,57.0,7.47,8,7,7,emotional,4
25,25,Chuba Hubbard,RB,3,Brad,Brad,Shane,Shane,32.34,32.34,6,31.340000000000003,True,True,False,50.62,18.28,4,3,3,value_purist,4
26,26,Aaron Jones Sr,RB,4,Coby,Coby,Brandon,Brandon,31.340000000000003,31.340000000000003,6,28.0,True,True,False,38.34,7.0,8,7,7,emotional,4
27,27,Courtland Sutton,WR,4,Ryan J,Ryan J,Coby,Coby,30.08112666666667,30.08112666666667,7,29.08112666666667,True,True,False,85.14,55.06,6,5,5,positional_extremist_rb,4
28,28,Keaton Mitchell,RB,6,Shane,Shane,CJ,CJ,18.312768000000002,18.312768000000002,6,17.312768000000002,True,True,False,142.71,124.4,6,5,5,price_enforcer,4
29,29,Tyler Allgeier,RB,6,Jason,Jason,CJ,CJ,17.857222222222223,17.857222222222223,6,16.857222222222223,True,True,False,124.4,106.54,5,4,4,price_enforcer,4
30,30,Mike Evans,WR,3,James,James,CJ,CJ,17.0,17.0,7,16.0,True,True,False,106.54,89.54,4,3,3,price_enforcer,4
31,31,Jalen Hurts,QB,1,Reid,Reid,Coby,Coby,18.967693333333337,18.967693333333337,5,17.967693333333337,True,True,False,55.06,36.09,5,4,4,positional_extremist_rb,4
32,32,Terry McLaurin,WR,2,Sam,Sam,CJ,CJ,17.0,17.0,6,16.0,True,True,False,89.54,72.54,3,2,2,price_enforcer,4
33,33,Mark Andrews,TE,1,Brandon,Brandon,Sam,Sam,17.681600000000003,17.681600000000003,7,16.681600000000003,True,True,False,40.55,22.87,6,5,5,positional_extremist_wr,4
34,34,Davante Adams,WR,2,Evan,Evan,Shane,Shane,15.0,15.0,7,14.0,True,True,False,18.28,3.28,3,2,2,value_purist,4
35,35,Josh Allen,QB,1,CJ,CJ,CJ,CJ,12.0,12.0,4,11.0,True,True,False,72.54,60.54,2,1,1,price_enforcer,4
36,36,TJ Hockenson,TE,1,Travis,Travis,Coby,Coby,12.0,12.0,5,11.0,True,True,False,36.09,24.09,4,3,3,positional_extremist_rb,4
37,37,DK Metcalf,WR,3,Brad,Brad,Brad,Brad,12.0,12.0,5,11.0,True,True,False,46.64,34.64,8,7,7,tier_controller,4
38,38,Chris Godwin Jr,WR,3,Coby,Coby,Jason,Jason,12.0,12.0,5,11.818753333333333,True,True,False,19.0,7.0,8,7,7,emotional,4
39,39,Josh Downs,WR,4,Ryan J,Ryan J,CJ,CJ,9.258611111111112,9.258611111111112,5,8.258611111111112,True,True,False,60.54,51.28,1,0,0,price_enforcer,4
40,40,Joe Burrow,QB,1,Shane,Shane,Brad,Brad,4.33245,4.33245,3,3.33245,True,True,False,34.64,30.31,7,6,6,tier_controller,4
41,41,Jajuan Jennings,WR,6,Jason,Jason,Coby,Coby,10.786966666666668,10.786966666666668,4,10.690673777777778,True,True,False,24.09,13.3,3,2,2,positional_extremist_rb,4
42,42,Dak Prescott,QB,2,James,James,Brad,Brad,4.138272222222223,4.138272222222223,3,3.1382722222222226,True,True,False,30.31,26.17,6,5,5,tier_controller,4
43,43,Zach Charbonnet,RB,5,Reid,Reid,Brad,Brad,5.0,5.0,3,4.0,True,True,False,26.17,21.17,5,4,4,tier_controller,4
44,44,Brian Robinson Jr,RB,6,Sam,Sam,Coby,Coby,4.706722222222223,4.706722222222223,3,4.0,True,True,False,13.3,8.59,2,1,1,positional_extremist_rb,4
45,45,Austin Ekeler,RB,6,Brandon,Brandon,Brad,Brad,4.0,4.0,3,3.0,True,True,False,21.17,17.17,4,3,3,tier_controller,4
46,46,Lamar Jackson,QB,1,Evan,Evan,Brad,Brad,3.469960000000001,3.469960000000001,3,2.469960000000001,True,True,False,17.17,13.7,3,2,2,tier_controller,4
47,47,Michael Pittman Jr,WR,4,Travis,Travis,Sam,Sam,4.0,4.0,4,3.0,True,True,False,22.87,18.87,5,4,4,positional_extremist_wr,4
48,48,Matthew Golden,WR,4,Brad,Brad,Sam,Sam,4.737843055555555,4.737843055555555,3,3.737843055555555,True,True,False,18.87,14.13,4,3,3,positional_extremist_wr,4
49,49,Travis Kelce,TE,1,Coby,Coby,Sam,Sam,6.123000000000001,6.123000000000001,3,4.0,True,True,False,14.13,8.01,3,2,2,positional_extremist_wr,4
50,50,Tyson Bagent,QB,9,Ryan J,Ryan J,Ryan J,Ryan J,1.0,1.0,1,0.0,True,False,False,7.39,6.39,7,6,6,positional_extremist_rb,4
51,51,Jacoby Brissett,QB,10,Shane,Shane,Shane,Shane,1.0,1.0,1,0.0,True,False,False,3.28,2.28,2,1,1,value_purist,4
52,52,Geno Smith,QB,11,Jason,Jason,Jason,Jason,1.0,1.0,1,0.0,True,False,False,7.0,6.0,7,6,6,emotional,4
53,53,Dylan Sampson,RB,7,James,James,Brad,Brad,4.0,4.0,3,3.0,True,True,False,13.7,9.7,2,1,1,tier_controller,4
54,54,Romeo Doubs,WR,5,Reid,Reid,Coby,Coby,3.644784722222222,3.644784722222222,4,3.3986875000000003,True,True,False,8.59,4.95,1,0,0,positional_extremist_rb,4
55,55,Travis Etienne,RB,5,Sam,Sam,Reid,Reid,4.0,4.0,3,2.0,True,True,False,11.0,7.0,8,7,7,stars_and_scrubs,4
56,56,Mike Washington Jr.,RB,7,Brandon,Brandon,Brad,Brad,3.214364444444444,3.214364444444444,4,2.4562083333333327,True,True,False,9.7,6.49,1,0,0,tier_controller,4
57,57,Stefon Diggs,WR,5,Evan,Evan,Sam,Sam,2.4699999999999998,2.4699999999999998,3,1.4699999999999998,True,True,False,8.01,5.54,2,1,1,positional_extremist_wr,4
58,58,Isiah Pacheco,RB,7,Travis,Travis,Shane,Shane,2.28,2.28,4,1.8485133333333332,True,True,False,2.28,0.0,1,0,0,value_purist,4
59,59,Jake Ferguson,TE,2,Ryan J,Ryan J,Travis,Travis,2.4245833333333326,2.4245833333333326,3,1.4699999999999998,True,True,False,11.0,8.58,8,7,7,anchor,4
60,60,Jakobi Meyers,WR,5,Jason,Jason,Sam,Sam,1.832508888888889,1.832508888888889,3,1.4699999999999998,True,True,False,5.54,3.71,1,0,0,positional_extremist_wr,4
61,61,Tank Bigsby,RB,8,James,James,Travis,Travis,1.8747299999999998,1.8747299999999998,3,1.3899999999999997,True,True,False,8.58,6.71,7,6,6,anchor,4
62,62,Ricky Pearsall,WR,6,Reid,Reid,James,James,1.4699999999999998,1.4699999999999998,2,1.0,True,True,False,7.47,6.0,7,6,6,emotional,4
63,63,Makai Lemon,WR,6,Brandon,Brandon,Ryan J,Ryan J,1.3899999999999997,1.3899999999999997,2,1.0,True,True,False,6.39,5.0,6,5,5,positional_extremist_rb,4
64,64,Jayden Daniels,QB,2,Evan,Evan,Travis,Travis,1.258125,1.258125,2,1.0,True,True,False,6.71,5.45,6,5,5,anchor,4
65,65,Justin Herbert,QB,2,Travis,Travis,Travis,Travis,1.0,1.0,1,0.0,True,False,False,5.45,4.45,5,4,4,anchor,4
66,66,Braelon Allen,RB,8,Ryan J,Ryan J,Travis,Travis,1.4247222222222222,1.4247222222222222,2,1.0,True,True,False,4.45,3.03,4,3,3,anchor,4
67,67,CJ Stroud,QB,2,Jason,Jason,Travis,Travis,1.0299999999999998,1.0299999999999998,2,1.0,True,True,False,3.03,2.0,3,2,2,anchor,4
68,68,AD Mitchell,WR,7,James,James,James,James,1.0,1.0,1,0.0,True,False,False,6.0,5.0,6,5,5,emotional,4
69,69,Dalton Kincaid,TE,2,Reid,Reid,Reid,Reid,1.0,1.0,1,0.0,True,False,False,7.0,6.0,7,6,6,stars_and_scrubs,4
70,70,Xavier Worthy,WR,7,Brandon,Brandon,Brandon,Brandon,1.0,1.0,1,0.0,True,False,False,7.0,6.0,7,6,6,emotional,4
71,71,KC Concepcion,WR,6,Evan,Evan,Evan,Evan,1.0,1.0,1,0.0,True,False,False,8.0,7.0,8,7,7,emotional,4
72,72,Jayden Higgins,WR,7,Travis,Travis,Travis,Travis,1.0,1.0,1,0.0,True,False,False,2.0,1.0,2,1,1,anchor,4
73,73,Alvin Kamara,RB,7,Ryan J,Ryan J,Ryan J,Ryan J,1.0,1.0,1,0.0,True,False,False,5.0,4.0,5,4,4,positional_extremist_rb,4
74,74,Anthony Richardson Sr.,QB,8,Jason,Jason,Jason,Jason,1.0,1.0,1,0.0,True,False,False,6.0,5.0,6,5,5,emotional,4
75,75,Jordan Love,QB,3,James,James,James,James,1.0,1.0,1,0.0,True,False,False,5.0,4.0,5,4,4,emotional,4
76,76,Jonah Coleman,RB,8,Reid,Reid,Reid,Reid,1.0,1.0,1,0.0,True,False,False,6.0,5.0,6,5,5,stars_and_scrubs,4
77,77,George Kittle,TE,1,Brandon,Brandon,Brandon,Brandon,1.0,1.0,1,0.0,True,False,False,6.0,5.0,6,5,5,emotional,4
78,78,Rashid Shaheed,WR,7,Evan,Evan,Evan,Evan,1.0,1.0,1,0.0,True,False,False,7.0,6.0,7,6,6,emotional,4
79,79,Kimani Vidal,RB,9,Travis,Travis,Travis,Travis,1.0,1.0,1,0.0,True,False,False,1.0,0.0,1,0,0,anchor,4
80,80,Chig Okonkwo,TE,3,Ryan J,Ryan J,Ryan J,Ryan J,1.0,1.0,1,0.0,True,False,False,4.0,3.0,4,3,3,positional_extremist_rb,4
81,81,Dallas Goedert,TE,2,Jason,Jason,Jason,Jason,1.0,1.0,1,0.0,True,False,False,5.0,4.0,5,4,4,emotional,4
82,82,Ray Davis,RB,9,James,James,James,James,1.0,1.0,1,0.0,True,False,False,4.0,3.0,4,3,3,emotional,4
83,83,Isaiah Likely,TE,2,Reid,Reid,Reid,Reid,1.0,1.0,1,0.0,True,False,False,5.0,4.0,5,4,4,stars_and_scrubs,4
84,84,Tyrone Tracy Jr,RB,8,Brandon,Brandon,Brandon,Brandon,1.0,1.0,1,0.0,True,False,False,5.0,4.0,5,4,4,emotional,4
85,85,Samaje Perine,RB,9,Evan,Evan,Evan,Evan,1.0,1.0,1,0.0,True,False,False,6.0,5.0,6,5,5,emotional,4
86,86,Dalton Schultz,TE,3,Ryan J,Ryan J,Ryan J,Ryan J,1.0,1.0,1,0.0,True,False,False,3.0,2.0,3,2,2,positional_extremist_rb,4
87,87,Michael Penix Jr.,QB,10,Jason,Jason,Jason,Jason,1.0,1.0,1,0.0,True,False,False,4.0,3.0,4,3,3,emotional,4
88,88,Cooper Kupp,WR,8,James,James,James,James,1.0,1.0,1,0.0,True,False,False,3.0,2.0,3,2,2,emotional,4
89,89,Adonai Mitchell,WR,8,Reid,Reid,Reid,Reid,1.0,1.0,1,0.0,True,False,False,4.0,3.0,4,3,3,stars_and_scrubs,4
90,90,Emmett Johnson,RB,9,Brandon,Brandon,Brandon,Brandon,1.0,1.0,1,0.0,True,False,False,4.0,3.0,4,3,3,emotional,4
91,91,Christian Kirk,WR,9,Evan,Evan,Evan,Evan,1.0,1.0,1,0.0,True,False,False,5.0,4.0,5,4,4,emotional,4
92,92,Juwan Johnson,TE,3,Ryan J,Ryan J,Ryan J,Ryan J,1.0,1.0,1,0.0,True,False,False,2.0,1.0,2,1,1,positional_extremist_rb,4
93,93,Justice Hill,RB,10,Jason,Jason,Jason,Jason,1.0,1.0,1,0.0,True,False,False,3.0,2.0,3,2,2,emotional,4
94,94,Baker Mayfield,QB,3,James,James,James,James,1.0,1.0,1,0.0,True,False,False,2.0,1.0,2,1,1,emotional,4
95,95,Brenton Strange,TE,3,Reid,Reid,Reid,Reid,1.0,1.0,1,0.0,True,False,False,3.0,2.0,3,2,2,stars_and_scrubs,4
96,96,Rashod Bateman,WR,9,Brandon,Brandon,Brandon,Brandon,1.0,1.0,1,0.0,True,False,False,3.0,2.0,3,2,2,emotional,4
97,97,Keon Coleman,WR,8,Evan,Evan,Evan,Evan,1.0,1.0,1,0.0,True,False,False,4.0,3.0,4,3,3,emotional,4
98,98,Emanuel Wilson,RB,15,Ryan J,Ryan J,Ryan J,Ryan J,1.0,1.0,1,0.0,True,False,False,1.0,0.0,1,0,0,positional_extremist_rb,4
99,99,Chris Brooks,RB,11,Jason,Jason,Jason,Jason,1.0,1.0,1,0.0,True,False,False,2.0,1.0,2,1,1,emotional,4
100,100,De'Zhaun Stribling,WR,9,James,James,James,James,1.0,1.0,1,0.0,True,False,False,1.0,0.0,1,0,0,emotional,4
101,101,Patrick Mahomes,QB,3,Reid,Reid,Reid,Reid,1.0,1.0,1,0.0,True,False,False,2.0,1.0,2,1,1,stars_and_scrubs,4
102,102,Tyler Shough,QB,4,Brandon,Brandon,Brandon,Brandon,1.0,1.0,1,0.0,True,False,False,2.0,1.0,2,1,1,emotional,4
103,103,Chris Rodriguez Jr,RB,10,Evan,Evan,Evan,Evan,1.0,1.0,1,0.0,True,False,False,3.0,2.0,3,2,2,emotional,4
104,104,Cam Ward,QB,12,Jason,Jason,Jason,Jason,1.0,1.0,1,0.0,True,False,False,1.0,0.0,1,0,0,emotional,4
105,105,James Conner,RB,10,Reid,Reid,Reid,Reid,1.0,1.0,1,0.0,True,False,False,1.0,0.0,1,0,0,stars_and_scrubs,4
106,106,Jared Goff,QB,3,Brandon,Brandon,Brandon,Brandon,1.0,1.0,1,0.0,True,False,False,1.0,0.0,1,0,0,emotional,4
107,107,Kendre Miller,RB,13,Evan,Evan,Evan,Evan,1.0,1.0,1,0.0,True,False,False,2.0,1.0,2,1,1,emotional,4
108,108,Jordyn Tyson,WR,9,Evan,Evan,Evan,Evan,1.0,1.0,1,0.0,True,False,False,1.0,0.0,1,0,0,emotional,4
1,1,Rachaad White,RB,4,Shane,Shane,Travis,Travis,236.0,236.0,12,235.376,True,True,False,264.0,28.0,9,8,8,anchor,5
2,2,Bhayshul Tuten,RB,1,Reid,Reid,James,James,274.0,274.0,11,272.0,True,True,False,297.0,23.0,9,8,8,positional_extremist_rb,5
3,3,Jeremiyah Love,RB,1,Ryan J,Ryan J,CJ,CJ,250.0,250.0,11,247.0,True,True,False,264.0,14.0,9,8,8,stars_and_scrubs,5
4,4,Tee Higgins,WR,1,Coby,Coby,Ryan J,Ryan J,237.5,237.5,11,236.73666666666668,True,True,False,257.0,19.5,9,8,8,emotional,5
5,5,DJ Moore,WR,2,Jason,Jason,Sam,Sam,189.33333333333331,189.33333333333331,11,189.0,True,True,False,223.0,33.67,9,8,8,stars_and_scrubs,5
6,6,Bucky Irving,RB,1,Brandon,Brandon,Brad,Brad,176.31044444444444,176.31044444444444,11,175.31044444444444,True,True,False,281.0,104.69,9,8,8,tier_controller,5
7,7,Jaylen Warren,RB,2,Brad,Brad,Evan,Evan,94.58399999999999,94.58399999999999,11,93.58399999999999,True,True,False,184.0,89.42,9,8,8,positional_extremist_rb,5
8,8,Jaylen Waddle,WR,1,Sam,Sam,Jason,Jason,74.21683042921181,74.21683042921181,11,71.21683042921181,True,True,False,209.0,134.78,9,8,8,positional_extremist_wr,5
9,9,Kenny Gainwell,RB,3,Travis,Travis,Jason,Jason,85.42,85.42,12,84.42,True,True,False,134.78,49.36,8,7,7,positional_extremist_wr,5
10,10,Josh Jacobs,RB,1,James,James,Shane,Shane,106.42,106.42,10,105.42,True,True,False,324.0,217.58,9,8,8,value_purist,5
11,11,Tony Pollard,RB,2,CJ,CJ,Evan,Evan,74.39209955555555,74.39209955555555,11,69.39209955555555,True,True,False,89.42,15.03,8,7,7,positional_extremist_rb,5
12,12,Jordan Mason,RB,3,Evan,Evan,Reid,Reid,65.59595555555555,65.59595555555555,11,64.59595555555555,True,True,False,260.0,194.4,9,8,8,value_purist,5
13,13,James Cook,RB,2,Shane,Shane,Reid,Reid,76.81866666666667,76.81866666666667,11,75.81866666666667,True,True,False,194.4,117.58,8,7,7,value_purist,5
14,14,Bill Croskey-Merritt,RB,4,Reid,Reid,Coby,Coby,45.355555555555554,45.355555555555554,11,44.355555555555554,True,True,False,274.0,228.64,9,8,8,price_enforcer,5
15,15,Jonathon Brooks,RB,2,Ryan J,Ryan J,Reid,Reid,64.99851959184693,64.99851959184693,10,63.99851959184693,True,True,False,117.58,52.58,7,6,6,value_purist,5
16,16,JK Dobbins,RB,5,Coby,Coby,Coby,Coby,41.647637333333336,41.647637333333336,8,40.647637333333336,True,True,False,228.64,186.99,8,7,7,price_enforcer,5
17,17,Courtland Sutton,WR,4,Jason,Jason,Brad,Brad,40.498744888888886,40.498744888888886,7,39.558773333333335,True,True,False,104.69,64.19,8,7,7,tier_controller,5
18,18,Terry McLaurin,WR,2,Brandon,Brandon,Shane,Shane,44.16720786109565,44.16720786109565,10,43.16720786109565,True,True,False,217.58,173.41,8,7,7,value_purist,5
19,19,RJ Harvey,RB,3,Brad,Brad,Shane,Shane,48.0,48.0,10,47.0,True,True,False,173.41,125.41,7,6,6,value_purist,5
20,20,Deebo Samuel,WR,2,Sam,Sam,Reid,Reid,41.99817564163537,41.99817564163537,10,40.99817564163537,True,True,False,52.58,10.58,6,5,5,value_purist,5
21,21,DK Metcalf,WR,3,Travis,Travis,Coby,Coby,38.968,38.968,8,36.968,True,True,False,186.99,148.02,7,6,6,price_enforcer,5
22,22,Rashee Rice,WR,1,James,James,Shane,Shane,38.67,38.67,9,37.67,True,True,False,125.41,86.74,6,5,5,value_purist,5
23,23,Joe Flacco,QB,5,CJ,CJ,CJ,CJ,1.0,1.0,1,0.0,True,False,False,14.0,13.0,8,7,7,stars_and_scrubs,5
24,24,Aaron Jones Sr,RB,4,Evan,Evan,Shane,Shane,38.67,38.67,9,37.67,True,True,False,86.74,48.07,5,4,4,value_purist,5
25,25,Cam Ward,QB,12,Shane,Shane,Shane,Shane,1.0,1.0,1,0.0,True,False,False,48.07,47.07,4,3,3,value_purist,5
26,26,DeVonta Smith,WR,1,Reid,Reid,Shane,Shane,41.27831333333334,41.27831333333334,10,36.27831333333334,True,True,False,47.07,5.79,3,2,2,value_purist,5
27,27,Josh Allen,QB,1,Ryan J,Ryan J,Brandon,Brandon,31.163186666666668,31.163186666666668,8,30.163186666666668,True,True,False,184.0,152.84,9,8,8,price_enforcer,5
28,28,Nick Chubb,RB,5,Coby,Coby,Brandon,Brandon,31.0035,31.0035,7,30.0035,True,True,False,152.84,121.84,8,7,7,price_enforcer,5
29,29,Joe Burrow,QB,1,Jason,Jason,Coby,Coby,24.439447673567134,24.439447673567134,8,24.15705809712612,True,True,False,148.02,123.58,6,5,5,price_enforcer,5
30,30,TJ Hockenson,TE,1,Brandon,Brandon,Sam,Sam,26.62289,26.62289,8,22.62289,True,True,False,33.67,7.05,8,7,7,stars_and_scrubs,5
31,31,Jacory Croskey-Merritt,RB,4,Brad,Brad,Coby,Coby,24.79838666666667,24.79838666666667,8,24.449226666666668,True,True,False,123.58,98.78,5,4,4,price_enforcer,5
32,32,Justin Fields,QB,8,Sam,Sam,Sam,Sam,1.0,1.0,1,0.0,True,False,False,7.05,6.05,7,6,6,stars_and_scrubs,5
33,33,Davante Adams,WR,2,Travis,Travis,Brandon,Brandon,20.0,20.0,8,19.0,True,True,False,121.84,101.84,7,6,6,price_enforcer,5
34,34,Mike Evans,WR,3,James,James,Brandon,Brandon,20.0,20.0,7,19.0,True,True,False,101.84,81.84,6,5,5,price_enforcer,5
35,35,Chuba Hubbard,RB,3,CJ,CJ,Coby,Coby,16.492675555555557,16.492675555555557,6,15.492675555555557,True,True,False,98.78,82.29,4,3,3,price_enforcer,5
36,36,Tyler Allgeier,RB,6,Evan,Evan,Brad,Brad,17.192843333333336,17.192843333333336,6,16.192843333333336,True,True,False,64.19,47.0,7,6,6,tier_controller,5
37,37,Romeo Doubs,WR,5,Shane,Shane,Jason,Jason,17.0,17.0,5,16.0,True,True,False,49.36,32.36,7,6,6,positional_extremist_wr,5
38,38,Zach Charbonnet,RB,5,Reid,Reid,Coby,Coby,16.064836666666668,16.064836666666668,8,15.976986666666667,True,True,False,82.29,66.23,3,2,2,price_enforcer,5
39,39,Jalen Hurts,QB,1,Ryan J,Ryan J,Brad,Brad,16.711111111111112,16.711111111111112,8,15.878055555555557,True,True,False,47.0,30.29,6,5,5,tier_controller,5
40,40,Carnell Tate,WR,3,Coby,Coby,Brandon,Brandon,13.826543333333335,13.826543333333335,7,12.826543333333335,True,True,False,81.84,68.01,5,4,4,price_enforcer,5
41,41,Chris Godwin Jr,WR,3,Jason,Jason,James,James,13.775031111111113,13.775031111111113,8,12.775031111111113,True,True,False,23.0,9.22,8,7,7,positional_extremist_rb,5
42,42,Matthew Golden,WR,4,Brandon,Brandon,Brandon,Brandon,13.065476666666669,13.065476666666669,7,12.627833333333333,True,True,False,68.01,54.94,4,3,3,price_enforcer,5
43,43,Keaton Mitchell,RB,6,Brad,Brad,Coby,Coby,11.597461333333333,11.597461333333333,8,10.597461333333333,True,True,False,66.23,54.63,2,1,1,price_enforcer,5
44,44,Mark Andrews,TE,1,Sam,Sam,Brad,Brad,10.554382222222223,10.554382222222223,8,9.574166666666667,True,True,False,30.29,19.74,5,4,4,tier_controller,5
45,45,Khalil Shakir,WR,5,Travis,Travis,Brandon,Brandon,10.426391111111112,10.426391111111112,7,10.367560000000001,True,True,False,54.94,44.51,3,2,2,price_enforcer,5
46,46,Travis Etienne,RB,5,James,James,Ryan J,Ryan J,12.5,12.5,8,10.325070000000002,True,True,False,19.5,7.0,8,7,7,emotional,5
47,47,Josh Downs,WR,4,CJ,CJ,Coby,Coby,9.377771111111112,9.377771111111112,6,8.377771111111112,True,True,False,54.63,45.25,1,0,0,price_enforcer,5
48,48,Ricky Pearsall,WR,6,Evan,Evan,Brandon,Brandon,7.765994666666667,7.765994666666667,6,6.765994666666667,True,True,False,44.51,36.74,2,1,1,price_enforcer,5
49,49,Travis Kelce,TE,1,Shane,Shane,Brandon,Brandon,6.858133333333335,6.858133333333335,5,6.73792,True,True,False,36.74,29.88,1,0,0,price_enforcer,5
50,50,Austin Ekeler,RB,6,Reid,Reid,Reid,Reid,6.576666666666667,6.576666666666667,7,5.576666666666667,True,True,False,10.58,4.0,5,4,4,value_purist,5
51,51,Lamar Jackson,QB,1,Ryan J,Ryan J,Jason,Jason,6.553333333333334,6.553333333333334,6,5.553333333333334,True,True,False,32.36,25.81,6,5,5,positional_extremist_wr,5
52,52,Dylan Sampson,RB,7,Jason,Jason,Brad,Brad,6.653696,6.653696,6,6.4315875,True,True,False,19.74,13.09,4,3,3,tier_controller,5
53,53,Jakobi Meyers,WR,5,Brad,Brad,Jason,Jason,5.57648,5.57648,6,4.57648,True,True,False,25.81,20.23,5,4,4,positional_extremist_wr,5
54,54,Michael Pittman Jr,WR,4,Sam,Sam,Jason,Jason,6.0,6.0,5,5.0,True,True,False,20.23,14.23,4,3,3,positional_extremist_wr,5
55,55,Brian Robinson Jr,RB,6,Travis,Travis,Travis,Travis,5.460000000000001,5.460000000000001,6,4.79,True,True,False,28.0,22.54,8,7,7,anchor,5
56,56,Stefon Diggs,WR,5,James,James,Shane,Shane,4.79,4.79,4,4.0,True,True,False,5.79,1.0,2,1,1,value_purist,5
57,57,Jake Ferguson,TE,2,CJ,CJ,Evan,Evan,6.2959,6.2959,5,5.0113933333333325,True,True,False,15.03,8.73,7,6,6,positional_extremist_rb,5
58,58,Makai Lemon,WR,6,Evan,Evan,Travis,Travis,3.0,3.0,3,2.0,True,True,False,22.54,19.54,7,6,6,anchor,5
59,59,Braelon Allen,RB,8,Shane,Shane,Jason,Jason,5.306941666666666,5.306941666666666,6,4.306941666666666,True,True,False,14.23,8.92,3,2,2,positional_extremist_wr,5
60,60,George Kittle,TE,1,Reid,Reid,Travis,Travis,3.7288833333333327,3.7288833333333327,4,2.9505377777777775,True,True,False,19.54,15.81,6,5,5,anchor,5
61,61,CJ Stroud,QB,2,Ryan J,Ryan J,Travis,Travis,3.0039000000000002,3.0039000000000002,4,2.8750800000000005,True,True,False,15.81,12.81,5,4,4,anchor,5
62,62,Alvin Kamara,RB,7,Jason,Jason,James,James,3.023135555555556,3.023135555555556,4,2.8624700000000005,True,True,False,9.22,6.2,7,6,6,positional_extremist_rb,5
63,63,KC Concepcion,WR,6,Brad,Brad,Jason,Jason,2.9118844444444445,2.9118844444444445,4,2.6296355555555553,True,True,False,8.92,6.01,2,1,1,positional_extremist_wr,5
64,64,Dak Prescott,QB,2,Sam,Sam,Brad,Brad,4.0,4.0,3,3.0,True,True,False,13.09,9.09,3,2,2,tier_controller,5
65,65,Jayden Daniels,QB,2,Travis,Travis,Evan,Evan,2.80992,2.80992,3,1.80992,True,True,False,8.73,5.92,6,5,5,positional_extremist_rb,5
66,66,Mike Washington Jr.,RB,7,James,James,Brad,Brad,2.8829439999999997,2.8829439999999997,4,2.73760375,True,True,False,9.09,6.21,2,1,1,tier_controller,5
67,67,Isiah Pacheco,RB,7,CJ,CJ,Travis,Travis,2.36985,2.36985,5,1.9272066666666667,True,True,False,12.81,10.44,4,3,3,anchor,5
68,68,Dalton Kincaid,TE,2,Evan,Evan,Jason,Jason,2.3981569444444446,2.3981569444444446,3,1.9644444444444447,True,True,False,6.01,3.61,1,0,0,positional_extremist_wr,5
69,69,Jajuan Jennings,WR,6,Shane,Shane,Travis,Travis,2.2011,2.2011,3,1.9555555555555557,True,True,False,10.44,8.24,3,2,2,anchor,5
70,70,AD Mitchell,WR,7,Reid,Reid,Travis,Travis,1.5038,1.5038,4,1.2653333333333334,True,True,False,8.24,6.74,2,1,1,anchor,5
71,71,Jonah Coleman,RB,8,Ryan J,Ryan J,Evan,Evan,1.864142222222222,1.864142222222222,4,1.2595555555555555,True,True,False,5.92,4.06,5,4,4,positional_extremist_rb,5
72,72,Dallas Goedert,TE,2,Brad,Brad,CJ,CJ,1.2537777777777777,1.2537777777777777,2,1.0,True,True,False,13.0,11.75,7,6,6,stars_and_scrubs,5
73,73,Xavier Worthy,WR,7,Sam,Sam,Brad,Brad,1.92,1.92,2,1.0,True,True,False,6.21,4.29,1,0,0,tier_controller,5
74,74,Ray Davis,RB,9,Travis,Travis,Travis,Travis,1.2075833333333332,1.2075833333333332,3,1.2000000000000002,True,True,False,6.74,5.53,1,0,0,anchor,5
75,75,Rashid Shaheed,WR,7,James,James,CJ,CJ,1.5455555555555556,1.5455555555555556,2,1.0,True,True,False,11.75,10.2,6,5,5,stars_and_scrubs,5
76,76,Tyrone Tracy Jr,RB,8,CJ,CJ,James,James,1.2000000000000002,1.2000000000000002,3,1.0599999999999996,True,True,False,6.2,5.0,6,5,5,positional_extremist_rb,5
77,77,Kimani Vidal,RB,9,Evan,Evan,CJ,CJ,1.5311111111111113,1.5311111111111113,2,1.0,True,True,False,10.2,8.67,5,4,4,stars_and_scrubs,5
78,78,Isaiah Likely,TE,2,Shane,Shane,CJ,CJ,1.1722222222222223,1.1722222222222223,2,1.0,True,True,False,8.67,7.5,4,3,3,stars_and_scrubs,5
79,79,Jayden Higgins,WR,7,Reid,Reid,CJ,CJ,1.1666666666666667,1.1666666666666667,2,1.0,True,True,False,7.5,6.33,3,2,2,stars_and_scrubs,5
80,80,Chig Okonkwo,TE,3,Ryan J,Ryan J,CJ,CJ,1.5094444444444446,1.5094444444444446,2,1.0,True,True,False,6.33,4.82,2,1,1,stars_and_scrubs,5
81,81,Tank Bigsby,RB,8,Sam,Sam,CJ,CJ,1.5022222222222223,1.5022222222222223,2,1.0,True,True,False,4.82,3.32,1,0,0,stars_and_scrubs,5
82,82,Brenton Strange,TE,3,James,James,Evan,Evan,1.0599999999999996,1.0599999999999996,2,1.0,True,True,False,4.06,3.0,4,3,3,positional_extremist_rb,5
83,83,Emmett Johnson,RB,9,Evan,Evan,Sam,Sam,1.0499999999999998,1.0499999999999998,2,1.0,True,True,False,6.05,5.0,6,5,5,stars_and_scrubs,5
84,84,Adonai Mitchell,WR,8,Shane,Shane,Shane,Shane,1.0,1.0,1,0.0,True,False,False,1.0,0.0,1,0,0,value_purist,5
85,85,Justin Herbert,QB,2,Reid,Reid,Reid,Reid,1.0,1.0,1,0.0,True,False,False,4.0,3.0,4,3,3,value_purist,5
86,86,Dalton Schultz,TE,3,Ryan J,Ryan J,Ryan J,Ryan J,1.0,1.0,1,0.0,True,False,False,7.0,6.0,7,6,6,emotional,5
87,87,Trey Benson,RB,10,Sam,Sam,Sam,Sam,1.0,1.0,1,0.0,True,False,False,5.0,4.0,5,4,4,stars_and_scrubs,5
88,88,Jordan Love,QB,3,James,James,James,James,1.0,1.0,1,0.0,True,False,False,5.0,4.0,5,4,4,positional_extremist_rb,5
89,89,Christian Kirk,WR,9,Evan,Evan,Evan,Evan,1.0,1.0,1,0.0,True,False,False,3.0,2.0,3,2,2,positional_extremist_rb,5
90,90,Keon Coleman,WR,8,Reid,Reid,Reid,Reid,1.0,1.0,1,0.0,True,False,False,3.0,2.0,3,2,2,value_purist,5
91,91,Juwan Johnson,TE,3,Ryan J,Ryan J,Ryan J,Ryan J,1.0,1.0,1,0.0,True,False,False,6.0,5.0,6,5,5,emotional,5
92,92,Baker Mayfield,QB,3,Sam,Sam,Sam,Sam,1.0,1.0,1,0.0,True,False,False,4.0,3.0,4,3,3,stars_and_scrubs,5
93,93,Samaje Perine,RB,9,James,James,James,James,1.0,1.0,1,0.0,True,False,False,4.0,3.0,4,3,3,positional_extremist_rb,5
94,94,James Conner,RB,10,Evan,Evan,Evan,Evan,1.0,1.0,1,0.0,True,False,False,2.0,1.0,2,1,1,positional_extremist_rb,5
95,95,Chris Rodriguez Jr,RB,10,Reid,Reid,Reid,Reid,1.0,1.0,1,0.0,True,False,False,2.0,1.0,2,1,1,value_purist,5
96,96,Cooper Kupp,WR,8,Ryan J,Ryan J,Ryan J,Ryan J,1.0,1.0,1,0.0,True,False,False,5.0,4.0,5,4,4,emotional,5
97,97,Keenan Allen,WR,8,Sam,Sam,Sam,Sam,1.0,1.0,1,0.0,True,False,False,3.0,2.0,3,2,2,stars_and_scrubs,5
98,98,Kaytron Allen,RB,11,James,James,James,James,1.0,1.0,1,0.0,True,False,False,3.0,2.0,3,2,2,positional_extremist_rb,5
99,99,Patrick Mahomes,QB,3,Evan,Evan,Evan,Evan,1.0,1.0,1,0.0,True,False,False,1.0,0.0,1,0,0,positional_extremist_rb,5
100,100,Justice Hill,RB,10,Reid,Reid,Reid,Reid,1.0,1.0,1,0.0,True,False,False,1.0,0.0,1,0,0,value_purist,5
101,101,Jared Goff,QB,3,Ryan J,Ryan J,Ryan J,Ryan J,1.0,1.0,1,0.0,True,False,False,4.0,3.0,4,3,3,emotional,5
102,102,Kaelon Black,RB,14,Sam,Sam,Sam,Sam,1.0,1.0,1,0.0,True,False,False,2.0,1.0,2,1,1,stars_and_scrubs,5
103,103,Rashod Bateman,WR,9,James,James,James,James,1.0,1.0,1,0.0,True,False,False,2.0,1.0,2,1,1,positional_extremist_rb,5
104,104,Tre Tucker,WR,10,Ryan J,Ryan J,Ryan J,Ryan J,1.0,1.0,1,0.0,True,False,False,3.0,2.0,3,2,2,emotional,5
105,105,Kendre Miller,RB,13,Sam,Sam,Sam,Sam,1.0,1.0,1,0.0,True,False,False,1.0,0.0,1,0,0,stars_and_scrubs,5
106,106,De'Zhaun Stribling,WR,9,James,James,James,James,1.0,1.0,1,0.0,True,False,False,1.0,0.0,1,0,0,positional_extremist_rb,5
107,107,George Holani,RB,13,Ryan J,Ryan J,Ryan J,Ryan J,1.0,1.0,1,0.0,True,False,False,2.0,1.0,2,1,1,emotional,5
108,108,Jalen Nailor,WR,10,Ryan J,Ryan J,Ryan J,Ryan J,1.0,1.0,1,0.0,True,False,False,1.0,0.0,1,0,0,emotional,5
1,1,Kenny Gainwell,RB,3,CJ,CJ,CJ,CJ,256.0,256.0,12,255.0,True,True,False,264.0,8.0,9,8,8,positional_extremist_rb,6
2,2,Bucky Irving,RB,1,Reid,Reid,James,James,273.0,273.0,11,272.0,True,True,False,297.0,24.0,9,8,8,anchor,6
3,3,Jaylen Waddle,WR,1,Coby,Coby,Coby,Coby,254.22222222222223,254.22222222222223,10,254.0,True,True,False,274.0,19.78,9,8,8,anchor,6
4,4,Josh Jacobs,RB,1,Brandon,Brandon,Brad,Brad,252.0,252.0,11,251.0,True,True,False,281.0,29.0,9,8,8,positional_extremist_rb,6
5,5,Tee Higgins,WR,1,Evan,Evan,Travis,Travis,236.66666666666666,236.66666666666666,11,236.0,True,True,False,264.0,27.33,9,8,8,positional_extremist_wr,6
6,6,Joe Flacco,QB,5,James,James,James,James,1.0,1.0,1,0.0,True,False,False,24.0,23.0,8,7,7,anchor,6
7,7,DJ Moore,WR,2,Brad,Brad,Sam,Sam,188.0,188.0,11,184.0,True,True,False,223.0,35.0,9,8,8,emotional,6
8,8,Bhayshul Tuten,RB,1,Ryan J,Ryan J,Ryan J,Ryan J,249.0,249.0,11,248.0,True,True,False,257.0,8.0,9,8,8,positional_extremist_rb,6
9,9,Geno Smith,QB,11,Jason,Jason,Jason,Jason,1.0,1.0,1,0.0,True,False,False,209.0,208.0,9,8,8,positional_extremist_wr,6
10,10,Jeremiyah Love,RB,1,Travis,Travis,Reid,Reid,201.0,201.0,10,200.0,True,True,False,260.0,59.0,9,8,8,anchor,6
11,11,Tony Pollard,RB,2,Sam,Sam,Jason,Jason,181.0,181.0,10,176.0,True,True,False,208.0,27.0,8,7,7,positional_extremist_wr,6
12,12,James Cook,RB,2,Shane,Shane,Evan,Evan,176.0,176.0,10,174.0,True,True,False,184.0,8.0,9,8,8,emotional,6
13,13,Jaylen Warren,RB,2,CJ,CJ,Brandon,Brandon,85.456,85.456,10,84.456,True,True,False,184.0,98.54,9,8,8,positional_extremist_rb,6
14,14,Jonathon Brooks,RB,2,Reid,Reid,Shane,Shane,49.0,49.0,9,48.0,True,True,False,324.0,275.0,9,8,8,balanced,6
15,15,Jordan Mason,RB,3,Coby,Coby,Shane,Shane,49.755113712577035,49.755113712577035,9,48.755113712577035,True,True,False,275.0,225.24,8,7,7,balanced,6
16,16,Nick Chubb,RB,5,Brandon,Brandon,Shane,Shane,16.435874999999996,16.435874999999996,5,15.435874999999998,True,True,False,225.24,208.8,7,6,6,balanced,6
17,17,RJ Harvey,RB,3,Evan,Evan,Shane,Shane,46.30430624753954,46.30430624753954,10,45.30430624753954,True,True,False,208.8,162.5,6,5,5,balanced,6
18,18,Rashee Rice,WR,1,James,James,Brandon,Brandon,42.0,42.0,9,41.0,True,True,False,98.54,56.54,8,7,7,positional_extremist_rb,6
19,19,Bill Croskey-Merritt,RB,4,Brad,Brad,Shane,Shane,29.0,29.0,9,28.0,True,True,False,162.5,133.5,5,4,4,balanced,6
20,20,Rachaad White,RB,4,Ryan J,Ryan J,Shane,Shane,29.0,29.0,10,28.0,True,True,False,133.5,104.5,4,3,3,balanced,6
21,21,Terry McLaurin,WR,2,Jason,Jason,Sam,Sam,27.450111111111113,27.450111111111113,9,26.450111111111113,True,True,False,35.0,7.55,8,7,7,emotional,6
22,22,JK Dobbins,RB,5,Travis,Travis,Shane,Shane,28.096624999999996,28.096624999999996,7,27.096624999999996,True,True,False,104.5,76.4,3,2,2,balanced,6
23,23,Deebo Samuel,WR,2,Sam,Sam,Brad,Brad,22.0,22.0,9,21.0,True,True,False,29.0,7.0,8,7,7,positional_extremist_rb,6
24,24,Joe Burrow,QB,1,Shane,Shane,Brandon,Brandon,21.0,21.0,6,20.0,True,True,False,56.54,35.54,7,6,6,positional_extremist_rb,6
25,25,Chuba Hubbard,RB,3,CJ,CJ,Jason,Jason,21.0,21.0,8,20.0,True,True,False,27.0,6.0,7,6,6,positional_extremist_wr,6
26,26,Carnell Tate,WR,3,Reid,Reid,Shane,Shane,15.87045833333333,15.87045833333333,5,14.87045833333333,True,True,False,76.4,60.53,2,1,1,balanced,6
27,27,Keaton Mitchell,RB,6,Coby,Coby,Brandon,Brandon,16.812394444444447,16.812394444444447,6,16.0,True,True,False,35.54,18.73,6,5,5,positional_extremist_rb,6
28,28,TJ Hockenson,TE,1,Brandon,Brandon,Travis,Travis,15.920645,15.920645,6,14.920645,True,True,False,27.33,11.41,8,7,7,positional_extremist_wr,6
29,29,DK Metcalf,WR,3,Evan,Evan,Shane,Shane,15.70083333333333,15.70083333333333,6,14.70083333333333,True,True,False,60.53,44.83,1,0,0,balanced,6
30,30,Quinn Ewers,QB,7,James,James,James,James,1.0,1.0,1,0.0,True,False,False,23.0,22.0,7,6,6,anchor,6
31,31,DeVonta Smith,WR,1,Brad,Brad,Reid,Reid,5.0,5.0,5,4.0,True,True,False,59.0,54.0,8,7,7,anchor,6
32,32,Josh Allen,QB,1,Ryan J,Ryan J,Reid,Reid,5.0,5.0,5,4.0,True,True,False,54.0,49.0,7,6,6,anchor,6
33,33,Jacory Croskey-Merritt,RB,4,Jason,Jason,Reid,Reid,7.925937777777778,7.925937777777778,5,6.925937777777778,True,True,False,49.0,41.07,6,5,5,anchor,6
34,34,Jalen Hurts,QB,1,Travis,Travis,Reid,Reid,6.376249999999999,6.376249999999999,5,5.376249999999999,True,True,False,41.07,34.69,5,4,4,anchor,6
35,35,Davante Adams,WR,2,Sam,Sam,Reid,Reid,5.0,5.0,5,4.0,True,True,False,34.69,29.69,4,3,3,anchor,6
36,36,Mike Evans,WR,3,CJ,CJ,Reid,Reid,5.0,5.0,5,4.0,True,True,False,29.69,24.69,3,2,2,anchor,6
37,37,Matthew Golden,WR,4,Reid,Reid,Reid,Reid,5.962634999999999,5.962634999999999,5,5.312999999999999,True,True,False,24.69,18.73,2,1,1,anchor,6
38,38,Aaron Rodgers,QB,11,Coby,Coby,Coby,Coby,1.0,1.0,1,0.0,True,False,False,19.78,18.78,8,7,7,anchor,6
39,39,Gardner Minshew II,QB,9,Brandon,Brandon,Brandon,Brandon,1.0,1.0,1,0.0,True,False,False,18.73,17.73,5,4,4,positional_extremist_rb,6
40,40,Chris Godwin Jr,WR,3,Evan,Evan,Brandon,Brandon,5.103796666666667,5.103796666666667,5,4.103796666666667,True,True,False,17.73,12.63,4,3,3,positional_extremist_rb,6
41,41,Courtland Sutton,WR,4,James,James,James,James,5.228666666666666,5.228666666666666,5,5.1091444444444445,True,True,False,22.0,16.77,6,5,5,anchor,6
42,42,Tyler Allgeier,RB,6,Brad,Brad,Brandon,Brandon,5.632629166666667,5.632629166666667,6,5.088543055555555,True,True,False,12.63,7.0,3,2,2,positional_extremist_rb,6
43,43,Tyson Bagent,QB,9,Ryan J,Ryan J,Ryan J,Ryan J,1.0,1.0,1,0.0,True,False,False,8.0,7.0,8,7,7,positional_extremist_rb,6
44,44,Romeo Doubs,WR,5,Jason,Jason,Travis,Travis,5.047340277777778,5.047340277777778,5,4.0,True,True,False,11.41,6.36,7,6,6,positional_extremist_wr,6
45,45,Aaron Jones Sr,RB,4,Travis,Travis,Coby,Coby,3.8186000000000004,3.8186000000000004,4,3.8084333333333333,True,True,False,18.78,14.96,7,6,6,anchor,6
46,46,Austin Ekeler,RB,6,Sam,Sam,Reid,Reid,3.792825,3.792825,5,3.395925,True,True,False,18.73,14.94,1,0,0,anchor,6
47,47,Michael Pittman Jr,WR,4,CJ,CJ,James,James,3.3819500000000002,3.3819500000000002,3,3.0169333333333337,True,True,False,16.77,13.39,5,4,4,anchor,6
48,48,Travis Kelce,TE,1,Coby,Coby,Coby,Coby,3.4551366666666663,3.4551366666666663,2,3.0459722222222223,True,True,False,14.96,11.5,6,5,5,anchor,6
49,49,Travis Etienne,RB,5,Brandon,Brandon,James,James,2.678,2.678,3,2.0,True,True,False,13.39,10.71,4,3,3,anchor,6
50,50,Zach Charbonnet,RB,5,Evan,Evan,Brandon,Brandon,2.416555555555556,2.416555555555556,2,1.0,True,True,False,7.0,4.58,2,1,1,positional_extremist_rb,6
51,51,Dylan Sampson,RB,7,James,James,Coby,Coby,2.622958333333333,2.622958333333333,3,2.0,True,True,False,11.5,8.88,5,4,4,anchor,6
52,52,Ricky Pearsall,WR,6,Brad,Brad,James,James,2.4325087499999998,2.4325087499999998,3,2.1395833333333334,True,True,False,10.71,8.28,3,2,2,anchor,6
53,53,Khalil Shakir,WR,5,Ryan J,Ryan J,Brandon,Brandon,2.1305555555555555,2.1305555555555555,3,2.00836,True,True,False,4.58,2.45,1,0,0,positional_extremist_rb,6
54,54,Tank Bigsby,RB,8,Jason,Jason,Coby,Coby,1.9998500000000001,1.9998500000000001,2,1.0,True,True,False,8.88,6.88,4,3,3,anchor,6
55,55,Lamar Jackson,QB,1,Travis,Travis,James,James,1.6145999999999998,1.6145999999999998,3,1.3416000000000001,True,True,False,8.28,6.67,2,1,1,anchor,6
56,56,Brian Robinson Jr,RB,6,Sam,Sam,Sam,Sam,1.5499999999999998,1.5499999999999998,2,1.3358666666666665,True,True,False,7.55,6.0,7,6,6,emotional,6
57,57,Jajuan Jennings,WR,6,CJ,CJ,Coby,Coby,1.529653333333333,1.529653333333333,2,1.0,True,True,False,6.88,5.35,3,2,2,anchor,6
58,58,Josh Downs,WR,4,Coby,Coby,James,James,1.2839749999999999,1.2839749999999999,2,1.0,True,True,False,6.67,5.39,1,0,0,anchor,6
59,59,Mike Washington Jr.,RB,7,Evan,Evan,Coby,Coby,1.469444444444444,1.469444444444444,2,1.0,True,True,False,5.35,3.88,2,1,1,anchor,6
60,60,Braelon Allen,RB,8,Brad,Brad,Coby,Coby,1.4630555555555553,1.4630555555555553,2,1.0,True,True,False,3.88,2.42,1,0,0,anchor,6
61,61,Jayden Daniels,QB,2,Ryan J,Ryan J,Travis,Travis,1.3600000000000003,1.3600000000000003,2,1.0,True,True,False,6.36,5.0,6,5,5,positional_extremist_wr,6
62,62,Jakobi Meyers,WR,5,Jason,Jason,Jason,Jason,1.0,1.0,1,0.0,True,False,False,6.0,5.0,6,5,5,positional_extremist_wr,6
63,63,Makai Lemon,WR,6,Travis,Travis,Travis,Travis,1.0,1.0,1,0.0,True,False,False,5.0,4.0,5,4,4,positional_extremist_wr,6
64,64,Stefon Diggs,WR,5,Sam,Sam,Sam,Sam,1.0,1.0,1,0.0,True,False,False,6.0,5.0,6,5,5,emotional,6
65,65,Isiah Pacheco,RB,7,CJ,CJ,CJ,CJ,1.0,1.0,1,0.0,True,False,False,8.0,7.0,8,7,7,positional_extremist_rb,6
66,66,George Kittle,TE,1,Evan,Evan,Evan,Evan,1.0,1.0,1,0.0,True,False,False,8.0,7.0,8,7,7,emotional,6
67,67,Mark Andrews,TE,1,Brad,Brad,Brad,Brad,1.0,1.0,1,0.0,True,False,False,7.0,6.0,7,6,6,positional_extremist_rb,6
68,68,Dak Prescott,QB,2,Ryan J,Ryan J,Ryan J,Ryan J,1.0,1.0,1,0.0,True,False,False,7.0,6.0,7,6,6,positional_extremist_rb,6
69,69,CJ Stroud,QB,2,Jason,Jason,Jason,Jason,1.0,1.0,1,0.0,True,False,False,5.0,4.0,5,4,4,positional_extremist_wr,6
70,70,Tyrone Tracy Jr,RB,8,Travis,Travis,Travis,Travis,1.0,1.0,1,0.0,True,False,False,4.0,3.0,4,3,3,positional_extremist_wr,6
71,71,Dallas Goedert,TE,2,Sam,Sam,Sam,Sam,1.0,1.0,1,0.0,True,False,False,5.0,4.0,5,4,4,emotional,6
72,72,Dalton Kincaid,TE,2,CJ,CJ,CJ,CJ,1.0,1.0,1,0.0,True,False,False,7.0,6.0,7,6,6,positional_extremist_rb,6
73,73,Alvin Kamara,RB,7,Evan,Evan,Evan,Evan,1.0,1.0,1,0.0,True,False,False,7.0,6.0,7,6,6,emotional,6
74,74,Jake Ferguson,TE,2,Brad,Brad,Brad,Brad,1.0,1.0,1,0.0,True,False,False,6.0,5.0,6,5,5,positional_extremist_rb,6
75,75,KC Concepcion,WR,6,Ryan J,Ryan J,Ryan J,Ryan J,1.0,1.0,1,0.0,True,False,False,6.0,5.0,6,5,5,positional_extremist_rb,6
76,76,Jonah Coleman,RB,8,Jason,Jason,Jason,Jason,1.0,1.0,1,0.0,True,False,False,4.0,3.0,4,3,3,positional_extremist_wr,6
77,77,Samaje Perine,RB,9,Travis,Travis,Travis,Travis,1.0,1.0,1,0.0,True,False,False,3.0,2.0,3,2,2,positional_extremist_wr,6
78,78,Kimani Vidal,RB,9,Sam,Sam,Sam,Sam,1.0,1.0,1,0.0,True,False,False,4.0,3.0,4,3,3,emotional,6
79,79,AD Mitchell,WR,7,CJ,CJ,CJ,CJ,1.0,1.0,1,0.0,True,False,False,6.0,5.0,6,5,5,positional_extremist_rb,6
80,80,Ray Davis,RB,9,Evan,Evan,Evan,Evan,1.0,1.0,1,0.0,True,False,False,6.0,5.0,6,5,5,emotional,6
81,81,Justin Herbert,QB,2,Brad,Brad,Brad,Brad,1.0,1.0,1,0.0,True,False,False,5.0,4.0,5,4,4,positional_extremist_rb,6
82,82,Dalton Schultz,TE,3,Ryan J,Ryan J,Ryan J,Ryan J,1.0,1.0,1,0.0,True,False,False,5.0,4.0,5,4,4,positional_extremist_rb,6
83,83,Jayden Higgins,WR,7,Jason,Jason,Jason,Jason,1.0,1.0,1,0.0,True,False,False,3.0,2.0,3,2,2,positional_extremist_wr,6
84,84,Emmett Johnson,RB,9,Travis,Travis,Travis,Travis,1.0,1.0,1,0.0,True,False,False,2.0,1.0,2,1,1,positional_extremist_wr,6
85,85,Isaiah Likely,TE,2,Sam,Sam,Sam,Sam,1.0,1.0,1,0.0,True,False,False,3.0,2.0,3,2,2,emotional,6
86,86,Xavier Worthy,WR,7,CJ,CJ,CJ,CJ,1.0,1.0,1,0.0,True,False,False,5.0,4.0,5,4,4,positional_extremist_rb,6
87,87,Justice Hill,RB,10,Evan,Evan,Evan,Evan,1.0,1.0,1,0.0,True,False,False,5.0,4.0,5,4,4,emotional,6
88,88,Juwan Johnson,TE,3,Brad,Brad,Brad,Brad,1.0,1.0,1,0.0,True,False,False,4.0,3.0,4,3,3,positional_extremist_rb,6
89,89,Trey Benson,RB,10,Ryan J,Ryan J,Ryan J,Ryan J,1.0,1.0,1,0.0,True,False,False,4.0,3.0,4,3,3,positional_extremist_rb,6
90,90,Baker Mayfield,QB,3,Jason,Jason,Jason,Jason,1.0,1.0,1,0.0,True,False,False,2.0,1.0,2,1,1,positional_extremist_wr,6
91,91,Keon Coleman,WR,8,Travis,Travis,Travis,Travis,1.0,1.0,1,0.0,True,False,False,1.0,0.0,1,0,0,positional_extremist_wr,6
92,92,Keenan Allen,WR,8,Sam,Sam,Sam,Sam,1.0,1.0,1,0.0,True,False,False,2.0,1.0,2,1,1,emotional,6
93,93,Adonai Mitchell,WR,8,CJ,CJ,CJ,CJ,1.0,1.0,1,0.0,True,False,False,4.0,3.0,4,3,3,positional_extremist_rb,6
94,94,Cooper Kupp,WR,8,Evan,Evan,Evan,Evan,1.0,1.0,1,0.0,True,False,False,4.0,3.0,4,3,3,emotional,6
95,95,Michael Penix Jr.,QB,10,Brad,Brad,Brad,Brad,1.0,1.0,1,0.0,True,False,False,3.0,2.0,3,2,2,positional_extremist_rb,6
96,96,Brenton Strange,TE,3,Ryan J,Ryan J,Ryan J,Ryan J,1.0,1.0,1,0.0,True,False,False,3.0,2.0,3,2,2,positional_extremist_rb,6
97,97,Chris Rodriguez Jr,RB,10,Jason,Jason,Jason,Jason,1.0,1.0,1,0.0,True,False,False,1.0,0.0,1,0,0,positional_extremist_wr,6
98,98,James Conner,RB,10,Sam,Sam,Sam,Sam,1.0,1.0,1,0.0,True,False,False,1.0,0.0,1,0,0,emotional,6
99,99,Rashid Shaheed,WR,7,CJ,CJ,CJ,CJ,1.0,1.0,1,0.0,True,False,False,3.0,2.0,3,2,2,positional_extremist_rb,6
100,100,Chig Okonkwo,TE,3,Evan,Evan,Evan,Evan,1.0,1.0,1,0.0,True,False,False,3.0,2.0,3,2,2,emotional,6
101,101,Jared Goff,QB,3,Brad,Brad,Brad,Brad,1.0,1.0,1,0.0,True,False,False,2.0,1.0,2,1,1,positional_extremist_rb,6
102,102,Matthew Stafford,QB,4,Ryan J,Ryan J,Ryan J,Ryan J,1.0,1.0,1,0.0,True,False,False,2.0,1.0,2,1,1,positional_extremist_rb,6
103,103,Patrick Mahomes,QB,3,CJ,CJ,CJ,CJ,1.0,1.0,1,0.0,True,False,False,2.0,1.0,2,1,1,positional_extremist_rb,6
104,104,Christian Kirk,WR,9,Evan,Evan,Evan,Evan,1.0,1.0,1,0.0,True,False,False,2.0,1.0,2,1,1,emotional,6
105,105,Rashod Bateman,WR,9,Brad,Brad,Brad,Brad,1.0,1.0,1,0.0,True,False,False,1.0,0.0,1,0,0,positional_extremist_rb,6
106,106,Jordan Love,QB,3,Ryan J,Ryan J,Ryan J,Ryan J,1.0,1.0,1,0.0,True,False,False,1.0,0.0,1,0,0,positional_extremist_rb,6
107,107,DJ Giddens,RB,14,CJ,CJ,CJ,CJ,1.0,1.0,1,0.0,True,False,False,1.0,0.0,1,0,0,positional_extremist_rb,6
108,108,Tyler Shough,QB,4,Evan,Evan,Evan,Evan,1.0,1.0,1,0.0,True,False,False,1.0,0.0,1,0,0,emotional,6
1,1,Bhayshul Tuten,RB,1,Coby,Coby,James,James,274.0,274.0,12,273.0,True,True,False,297.0,23.0,9,8,8,tier_controller,7
2,2,Rachaad White,RB,4,Ryan J,Ryan J,Coby,Coby,235.18055555555557,235.18055555555557,11,233.0,True,True,False,274.0,38.82,9,8,8,emotional,7
3,3,Kenny Gainwell,RB,3,Evan,Evan,Brad,Brad,254.22222222222223,254.22222222222223,12,253.0,True,True,False,281.0,26.78,9,8,8,emotional,7
4,4,Josh Jacobs,RB,1,Shane,Shane,Ryan J,Ryan J,210.0,210.0,11,209.0,True,True,False,257.0,47.0,9,8,8,stars_and_scrubs,7
5,5,James Cook,RB,2,James,James,CJ,CJ,177.0,177.0,12,176.0,True,True,False,264.0,87.0,9,8,8,tier_controller,7
6,6,Bucky Irving,RB,1,CJ,CJ,Evan,Evan,123.0,123.0,11,122.0,True,True,False,184.0,61.0,9,8,8,positional_extremist_wr,7
7,7,Tee Higgins,WR,1,Travis,Travis,Brandon,Brandon,68.86257202172052,68.86257202172052,12,67.86257202172052,True,True,False,184.0,115.14,9,8,8,positional_extremist_wr,7
8,8,Jeremiyah Love,RB,1,Reid,Reid,Shane,Shane,111.9539748063319,111.9539748063319,11,110.9539748063319,True,True,False,324.0,212.05,9,8,8,value_purist,7
9,9,Jaylen Warren,RB,2,Brandon,Brandon,Sam,Sam,67.51555555555555,67.51555555555555,11,66.51555555555555,True,True,False,223.0,155.48,9,8,8,value_purist,7
10,10,Jordan Mason,RB,3,Sam,Sam,Shane,Shane,66.82,66.82,12,65.82,True,True,False,212.05,145.23,8,7,7,value_purist,7
11,11,Jonathon Brooks,RB,2,Jason,Jason,Sam,Sam,77.58698579248848,77.58698579248848,11,76.58698579248848,True,True,False,155.48,77.89,8,7,7,value_purist,7
12,12,Jaylen Waddle,WR,1,Brad,Brad,Brandon,Brandon,71.90558922885836,71.90558922885836,11,70.90558922885836,True,True,False,115.14,43.23,8,7,7,positional_extremist_wr,7
13,13,Tony Pollard,RB,2,Coby,Coby,Shane,Shane,72.0,72.0,12,71.0,True,True,False,145.23,73.23,7,6,6,value_purist,7
14,14,Terry McLaurin,WR,2,Ryan J,Ryan J,Travis,Travis,53.08277969344311,53.08277969344311,11,52.08277969344311,True,True,False,264.0,210.92,9,8,8,price_enforcer,7
15,15,RJ Harvey,RB,3,Evan,Evan,Reid,Reid,71.45482210483364,71.45482210483364,11,70.45482210483364,True,True,False,260.0,188.55,9,8,8,value_purist,7
16,16,Nick Chubb,RB,5,Shane,Shane,Travis,Travis,44.78534666666666,44.78534666666666,11,44.37766666666667,True,True,False,210.92,166.13,8,7,7,price_enforcer,7
17,17,Deebo Samuel,WR,2,James,James,Shane,Shane,57.554278363928695,57.554278363928695,12,56.554278363928695,True,True,False,73.23,15.68,6,5,5,value_purist,7
18,18,DeVonta Smith,WR,1,CJ,CJ,Reid,Reid,72.0,72.0,10,71.0,True,True,False,188.55,116.55,8,7,7,value_purist,7
19,19,DJ Moore,WR,2,Travis,Travis,Reid,Reid,48.89,48.89,11,43.89,True,True,False,116.55,67.66,7,6,6,value_purist,7
20,20,Rashee Rice,WR,1,Reid,Reid,Sam,Sam,63.66,63.66,10,62.66,True,True,False,77.89,14.23,7,6,6,value_purist,7
21,21,Jacory Croskey-Merritt,RB,4,Brandon,Brandon,Evan,Evan,45.0,45.0,9,44.0,True,True,False,61.0,16.0,8,7,7,positional_extremist_wr,7
22,22,Chuba Hubbard,RB,3,Sam,Sam,Reid,Reid,44.0,44.0,11,43.0,True,True,False,67.66,23.66,6,5,5,value_purist,7
23,23,Carnell Tate,WR,3,Jason,Jason,Jason,Jason,35.370451111111116,35.370451111111116,8,34.370451111111116,True,True,False,209.0,173.63,9,8,8,price_enforcer,7
24,24,Mike Evans,WR,3,Brad,Brad,Ryan J,Ryan J,36.78707222222223,36.78707222222223,11,35.78707222222223,True,True,False,47.0,10.21,8,7,7,stars_and_scrubs,7
25,25,Bill Croskey-Merritt,RB,4,Coby,Coby,Jason,Jason,35.11202666666667,35.11202666666667,10,34.11202666666667,True,True,False,173.63,138.52,8,7,7,price_enforcer,7
26,26,Aaron Jones Sr,RB,4,Ryan J,Ryan J,Travis,Travis,32.82,32.82,9,31.82,True,True,False,166.13,133.31,7,6,6,price_enforcer,7
27,27,Chris Godwin Jr,WR,3,Evan,Evan,Coby,Coby,29.227297777777782,29.227297777777782,9,28.227297777777782,True,True,False,38.82,9.59,8,7,7,emotional,7
28,28,Davante Adams,WR,2,Shane,Shane,Jason,Jason,28.061930000000004,28.061930000000004,9,27.061930000000004,True,True,False,138.52,110.46,7,6,6,price_enforcer,7
29,29,JK Dobbins,RB,5,James,James,CJ,CJ,27.0,27.0,9,26.0,True,True,False,87.0,60.0,8,7,7,tier_controller,7
30,30,Matthew Golden,WR,4,CJ,CJ,Travis,Travis,23.251553333333334,23.251553333333334,7,22.251553333333334,True,True,False,133.31,110.06,6,5,5,price_enforcer,7
31,31,DK Metcalf,WR,3,Travis,Travis,Jason,Jason,22.137975,22.137975,9,21.137975,True,True,False,110.46,88.32,6,5,5,price_enforcer,7
32,32,TJ Hockenson,TE,1,Reid,Reid,Travis,Travis,20.78,20.78,10,19.78,True,True,False,110.06,89.28,5,4,4,price_enforcer,7
33,33,Austin Ekeler,RB,6,Brandon,Brandon,Reid,Reid,17.918613333333333,17.918613333333333,8,16.918613333333333,True,True,False,23.66,5.74,5,4,4,value_purist,7
34,34,Joe Burrow,QB,1,Sam,Sam,CJ,CJ,20.68,20.68,7,19.68,True,True,False,60.0,39.32,7,6,6,tier_controller,7
35,35,Lamar Jackson,QB,1,Jason,Jason,Travis,Travis,17.637760000000004,17.637760000000004,7,17.0,True,True,False,89.28,71.64,4,3,3,price_enforcer,7
36,36,Jalen Hurts,QB,1,Brad,Brad,Brandon,Brandon,18.14820977777778,18.14820977777778,10,17.14820977777778,True,True,False,43.23,25.08,7,6,6,positional_extremist_wr,7
37,37,Tyler Allgeier,RB,6,Coby,Coby,Jason,Jason,14.68,14.68,9,13.68,True,True,False,88.32,73.64,5,4,4,price_enforcer,7
38,38,Keaton Mitchell,RB,6,Ryan J,Ryan J,Jason,Jason,14.376164444444445,14.376164444444445,9,14.036366222222222,True,True,False,73.64,59.26,4,3,3,price_enforcer,7
39,39,Courtland Sutton,WR,4,Evan,Evan,CJ,CJ,13.980444444444444,13.980444444444444,9,13.93,True,True,False,39.32,25.34,6,5,5,tier_controller,7
40,40,Mark Andrews,TE,1,Shane,Shane,Travis,Travis,12.476686666666668,12.476686666666668,9,11.476686666666668,True,True,False,71.64,59.16,3,2,2,price_enforcer,7
41,41,Khalil Shakir,WR,5,James,James,Shane,Shane,11.68,11.68,8,11.0,True,True,False,15.68,4.0,5,4,4,value_purist,7
42,42,Zach Charbonnet,RB,5,CJ,CJ,Brad,Brad,11.753226666666666,11.753226666666666,7,10.753226666666666,True,True,False,26.78,15.03,8,7,7,emotional,7
43,43,Josh Allen,QB,1,Travis,Travis,Jason,Jason,11.338413333333333,11.338413333333333,6,10.685333333333332,True,True,False,59.26,47.92,3,2,2,price_enforcer,7
44,44,Michael Pittman Jr,WR,4,Reid,Reid,Travis,Travis,10.23,10.23,8,9.23,True,True,False,59.16,48.93,2,1,1,price_enforcer,7
45,45,Travis Kelce,TE,1,Brandon,Brandon,Travis,Travis,9.285826666666669,9.285826666666669,8,9.23,True,True,False,48.93,39.64,1,0,0,price_enforcer,7
46,46,Tank Bigsby,RB,8,Sam,Sam,Jason,Jason,9.0,9.0,6,8.0,True,True,False,47.92,38.92,2,1,1,price_enforcer,7
47,47,Travis Etienne,RB,5,Jason,Jason,Sam,Sam,9.23,9.23,4,7.325608888888891,True,True,False,14.23,5.0,6,5,5,value_purist,7
48,48,Jajuan Jennings,WR,6,Brad,Brad,Brandon,Brandon,8.883377777777778,8.883377777777778,6,7.8833777777777785,True,True,False,25.08,16.2,6,5,5,positional_extremist_wr,7
49,49,Romeo Doubs,WR,5,Coby,Coby,CJ,CJ,8.0,8.0,4,7.0,True,True,False,25.34,17.34,5,4,4,tier_controller,7
50,50,Mike Washington Jr.,RB,7,Ryan J,Ryan J,James,James,7.817955555555557,7.817955555555557,5,7.234795555555557,True,True,False,23.0,15.18,8,7,7,tier_controller,7
51,51,Jake Ferguson,TE,2,Evan,Evan,Jason,Jason,7.204524444444446,7.204524444444446,4,6.76952,True,True,False,38.92,31.72,1,0,0,price_enforcer,7
52,52,Cam Ward,QB,12,Shane,Shane,Shane,Shane,1.0,1.0,1,0.0,True,False,False,4.0,3.0,4,3,3,value_purist,7
53,53,Braelon Allen,RB,8,James,James,CJ,CJ,5.72944,5.72944,4,4.72944,True,True,False,17.34,11.61,4,3,3,tier_controller,7
54,54,Brian Robinson Jr,RB,6,CJ,CJ,Brad,Brad,3.9245000000000005,3.9245000000000005,4,3.170933333333333,True,True,False,15.03,11.11,7,6,6,emotional,7
55,55,Jakobi Meyers,WR,5,Reid,Reid,Brandon,Brandon,4.157439999999999,4.157439999999999,4,3.15744,True,True,False,16.2,12.04,5,4,4,positional_extremist_wr,7
56,56,Stefon Diggs,WR,5,Brandon,Brandon,Brandon,Brandon,4.0521288888888884,4.0521288888888884,3,3.143946666666666,True,True,False,12.04,7.99,4,3,3,positional_extremist_wr,7
57,57,Dylan Sampson,RB,7,Sam,Sam,James,James,4.8307839999999995,4.8307839999999995,5,3.830784,True,True,False,15.18,10.35,7,6,6,tier_controller,7
58,58,Kimani Vidal,RB,9,Brad,Brad,CJ,CJ,3.814272,3.814272,4,3.4218799999999994,True,True,False,11.61,7.8,3,2,2,tier_controller,7
59,59,Marcus Mariota,QB,5,Coby,Coby,Coby,Coby,1.0,1.0,1,0.0,True,False,False,9.59,8.59,7,6,6,emotional,7
60,60,Jonnu Smith,TE,14,Ryan J,Ryan J,Ryan J,Ryan J,1.0,1.0,1,0.0,True,False,False,10.21,9.21,7,6,6,stars_and_scrubs,7
61,61,Tanner Hudson,TE,11,Evan,Evan,Evan,Evan,1.0,1.0,1,0.0,True,False,False,16.0,15.0,7,6,6,positional_extremist_wr,7
62,62,Ricky Pearsall,WR,6,Shane,Shane,Brad,Brad,3.3626266666666664,3.3626266666666664,5,3.34144,True,True,False,11.11,7.75,6,5,5,emotional,7
63,63,Dalton Kincaid,TE,2,James,James,James,James,3.32672,3.32672,3,3.2603638888888895,True,True,False,10.35,7.02,6,5,5,tier_controller,7
64,64,Josh Downs,WR,4,CJ,CJ,Reid,Reid,2.74,2.74,4,2.1475,True,True,False,5.74,3.0,4,3,3,value_purist,7
65,65,Justin Herbert,QB,2,Reid,Reid,Evan,Evan,4.565546666666666,4.565546666666666,5,2.5655466666666666,True,True,False,15.0,10.43,6,5,5,positional_extremist_wr,7
66,66,Isiah Pacheco,RB,7,Brandon,Brandon,Brandon,Brandon,2.573667777777778,2.573667777777778,2,1.920277777777778,True,True,False,7.99,5.42,3,2,2,positional_extremist_wr,7
67,67,Jayden Daniels,QB,2,Sam,Sam,Coby,Coby,2.118866666666667,2.118866666666667,3,1.9116666666666668,True,True,False,8.59,6.47,6,5,5,emotional,7
68,68,George Kittle,TE,1,Brad,Brad,Brad,Brad,1.9030555555555557,1.9030555555555557,2,1.7301844444444447,True,True,False,7.75,5.85,5,4,4,emotional,7
69,69,Makai Lemon,WR,6,Coby,Coby,Evan,Evan,3.3144222222222224,3.3144222222222224,4,1.722355555555556,True,True,False,10.43,7.12,5,4,4,positional_extremist_wr,7
70,70,Alvin Kamara,RB,7,Ryan J,Ryan J,Evan,Evan,2.2522933333333337,2.2522933333333337,5,1.574366666666667,True,True,False,7.12,4.87,4,3,3,positional_extremist_wr,7
71,71,Tyrone Tracy Jr,RB,8,Evan,Evan,Coby,Coby,1.5671777777777778,1.5671777777777778,4,1.5114666666666665,True,True,False,6.47,4.9,5,4,4,emotional,7
72,72,Dallas Goedert,TE,2,Shane,Shane,Brandon,Brandon,1.698868888888889,1.698868888888889,3,1.4104999999999999,True,True,False,5.42,3.72,2,1,1,positional_extremist_wr,7
73,73,Jonah Coleman,RB,8,James,James,Brandon,Brandon,1.56,1.56,3,1.404,True,True,False,3.72,2.16,1,0,0,positional_extremist_wr,7
74,74,Ben Sinnott,TE,8,CJ,CJ,CJ,CJ,1.0,1.0,1,0.0,True,False,False,7.8,6.8,2,1,1,tier_controller,7
75,75,CJ Stroud,QB,2,Reid,Reid,Brad,Brad,1.391,1.391,2,1.0,True,True,False,5.85,4.46,4,3,3,emotional,7
76,76,Xavier Worthy,WR,7,Sam,Sam,James,James,2.126592,2.126592,4,2.059946666666667,True,True,False,7.02,4.89,5,4,4,tier_controller,7
77,77,Austin Hooper,TE,10,Brad,Brad,Brad,Brad,1.0,1.0,1,0.0,True,False,False,4.46,3.46,3,2,2,emotional,7
78,78,KC Concepcion,WR,6,Coby,Coby,Evan,Evan,1.523888888888889,1.523888888888889,4,1.275377777777778,True,True,False,4.87,3.35,3,2,2,positional_extremist_wr,7
79,79,Dak Prescott,QB,2,Ryan J,Ryan J,CJ,CJ,2.0309333333333335,2.0309333333333335,3,1.4000000000000001,True,True,False,6.8,4.77,1,0,0,tier_controller,7
80,80,Terrance Ferguson,TE,13,Evan,Evan,Evan,Evan,1.0,1.0,1,0.0,True,False,False,3.35,2.35,2,1,1,positional_extremist_wr,7
81,81,Jayden Higgins,WR,7,Shane,Shane,Evan,Evan,1.5022222222222223,1.5022222222222223,3,1.1555555555555557,True,True,False,2.35,0.85,1,0,0,positional_extremist_wr,7
82,82,Ray Davis,RB,9,James,James,Brad,Brad,1.15,1.15,2,1.0,True,True,False,3.46,2.31,2,1,1,emotional,7
83,83,Greg Dulcich,TE,18,Reid,Reid,Reid,Reid,1.0,1.0,1,0.0,True,False,False,3.0,2.0,3,2,2,value_purist,7
84,84,Mason Taylor,TE,13,Sam,Sam,Sam,Sam,1.0,1.0,1,0.0,True,False,False,5.0,4.0,5,4,4,value_purist,7
85,85,Rashid Shaheed,WR,7,Brad,Brad,James,James,1.8133333333333335,1.8133333333333335,3,1.3599999999999999,True,True,False,4.89,3.08,4,3,3,tier_controller,7
86,86,Jake Tonges,TE,16,Coby,Coby,Coby,Coby,1.0,1.0,1,0.0,True,False,False,4.9,3.9,4,3,3,emotional,7
87,87,Emmett Johnson,RB,9,Ryan J,Ryan J,Brad,Brad,1.1222222222222222,1.1222222222222222,2,1.0,True,True,False,2.31,1.19,1,0,0,emotional,7
88,88,Isaiah Likely,TE,2,Shane,Shane,Coby,Coby,1.1166666666666667,1.1166666666666667,2,1.0,True,True,False,3.9,2.78,3,2,2,emotional,7
89,89,Max Klare,TE,4,James,James,James,James,1.0,1.0,1,0.0,True,False,False,3.08,2.08,3,2,2,tier_controller,7
90,90,Tanner Koziol,TE,7,Reid,Reid,Reid,Reid,1.0,1.0,1,0.0,True,False,False,2.0,1.0,2,1,1,value_purist,7
91,91,AD Mitchell,WR,7,Sam,Sam,Coby,Coby,1.1,1.1,2,1.0,True,True,False,2.78,1.68,2,1,1,emotional,7
92,92,Dalton Schultz,TE,3,Coby,Coby,Ryan J,Ryan J,1.422777777777778,1.422777777777778,3,1.08,True,True,False,9.21,7.79,6,5,5,stars_and_scrubs,7
93,93,Juwan Johnson,TE,3,Ryan J,Ryan J,Coby,Coby,1.0888888888888888,1.0888888888888888,2,1.0,True,True,False,1.68,0.59,1,0,0,emotional,7
94,94,Samaje Perine,RB,9,Shane,Shane,Ryan J,Ryan J,1.4083333333333332,1.4083333333333332,3,1.08,True,True,False,7.79,6.38,5,4,4,stars_and_scrubs,7
95,95,Trey Benson,RB,10,James,James,Ryan J,Ryan J,1.4011111111111112,1.4011111111111112,2,1.0,True,True,False,6.38,4.98,4,3,3,stars_and_scrubs,7
96,96,Chig Okonkwo,TE,3,Reid,Reid,Ryan J,Ryan J,1.393888888888889,1.393888888888889,3,1.08,True,True,False,4.98,3.59,3,2,2,stars_and_scrubs,7
97,97,Jordan Love,QB,3,Sam,Sam,Ryan J,Ryan J,1.3866666666666667,1.3866666666666667,3,1.08,True,True,False,3.59,2.2,2,1,1,stars_and_scrubs,7
98,98,Keon Coleman,WR,8,Ryan J,Ryan J,Ryan J,Ryan J,1.3794444444444445,1.3794444444444445,2,1.08,True,True,False,2.2,0.82,1,0,0,stars_and_scrubs,7
99,99,Adonai Mitchell,WR,8,Shane,Shane,James,James,1.08,1.08,2,1.0,True,True,False,2.08,1.0,2,1,1,tier_controller,7
100,100,Baker Mayfield,QB,3,James,James,James,James,1.0,1.0,1,0.0,True,False,False,1.0,0.0,1,0,0,tier_controller,7
101,101,James Conner,RB,10,Reid,Reid,Reid,Reid,1.0,1.0,1,0.0,True,False,False,1.0,0.0,1,0,0,value_purist,7
102,102,Rashod Bateman,WR,9,Sam,Sam,Sam,Sam,1.0,1.0,1,0.0,True,False,False,4.0,3.0,4,3,3,value_purist,7
103,103,Brenton Strange,TE,3,Shane,Shane,Shane,Shane,1.0,1.0,1,0.0,True,False,False,3.0,2.0,3,2,2,value_purist,7
104,104,Emanuel Wilson,RB,15,Sam,Sam,Sam,Sam,1.0,1.0,1,0.0,True,False,False,3.0,2.0,3,2,2,value_purist,7
105,105,Christian Kirk,WR,9,Shane,Shane,Shane,Shane,1.0,1.0,1,0.0,True,False,False,2.0,1.0,2,1,1,value_purist,7
106,106,Patrick Mahomes,QB,3,Sam,Sam,Sam,Sam,1.0,1.0,1,0.0,True,False,False,2.0,1.0,2,1,1,value_purist,7
107,107,Jalen Nailor,WR,10,Shane,Shane,Shane,Shane,1.0,1.0,1,0.0,True,False,False,1.0,0.0,1,0,0,value_purist,7
108,108,George Holani,RB,13,Sam,Sam,Sam,Sam,1.0,1.0,1,0.0,True,False,False,1.0,0.0,1,0,0,value_purist,7
1,1,Tony Pollard,RB,2,Travis,Travis,Shane,Shane,274.0,274.0,12,273.0,True,True,False,324.0,50.0,9,8,8,stars_and_scrubs,8
2,2,Rachaad White,RB,4,Ryan J,Ryan J,Travis,Travis,235.18055555555557,235.18055555555557,12,234.76111226100647,True,True,False,264.0,28.82,9,8,8,anchor,8
3,3,Jaylen Waddle,WR,1,Jason,Jason,Coby,Coby,254.22222222222223,254.22222222222223,11,254.0,True,True,False,274.0,19.78,9,8,8,emotional,8
4,4,Bucky Irving,RB,1,James,James,Brad,Brad,122.27499999999999,122.27499999999999,11,121.27499999999999,True,True,False,281.0,158.73,9,8,8,tier_controller,8
5,5,Tee Higgins,WR,1,Brad,Brad,Ryan J,Ryan J,189.28817777777778,189.28817777777778,11,188.28817777777778,True,True,False,257.0,67.71,9,8,8,positional_extremist_wr,8
6,6,Josh Jacobs,RB,1,Brandon,Brandon,CJ,CJ,123.71875237484606,123.71875237484606,11,122.71875237484606,True,True,False,264.0,140.28,9,8,8,value_purist,8
7,7,Cam Ward,QB,12,Shane,Shane,Shane,Shane,1.0,1.0,1,0.0,True,False,False,50.0,49.0,8,7,7,stars_and_scrubs,8
8,8,Bhayshul Tuten,RB,1,Reid,Reid,James,James,98.84143128644924,98.84143128644924,11,97.84143128644924,True,True,False,297.0,198.16,9,8,8,value_purist,8
9,9,James Cook,RB,2,Coby,Coby,Jason,Jason,75.17986035759701,75.17986035759701,11,74.17986035759701,True,True,False,209.0,133.82,9,8,8,positional_extremist_wr,8
10,10,Gardner Minshew II,QB,9,Sam,Sam,Sam,Sam,1.0,1.0,1,0.0,True,False,False,223.0,222.0,9,8,8,price_enforcer,8
11,11,Jeremiyah Love,RB,1,Evan,Evan,CJ,CJ,123.80180733700988,123.80180733700988,11,122.80180733700988,True,True,False,140.28,16.48,8,7,7,value_purist,8
12,12,Jaylen Warren,RB,2,CJ,CJ,Brandon,Brandon,78.82866666666666,78.82866666666666,11,77.82866666666666,True,True,False,184.0,105.17,9,8,8,value_purist,8
13,13,DeVonta Smith,WR,1,Travis,Travis,Jason,Jason,78.94175999999999,78.94175999999999,12,77.94175999999999,True,True,False,133.82,54.88,8,7,7,positional_extremist_wr,8
14,14,Jordan Mason,RB,3,Ryan J,Ryan J,Brandon,Brandon,62.709999999999994,62.709999999999994,10,61.709999999999994,True,True,False,105.17,42.46,8,7,7,value_purist,8
15,15,Kenny Gainwell,RB,3,Jason,Jason,Brad,Brad,61.709999999999994,61.709999999999994,11,60.709999999999994,True,True,False,158.73,97.02,8,7,7,tier_controller,8
16,16,Jonathon Brooks,RB,2,James,James,James,James,61.0,61.0,10,60.0,True,True,False,198.16,137.16,8,7,7,value_purist,8
17,17,JK Dobbins,RB,5,Brad,Brad,Evan,Evan,47.457871334412445,47.457871334412445,10,46.457871334412445,True,True,False,184.0,136.54,9,8,8,balanced,8
18,18,Deebo Samuel,WR,2,Brandon,Brandon,Ryan J,Ryan J,55.80222222222223,55.80222222222223,11,54.80222222222223,True,True,False,67.71,11.91,8,7,7,positional_extremist_wr,8
19,19,Terry McLaurin,WR,2,Shane,Shane,James,James,54.8177,54.8177,10,53.8177,True,True,False,137.16,82.34,7,6,6,value_purist,8
20,20,Jacory Croskey-Merritt,RB,4,Reid,Reid,Reid,Reid,49.688745555555556,49.688745555555556,9,48.688745555555556,True,True,False,260.0,210.31,9,8,8,price_enforcer,8
21,21,DJ Moore,WR,2,Coby,Coby,Sam,Sam,44.83795111111112,44.83795111111112,10,43.83795111111112,True,True,False,222.0,177.16,8,7,7,price_enforcer,8
22,22,RJ Harvey,RB,3,Sam,Sam,James,James,44.0,44.0,9,43.0,True,True,False,82.34,38.34,6,5,5,value_purist,8
23,23,Tyson Bagent,QB,9,Evan,Evan,Evan,Evan,1.0,1.0,1,0.0,True,False,False,136.54,135.54,8,7,7,balanced,8
24,24,Aaron Jones Sr,RB,4,CJ,CJ,Reid,Reid,43.34722777777779,43.34722777777779,9,42.78,True,True,False,210.31,166.96,8,7,7,price_enforcer,8
25,25,Mike Evans,WR,3,Travis,Travis,Shane,Shane,38.34,38.34,11,35.34,True,True,False,49.0,10.66,7,6,6,stars_and_scrubs,8
26,26,Carnell Tate,WR,3,Ryan J,Ryan J,Evan,Evan,37.03329300000001,37.03329300000001,10,36.289792,True,True,False,135.54,98.51,7,6,6,balanced,8
27,27,Josh Allen,QB,1,Jason,Jason,Brandon,Brandon,36.46,36.46,9,36.10127111111111,True,True,False,42.46,6.0,7,6,6,value_purist,8
28,28,DK Metcalf,WR,3,James,James,Brad,Brad,36.013824,36.013824,8,35.963480000000004,True,True,False,97.02,61.01,7,6,6,tier_controller,8
29,29,Rashee Rice,WR,1,Brad,Brad,Sam,Sam,35.34,35.34,8,34.34,True,True,False,177.16,141.82,7,6,6,price_enforcer,8
30,30,Davante Adams,WR,2,Brandon,Brandon,James,James,34.34,34.34,9,33.63316444444445,True,True,False,38.34,4.0,5,4,4,value_purist,8
31,31,Joe Flacco,QB,5,Shane,Shane,Shane,Shane,1.0,1.0,1,0.0,True,False,False,10.66,9.66,6,5,5,stars_and_scrubs,8
32,32,Joe Burrow,QB,1,Reid,Reid,Evan,Evan,26.301622722222227,26.301622722222227,7,25.868095325875235,True,True,False,98.51,72.21,6,5,5,balanced,8
33,33,Nick Chubb,RB,5,Coby,Coby,Reid,Reid,29.20465066666667,29.20465066666667,7,28.20465066666667,True,True,False,166.96,137.76,7,6,6,price_enforcer,8
34,34,Matthew Golden,WR,4,Sam,Sam,Sam,Sam,27.7252,27.7252,7,26.7252,True,True,False,141.82,114.09,6,5,5,price_enforcer,8
35,35,Bill Croskey-Merritt,RB,4,Evan,Evan,Reid,Reid,23.039523555555558,23.039523555555558,7,22.039523555555558,True,True,False,137.76,114.72,6,5,5,price_enforcer,8
36,36,Trey Lance,QB,6,CJ,CJ,CJ,CJ,1.0,1.0,1,0.0,True,False,False,16.48,15.48,7,6,6,value_purist,8
37,37,Jalen Hurts,QB,1,Travis,Travis,Jason,Jason,23.36164,23.36164,8,22.36164,True,True,False,54.88,31.52,7,6,6,positional_extremist_wr,8
38,38,TJ Hockenson,TE,1,Ryan J,Ryan J,Reid,Reid,22.395893333333333,22.395893333333333,7,22.272903333333335,True,True,False,114.72,92.32,5,4,4,price_enforcer,8
39,39,Courtland Sutton,WR,4,Jason,Jason,Sam,Sam,22.18416666666667,22.18416666666667,7,21.692444444444444,True,True,False,114.09,91.91,5,4,4,price_enforcer,8
40,40,Colby Parkinson,TE,15,James,James,James,James,1.0,1.0,1,0.0,True,False,False,4.0,3.0,4,3,3,value_purist,8
41,41,Chuba Hubbard,RB,3,Brad,Brad,Reid,Reid,17.807502222222222,17.807502222222222,6,17.72841777777778,True,True,False,92.32,74.51,4,3,3,price_enforcer,8
42,42,Dylan Sampson,RB,7,Brandon,Brandon,Brad,Brad,18.656932222222224,18.656932222222224,7,17.656932222222224,True,True,False,61.01,42.35,6,5,5,tier_controller,8
43,43,Chris Godwin Jr,WR,3,Shane,Shane,Sam,Sam,17.585446666666666,17.585446666666666,8,16.776790000000002,True,True,False,91.91,74.32,4,3,3,price_enforcer,8
44,44,Zach Charbonnet,RB,5,Reid,Reid,Evan,Evan,15.198294444444448,15.198294444444448,6,14.198294444444448,True,True,False,72.21,57.01,5,4,4,balanced,8
45,45,Austin Ekeler,RB,6,Coby,Coby,Reid,Reid,14.140342222222225,14.140342222222225,6,14.104284444444446,True,True,False,74.51,60.37,3,2,2,price_enforcer,8
46,46,Keaton Mitchell,RB,6,Sam,Sam,Brad,Brad,14.636160000000002,14.636160000000002,6,14.392174500000003,True,True,False,42.35,27.71,5,4,4,tier_controller,8
47,47,Lamar Jackson,QB,1,Evan,Evan,Sam,Sam,13.988675555555556,13.988675555555556,6,13.029952222222224,True,True,False,74.32,60.33,3,2,2,price_enforcer,8
48,48,Mark Andrews,TE,1,CJ,CJ,Evan,Evan,11.48,11.48,5,10.48,True,True,False,57.01,45.53,4,3,3,balanced,8
49,49,Travis Etienne,RB,5,Travis,Travis,Coby,Coby,12.269066666666667,12.269066666666667,7,11.269066666666667,True,True,False,19.78,7.51,8,7,7,emotional,8
50,50,Michael Pittman Jr,WR,4,Ryan J,Ryan J,Reid,Reid,11.222112222222222,11.222112222222222,7,11.0,True,True,False,60.37,49.15,2,1,1,price_enforcer,8
51,51,Josh Downs,WR,4,Jason,Jason,Sam,Sam,11.0,11.0,6,10.0,True,True,False,60.33,49.33,2,1,1,price_enforcer,8
52,52,Ricky Pearsall,WR,6,James,James,Jason,Jason,13.487933333333332,13.487933333333332,7,11.210244833333336,True,True,False,31.52,18.03,6,5,5,positional_extremist_wr,8
53,53,Khalil Shakir,WR,5,Brad,Brad,Evan,Evan,11.162944222222226,11.162944222222226,6,10.300707555555556,True,True,False,45.53,34.37,3,2,2,balanced,8
54,54,Mike Washington Jr.,RB,7,Brandon,Brandon,CJ,CJ,10.261297777777779,10.261297777777779,8,9.261297777777779,True,True,False,15.48,5.22,6,5,5,value_purist,8
55,55,Romeo Doubs,WR,5,Shane,Shane,Brad,Brad,9.221888000000002,9.221888000000002,8,8.978060000000001,True,True,False,27.71,18.49,4,3,3,tier_controller,8
56,56,Jake Ferguson,TE,2,Reid,Reid,Sam,Sam,8.939692222222222,8.939692222222222,5,8.12717511111111,True,True,False,49.33,40.39,1,0,0,price_enforcer,8
57,57,Brian Robinson Jr,RB,6,Coby,Coby,Reid,Reid,8.530848888888888,8.530848888888888,5,7.5308488888888885,True,True,False,49.15,40.62,1,0,0,price_enforcer,8
58,58,KC Concepcion,WR,6,Evan,Evan,Evan,Evan,7.01601,7.01601,4,6.01601,True,True,False,34.37,27.35,2,1,1,balanced,8
59,59,Tyler Allgeier,RB,6,CJ,CJ,Evan,Evan,6.535130555555557,6.535130555555557,5,6.048284444444444,True,True,False,27.35,20.81,1,0,0,balanced,8
60,60,CJ Stroud,QB,2,Travis,Travis,Travis,Travis,4.763742222222222,4.763742222222222,2,3.7637422222222217,True,True,False,28.82,24.06,8,7,7,anchor,8
61,61,Jajuan Jennings,WR,6,Ryan J,Ryan J,Jason,Jason,6.9956906666666665,6.9956906666666665,4,5.9956906666666665,True,True,False,18.03,11.03,5,4,4,positional_extremist_wr,8
62,62,George Kittle,TE,1,Jason,Jason,Travis,Travis,4.551349999999999,4.551349999999999,3,3.616614444444444,True,True,False,24.06,19.51,7,6,6,anchor,8
63,63,Braelon Allen,RB,8,James,James,Brad,Brad,5.2255408333333335,5.2255408333333335,5,4.2255408333333335,True,True,False,18.49,13.26,3,2,2,tier_controller,8
64,64,Dalton Kincaid,TE,2,Brad,Brad,Jason,Jason,4.4809375,4.4809375,5,4.2432,True,True,False,11.03,6.55,4,3,3,positional_extremist_wr,8
65,65,Travis Kelce,TE,1,Brandon,Brandon,Brad,Brad,4.224341333333333,4.224341333333333,3,4.1881466666666665,True,True,False,13.26,9.04,2,1,1,tier_controller,8
66,66,Stefon Diggs,WR,5,Shane,Shane,Ryan J,Ryan J,3.836343333333334,3.836343333333334,5,3.625608333333334,True,True,False,11.91,8.07,7,6,6,positional_extremist_wr,8
67,67,Anthony Richardson Sr.,QB,8,Coby,Coby,Coby,Coby,1.0,1.0,1,0.0,True,False,False,7.51,6.51,7,6,6,emotional,8
68,68,Makai Lemon,WR,6,CJ,CJ,Travis,Travis,3.0909055555555556,3.0909055555555556,4,2.0909055555555556,True,True,False,19.51,16.42,6,5,5,anchor,8
69,69,Dak Prescott,QB,2,Travis,Travis,Travis,Travis,3.461883333333333,3.461883333333333,2,2.0,True,True,False,16.42,12.96,5,4,4,anchor,8
70,70,Kimani Vidal,RB,9,Ryan J,Ryan J,Ryan J,Ryan J,3.0700000000000003,3.0700000000000003,3,2.589979166666667,True,True,False,8.07,5.0,6,5,5,positional_extremist_wr,8
71,71,Xavier Worthy,WR,7,Jason,Jason,Brad,Brad,2.8028017777777774,2.8028017777777774,3,2.7075599999999995,True,True,False,9.04,6.24,1,0,0,tier_controller,8
72,72,Jakobi Meyers,WR,5,James,James,Travis,Travis,2.3436,2.3436,5,2.053061111111111,True,True,False,12.96,10.62,4,3,3,anchor,8
73,73,Isiah Pacheco,RB,7,Brandon,Brandon,Jason,Jason,2.0436,2.0436,4,1.5099999999999998,True,True,False,6.55,4.51,3,2,2,positional_extremist_wr,8
74,74,Jayden Daniels,QB,2,Shane,Shane,Travis,Travis,1.9027499999999997,1.9027499999999997,4,1.5099999999999998,True,True,False,10.62,8.72,3,2,2,anchor,8
75,75,Tank Bigsby,RB,8,Coby,Coby,Travis,Travis,1.7883266666666666,1.7883266666666666,4,1.5455555555555556,True,True,False,8.72,6.93,2,1,1,anchor,8
76,76,Rashid Shaheed,WR,7,CJ,CJ,Jason,Jason,1.9229166666666666,1.9229166666666666,3,1.5099999999999998,True,True,False,4.51,2.59,2,1,1,positional_extremist_wr,8
77,77,Kenyon Sadiq,TE,17,Travis,Travis,Travis,Travis,1.0,1.0,1,0.0,True,False,False,6.93,5.93,1,0,0,anchor,8
78,78,Durham Smythe,TE,12,Ryan J,Ryan J,Ryan J,Ryan J,1.0,1.0,1,0.0,True,False,False,5.0,4.0,5,4,4,positional_extremist_wr,8
79,79,Jonah Coleman,RB,8,Jason,Jason,Jason,Jason,1.5166666666666668,1.5166666666666668,3,1.5099999999999998,True,True,False,2.59,1.07,1,0,0,positional_extremist_wr,8
80,80,Alvin Kamara,RB,7,James,James,Coby,Coby,1.5099999999999998,1.5099999999999998,3,1.2199999999999998,True,True,False,6.51,5.0,6,5,5,emotional,8
81,81,Tyrone Tracy Jr,RB,8,Brandon,Brandon,CJ,CJ,1.2199999999999998,1.2199999999999998,2,1.0,True,True,False,5.22,4.0,5,4,4,value_purist,8
82,82,Samaje Perine,RB,9,Shane,Shane,Shane,Shane,1.0,1.0,1,0.0,True,False,False,9.66,8.66,5,4,4,stars_and_scrubs,8
83,83,Justin Herbert,QB,2,Coby,Coby,Shane,Shane,1.4877777777777776,1.4877777777777776,2,1.0,True,True,False,8.66,7.17,4,3,3,stars_and_scrubs,8
84,84,Dalton Schultz,TE,3,CJ,CJ,Shane,Shane,1.4805555555555556,1.4805555555555556,2,1.0,True,True,False,7.17,5.69,3,2,2,stars_and_scrubs,8
85,85,Caleb Douglas,WR,36,Ryan J,Ryan J,Ryan J,Ryan J,1.0,1.0,1,0.0,True,False,False,4.0,3.0,4,3,3,positional_extremist_wr,8
86,86,Ted Hurst III,WR,35,James,James,James,James,1.0,1.0,1,0.0,True,False,False,3.0,2.0,3,2,2,value_purist,8
87,87,Ty Johnson,RB,30,Brandon,Brandon,Brandon,Brandon,1.0,1.0,1,0.0,True,False,False,6.0,5.0,6,5,5,value_purist,8
88,88,Emmett Johnson,RB,9,Shane,Shane,Shane,Shane,1.0,1.0,1,0.0,True,False,False,5.69,4.69,2,1,1,stars_and_scrubs,8
89,89,Isaiah Likely,TE,2,Coby,Coby,Shane,Shane,1.1111111111111112,1.1111111111111112,2,1.0,True,True,False,4.69,3.58,1,0,0,stars_and_scrubs,8
90,90,AD Mitchell,WR,7,CJ,CJ,CJ,CJ,1.0,1.0,1,0.0,True,False,False,4.0,3.0,4,3,3,value_purist,8
91,91,Ray Davis,RB,9,Ryan J,Ryan J,Ryan J,Ryan J,1.0,1.0,1,0.0,True,False,False,3.0,2.0,3,2,2,positional_extremist_wr,8
92,92,Jayden Higgins,WR,7,James,James,James,James,1.0,1.0,1,0.0,True,False,False,2.0,1.0,2,1,1,value_purist,8
93,93,Brenton Strange,TE,3,Brandon,Brandon,Brandon,Brandon,1.0,1.0,1,0.0,True,False,False,5.0,4.0,5,4,4,value_purist,8
94,94,J'Mari Taylor,RB,16,Coby,Coby,Coby,Coby,1.0,1.0,1,0.0,True,False,False,5.0,4.0,5,4,4,emotional,8
95,95,Keon Coleman,WR,8,CJ,CJ,CJ,CJ,1.0,1.0,1,0.0,True,False,False,3.0,2.0,3,2,2,value_purist,8
96,96,David Njoku,TE,18,Ryan J,Ryan J,Ryan J,Ryan J,1.0,1.0,1,0.0,True,False,False,2.0,1.0,2,1,1,positional_extremist_wr,8
97,97,Jake Tonges,TE,16,James,James,James,James,1.0,1.0,1,0.0,True,False,False,1.0,0.0,1,0,0,value_purist,8
98,98,Dallas Goedert,TE,2,Brandon,Brandon,Brandon,Brandon,1.0,1.0,1,0.0,True,False,False,4.0,3.0,4,3,3,value_purist,8
99,99,Cooper Kupp,WR,8,Coby,Coby,Coby,Coby,1.0,1.0,1,0.0,True,False,False,4.0,3.0,4,3,3,emotional,8
100,100,Jordan Love,QB,3,CJ,CJ,CJ,CJ,1.0,1.0,1,0.0,True,False,False,2.0,1.0,2,1,1,value_purist,8
101,101,Chig Okonkwo,TE,3,Ryan J,Ryan J,Ryan J,Ryan J,1.0,1.0,1,0.0,True,False,False,1.0,0.0,1,0,0,positional_extremist_wr,8
102,102,Tyler Shough,QB,4,Brandon,Brandon,Brandon,Brandon,1.0,1.0,1,0.0,True,False,False,3.0,2.0,3,2,2,value_purist,8
103,103,Emari Demercado,RB,15,Coby,Coby,Coby,Coby,1.0,1.0,1,0.0,True,False,False,3.0,2.0,3,2,2,emotional,8
104,104,Christian Kirk,WR,9,CJ,CJ,CJ,CJ,1.0,1.0,1,0.0,True,False,False,1.0,0.0,1,0,0,value_purist,8
105,105,Justice Hill,RB,10,Brandon,Brandon,Brandon,Brandon,1.0,1.0,1,0.0,True,False,False,2.0,1.0,2,1,1,value_purist,8
106,106,Baker Mayfield,QB,3,Coby,Coby,Coby,Coby,1.0,1.0,1,0.0,True,False,False,2.0,1.0,2,1,1,emotional,8
107,107,Juwan Johnson,TE,3,Brandon,Brandon,Brandon,Brandon,1.0,1.0,1,0.0,True,False,False,1.0,0.0,1,0,0,value_purist,8
108,108,Chris Rodriguez Jr,RB,10,Coby,Coby,Coby,Coby,1.0,1.0,1,0.0,True,False,False,1.0,0.0,1,0,0,emotional,8
1,1,Jaylen Waddle,WR,1,Shane,Shane,Shane,Shane,256.0,256.0,12,252.0,True,True,False,324.0,68.0,9,8,8,emotional,9
2,2,James Cook,RB,2,Brandon,Brandon,James,James,274.0,274.0,12,273.0,True,True,False,297.0,23.0,9,8,8,positional_extremist_wr,9
3,3,Bucky Irving,RB,1,James,James,Brad,Brad,257.0,257.0,12,256.0,True,True,False,281.0,24.0,9,8,8,anchor,9
4,4,DJ Moore,WR,2,Coby,Coby,Sam,Sam,190.0,190.0,12,189.0,True,True,False,223.0,33.0,9,8,8,tier_controller,9
5,5,Tony Pollard,RB,2,Sam,Sam,CJ,CJ,256.0,256.0,12,254.0,True,True,False,264.0,8.0,9,8,8,emotional,9
6,6,Tee Higgins,WR,1,Jason,Jason,Travis,Travis,235.83333333333331,235.83333333333331,11,234.0,True,True,False,264.0,28.17,9,8,8,emotional,9
7,7,Jacoby Brissett,QB,10,Brad,Brad,Brad,Brad,1.0,1.0,1,0.0,True,False,False,24.0,23.0,8,7,7,anchor,9
8,8,Rachaad White,RB,4,CJ,CJ,Reid,Reid,200.0,200.0,11,199.0,True,True,False,260.0,60.0,9,8,8,tier_controller,9
9,9,Kenny Gainwell,RB,3,Evan,Evan,Jason,Jason,120.93333333333332,120.93333333333332,11,119.93333333333332,True,True,False,209.0,88.07,9,8,8,tier_controller,9
10,10,Josh Jacobs,RB,1,Reid,Reid,Coby,Coby,96.0,96.0,10,92.0,True,True,False,274.0,178.0,9,8,8,value_purist,9
11,11,Bhayshul Tuten,RB,1,Travis,Travis,Ryan J,Ryan J,82.34980921906259,82.34980921906259,11,81.34980921906259,True,True,False,257.0,174.65,9,8,8,positional_extremist_wr,9
12,12,Jordan Mason,RB,3,Ryan J,Ryan J,Ryan J,Ryan J,69.0,69.0,11,68.0,True,True,False,174.65,105.65,8,7,7,positional_extremist_wr,9
13,13,Tyrod Taylor,QB,6,Shane,Shane,Shane,Shane,1.0,1.0,1,0.0,True,False,False,68.0,67.0,8,7,7,emotional,9
14,14,Marcus Mariota,QB,5,Brandon,Brandon,Brandon,Brandon,1.0,1.0,1,0.0,True,False,False,184.0,183.0,9,8,8,price_enforcer,9
15,15,Deebo Samuel,WR,2,James,James,Shane,Shane,60.84253007680065,60.84253007680065,11,56.84253007680065,True,True,False,67.0,6.16,7,6,6,emotional,9
16,16,Jeremiyah Love,RB,1,Coby,Coby,Coby,Coby,48.44133333333333,48.44133333333333,9,47.44133333333333,True,True,False,178.0,129.56,8,7,7,value_purist,9
17,17,Jonathon Brooks,RB,2,Sam,Sam,Coby,Coby,48.0,48.0,9,47.0,True,True,False,129.56,81.56,7,6,6,value_purist,9
18,18,Carnell Tate,WR,3,Jason,Jason,Evan,Evan,51.803155555555556,51.803155555555556,9,51.695131944444455,True,True,False,184.0,132.2,9,8,8,balanced,9
19,19,RJ Harvey,RB,3,Brad,Brad,Coby,Coby,39.0,39.0,9,38.0,True,True,False,81.56,42.56,6,5,5,value_purist,9
20,20,Aaron Jones Sr,RB,4,CJ,CJ,Coby,Coby,38.56,38.56,10,38.17,True,True,False,42.56,4.0,5,4,4,value_purist,9
21,21,DeVonta Smith,WR,1,Evan,Evan,Ryan J,Ryan J,39.14533333333333,39.14533333333333,8,38.14533333333333,True,True,False,105.65,66.5,7,6,6,positional_extremist_wr,9
22,22,Chuba Hubbard,RB,3,Reid,Reid,Brandon,Brandon,34.33643333333333,34.33643333333333,7,33.33643333333333,True,True,False,183.0,148.66,8,7,7,price_enforcer,9
23,23,DK Metcalf,WR,3,Travis,Travis,Evan,Evan,33.756102222222225,33.756102222222225,9,32.756102222222225,True,True,False,132.2,98.44,8,7,7,balanced,9
24,24,Cam Ward,QB,12,Ryan J,Ryan J,Ryan J,Ryan J,1.0,1.0,1,0.0,True,False,False,66.5,65.5,6,5,5,positional_extremist_wr,9
25,25,Nick Chubb,RB,5,Shane,Shane,Jason,Jason,31.524853333333336,31.524853333333336,10,30.524853333333336,True,True,False,88.07,56.55,8,7,7,tier_controller,9
26,26,Tua Tagovailoa,QB,12,Brandon,Brandon,Brandon,Brandon,1.0,1.0,1,0.0,True,False,False,148.66,147.66,7,6,6,price_enforcer,9
27,27,Jaylen Warren,RB,2,James,James,Brandon,Brandon,25.35843111111111,25.35843111111111,9,24.35843111111111,True,True,False,147.66,122.3,6,5,5,price_enforcer,9
28,28,JK Dobbins,RB,5,Coby,Coby,Evan,Evan,25.80316,25.80316,10,24.80316,True,True,False,98.44,72.64,7,6,6,balanced,9
29,29,Courtland Sutton,WR,4,Sam,Sam,Ryan J,Ryan J,24.910933333333332,24.910933333333332,9,21.910933333333332,True,True,False,65.5,40.59,5,4,4,positional_extremist_wr,9
30,30,Josh Allen,QB,1,Jason,Jason,Brandon,Brandon,22.17,22.17,8,21.17,True,True,False,122.3,100.13,5,4,4,price_enforcer,9
31,31,Jalen Hurts,QB,1,Brad,Brad,Reid,Reid,21.469941333333335,21.469941333333335,9,20.469941333333335,True,True,False,60.0,38.53,8,7,7,tier_controller,9
32,32,Rashee Rice,WR,1,CJ,CJ,Travis,Travis,21.17,21.17,9,19.0,True,True,False,28.17,7.0,8,7,7,emotional,9
33,33,Joe Burrow,QB,1,Evan,Evan,Jason,Jason,20.58922666666667,20.58922666666667,6,19.936995555555555,True,True,False,56.55,35.96,7,6,6,tier_controller,9
34,34,Bill Croskey-Merritt,RB,4,Reid,Reid,Brandon,Brandon,19.859116666666665,19.859116666666665,7,19.243546666666667,True,True,False,100.13,80.27,4,3,3,price_enforcer,9
35,35,Travis Etienne,RB,5,Travis,Travis,Evan,Evan,16.857784444444448,16.857784444444448,8,15.857784444444446,True,True,False,72.64,55.78,6,5,5,balanced,9
36,36,Khalil Shakir,WR,5,Ryan J,Ryan J,Ryan J,Ryan J,16.79535222222222,16.79535222222222,8,15.79535222222222,True,True,False,40.59,23.79,4,3,3,positional_extremist_wr,9
37,37,Davante Adams,WR,2,Shane,Shane,James,James,16.0,16.0,8,15.0,True,True,False,23.0,7.0,8,7,7,positional_extremist_wr,9
38,38,Jacory Croskey-Merritt,RB,4,Brandon,Brandon,Brandon,Brandon,14.0,14.0,6,13.0,True,True,False,80.27,66.27,3,2,2,price_enforcer,9
39,39,Romeo Doubs,WR,5,James,James,Evan,Evan,13.885833333333334,13.885833333333334,8,12.885833333333334,True,True,False,55.78,41.89,5,4,4,balanced,9
40,40,Mike Evans,WR,3,Coby,Coby,Brandon,Brandon,10.304,10.304,8,9.304,True,True,False,66.27,55.97,2,1,1,price_enforcer,9
41,41,Terry McLaurin,WR,2,Sam,Sam,Brandon,Brandon,10.274666666666667,10.274666666666667,7,9.274666666666667,True,True,False,55.97,45.7,1,0,0,price_enforcer,9
42,42,Matthew Golden,WR,4,Jason,Jason,Reid,Reid,13.535160888888893,13.535160888888893,6,12.592533333333334,True,True,False,38.53,24.99,7,6,6,tier_controller,9
43,43,Chris Godwin Jr,WR,3,Brad,Brad,Evan,Evan,9.453380000000001,9.453380000000001,6,8.453380000000001,True,True,False,41.89,32.44,4,3,3,balanced,9
44,44,TJ Hockenson,TE,1,CJ,CJ,Ryan J,Ryan J,8.419016666666668,8.419016666666668,7,7.831288888888889,True,True,False,23.79,15.37,3,2,2,positional_extremist_wr,9
45,45,Austin Ekeler,RB,6,Evan,Evan,Jason,Jason,7.799324444444445,7.799324444444445,5,7.0,True,True,False,35.96,28.16,6,5,5,tier_controller,9
46,46,Josh Downs,WR,4,Reid,Reid,Evan,Evan,7.444980000000001,7.444980000000001,6,6.39487,True,True,False,32.44,25.0,3,2,2,balanced,9
47,47,Michael Pittman Jr,WR,4,Travis,Travis,Sam,Sam,6.37266888888889,6.37266888888889,7,5.37266888888889,True,True,False,33.0,26.63,8,7,7,tier_controller,9
48,48,Zach Charbonnet,RB,5,Ryan J,Ryan J,Jason,Jason,6.0324977777777775,6.0324977777777775,6,5.704737777777777,True,True,False,28.16,22.13,5,4,4,tier_controller,9
49,49,Mark Andrews,TE,1,Shane,Shane,Sam,Sam,9.089706666666666,9.089706666666666,6,8.529919999999999,True,True,False,26.63,17.54,7,6,6,tier_controller,9
50,50,Keaton Mitchell,RB,6,James,James,Reid,Reid,8.207361111111112,8.207361111111112,6,7.207361111111112,True,True,False,24.99,16.78,6,5,5,tier_controller,9
51,51,Jayden Daniels,QB,2,Coby,Coby,Evan,Evan,5.5616666666666665,5.5616666666666665,4,4.5616666666666665,True,True,False,25.0,19.44,2,1,1,balanced,9
52,52,Braelon Allen,RB,8,Sam,Sam,Jason,Jason,6.912149333333334,6.912149333333334,5,5.912149333333334,True,True,False,22.13,15.22,4,3,3,tier_controller,9
53,53,Stefon Diggs,WR,5,Jason,Jason,Ryan J,Ryan J,5.2394622222222225,5.2394622222222225,5,4.523333333333333,True,True,False,15.37,10.13,2,1,1,positional_extremist_wr,9
54,54,Lamar Jackson,QB,1,Brad,Brad,Brad,Brad,4.504166666666666,4.504166666666666,5,3.663911111111111,True,True,False,23.0,18.5,7,6,6,anchor,9
55,55,Brian Robinson Jr,RB,6,CJ,CJ,Evan,Evan,4.296240000000001,4.296240000000001,6,3.64832,True,True,False,19.44,15.14,1,0,0,balanced,9
56,56,Ricky Pearsall,WR,6,Reid,Reid,Sam,Sam,5.812366222222222,5.812366222222222,4,5.560519111111111,True,True,False,17.54,11.73,6,5,5,tier_controller,9
57,57,Jakobi Meyers,WR,5,Travis,Travis,Brad,Brad,3.576666666666666,3.576666666666666,4,3.4604088888888884,True,True,False,18.5,14.92,6,5,5,anchor,9
58,58,Makai Lemon,WR,6,Ryan J,Ryan J,Reid,Reid,3.4454933333333333,3.4454933333333333,4,3.125173333333333,True,True,False,16.78,13.33,5,4,4,tier_controller,9
59,59,Tyler Allgeier,RB,6,Shane,Shane,Jason,Jason,4.9786311111111115,4.9786311111111115,3,2.0,True,True,False,15.22,10.24,3,2,2,tier_controller,9
60,60,Jajuan Jennings,WR,6,James,James,Reid,Reid,4.335054222222222,4.335054222222222,4,3.3350542222222224,True,True,False,13.33,8.99,4,3,3,tier_controller,9
61,61,Dalton Kincaid,TE,2,Coby,Coby,Sam,Sam,3.803648,3.803648,4,3.0,True,True,False,11.73,7.93,5,4,4,tier_controller,9
62,62,CJ Stroud,QB,2,Sam,Sam,Brad,Brad,2.8223666666666665,2.8223666666666665,3,2.0662044444444443,True,True,False,14.92,12.1,5,4,4,anchor,9
63,63,Alvin Kamara,RB,7,Jason,Jason,Ryan J,Ryan J,3.0571022222222224,3.0571022222222224,3,2.0571022222222224,True,True,False,10.13,7.07,1,0,0,positional_extremist_wr,9
64,64,Travis Kelce,TE,1,Brad,Brad,Jason,Jason,3.2768,3.2768,3,2.8768000000000002,True,True,False,10.24,6.96,2,1,1,tier_controller,9
65,65,Dak Prescott,QB,2,CJ,CJ,Reid,Reid,2.864014222222223,2.864014222222223,4,2.2173013333333333,True,True,False,8.99,6.13,3,2,2,tier_controller,9
66,66,Isiah Pacheco,RB,7,Reid,Reid,Brad,Brad,2.0,2.0,2,1.0,True,True,False,12.1,10.1,4,3,3,anchor,9
67,67,Tank Bigsby,RB,8,Travis,Travis,Sam,Sam,2.5037653333333334,2.5037653333333334,4,2.197504,True,True,False,7.93,5.43,4,3,3,tier_controller,9
68,68,KC Concepcion,WR,6,Shane,Shane,Brad,Brad,1.8600833333333333,1.8600833333333333,2,1.0,True,True,False,10.1,8.24,3,2,2,anchor,9
69,69,Dylan Sampson,RB,7,James,James,Jason,Jason,2.177706666666667,2.177706666666667,3,1.7372666666666665,True,True,False,6.96,4.78,1,0,0,tier_controller,9
70,70,George Kittle,TE,1,Coby,Coby,Brad,Brad,1.5038,1.5038,2,1.0,True,True,False,8.24,6.74,2,1,1,anchor,9
71,71,Xavier Worthy,WR,7,Sam,Sam,Reid,Reid,1.9377777777777778,1.9377777777777778,3,1.408098333333333,True,True,False,6.13,4.19,2,1,1,tier_controller,9
72,72,AD Mitchell,WR,7,Brad,Brad,Brad,Brad,1.2188166666666664,1.2188166666666664,2,1.2055555555555555,True,True,False,6.74,5.52,1,0,0,anchor,9
73,73,Mike Washington Jr.,RB,7,CJ,CJ,Reid,Reid,1.92,1.92,2,1.0,True,True,False,4.19,2.27,1,0,0,tier_controller,9
74,74,Tyson Bagent,QB,9,Travis,Travis,Travis,Travis,1.0,1.0,1,0.0,True,False,False,7.0,6.0,7,6,6,emotional,9
75,75,Jayden Higgins,WR,7,Shane,Shane,Sam,Sam,1.1888888888888889,1.1888888888888889,2,1.0,True,True,False,5.43,4.24,3,2,2,tier_controller,9
76,76,Justin Herbert,QB,2,James,James,Sam,Sam,1.8933333333333335,1.8933333333333335,2,1.0,True,True,False,4.24,2.35,2,1,1,tier_controller,9
77,77,Rashid Shaheed,WR,7,Coby,Coby,Sam,Sam,1.8844444444444446,1.8844444444444446,2,1.0,True,True,False,2.35,0.47,1,0,0,tier_controller,9
78,78,Tyrone Tracy Jr,RB,8,CJ,CJ,Shane,Shane,1.1600000000000001,1.1600000000000001,2,1.0,True,True,False,6.16,5.0,6,5,5,emotional,9
79,79,Jonah Coleman,RB,8,Travis,Travis,Travis,Travis,1.0,1.0,1,0.0,True,False,False,6.0,5.0,6,5,5,emotional,9
80,80,Kimani Vidal,RB,9,Shane,Shane,Shane,Shane,1.0,1.0,1,0.0,True,False,False,5.0,4.0,5,4,4,emotional,9
81,81,Jake Ferguson,TE,2,James,James,James,James,1.0,1.0,1,0.0,True,False,False,7.0,6.0,7,6,6,positional_extremist_wr,9
82,82,Dallas Goedert,TE,2,Coby,Coby,Coby,Coby,1.0,1.0,1,0.0,True,False,False,4.0,3.0,4,3,3,value_purist,9
83,83,Joe Flacco,QB,5,CJ,CJ,CJ,CJ,1.0,1.0,1,0.0,True,False,False,8.0,7.0,8,7,7,emotional,9
84,84,Isaiah Likely,TE,2,Travis,Travis,Travis,Travis,1.0,1.0,1,0.0,True,False,False,5.0,4.0,5,4,4,emotional,9
85,85,Ray Davis,RB,9,Shane,Shane,Shane,Shane,1.0,1.0,1,0.0,True,False,False,4.0,3.0,4,3,3,emotional,9
86,86,Chig Okonkwo,TE,3,James,James,James,James,1.0,1.0,1,0.0,True,False,False,6.0,5.0,6,5,5,positional_extremist_wr,9
87,87,Baker Mayfield,QB,3,Coby,Coby,Coby,Coby,1.0,1.0,1,0.0,True,False,False,3.0,2.0,3,2,2,value_purist,9
88,88,Rashod Bateman,WR,9,CJ,CJ,CJ,CJ,1.0,1.0,1,0.0,True,False,False,7.0,6.0,7,6,6,emotional,9
89,89,Dalton Schultz,TE,3,Travis,Travis,Travis,Travis,1.0,1.0,1,0.0,True,False,False,4.0,3.0,4,3,3,emotional,9
90,90,Samaje Perine,RB,9,Shane,Shane,Shane,Shane,1.0,1.0,1,0.0,True,False,False,3.0,2.0,3,2,2,emotional,9
91,91,Emmett Johnson,RB,9,James,James,James,James,1.0,1.0,1,0.0,True,False,False,5.0,4.0,5,4,4,positional_extremist_wr,9
92,92,Adonai Mitchell,WR,8,Coby,Coby,Coby,Coby,1.0,1.0,1,0.0,True,False,False,2.0,1.0,2,1,1,value_purist,9
93,93,Jared Goff,QB,3,CJ,CJ,CJ,CJ,1.0,1.0,1,0.0,True,False,False,6.0,5.0,6,5,5,emotional,9
94,94,Keon Coleman,WR,8,Travis,Travis,Travis,Travis,1.0,1.0,1,0.0,True,False,False,3.0,2.0,3,2,2,emotional,9
95,95,Juwan Johnson,TE,3,Shane,Shane,Shane,Shane,1.0,1.0,1,0.0,True,False,False,2.0,1.0,2,1,1,emotional,9
96,96,Brenton Strange,TE,3,James,James,James,James,1.0,1.0,1,0.0,True,False,False,4.0,3.0,4,3,3,positional_extremist_wr,9
97,97,Cooper Kupp,WR,8,Coby,Coby,Coby,Coby,1.0,1.0,1,0.0,True,False,False,1.0,0.0,1,0,0,value_purist,9
98,98,Matthew Stafford,QB,4,CJ,CJ,CJ,CJ,1.0,1.0,1,0.0,True,False,False,5.0,4.0,5,4,4,emotional,9
99,99,Christian Kirk,WR,9,Travis,Travis,Travis,Travis,1.0,1.0,1,0.0,True,False,False,2.0,1.0,2,1,1,emotional,9
100,100,Trey Benson,RB,10,Shane,Shane,Shane,Shane,1.0,1.0,1,0.0,True,False,False,1.0,0.0,1,0,0,emotional,9
101,101,Emanuel Wilson,RB,15,James,James,James,James,1.0,1.0,1,0.0,True,False,False,3.0,2.0,3,2,2,positional_extremist_wr,9
102,102,Patrick Mahomes,QB,3,CJ,CJ,CJ,CJ,1.0,1.0,1,0.0,True,False,False,4.0,3.0,4,3,3,emotional,9
103,103,Jordan Love,QB,3,Travis,Travis,Travis,Travis,1.0,1.0,1,0.0,True,False,False,1.0,0.0,1,0,0,emotional,9
104,104,James Conner,RB,10,James,James,James,James,1.0,1.0,1,0.0,True,False,False,2.0,1.0,2,1,1,positional_extremist_wr,9
105,105,Keenan Allen,WR,8,CJ,CJ,CJ,CJ,1.0,1.0,1,0.0,True,False,False,3.0,2.0,3,2,2,emotional,9
106,106,Kyler Murray,QB,4,James,James,James,James,1.0,1.0,1,0.0,True,False,False,1.0,0.0,1,0,0,positional_extremist_wr,9
107,107,Tre Tucker,WR,10,CJ,CJ,CJ,CJ,1.0,1.0,1,0.0,True,False,False,2.0,1.0,2,1,1,emotional,9
108,108,Justice Hill,RB,10,CJ,CJ,CJ,CJ,1.0,1.0,1,0.0,True,False,False,1.0,0.0,1,0,0,emotional,9
1,1,Rachaad White,RB,4,Sam,Sam,Brad,Brad,215.216,215.216,12,214.216,True,True,False,281.0,65.78,9,8,8,tier_controller,10
2,2,Kenny Gainwell,RB,3,James,James,Sam,Sam,201.69614444444446,201.69614444444446,12,200.69614444444446,True,True,False,223.0,21.3,9,8,8,positional_extremist_rb,10
3,3,Bhayshul Tuten,RB,1,Ryan J,Ryan J,Jason,Jason,177.0,177.0,12,176.0,True,True,False,209.0,32.0,9,8,8,positional_extremist_rb,10
4,4,James Cook,RB,2,CJ,CJ,Brandon,Brandon,96.0,96.0,12,95.0,True,True,False,184.0,88.0,9,8,8,emotional,10
5,5,Bucky Irving,RB,1,Travis,Travis,CJ,CJ,96.59440000000001,96.59440000000001,12,95.59440000000001,True,True,False,264.0,167.41,9,8,8,value_purist,10
6,6,Tee Higgins,WR,1,Reid,Reid,Shane,Shane,81.55752222222223,81.55752222222223,12,80.55752222222223,True,True,False,324.0,242.44,9,8,8,balanced,10
7,7,Jordan Mason,RB,3,Jason,Jason,Brandon,Brandon,81.0,81.0,12,80.0,True,True,False,88.0,7.0,8,7,7,emotional,10
8,8,Josh Jacobs,RB,1,Brandon,Brandon,CJ,CJ,73.0,73.0,12,72.0,True,True,False,167.41,94.41,8,7,7,value_purist,10
9,9,Tony Pollard,RB,2,Evan,Evan,Coby,Coby,77.63111111111112,77.63111111111112,11,76.63111111111112,True,True,False,274.0,196.37,9,8,8,balanced,10
10,10,Joe Flacco,QB,5,Coby,Coby,Coby,Coby,1.0,1.0,1,0.0,True,False,False,196.37,195.37,8,7,7,balanced,10
11,11,Jeremiyah Love,RB,1,Shane,Shane,CJ,CJ,70.31466666666667,70.31466666666667,11,69.31466666666667,True,True,False,94.41,24.1,7,6,6,value_purist,10
12,12,RJ Harvey,RB,3,Brad,Brad,Travis,Travis,69.01888888888888,69.01888888888888,11,68.01888888888888,True,True,False,264.0,194.98,9,8,8,balanced,10
13,13,Jaylen Waddle,WR,1,Sam,Sam,Reid,Reid,70.01909133333334,70.01909133333334,11,69.01909133333334,True,True,False,260.0,189.98,9,8,8,balanced,10
14,14,JK Dobbins,RB,5,James,James,Shane,Shane,56.339548598829836,56.339548598829836,10,55.704702777777776,True,True,False,242.44,186.1,8,7,7,balanced,10
15,15,Carnell Tate,WR,3,Ryan J,Ryan J,Coby,Coby,55.07886244444444,55.07886244444444,10,54.07886244444444,True,True,False,195.37,140.29,7,6,6,balanced,10
16,16,Bill Croskey-Merritt,RB,4,CJ,CJ,James,James,56.29957766666667,56.29957766666667,11,55.29957766666667,True,True,False,297.0,240.7,9,8,8,price_enforcer,10
17,17,Jaylen Warren,RB,2,Travis,Travis,Ryan J,Ryan J,51.92142222222222,51.92142222222222,11,50.92142222222222,True,True,False,257.0,205.08,9,8,8,price_enforcer,10
18,18,Nick Chubb,RB,5,Reid,Reid,Reid,Reid,53.22630666666667,53.22630666666667,10,52.22630666666667,True,True,False,189.98,136.75,8,7,7,balanced,10
19,19,Rashee Rice,WR,1,Jason,Jason,James,James,50.547,50.547,11,49.719899999999996,True,True,False,240.7,190.15,8,7,7,price_enforcer,10
20,20,Davante Adams,WR,2,Brandon,Brandon,Travis,Travis,48.27973888888889,48.27973888888889,12,47.27973888888889,True,True,False,194.98,146.7,8,7,7,balanced,10
21,21,Courtland Sutton,WR,4,Evan,Evan,Shane,Shane,41.84454000000001,41.84454000000001,10,40.84454000000001,True,True,False,186.1,144.26,7,6,6,balanced,10
22,22,Jonathon Brooks,RB,2,Coby,Coby,Ryan J,Ryan J,40.21066666666667,40.21066666666667,11,39.21066666666667,True,True,False,205.08,164.87,8,7,7,price_enforcer,10
23,23,Deebo Samuel,WR,2,Shane,Shane,Travis,Travis,40.539730000000006,40.539730000000006,11,39.865449555555564,True,True,False,146.7,106.16,7,6,6,balanced,10
24,24,DJ Moore,WR,2,Brad,Brad,Shane,Shane,39.71557944444445,39.71557944444445,11,39.19202777777778,True,True,False,144.26,104.54,6,5,5,balanced,10
25,25,Josh Allen,QB,1,Sam,Sam,James,James,38.781333333333336,38.781333333333336,11,37.781333333333336,True,True,False,190.15,151.37,7,6,6,price_enforcer,10
26,26,DeVonta Smith,WR,1,James,James,Evan,Evan,35.84647722222222,35.84647722222222,11,34.84647722222222,True,True,False,184.0,148.15,9,8,8,price_enforcer,10
27,27,TJ Hockenson,TE,1,Ryan J,Ryan J,Coby,Coby,33.84584222222223,33.84584222222223,11,32.84584222222223,True,True,False,140.29,106.44,6,5,5,balanced,10
28,28,Jacory Croskey-Merritt,RB,4,CJ,CJ,Reid,Reid,33.708875,33.708875,11,32.72811,True,True,False,136.75,103.04,7,6,6,balanced,10
29,29,Chuba Hubbard,RB,3,Travis,Travis,Ryan J,Ryan J,33.34037777777778,33.34037777777778,11,30.610377777777785,True,True,False,164.87,131.53,7,6,6,price_enforcer,10
30,30,Terry McLaurin,WR,2,Reid,Reid,James,James,30.0,30.0,11,29.0,True,True,False,151.37,121.37,6,5,5,price_enforcer,10
31,31,Joe Burrow,QB,1,Jason,Jason,Reid,Reid,27.618154666666673,27.618154666666673,10,27.439420649653055,True,True,False,103.04,75.42,6,5,5,balanced,10
32,32,DK Metcalf,WR,3,Brandon,Brandon,Evan,Evan,29.0,29.0,11,28.0,True,True,False,148.15,119.15,8,7,7,price_enforcer,10
33,33,Aaron Jones Sr,RB,4,Evan,Evan,Ryan J,Ryan J,26.0,26.0,11,25.0,True,True,False,131.53,105.53,6,5,5,price_enforcer,10
34,34,Keaton Mitchell,RB,6,Coby,Coby,Coby,Coby,28.197729999999996,28.197729999999996,10,28.123553333333334,True,True,False,106.44,78.24,5,4,4,balanced,10
35,35,Dylan Sampson,RB,7,Shane,Shane,Travis,Travis,24.363752149507306,24.363752149507306,10,23.762659555555558,True,True,False,106.16,81.8,6,5,5,balanced,10
36,36,Romeo Doubs,WR,5,Brad,Brad,Shane,Shane,24.437805039368175,24.437805039368175,10,23.437805039368175,True,True,False,104.54,80.1,5,4,4,balanced,10
37,37,Tyler Allgeier,RB,6,Sam,Sam,James,James,23.788520000000002,23.788520000000002,11,23.575552000000002,True,True,False,121.37,97.58,5,4,4,price_enforcer,10
38,38,Mike Evans,WR,3,James,James,Jason,Jason,23.60180111111111,23.60180111111111,11,21.60180111111111,True,True,False,32.0,8.4,8,7,7,positional_extremist_rb,10
39,39,Austin Ekeler,RB,6,Ryan J,Ryan J,Evan,Evan,21.519722222222224,21.519722222222224,9,20.519722222222224,True,True,False,119.15,97.63,7,6,6,price_enforcer,10
40,40,Lamar Jackson,QB,1,CJ,CJ,Ryan J,Ryan J,20.1,20.1,9,19.1,True,True,False,105.53,85.43,5,4,4,price_enforcer,10
41,41,Travis Etienne,RB,5,Travis,Travis,Travis,Travis,19.159377777777777,19.159377777777777,10,19.1,True,True,False,81.8,62.64,5,4,4,balanced,10
42,42,Chris Godwin Jr,WR,3,Reid,Reid,CJ,CJ,19.0,19.0,10,18.0,True,True,False,24.1,5.1,6,5,5,value_purist,10
43,43,Zach Charbonnet,RB,5,Jason,Jason,Evan,Evan,18.679873333333333,18.679873333333333,10,18.0,True,True,False,97.63,78.95,6,5,5,price_enforcer,10
44,44,Mike Washington Jr.,RB,7,Brandon,Brandon,Brad,Brad,19.60993807868507,19.60993807868507,9,18.60993807868507,True,True,False,65.78,46.17,8,7,7,tier_controller,10
45,45,Matthew Golden,WR,4,Evan,Evan,Shane,Shane,20.118132000000003,20.118132000000003,9,19.118132000000003,True,True,False,80.1,59.98,4,3,3,balanced,10
46,46,Jalen Hurts,QB,1,Coby,Coby,Coby,Coby,19.751688,19.751688,8,16.921550000000003,True,True,False,78.24,58.49,4,3,3,balanced,10
47,47,Josh Downs,WR,4,Shane,Shane,James,James,17.93168,17.93168,9,16.93168,True,True,False,97.58,79.65,4,3,3,price_enforcer,10
48,48,Brian Robinson Jr,RB,6,Brad,Brad,Reid,Reid,17.01337888888889,17.01337888888889,9,16.01337888888889,True,True,False,75.42,58.41,5,4,4,balanced,10
49,49,Jayden Daniels,QB,2,Sam,Sam,Ryan J,Ryan J,15.868000000000002,15.868000000000002,9,14.868000000000002,True,True,False,85.43,69.56,4,3,3,price_enforcer,10
50,50,Dak Prescott,QB,2,James,James,Brad,Brad,11.497157417335632,11.497157417335632,8,10.497157417335632,True,True,False,46.17,34.67,7,6,6,tier_controller,10
51,51,Ricky Pearsall,WR,6,Ryan J,Ryan J,Travis,Travis,15.488088000000001,15.488088000000001,9,14.830388222222224,True,True,False,62.64,47.15,4,3,3,balanced,10
52,52,Khalil Shakir,WR,5,CJ,CJ,Shane,Shane,14.768075666666668,14.768075666666668,10,14.381515500000003,True,True,False,59.98,45.21,3,2,2,balanced,10
53,53,Michael Pittman Jr,WR,4,Travis,Travis,James,James,14.620200000000002,14.620200000000002,9,14.036771111111111,True,True,False,79.65,65.03,3,2,2,price_enforcer,10
54,54,Jajuan Jennings,WR,6,Reid,Reid,Coby,Coby,14.279683611111114,14.279683611111114,9,13.682463205051404,True,True,False,58.49,44.21,3,2,2,balanced,10
55,55,KC Concepcion,WR,6,Jason,Jason,Evan,Evan,13.770410000000002,13.770410000000002,10,12.770410000000002,True,True,False,78.95,65.18,5,4,4,price_enforcer,10
56,56,Travis Kelce,TE,1,Brandon,Brandon,Reid,Reid,12.812064444444445,12.812064444444445,10,11.812064444444445,True,True,False,58.41,45.6,4,3,3,balanced,10
57,57,Jakobi Meyers,WR,5,Evan,Evan,Ryan J,Ryan J,12.551715555555555,12.551715555555555,9,11.686902222222223,True,True,False,69.56,57.01,3,2,2,price_enforcer,10
58,58,Alvin Kamara,RB,7,Coby,Coby,Evan,Evan,11.710673333333334,11.710673333333334,8,11.645148333333333,True,True,False,65.18,53.47,4,3,3,price_enforcer,10
59,59,Stefon Diggs,WR,5,Shane,Shane,James,James,10.603394444444445,10.603394444444445,9,9.603394444444445,True,True,False,65.03,54.43,2,1,1,price_enforcer,10
60,60,Mark Andrews,TE,1,Brad,Brad,Brad,Brad,11.291633777777777,11.291633777777777,10,11.217246944444446,True,True,False,34.67,23.38,6,5,5,tier_controller,10
61,61,Isiah Pacheco,RB,7,Sam,Sam,Travis,Travis,10.152966666666668,10.152966666666668,9,10.109773333333333,True,True,False,47.15,37.0,3,2,2,balanced,10
62,62,Xavier Worthy,WR,7,James,James,Reid,Reid,10.753746666666666,10.753746666666666,8,10.0,True,True,False,45.6,34.85,3,2,2,balanced,10
63,63,Tank Bigsby,RB,8,Ryan J,Ryan J,Shane,Shane,10.614805666666667,10.614805666666667,8,10.021091111111112,True,True,False,45.21,34.6,2,1,1,balanced,10
64,64,Jonah Coleman,RB,8,CJ,CJ,Ryan J,Ryan J,9.976750000000001,9.976750000000001,9,9.52525,True,True,False,57.01,47.03,2,1,1,price_enforcer,10
65,65,Justin Herbert,QB,2,Travis,Travis,Reid,Reid,8.109982222222223,8.109982222222223,8,8.088026074825226,True,True,False,34.85,26.74,2,1,1,balanced,10
66,66,Dalton Kincaid,TE,2,Reid,Reid,Coby,Coby,9.571872222222224,9.571872222222224,9,8.571872222222224,True,True,False,44.21,34.64,2,1,1,balanced,10
67,67,Jake Ferguson,TE,2,Jason,Jason,James,James,9.398246666666667,9.398246666666667,9,8.533433333333335,True,True,False,54.43,45.03,1,0,0,price_enforcer,10
68,68,George Kittle,TE,1,Brandon,Brandon,Evan,Evan,8.722722222222224,8.722722222222224,9,7.722722222222223,True,True,False,53.47,44.75,3,2,2,price_enforcer,10
69,69,Riley Leonard,QB,7,Evan,Evan,Evan,Evan,1.0,1.0,1,0.0,True,False,False,44.75,43.75,2,1,1,price_enforcer,10
70,70,Makai Lemon,WR,6,Coby,Coby,Ryan J,Ryan J,8.010776666666668,8.010776666666668,8,7.6528333333333345,True,True,False,47.03,39.02,1,0,0,price_enforcer,10
71,71,Tyrone Tracy Jr,RB,8,Shane,Shane,Travis,Travis,7.6178888888888885,7.6178888888888885,6,7.418055555555556,True,True,False,37.0,29.38,2,1,1,balanced,10
72,72,Jacoby Brissett,QB,10,Brad,Brad,Brad,Brad,1.0,1.0,1,0.0,True,False,False,23.38,22.38,5,4,4,tier_controller,10
73,73,Braelon Allen,RB,8,Sam,Sam,Coby,Coby,7.7732160000000015,7.7732160000000015,7,6.875136,True,True,False,34.64,26.87,1,0,0,balanced,10
74,74,Dalton Schultz,TE,3,CJ,CJ,Sam,Sam,7.077001218360513,7.077001218360513,6,6.077001218360513,True,True,False,21.3,14.22,8,7,7,positional_extremist_rb,10
75,75,AD Mitchell,WR,7,Travis,Travis,Evan,Evan,7.281944444444446,7.281944444444446,6,6.993044444444445,True,True,False,43.75,36.47,1,0,0,price_enforcer,10
76,76,Aaron Rodgers,QB,11,Reid,Reid,Reid,Reid,1.0,1.0,1,0.0,True,False,False,26.74,25.74,1,0,0,balanced,10
77,77,Jayden Higgins,WR,7,Jason,Jason,Shane,Shane,6.0,6.0,5,5.0,True,True,False,34.6,28.6,1,0,0,balanced,10
78,78,CJ Stroud,QB,2,Brandon,Brandon,Travis,Travis,5.197493333333333,5.197493333333333,4,4.197493333333333,True,True,False,29.38,24.18,1,0,0,balanced,10
79,79,Isaiah Likely,TE,2,Brad,Brad,Brad,Brad,2.3272000000000004,2.3272000000000004,3,1.3272000000000004,True,True,False,22.38,20.05,4,3,3,tier_controller,10
80,80,Cam Ward,QB,12,Sam,Sam,Sam,Sam,1.0,1.0,1,0.0,True,False,False,14.22,13.22,7,6,6,positional_extremist_rb,10
81,81,Dallas Goedert,TE,2,CJ,CJ,Brad,Brad,2.0,2.0,2,1.0,True,True,False,20.05,18.05,3,2,2,tier_controller,10
82,82,Ray Davis,RB,9,Jason,Jason,Sam,Sam,3.4000000000000004,3.4000000000000004,3,2.4000000000000004,True,True,False,13.22,9.82,6,5,5,positional_extremist_rb,10
83,83,Rashod Bateman,WR,9,Brandon,Brandon,Brad,Brad,4.003990601585296,4.003990601585296,3,3.1747791952281332,True,True,False,18.05,14.05,2,1,1,tier_controller,10
84,84,Rashid Shaheed,WR,7,Brad,Brad,Brad,Brad,4.096355555555556,4.096355555555556,3,3.634763888888889,True,True,False,14.05,9.95,1,0,0,tier_controller,10
85,85,Jordan Love,QB,3,Sam,Sam,Jason,Jason,2.0999999999999996,2.0999999999999996,3,1.0999999999999996,True,True,False,8.4,6.3,7,6,6,positional_extremist_rb,10
86,86,Trey Benson,RB,10,CJ,CJ,Sam,Sam,2.3,2.3,3,1.2999999999999998,True,True,False,9.82,7.52,5,4,4,positional_extremist_rb,10
87,87,Kimani Vidal,RB,9,Jason,Jason,Sam,Sam,2.3,2.3,3,1.2999999999999998,True,True,False,7.52,5.22,4,3,3,positional_extremist_rb,10
88,88,Chig Okonkwo,TE,3,Brandon,Brandon,Sam,Sam,1.8944250000000005,1.8944250000000005,3,1.0999999999999996,True,True,False,5.22,3.33,3,2,2,positional_extremist_rb,10
89,89,Trey Lance,QB,6,Sam,Sam,Sam,Sam,1.0,1.0,1,0.0,True,False,False,3.33,2.33,2,1,1,positional_extremist_rb,10
90,90,Anthony Richardson Sr.,QB,8,CJ,CJ,CJ,CJ,1.0,1.0,1,0.0,True,False,False,5.1,4.1,5,4,4,value_purist,10
91,91,Samaje Perine,RB,9,Jason,Jason,Sam,Sam,1.7875,1.7875,3,1.2999999999999998,True,True,False,2.33,0.54,1,0,0,positional_extremist_rb,10
92,92,Quinn Ewers,QB,7,Brandon,Brandon,Brandon,Brandon,1.0,1.0,1,0.0,True,False,False,7.0,6.0,7,6,6,emotional,10
93,93,Christian Kirk,WR,9,CJ,CJ,CJ,CJ,1.0,1.0,1,0.0,True,False,False,4.1,3.1,4,3,3,value_purist,10
94,94,Emmett Johnson,RB,9,Jason,Jason,Jason,Jason,1.2999999999999998,1.2999999999999998,2,1.1,True,True,False,6.3,5.0,6,5,5,positional_extremist_rb,10
95,95,Jared Goff,QB,3,Brandon,Brandon,CJ,CJ,1.1,1.1,2,1.0,True,True,False,3.1,2.0,3,2,2,value_purist,10
96,96,Patrick Mahomes,QB,3,CJ,CJ,CJ,CJ,1.0,1.0,1,0.0,True,False,False,2.0,1.0,2,1,1,value_purist,10
97,97,Justice Hill,RB,10,Jason,Jason,Jason,Jason,1.0,1.0,1,0.0,True,False,False,5.0,4.0,5,4,4,positional_extremist_rb,10
98,98,Baker Mayfield,QB,3,Brandon,Brandon,Brandon,Brandon,1.0,1.0,1,0.0,True,False,False,6.0,5.0,6,5,5,emotional,10
99,99,Keon Coleman,WR,8,CJ,CJ,CJ,CJ,1.0,1.0,1,0.0,True,False,False,1.0,0.0,1,0,0,value_purist,10
100,100,Ted Hurst III,WR,35,Jason,Jason,Jason,Jason,1.0,1.0,1,0.0,True,False,False,4.0,3.0,4,3,3,positional_extremist_rb,10
101,101,James Conner,RB,10,Brandon,Brandon,Brandon,Brandon,1.0,1.0,1,0.0,True,False,False,5.0,4.0,5,4,4,emotional,10
102,102,Chimere Dike,WR,35,Jason,Jason,Jason,Jason,1.0,1.0,1,0.0,True,False,False,3.0,2.0,3,2,2,positional_extremist_rb,10
103,103,Juwan Johnson,TE,3,Brandon,Brandon,Brandon,Brandon,1.0,1.0,1,0.0,True,False,False,4.0,3.0,4,3,3,emotional,10
104,104,Keenan Allen,WR,8,Jason,Jason,Jason,Jason,1.0,1.0,1,0.0,True,False,False,2.0,1.0,2,1,1,positional_extremist_rb,10
105,105,Emari Demercado,RB,15,Brandon,Brandon,Brandon,Brandon,1.0,1.0,1,0.0,True,False,False,3.0,2.0,3,2,2,emotional,10
106,106,David Njoku,TE,18,Jason,Jason,Jason,Jason,1.0,1.0,1,0.0,True,False,False,1.0,0.0,1,0,0,positional_extremist_rb,10
107,107,Chris Rodriguez Jr,RB,10,Brandon,Brandon,Brandon,Brandon,1.0,1.0,1,0.0,True,False,False,2.0,1.0,2,1,1,emotional,10
108,108,Tyreek Hill,WR,17,Brandon,Brandon,Brandon,Brandon,1.0,1.0,1,0.0,True,False,False,1.0,0.0,1,0,0,emotional,10
1,1,Jeremiyah Love,RB,1,Coby,Coby,Shane,Shane,289.0,289.0,12,288.0,True,True,False,324.0,35.0,9,8,8,anchor,11
2,2,Rachaad White,RB,4,Travis,Travis,James,James,235.18055555555557,235.18055555555557,11,234.59027777777777,True,True,False,297.0,61.82,9,8,8,positional_extremist_wr,11
3,3,Bucky Irving,RB,1,CJ,CJ,Travis,Travis,252.0,252.0,11,251.0,True,True,False,264.0,12.0,9,8,8,emotional,11
4,4,Tony Pollard,RB,2,Brad,Brad,Reid,Reid,249.0,249.0,10,248.0,True,True,False,260.0,11.0,9,8,8,stars_and_scrubs,11
5,5,Jaylen Warren,RB,2,Sam,Sam,Ryan J,Ryan J,176.87777777777777,176.87777777777777,9,175.87777777777777,True,True,False,257.0,80.12,9,8,8,positional_extremist_rb,11
6,6,Bhayshul Tuten,RB,1,Shane,Shane,Jason,Jason,176.6155611111111,176.6155611111111,10,175.6155611111111,True,True,False,209.0,32.38,9,8,8,tier_controller,11
7,7,Josh Jacobs,RB,1,Ryan J,Ryan J,Evan,Evan,104.024,104.024,8,103.024,True,True,False,184.0,79.98,9,8,8,positional_extremist_wr,11
8,8,Jaylen Waddle,WR,1,Brandon,Brandon,Coby,Coby,83.03170555555556,83.03170555555556,9,82.03170555555556,True,True,False,274.0,190.97,9,8,8,positional_extremist_rb,11
9,9,Tee Higgins,WR,1,Evan,Evan,Coby,Coby,82.73977777777779,82.73977777777779,9,81.73977777777779,True,True,False,190.97,108.23,8,7,7,positional_extremist_rb,11
10,10,Kenny Gainwell,RB,3,Jason,Jason,Brad,Brad,74.12,74.12,9,73.12,True,True,False,281.0,206.88,9,8,8,balanced,11
11,11,Jonathon Brooks,RB,2,Reid,Reid,Ryan J,Ryan J,73.12,73.12,10,71.08266666666665,True,True,False,80.12,7.0,8,7,7,positional_extremist_rb,11
12,12,Bill Croskey-Merritt,RB,4,James,James,Evan,Evan,65.17320555555555,65.17320555555555,8,64.17320555555555,True,True,False,79.98,14.81,8,7,7,positional_extremist_wr,11
13,13,Jordan Mason,RB,3,Coby,Coby,Sam,Sam,59.82,59.82,8,58.82,True,True,False,223.0,163.18,9,8,8,balanced,11
14,14,James Cook,RB,2,Travis,Travis,Brad,Brad,57.46666666666666,57.46666666666666,9,56.46666666666666,True,True,False,206.88,149.41,8,7,7,balanced,11
15,15,Rashee Rice,WR,1,CJ,CJ,CJ,CJ,55.82,55.82,7,54.82,True,True,False,264.0,208.18,9,8,8,price_enforcer,11
16,16,Aaron Jones Sr,RB,4,Brad,Brad,James,James,48.44133333333333,48.44133333333333,8,47.44133333333333,True,True,False,61.82,13.38,8,7,7,positional_extremist_wr,11
17,17,DJ Moore,WR,2,Sam,Sam,Brandon,Brandon,47.111041777777785,47.111041777777785,8,46.111041777777785,True,True,False,184.0,136.89,9,8,8,balanced,11
18,18,RJ Harvey,RB,3,Shane,Shane,CJ,CJ,43.0,43.0,7,42.0,True,True,False,208.18,165.18,8,7,7,price_enforcer,11
19,19,Chuba Hubbard,RB,3,Ryan J,Ryan J,Coby,Coby,42.2097,42.2097,8,41.61090000000001,True,True,False,108.23,66.02,7,6,6,positional_extremist_rb,11
20,20,Deebo Samuel,WR,2,Brandon,Brandon,Sam,Sam,42.0,42.0,7,41.0,True,True,False,163.18,121.18,8,7,7,balanced,11
21,21,Josh Allen,QB,1,Evan,Evan,Brad,Brad,35.43085333333334,35.43085333333334,8,34.43085333333334,True,True,False,149.41,113.98,7,6,6,balanced,11
22,22,DeVonta Smith,WR,1,Jason,Jason,Brandon,Brandon,34.519095,34.519095,8,34.30238000000001,True,True,False,136.89,102.37,8,7,7,balanced,11
23,23,Jalen Hurts,QB,1,Reid,Reid,Coby,Coby,31.11291388888889,31.11291388888889,8,30.11291388888889,True,True,False,66.02,34.91,6,5,5,positional_extremist_rb,11
24,24,Terry McLaurin,WR,2,James,James,CJ,CJ,31.328661111111117,31.328661111111117,8,30.328661111111117,True,True,False,165.18,133.85,7,6,6,price_enforcer,11
25,25,Davante Adams,WR,2,Coby,Coby,Sam,Sam,28.48386666666667,28.48386666666667,8,27.48386666666667,True,True,False,121.18,92.7,7,6,6,balanced,11
26,26,Nick Chubb,RB,5,Travis,Travis,Brad,Brad,28.37976111111111,28.37976111111111,8,27.37976111111111,True,True,False,113.98,85.6,6,5,5,balanced,11
27,27,Jacory Croskey-Merritt,RB,4,CJ,CJ,CJ,CJ,26.33088777777778,26.33088777777778,7,25.33088777777778,True,True,False,133.85,107.52,6,5,5,price_enforcer,11
28,28,JK Dobbins,RB,5,Brad,Brad,Brandon,Brandon,25.451337499999998,25.451337499999998,7,24.451337499999998,True,True,False,102.37,76.92,7,6,6,balanced,11
29,29,Carnell Tate,WR,3,Sam,Sam,Sam,Sam,24.12151111111111,24.12151111111111,8,23.12151111111111,True,True,False,92.7,68.58,6,5,5,balanced,11
30,30,DK Metcalf,WR,3,Shane,Shane,Brad,Brad,22.65930666666667,22.65930666666667,8,21.65930666666667,True,True,False,85.6,62.94,5,4,4,balanced,11
31,31,Keaton Mitchell,RB,6,Ryan J,Ryan J,CJ,CJ,20.870018,20.870018,8,19.870018,True,True,False,107.52,86.65,5,4,4,price_enforcer,11
32,32,Matthew Golden,WR,4,Brandon,Brandon,Brandon,Brandon,19.310479,19.310479,8,18.310479,True,True,False,76.92,57.61,6,5,5,balanced,11
33,33,Chris Godwin Jr,WR,3,Evan,Evan,CJ,CJ,17.25297777777778,17.25297777777778,8,16.581120000000002,True,True,False,86.65,69.4,4,3,3,price_enforcer,11
34,34,Travis Etienne,RB,5,Jason,Jason,Sam,Sam,16.158049999999996,16.158049999999996,6,15.158049999999998,True,True,False,68.58,52.42,5,4,4,balanced,11
35,35,Travis Kelce,TE,1,Reid,Reid,Brad,Brad,15.697095111111114,15.697095111111114,9,14.697095111111114,True,True,False,62.94,47.24,4,3,3,balanced,11
36,36,Lamar Jackson,QB,1,James,James,Brandon,Brandon,13.765589444444444,13.765589444444444,8,13.379166666666666,True,True,False,57.61,43.84,5,4,4,balanced,11
37,37,Mike Evans,WR,3,Coby,Coby,CJ,CJ,13.47596,13.47596,8,12.47596,True,True,False,69.4,55.92,3,2,2,price_enforcer,11
38,38,Mark Andrews,TE,1,Travis,Travis,Sam,Sam,12.558940444444445,12.558940444444445,9,11.558940444444445,True,True,False,52.42,39.86,4,3,3,balanced,11
39,39,TJ Hockenson,TE,1,CJ,CJ,Brad,Brad,11.15388888888889,11.15388888888889,6,10.873333333333335,True,True,False,47.24,36.09,3,2,2,balanced,11
40,40,Brian Robinson Jr,RB,6,Brad,Brad,Coby,Coby,11.0,11.0,7,10.0,True,True,False,34.91,23.91,5,4,4,positional_extremist_rb,11
41,41,Courtland Sutton,WR,4,Sam,Sam,Jason,Jason,11.42078577777778,11.42078577777778,7,11.295132444444446,True,True,False,32.38,20.96,8,7,7,tier_controller,11
42,42,Khalil Shakir,WR,5,Shane,Shane,Brandon,Brandon,11.249587555555557,11.249587555555557,8,10.742853333333334,True,True,False,43.84,32.59,4,3,3,balanced,11
43,43,Josh Downs,WR,4,Ryan J,Ryan J,CJ,CJ,10.260806666666667,10.260806666666667,7,9.260806666666667,True,True,False,55.92,45.66,2,1,1,price_enforcer,11
44,44,Zach Charbonnet,RB,5,Brandon,Brandon,Sam,Sam,9.223161111111112,9.223161111111112,6,8.700766666666667,True,True,False,39.86,30.64,3,2,2,balanced,11
45,45,Romeo Doubs,WR,5,Evan,Evan,Coby,Coby,10.148414000000002,10.148414000000002,9,9.148414000000002,True,True,False,23.91,13.76,4,3,3,positional_extremist_rb,11
46,46,Austin Ekeler,RB,6,Jason,Jason,CJ,CJ,8.629740000000002,8.629740000000002,7,7.829760000000001,True,True,False,45.66,37.03,1,0,0,price_enforcer,11
47,47,Tyler Allgeier,RB,6,Reid,Reid,Brad,Brad,9.073427000000002,9.073427000000002,7,8.193488111111115,True,True,False,36.09,27.02,2,1,1,balanced,11
48,48,Jake Ferguson,TE,2,James,James,Brandon,Brandon,8.159630722222225,8.159630722222225,8,8.0,True,True,False,32.59,24.43,3,2,2,balanced,11
49,49,Braelon Allen,RB,8,Coby,Coby,Shane,Shane,8.049999999999999,8.049999999999999,6,7.639573333333335,True,True,False,35.0,26.95,8,7,7,anchor,11
50,50,Dylan Sampson,RB,7,Travis,Travis,Sam,Sam,7.607741777777779,7.607741777777779,7,7.12453688888889,True,True,False,30.64,23.03,2,1,1,balanced,11
51,51,Stefon Diggs,WR,5,Brad,Brad,Brad,Brad,6.073495555555556,6.073495555555556,6,5.345083333333332,True,True,False,27.02,20.95,1,0,0,balanced,11
52,52,Dalton Kincaid,TE,2,Sam,Sam,Jason,Jason,7.064917333333335,7.064917333333335,6,6.3374458333333346,True,True,False,20.96,13.9,7,6,6,tier_controller,11
53,53,Jayden Daniels,QB,2,Shane,Shane,Brandon,Brandon,5.445175555555556,5.445175555555556,4,5.0,True,True,False,24.43,18.98,2,1,1,balanced,11
54,54,Michael Pittman Jr,WR,4,Ryan J,Ryan J,Shane,Shane,5.277708333333333,5.277708333333333,5,4.0,True,True,False,26.95,21.67,7,6,6,anchor,11
55,55,CJ Stroud,QB,2,Brandon,Brandon,Sam,Sam,5.089630000000001,5.089630000000001,6,5.005780000000001,True,True,False,23.03,17.94,1,0,0,balanced,11
56,56,Joe Burrow,QB,1,Evan,Evan,Evan,Evan,5.838730416666666,5.838730416666666,4,4.838730416666666,True,True,False,14.81,8.97,7,6,6,positional_extremist_wr,11
57,57,Ricky Pearsall,WR,6,Jason,Jason,James,James,5.604733333333334,5.604733333333334,4,4.817963333333332,True,True,False,13.38,7.78,7,6,6,positional_extremist_wr,11
58,58,Jajuan Jennings,WR,6,Reid,Reid,Shane,Shane,4.78,4.78,5,3.7800000000000002,True,True,False,21.67,16.89,6,5,5,anchor,11
59,59,Mike Washington Jr.,RB,7,James,James,Coby,Coby,5.714222222222222,5.714222222222222,4,4.535165555555556,True,True,False,13.76,8.05,3,2,2,positional_extremist_rb,11
60,60,Justin Herbert,QB,2,Coby,Coby,Jason,Jason,4.527075555555556,4.527075555555556,4,4.515447444444445,True,True,False,13.9,9.37,6,5,5,tier_controller,11
61,61,Alvin Kamara,RB,7,Travis,Travis,Brandon,Brandon,4.087026666666667,4.087026666666667,4,3.2091,True,True,False,18.98,14.89,1,0,0,balanced,11
62,62,KC Concepcion,WR,6,Shane,Shane,Shane,Shane,3.1950250000000002,3.1950250000000002,3,3.026666666666667,True,True,False,16.89,13.69,5,4,4,anchor,11
63,63,Charlie Kolar,TE,5,Ryan J,Ryan J,Ryan J,Ryan J,1.0,1.0,1,0.0,True,False,False,7.0,6.0,7,6,6,positional_extremist_rb,11
64,64,George Kittle,TE,1,Evan,Evan,Travis,Travis,3.0000000000000004,3.0000000000000004,3,2.9152500000000003,True,True,False,12.0,9.0,8,7,7,emotional,11
65,65,Makai Lemon,WR,6,Jason,Jason,Shane,Shane,2.5554666666666663,2.5554666666666663,3,2.0,True,True,False,13.69,11.13,4,3,3,anchor,11
66,66,Isiah Pacheco,RB,7,Reid,Reid,Coby,Coby,2.592994444444445,2.592994444444445,4,2.23,True,True,False,8.05,5.46,2,1,1,positional_extremist_rb,11
67,67,Nate Boerkircher,TE,12,James,James,James,James,1.0,1.0,1,0.0,True,False,False,7.78,6.78,6,5,5,positional_extremist_wr,11
68,68,Jakobi Meyers,WR,5,Coby,Coby,Travis,Travis,2.2100000000000004,2.2100000000000004,4,2.049775,True,True,False,9.0,6.79,7,6,6,emotional,11
69,69,Jonah Coleman,RB,8,Travis,Travis,Shane,Shane,2.0405,2.0405,3,1.8323555555555555,True,True,False,11.13,9.09,3,2,2,anchor,11
70,70,Samaje Perine,RB,9,Shane,Shane,Jason,Jason,2.0913500000000003,2.0913500000000003,3,1.0913500000000003,True,True,False,9.37,7.28,5,4,4,tier_controller,11
71,71,Tank Bigsby,RB,8,Ryan J,Ryan J,Jason,Jason,2.0863666666666667,2.0863666666666667,3,1.0863666666666667,True,True,False,7.28,5.19,4,3,3,tier_controller,11
72,72,Rashid Shaheed,WR,7,Evan,Evan,James,James,2.6564416666666664,2.6564416666666664,3,2.0,True,True,False,6.78,4.12,5,4,4,positional_extremist_wr,11
73,73,Dak Prescott,QB,2,Jason,Jason,Jason,Jason,1.92,1.92,2,1.0764,True,True,False,5.19,3.27,3,2,2,tier_controller,11
74,74,Xavier Worthy,WR,7,Reid,Reid,Coby,Coby,2.0,2.0,2,1.0,True,True,False,5.46,3.46,1,0,0,positional_extremist_rb,11
75,75,AD Mitchell,WR,7,James,James,Shane,Shane,1.6210499999999999,1.6210499999999999,3,1.1888888888888889,True,True,False,9.09,7.47,2,1,1,anchor,11
76,76,Tyrone Tracy Jr,RB,8,Travis,Travis,Travis,Travis,1.6069666666666669,1.6069666666666669,4,1.3259249999999998,True,True,False,6.79,5.18,6,5,5,emotional,11
77,77,Jayden Higgins,WR,7,Shane,Shane,Shane,Shane,1.3196999999999999,1.3196999999999999,3,1.1777777777777778,True,True,False,7.47,6.15,1,0,0,anchor,11
78,78,Dalton Schultz,TE,3,Ryan J,Ryan J,Evan,Evan,2.0,2.0,2,1.0,True,True,False,8.97,6.97,6,5,5,positional_extremist_wr,11
79,79,Isaiah Likely,TE,2,Evan,Evan,Travis,Travis,1.1799999999999997,1.1799999999999997,3,1.1666666666666667,True,True,False,5.18,4.0,5,4,4,emotional,11
80,80,Ray Davis,RB,9,Jason,Jason,Jason,Jason,1.1611111111111112,1.1611111111111112,2,1.12,True,True,False,3.27,2.11,2,1,1,tier_controller,11
81,81,Dallas Goedert,TE,2,Reid,Reid,Jason,Jason,1.1555555555555557,1.1555555555555557,2,1.0,True,True,False,2.11,0.95,1,0,0,tier_controller,11
82,82,Emmett Johnson,RB,9,James,James,Reid,Reid,1.15,1.15,2,1.0,True,True,False,11.0,9.85,8,7,7,stars_and_scrubs,11
83,83,James Conner,RB,10,Travis,Travis,Reid,Reid,1.1444444444444444,1.1444444444444444,3,1.12,True,True,False,9.85,8.71,7,6,6,stars_and_scrubs,11
84,84,Trey Benson,RB,10,Ryan J,Ryan J,Reid,Reid,1.4805555555555556,1.4805555555555556,3,1.12,True,True,False,8.71,7.23,6,5,5,stars_and_scrubs,11
85,85,Kimani Vidal,RB,9,Evan,Evan,Reid,Reid,1.4733333333333334,1.4733333333333334,3,1.12,True,True,False,7.23,5.76,5,4,4,stars_and_scrubs,11
86,86,Christian Kirk,WR,9,Reid,Reid,Evan,Evan,2.0,2.0,2,1.0,True,True,False,6.97,4.97,5,4,4,positional_extremist_wr,11
87,87,Adonai Mitchell,WR,8,James,James,Evan,Evan,1.823611111111111,1.823611111111111,2,1.0,True,True,False,4.97,3.15,4,3,3,positional_extremist_wr,11
88,88,Keon Coleman,WR,8,Travis,Travis,Reid,Reid,1.4516666666666667,1.4516666666666667,3,1.12,True,True,False,5.76,4.31,4,3,3,stars_and_scrubs,11
89,89,Keenan Allen,WR,8,Ryan J,Ryan J,James,James,1.12,1.12,2,1.0,True,True,False,4.12,3.0,4,3,3,positional_extremist_wr,11
90,90,Chig Okonkwo,TE,3,Evan,Evan,Reid,Reid,1.4372222222222224,1.4372222222222224,2,1.0,True,True,False,4.31,2.87,3,2,2,stars_and_scrubs,11
91,91,Juwan Johnson,TE,3,Reid,Reid,Evan,Evan,1.15,1.15,2,1.0,True,True,False,3.15,2.0,3,2,2,positional_extremist_wr,11
92,92,Rashod Bateman,WR,9,James,James,Reid,Reid,1.422777777777778,1.422777777777778,2,1.0,True,True,False,2.87,1.45,2,1,1,stars_and_scrubs,11
93,93,Baker Mayfield,QB,3,Travis,Travis,Reid,Reid,1.4155555555555555,1.4155555555555555,2,1.0,True,True,False,1.45,0.03,1,0,0,stars_and_scrubs,11
94,94,Jordan Love,QB,3,Ryan J,Ryan J,Ryan J,Ryan J,1.0,1.0,1,0.0,True,False,False,6.0,5.0,6,5,5,positional_extremist_rb,11
95,95,Chris Rodriguez Jr,RB,10,Evan,Evan,Evan,Evan,1.0,1.0,1,0.0,True,False,False,2.0,1.0,2,1,1,positional_extremist_wr,11
96,96,Brenton Strange,TE,3,James,James,James,James,1.0,1.0,1,0.0,True,False,False,3.0,2.0,3,2,2,positional_extremist_wr,11
97,97,Patrick Mahomes,QB,3,Travis,Travis,Travis,Travis,1.0,1.0,1,0.0,True,False,False,4.0,3.0,4,3,3,emotional,11
98,98,Tyler Shough,QB,4,Ryan J,Ryan J,Ryan J,Ryan J,1.0,1.0,1,0.0,True,False,False,5.0,4.0,5,4,4,positional_extremist_rb,11
99,99,Jared Goff,QB,3,Evan,Evan,Evan,Evan,1.0,1.0,1,0.0,True,False,False,1.0,0.0,1,0,0,positional_extremist_wr,11
100,100,Emanuel Wilson,RB,15,James,James,James,James,1.0,1.0,1,0.0,True,False,False,2.0,1.0,2,1,1,positional_extremist_wr,11
101,101,Isaiah Davis,RB,12,Travis,Travis,Travis,Travis,1.0,1.0,1,0.0,True,False,False,3.0,2.0,3,2,2,emotional,11
102,102,Kaelon Black,RB,14,Ryan J,Ryan J,Ryan J,Ryan J,1.0,1.0,1,0.0,True,False,False,4.0,3.0,4,3,3,positional_extremist_rb,11
103,103,Cooper Kupp,WR,8,James,James,James,James,1.0,1.0,1,0.0,True,False,False,1.0,0.0,1,0,0,positional_extremist_wr,11
104,104,Kaytron Allen,RB,11,Travis,Travis,Travis,Travis,1.0,1.0,1,0.0,True,False,False,2.0,1.0,2,1,1,emotional,11
105,105,Jalen Nailor,WR,10,Ryan J,Ryan J,Ryan J,Ryan J,1.0,1.0,1,0.0,True,False,False,3.0,2.0,3,2,2,positional_extremist_rb,11
106,106,De'Zhaun Stribling,WR,9,Travis,Travis,Travis,Travis,1.0,1.0,1,0.0,True,False,False,1.0,0.0,1,0,0,emotional,11
107,107,Justice Hill,RB,10,Ryan J,Ryan J,Ryan J,Ryan J,1.0,1.0,1,0.0,True,False,False,2.0,1.0,2,1,1,positional_extremist_rb,11
108,108,Tre Tucker,WR,10,Ryan J,Ryan J,Ryan J,Ryan J,1.0,1.0,1,0.0,True,False,False,1.0,0.0,1,0,0,positional_extremist_rb,11
1,1,Bucky Irving,RB,1,Sam,Sam,Shane,Shane,274.0,274.0,12,273.0,True,True,False,324.0,50.0,9,8,8,positional_extremist_rb,12
2,2,Jeremiyah Love,RB,1,Evan,Evan,Brad,Brad,267.0,267.0,12,266.0,True,True,False,281.0,14.0,9,8,8,positional_extremist_wr,12
3,3,Josh Jacobs,RB,1,Coby,Coby,Coby,Coby,256.223,256.223,12,255.223,True,True,False,274.0,17.78,9,8,8,emotional,12
4,4,Bhayshul Tuten,RB,1,James,James,CJ,CJ,215.78,215.78,12,214.78,True,True,False,264.0,48.22,9,8,8,emotional,12
5,5,Tony Pollard,RB,2,Ryan J,Ryan J,Sam,Sam,177.0,177.0,12,176.0,True,True,False,223.0,46.0,9,8,8,anchor,12
6,6,Tee Higgins,WR,1,CJ,CJ,Ryan J,Ryan J,176.31965000000002,176.31965000000002,11,175.31965000000002,True,True,False,257.0,80.68,9,8,8,positional_extremist_wr,12
7,7,James Cook,RB,2,Reid,Reid,Evan,Evan,90.68,90.68,11,85.68,True,True,False,184.0,93.32,9,8,8,stars_and_scrubs,12
8,8,Jaylen Waddle,WR,1,Brad,Brad,James,James,86.70255000000002,86.70255000000002,12,86.22,True,True,False,297.0,210.3,9,8,8,balanced,12
9,9,Jordan Mason,RB,3,Jason,Jason,Evan,Evan,76.63111111111112,76.63111111111112,12,75.63111111111112,True,True,False,93.32,16.69,8,7,7,stars_and_scrubs,12
10,10,DJ Moore,WR,2,Brandon,Brandon,Reid,Reid,74.22,74.22,12,73.22,True,True,False,260.0,185.78,9,8,8,balanced,12
11,11,Rachaad White,RB,4,Shane,Shane,Ryan J,Ryan J,66.95675757993803,66.95675757993803,12,65.95675757993803,True,True,False,80.68,13.72,8,7,7,positional_extremist_wr,12
12,12,DeVonta Smith,WR,1,Travis,Travis,Travis,Travis,69.23134148260354,69.23134148260354,10,68.23134148260354,True,True,False,264.0,194.77,9,8,8,value_purist,12
13,13,Rashee Rice,WR,1,Sam,Sam,Brandon,Brandon,72.8182,72.8182,11,71.8182,True,True,False,184.0,111.18,9,8,8,value_purist,12
14,14,Bill Croskey-Merritt,RB,4,Evan,Evan,James,James,60.07631388888889,60.07631388888889,11,59.07631388888889,True,True,False,210.3,150.22,8,7,7,balanced,12
15,15,Kenny Gainwell,RB,3,Coby,Coby,Brandon,Brandon,60.493011111111116,60.493011111111116,11,59.493011111111116,True,True,False,111.18,50.69,8,7,7,value_purist,12
16,16,JK Dobbins,RB,5,James,James,Jason,Jason,53.69030433333334,53.69030433333334,8,52.69030433333334,True,True,False,209.0,155.31,9,8,8,balanced,12
17,17,DK Metcalf,WR,3,Ryan J,Ryan J,Reid,Reid,44.44883377777778,44.44883377777778,11,43.44883377777778,True,True,False,185.78,141.33,8,7,7,balanced,12
18,18,Deebo Samuel,WR,2,CJ,CJ,Jason,Jason,43.22,43.22,11,42.22,True,True,False,155.31,112.09,8,7,7,balanced,12
19,19,Jacory Croskey-Merritt,RB,4,Reid,Reid,Travis,Travis,45.69,45.69,11,44.69,True,True,False,194.77,149.08,8,7,7,value_purist,12
20,20,RJ Harvey,RB,3,Brad,Brad,Travis,Travis,45.69,45.69,11,44.69,True,True,False,149.08,103.39,7,6,6,value_purist,12
21,21,Gardner Minshew II,QB,9,Jason,Jason,Jason,Jason,1.0,1.0,1,0.0,True,False,False,112.09,111.09,7,6,6,balanced,12
22,22,Jonathon Brooks,RB,2,Brandon,Brandon,Travis,Travis,44.880476666666674,44.880476666666674,11,43.880476666666674,True,True,False,103.39,58.51,6,5,5,value_purist,12
23,23,Jaylen Warren,RB,2,Shane,Shane,Travis,Travis,45.69,45.69,11,44.69,True,True,False,58.51,12.82,5,4,4,value_purist,12
24,24,Nick Chubb,RB,5,Travis,Travis,James,James,39.28226666666667,39.28226666666667,9,38.28226666666667,True,True,False,150.22,110.94,7,6,6,balanced,12
25,25,Mike Evans,WR,3,Sam,Sam,Brandon,Brandon,44.0,44.0,10,43.0,True,True,False,50.69,6.69,7,6,6,value_purist,12
26,26,Jalen Hurts,QB,1,Evan,Evan,Reid,Reid,30.909146666666665,30.909146666666665,9,29.909146666666665,True,True,False,141.33,110.42,7,6,6,balanced,12
27,27,Terry McLaurin,WR,2,Coby,Coby,Shane,Shane,43.0,43.0,8,41.22,True,True,False,50.0,7.0,8,7,7,positional_extremist_rb,12
28,28,Josh Allen,QB,1,James,James,CJ,CJ,27.82,27.82,9,26.82,True,True,False,48.22,20.4,8,7,7,emotional,12
29,29,Joe Burrow,QB,1,Ryan J,Ryan J,Jason,Jason,27.0,27.0,8,26.0,True,True,False,111.09,84.09,6,5,5,balanced,12
30,30,Romeo Doubs,WR,5,CJ,CJ,Reid,Reid,24.0,24.0,7,23.0,True,True,False,110.42,86.42,6,5,5,balanced,12
31,31,Chuba Hubbard,RB,3,Reid,Reid,James,James,22.057673333333337,22.057673333333337,9,21.057673333333337,True,True,False,110.94,88.88,6,5,5,balanced,12
32,32,Aaron Jones Sr,RB,4,Brad,Brad,James,James,21.573151111111112,21.573151111111112,10,20.976054444444447,True,True,False,88.88,67.31,5,4,4,balanced,12
33,33,Khalil Shakir,WR,5,Jason,Jason,Reid,Reid,22.98387911111112,22.98387911111112,7,22.068906666666667,True,True,False,86.42,63.44,5,4,4,balanced,12
34,34,Courtland Sutton,WR,4,Brandon,Brandon,Jason,Jason,18.831540833333335,18.831540833333335,9,17.831540833333335,True,True,False,84.09,65.26,5,4,4,balanced,12
35,35,Josh Downs,WR,4,Shane,Shane,James,James,15.690000000000001,15.690000000000001,10,14.690000000000001,True,True,False,67.31,51.62,4,3,3,balanced,12
36,36,Matthew Golden,WR,4,Travis,Travis,Jason,Jason,17.152865888888893,17.152865888888893,8,16.67449911111111,True,True,False,65.26,48.11,4,3,3,balanced,12
37,37,Chris Godwin Jr,WR,3,Sam,Sam,Reid,Reid,12.780000000000001,12.780000000000001,8,11.780000000000001,True,True,False,63.44,50.66,4,3,3,balanced,12
38,38,Carnell Tate,WR,3,Evan,Evan,James,James,13.460488555555557,13.460488555555557,7,12.952222222222222,True,True,False,51.62,38.16,3,2,2,balanced,12
39,39,Travis Etienne,RB,5,Coby,Coby,Reid,Reid,11.961388888888887,11.961388888888887,7,11.359305555555556,True,True,False,50.66,38.7,3,2,2,balanced,12
40,40,Davante Adams,WR,2,James,James,Jason,Jason,11.313868333333334,11.313868333333334,9,10.780000000000001,True,True,False,48.11,36.8,3,2,2,balanced,12
41,41,TJ Hockenson,TE,1,Ryan J,Ryan J,Coby,Coby,10.780000000000001,10.780000000000001,10,9.82,True,True,False,17.78,7.0,8,7,7,emotional,12
42,42,Ricky Pearsall,WR,6,CJ,CJ,Sam,Sam,10.888583333333331,10.888583333333331,8,9.930635000000002,True,True,False,46.0,35.11,8,7,7,anchor,12
43,43,Michael Pittman Jr,WR,4,Reid,Reid,Travis,Travis,9.82,9.82,8,8.9913,True,True,False,12.82,3.0,4,3,3,value_purist,12
44,44,Dylan Sampson,RB,7,Brad,Brad,Reid,Reid,9.850225000000002,9.850225000000002,7,9.366622222222224,True,True,False,38.7,28.85,2,1,1,balanced,12
45,45,Jajuan Jennings,WR,6,Jason,Jason,James,James,9.673136000000001,9.673136000000001,7,9.044422222222224,True,True,False,38.16,28.49,2,1,1,balanced,12
46,46,Mark Andrews,TE,1,Brandon,Brandon,Jason,Jason,8.192300500000002,8.192300500000002,5,7.192300500000002,True,True,False,36.8,28.61,2,1,1,balanced,12
47,47,Cam Ward,QB,12,Shane,Shane,Shane,Shane,1.0,1.0,1,0.0,True,False,False,7.0,6.0,7,6,6,positional_extremist_rb,12
48,48,Zach Charbonnet,RB,5,Travis,Travis,Evan,Evan,8.051258333333333,8.051258333333333,8,7.051258333333332,True,True,False,16.69,8.64,7,6,6,stars_and_scrubs,12
49,49,Travis Kelce,TE,1,Sam,Sam,Sam,Sam,8.075299999999999,8.075299999999999,6,7.193266666666667,True,True,False,35.11,27.03,7,6,6,anchor,12
50,50,Austin Ekeler,RB,6,Evan,Evan,Reid,Reid,6.5120861111111115,6.5120861111111115,6,6.4579127777777785,True,True,False,28.85,22.34,1,0,0,balanced,12
51,51,Brian Robinson Jr,RB,6,Coby,Coby,Jason,Jason,6.430892222222223,6.430892222222223,6,6.394666666666667,True,True,False,28.61,22.18,1,0,0,balanced,12
52,52,Mike Washington Jr.,RB,7,James,James,James,James,7.014712833333334,7.014712833333334,4,6.4464,True,True,False,28.49,21.48,1,0,0,balanced,12
53,53,Tyler Allgeier,RB,6,Ryan J,Ryan J,CJ,CJ,6.4192,6.4192,4,6.113284999999999,True,True,False,20.4,13.98,7,6,6,emotional,12
54,54,Keaton Mitchell,RB,6,CJ,CJ,Sam,Sam,6.0,6.0,3,5.0,True,True,False,27.03,21.03,6,5,5,anchor,12
55,55,Lamar Jackson,QB,1,Brad,Brad,Brad,Brad,4.69,4.69,4,3.6900000000000004,True,True,False,14.0,9.31,8,7,7,positional_extremist_wr,12
56,56,Braelon Allen,RB,8,Brandon,Brandon,Sam,Sam,4.69582375,4.69582375,4,4.34312,True,True,False,21.03,16.33,5,4,4,anchor,12
57,57,Stefon Diggs,WR,5,Shane,Shane,Ryan J,Ryan J,4.597724444444444,4.597724444444444,4,3.6037333333333335,True,True,False,13.72,9.12,7,6,6,positional_extremist_wr,12
58,58,Isiah Pacheco,RB,7,Travis,Travis,CJ,CJ,3.5882,3.5882,3,2.0,True,True,False,13.98,10.39,6,5,5,emotional,12
59,59,George Kittle,TE,1,Sam,Sam,Sam,Sam,3.129916666666666,3.129916666666666,3,2.6552222222222226,True,True,False,16.33,13.2,4,3,3,anchor,12
60,60,Makai Lemon,WR,6,Evan,Evan,Brad,Brad,3.0795411111111113,3.0795411111111113,4,3.016693333333333,True,True,False,9.31,6.23,7,6,6,positional_extremist_wr,12
61,61,CJ Stroud,QB,2,Coby,Coby,CJ,CJ,2.6321333333333334,2.6321333333333334,3,1.6900000000000004,True,True,False,10.39,7.76,5,4,4,emotional,12
62,62,Jakobi Meyers,WR,5,Ryan J,Ryan J,Ryan J,Ryan J,2.957244444444444,2.957244444444444,3,1.9572444444444443,True,True,False,9.12,6.16,6,5,5,positional_extremist_wr,12
63,63,Jayden Daniels,QB,2,CJ,CJ,Sam,Sam,2.4859999999999998,2.4859999999999998,3,1.9486222222222223,True,True,False,13.2,10.71,3,2,2,anchor,12
64,64,Xavier Worthy,WR,7,Brad,Brad,CJ,CJ,2.3280000000000003,2.3280000000000003,3,1.6900000000000004,True,True,False,7.76,5.43,4,3,3,emotional,12
65,65,Justin Herbert,QB,2,Brandon,Brandon,Sam,Sam,2.29908,2.29908,3,1.62176,True,True,False,10.71,8.41,2,1,1,anchor,12
66,66,Tank Bigsby,RB,8,Shane,Shane,Sam,Sam,1.7972870833333334,1.7972870833333334,4,1.6900000000000004,True,True,False,8.41,6.61,1,0,0,anchor,12
67,67,KC Concepcion,WR,6,Travis,Travis,Ryan J,Ryan J,1.9753066666666672,1.9753066666666672,3,1.6900000000000004,True,True,False,6.16,4.18,5,4,4,positional_extremist_wr,12
68,68,Dalton Kincaid,TE,2,Evan,Evan,Brandon,Brandon,1.6900000000000004,1.6900000000000004,2,1.0,True,True,False,6.69,5.0,6,5,5,value_purist,12
69,69,Alvin Kamara,RB,7,Coby,Coby,CJ,CJ,1.3273333333333335,1.3273333333333335,3,1.2300000000000004,True,True,False,5.43,4.1,3,2,2,emotional,12
70,70,Tyrone Tracy Jr,RB,8,Ryan J,Ryan J,Brad,Brad,1.2300000000000004,1.2300000000000004,2,1.0,True,True,False,6.23,5.0,6,5,5,positional_extremist_wr,12
71,71,Isaiah Likely,TE,2,CJ,CJ,Evan,Evan,1.211111111111111,1.211111111111111,2,1.0,True,True,False,8.64,7.43,6,5,5,stars_and_scrubs,12
72,72,Jonah Coleman,RB,8,Brad,Brad,CJ,CJ,1.2055555555555555,1.2055555555555555,2,1.0,True,True,False,4.1,2.89,2,1,1,emotional,12
73,73,Dak Prescott,QB,2,Brandon,Brandon,Evan,Evan,1.56,1.56,3,1.44,True,True,False,7.43,5.87,5,4,4,stars_and_scrubs,12
74,74,Jayden Higgins,WR,7,Shane,Shane,CJ,CJ,1.1944444444444444,1.1944444444444444,2,1.0,True,True,False,2.89,1.7,1,0,0,emotional,12
75,75,Jake Ferguson,TE,2,Travis,Travis,Evan,Evan,1.5455555555555556,1.5455555555555556,2,1.0,True,True,False,5.87,4.32,4,3,3,stars_and_scrubs,12
76,76,Trey Lance,QB,6,Evan,Evan,Evan,Evan,1.0,1.0,1,0.0,True,False,False,4.32,3.32,3,2,2,stars_and_scrubs,12
77,77,Ray Davis,RB,9,Coby,Coby,Ryan J,Ryan J,1.1799999999999997,1.1799999999999997,3,1.1777777777777778,True,True,False,4.18,3.0,4,3,3,positional_extremist_wr,12
78,78,Dallas Goedert,TE,2,Ryan J,Ryan J,Evan,Evan,1.1722222222222223,1.1722222222222223,2,1.0,True,True,False,3.32,2.15,2,1,1,stars_and_scrubs,12
79,79,Emmett Johnson,RB,9,Brad,Brad,Evan,Evan,1.1666666666666667,1.1666666666666667,2,1.0,True,True,False,2.15,0.98,1,0,0,stars_and_scrubs,12
80,80,AD Mitchell,WR,7,Brandon,Brandon,Brandon,Brandon,1.0,1.0,1,0.0,True,False,False,5.0,4.0,5,4,4,value_purist,12
81,81,Kimani Vidal,RB,9,Shane,Shane,Shane,Shane,1.0,1.0,1,0.0,True,False,False,6.0,5.0,6,5,5,positional_extremist_rb,12
82,82,Samaje Perine,RB,9,Travis,Travis,Travis,Travis,1.0,1.0,1,0.0,True,False,False,3.0,2.0,3,2,2,value_purist,12
83,83,James Conner,RB,10,Coby,Coby,Coby,Coby,1.0,1.0,1,0.0,True,False,False,7.0,6.0,7,6,6,emotional,12
84,84,Baker Mayfield,QB,3,Ryan J,Ryan J,Ryan J,Ryan J,1.0,1.0,1,0.0,True,False,False,3.0,2.0,3,2,2,positional_extremist_wr,12
85,85,Brenton Strange,TE,3,Brad,Brad,Brad,Brad,1.0,1.0,1,0.0,True,False,False,5.0,4.0,5,4,4,positional_extremist_wr,12
86,86,Rashid Shaheed,WR,7,Brandon,Brandon,Brandon,Brandon,1.0,1.0,1,0.0,True,False,False,4.0,3.0,4,3,3,value_purist,12
87,87,Chig Okonkwo,TE,3,Shane,Shane,Shane,Shane,1.0,1.0,1,0.0,True,False,False,5.0,4.0,5,4,4,positional_extremist_rb,12
88,88,Trey Benson,RB,10,Travis,Travis,Travis,Travis,1.0,1.0,1,0.0,True,False,False,2.0,1.0,2,1,1,value_purist,12
89,89,Cooper Kupp,WR,8,Coby,Coby,Coby,Coby,1.0,1.0,1,0.0,True,False,False,6.0,5.0,6,5,5,emotional,12
90,90,Jordan Love,QB,3,Ryan J,Ryan J,Ryan J,Ryan J,1.0,1.0,1,0.0,True,False,False,2.0,1.0,2,1,1,positional_extremist_wr,12
91,91,Rashod Bateman,WR,9,Brad,Brad,Brad,Brad,1.0,1.0,1,0.0,True,False,False,4.0,3.0,4,3,3,positional_extremist_wr,12
92,92,Dalton Schultz,TE,3,Brandon,Brandon,Brandon,Brandon,1.0,1.0,1,0.0,True,False,False,3.0,2.0,3,2,2,value_purist,12
93,93,Juwan Johnson,TE,3,Shane,Shane,Shane,Shane,1.0,1.0,1,0.0,True,False,False,4.0,3.0,4,3,3,positional_extremist_rb,12
94,94,Patrick Mahomes,QB,3,Travis,Travis,Travis,Travis,1.0,1.0,1,0.0,True,False,False,1.0,0.0,1,0,0,value_purist,12
95,95,Adonai Mitchell,WR,8,Coby,Coby,Coby,Coby,1.0,1.0,1,0.0,True,False,False,5.0,4.0,5,4,4,emotional,12
96,96,Chris Rodriguez Jr,RB,10,Ryan J,Ryan J,Ryan J,Ryan J,1.0,1.0,1,0.0,True,False,False,1.0,0.0,1,0,0,positional_extremist_wr,12
97,97,Keon Coleman,WR,8,Brad,Brad,Brad,Brad,1.0,1.0,1,0.0,True,False,False,3.0,2.0,3,2,2,positional_extremist_wr,12
98,98,Christian Kirk,WR,9,Brandon,Brandon,Brandon,Brandon,1.0,1.0,1,0.0,True,False,False,2.0,1.0,2,1,1,value_purist,12
99,99,De'Zhaun Stribling,WR,9,Shane,Shane,Shane,Shane,1.0,1.0,1,0.0,True,False,False,3.0,2.0,3,2,2,positional_extremist_rb,12
100,100,Jared Goff,QB,3,Coby,Coby,Coby,Coby,1.0,1.0,1,0.0,True,False,False,4.0,3.0,4,3,3,emotional,12
101,101,Justice Hill,RB,10,Brad,Brad,Brad,Brad,1.0,1.0,1,0.0,True,False,False,2.0,1.0,2,1,1,positional_extremist_wr,12
102,102,Keenan Allen,WR,8,Brandon,Brandon,Brandon,Brandon,1.0,1.0,1,0.0,True,False,False,1.0,0.0,1,0,0,value_purist,12
103,103,Tre Tucker,WR,10,Shane,Shane,Shane,Shane,1.0,1.0,1,0.0,True,False,False,2.0,1.0,2,1,1,positional_extremist_rb,12
104,104,Kendre Miller,RB,13,Coby,Coby,Coby,Coby,1.0,1.0,1,0.0,True,False,False,3.0,2.0,3,2,2,emotional,12
105,105,Bo Nix,QB,4,Brad,Brad,Brad,Brad,1.0,1.0,1,0.0,True,False,False,1.0,0.0,1,0,0,positional_extremist_wr,12
106,106,LeQuint Allen Jr.,RB,12,Shane,Shane,Shane,Shane,1.0,1.0,1,0.0,True,False,False,1.0,0.0,1,0,0,positional_extremist_rb,12
107,107,Cedric Tillman,WR,10,Coby,Coby,Coby,Coby,1.0,1.0,1,0.0,True,False,False,2.0,1.0,2,1,1,emotional,12
108,108,Kyler Murray,QB,4,Coby,Coby,Coby,Coby,1.0,1.0,1,0.0,True,False,False,1.0,0.0,1,0,0,emotional,12
1,1,Josh Jacobs,RB,1,Coby,Coby,Brad,Brad,261.0,261.0,12,256.0,True,True,False,281.0,20.0,9,8,8,emotional,13
2,2,Kenny Gainwell,RB,3,Sam,Sam,Travis,Travis,219.16288888888892,219.16288888888892,12,214.16288888888892,True,True,False,264.0,44.84,9,8,8,emotional,13
3,3,Bucky Irving,RB,1,Evan,Evan,Sam,Sam,202.36041111111115,202.36041111111115,12,198.36041111111115,True,True,False,223.0,20.64,9,8,8,stars_and_scrubs,13
4,4,Nick Chubb,RB,5,Brad,Brad,Ryan J,Ryan J,53.36886502531377,53.36886502531377,11,52.36886502531377,True,True,False,257.0,203.63,9,8,8,balanced,13
5,5,James Cook,RB,2,Jason,Jason,Jason,Jason,177.0,177.0,11,175.0,True,True,False,209.0,32.0,9,8,8,emotional,13
6,6,Jordan Mason,RB,3,James,James,Evan,Evan,72.25863779378255,72.25863779378255,12,71.25863779378255,True,True,False,184.0,111.74,9,8,8,stars_and_scrubs,13
7,7,Tony Pollard,RB,2,Brandon,Brandon,Evan,Evan,73.49551905201989,73.49551905201989,11,72.49551905201989,True,True,False,111.74,38.24,8,7,7,stars_and_scrubs,13
8,8,Jaylen Warren,RB,2,Travis,Travis,Shane,Shane,70.81200000000001,70.81200000000001,12,68.0,True,True,False,324.0,253.19,9,8,8,price_enforcer,13
9,9,Jeremiyah Love,RB,1,CJ,CJ,Reid,Reid,65.67111111111112,65.67111111111112,12,64.67111111111112,True,True,False,260.0,194.33,9,8,8,value_purist,13
10,10,Bhayshul Tuten,RB,1,Shane,Shane,Reid,Reid,65.449,65.449,12,64.449,True,True,False,194.33,128.88,8,7,7,value_purist,13
11,11,Jaylen Waddle,WR,1,Ryan J,Ryan J,Reid,Reid,65.218,65.218,12,64.218,True,True,False,128.88,63.66,7,6,6,value_purist,13
12,12,Tee Higgins,WR,1,Reid,Reid,James,James,60.03177777777778,60.03177777777778,12,59.03177777777778,True,True,False,297.0,236.97,9,8,8,price_enforcer,13
13,13,DeVonta Smith,WR,1,Coby,Coby,Coby,Coby,58.81866666666667,58.81866666666667,12,56.0,True,True,False,274.0,215.18,9,8,8,price_enforcer,13
14,14,RJ Harvey,RB,3,Sam,Sam,Reid,Reid,57.46666666666666,57.46666666666666,12,56.46666666666666,True,True,False,63.66,6.19,6,5,5,value_purist,13
15,15,Jonathon Brooks,RB,2,Evan,Evan,CJ,CJ,54.95760222222223,54.95760222222223,11,53.95760222222223,True,True,False,264.0,209.04,9,8,8,price_enforcer,13
16,16,Bill Croskey-Merritt,RB,4,Brad,Brad,Ryan J,Ryan J,54.76067666666667,54.76067666666667,11,53.76067666666667,True,True,False,203.63,148.87,8,7,7,balanced,13
17,17,DJ Moore,WR,2,Jason,Jason,Shane,Shane,51.13232,51.13232,11,50.13232,True,True,False,253.19,202.06,8,7,7,price_enforcer,13
18,18,Courtland Sutton,WR,4,James,James,Ryan J,Ryan J,41.782948609999224,41.782948609999224,10,40.782948609999224,True,True,False,148.87,107.09,7,6,6,balanced,13
19,19,Terry McLaurin,WR,2,Brandon,Brandon,James,James,45.43260000000001,45.43260000000001,11,44.43260000000001,True,True,False,236.97,191.54,8,7,7,price_enforcer,13
20,20,Rachaad White,RB,4,Travis,Travis,Coby,Coby,44.73581333333334,44.73581333333334,11,43.73581333333334,True,True,False,215.18,170.44,8,7,7,price_enforcer,13
21,21,Davante Adams,WR,2,CJ,CJ,CJ,CJ,43.11828444444445,43.11828444444445,11,42.11828444444445,True,True,False,209.04,165.92,8,7,7,price_enforcer,13
22,22,Carnell Tate,WR,3,Shane,Shane,Shane,Shane,40.21066666666667,40.21066666666667,10,39.21066666666667,True,True,False,202.06,161.85,7,6,6,price_enforcer,13
23,23,Deebo Samuel,WR,2,Ryan J,Ryan J,James,James,39.06755555555556,39.06755555555556,11,38.06755555555556,True,True,False,191.54,152.47,7,6,6,price_enforcer,13
24,24,Rashee Rice,WR,1,Reid,Reid,Brandon,Brandon,37.92444444444445,37.92444444444445,12,37.84,True,True,False,184.0,146.08,9,8,8,price_enforcer,13
25,25,Chuba Hubbard,RB,3,Coby,Coby,Travis,Travis,35.99701333333334,35.99701333333334,11,34.99701333333334,True,True,False,44.84,8.84,8,7,7,emotional,13
26,26,Josh Allen,QB,1,Sam,Sam,Coby,Coby,34.599966111111115,34.599966111111115,10,33.599966111111115,True,True,False,170.44,135.84,7,6,6,price_enforcer,13
27,27,Jacory Croskey-Merritt,RB,4,Evan,Evan,CJ,CJ,33.810808888888886,33.810808888888886,10,32.981433333333335,True,True,False,165.92,132.11,7,6,6,price_enforcer,13
28,28,Joe Burrow,QB,1,Brad,Brad,Shane,Shane,26.199853247179774,26.199853247179774,9,25.199853247179774,True,True,False,161.85,135.65,6,5,5,price_enforcer,13
29,29,JK Dobbins,RB,5,Jason,Jason,James,James,30.540622222222225,30.540622222222225,9,29.540622222222225,True,True,False,152.47,121.93,6,5,5,price_enforcer,13
30,30,Matthew Golden,WR,4,James,James,Brandon,Brandon,29.364213333333335,29.364213333333335,8,28.364213333333335,True,True,False,146.08,116.72,8,7,7,price_enforcer,13
31,31,Cam Ward,QB,12,Brandon,Brandon,Brandon,Brandon,1.0,1.0,1,0.0,True,False,False,116.72,115.72,7,6,6,price_enforcer,13
32,32,Aaron Rodgers,QB,11,Travis,Travis,Travis,Travis,1.0,1.0,1,0.0,True,False,False,8.84,7.84,7,6,6,emotional,13
33,33,Chris Godwin Jr,WR,3,CJ,CJ,Evan,Evan,28.047253333333337,28.047253333333337,10,27.047253333333337,True,True,False,38.24,10.19,7,6,6,stars_and_scrubs,13
34,34,TJ Hockenson,TE,1,Shane,Shane,Coby,Coby,26.9416,26.9416,10,26.20181666666667,True,True,False,135.84,108.9,6,5,5,price_enforcer,13
35,35,Mike Evans,WR,3,Ryan J,Ryan J,Shane,Shane,26.189999999999998,26.189999999999998,10,25.189999999999998,True,True,False,135.65,109.46,5,4,4,price_enforcer,13
36,36,DK Metcalf,WR,3,Reid,Reid,Ryan J,Ryan J,26.996312222222226,26.996312222222226,9,25.996312222222226,True,True,False,107.09,80.09,6,5,5,balanced,13
37,37,Keaton Mitchell,RB,6,Coby,Coby,CJ,CJ,24.898280000000003,24.898280000000003,8,23.898280000000003,True,True,False,132.11,107.21,6,5,5,price_enforcer,13
38,38,Aaron Jones Sr,RB,4,Sam,Sam,Jason,Jason,25.0,25.0,10,23.80344555555556,True,True,False,32.0,7.0,8,7,7,emotional,13
39,39,Zach Charbonnet,RB,5,Evan,Evan,James,James,23.50111111111111,23.50111111111111,9,22.50111111111111,True,True,False,121.93,98.43,5,4,4,price_enforcer,13
40,40,Josh Downs,WR,4,Brad,Brad,Brandon,Brandon,22.198753333333332,22.198753333333332,7,21.198753333333332,True,True,False,115.72,93.52,6,5,5,price_enforcer,13
41,41,Ricky Pearsall,WR,6,Jason,Jason,Coby,Coby,21.0056,21.0056,8,20.38574308518888,True,True,False,108.9,87.89,5,4,4,price_enforcer,13
42,42,Jalen Hurts,QB,1,James,James,Shane,Shane,21.028482222222223,21.028482222222223,7,20.596232222222223,True,True,False,109.46,88.43,4,3,3,price_enforcer,13
43,43,Austin Ekeler,RB,6,Brandon,Brandon,CJ,CJ,19.832940000000004,19.832940000000004,7,18.832940000000004,True,True,False,107.21,87.38,5,4,4,price_enforcer,13
44,44,Travis Etienne,RB,5,Travis,Travis,James,James,18.756383333333336,18.756383333333336,9,18.0,True,True,False,98.43,79.67,4,3,3,price_enforcer,13
45,45,Jakobi Meyers,WR,5,CJ,CJ,Ryan J,Ryan J,18.45629555555556,18.45629555555556,7,17.74801777777778,True,True,False,80.09,61.63,5,4,4,balanced,13
46,46,Michael Pittman Jr,WR,4,Shane,Shane,Brandon,Brandon,17.67528,17.67528,7,16.713270000000005,True,True,False,93.52,75.84,5,4,4,price_enforcer,13
47,47,Jake Ferguson,TE,2,Ryan J,Ryan J,CJ,CJ,11.257087234789617,11.257087234789617,6,10.844078435720903,True,True,False,87.38,76.12,4,3,3,price_enforcer,13
48,48,Dylan Sampson,RB,7,Reid,Reid,Shane,Shane,16.575712222222222,16.575712222222222,8,16.47449222222222,True,True,False,88.43,71.85,3,2,2,price_enforcer,13
49,49,Khalil Shakir,WR,5,Coby,Coby,Coby,Coby,16.0,16.0,7,15.0,True,True,False,87.89,71.89,4,3,3,price_enforcer,13
50,50,Braelon Allen,RB,8,Sam,Sam,Ryan J,Ryan J,13.487866185979177,13.487866185979177,8,12.487866185979177,True,True,False,61.63,48.14,4,3,3,balanced,13
51,51,Lamar Jackson,QB,1,Evan,Evan,James,James,14.747802222222225,14.747802222222225,8,14.0,True,True,False,79.67,64.92,3,2,2,price_enforcer,13
52,52,Romeo Doubs,WR,5,Brad,Brad,CJ,CJ,14.031453333333337,14.031453333333337,7,13.852870333333337,True,True,False,76.12,62.09,3,2,2,price_enforcer,13
53,53,Mark Andrews,TE,1,Jason,Jason,Brandon,Brandon,13.916426666666668,13.916426666666668,8,12.916426666666668,True,True,False,75.84,61.92,4,3,3,price_enforcer,13
54,54,Jajuan Jennings,WR,6,James,James,Coby,Coby,13.139894444444446,13.139894444444446,7,12.865933333333334,True,True,False,71.89,58.75,3,2,2,price_enforcer,13
55,55,Mike Washington Jr.,RB,7,Brandon,Brandon,Shane,Shane,12.702834000000005,12.702834000000005,7,11.702834000000005,True,True,False,71.85,59.15,2,1,1,price_enforcer,13
56,56,Tyler Allgeier,RB,6,Travis,Travis,James,James,11.764946666666667,11.764946666666667,8,11.0,True,True,False,64.92,53.16,2,1,1,price_enforcer,13
57,57,Travis Kelce,TE,1,CJ,CJ,Ryan J,Ryan J,11.60280977777778,11.60280977777778,7,11.203795555555555,True,True,False,48.14,36.54,3,2,2,balanced,13
58,58,Jayden Daniels,QB,2,Shane,Shane,CJ,CJ,11.155503333333334,11.155503333333334,7,11.12496,True,True,False,62.09,50.93,2,1,1,price_enforcer,13
59,59,Stefon Diggs,WR,5,Ryan J,Ryan J,Brandon,Brandon,11.0,11.0,7,10.0,True,True,False,61.92,50.92,3,2,2,price_enforcer,13
60,60,Brian Robinson Jr,RB,6,Reid,Reid,Shane,Shane,10.535272222222222,10.535272222222222,8,10.071198888888889,True,True,False,59.15,48.61,1,0,0,price_enforcer,13
61,61,Makai Lemon,WR,6,Coby,Coby,Coby,Coby,10.0,10.0,6,9.0,True,True,False,58.75,48.75,2,1,1,price_enforcer,13
62,62,George Kittle,TE,1,Sam,Sam,James,James,9.044444444444444,9.044444444444444,6,8.044444444444444,True,True,False,53.16,44.12,1,0,0,price_enforcer,13
63,63,Isiah Pacheco,RB,7,Evan,Evan,CJ,CJ,8.952362222222222,8.952362222222222,6,8.950604444444446,True,True,False,50.93,41.98,1,0,0,price_enforcer,13
64,64,Dalton Kincaid,TE,2,Brad,Brad,Brandon,Brandon,8.911000000000001,8.911000000000001,4,8.0,True,True,False,50.92,42.01,2,1,1,price_enforcer,13
65,65,Alvin Kamara,RB,7,Jason,Jason,Coby,Coby,8.493333333333334,8.493333333333334,5,7.73024,True,True,False,48.75,40.26,1,0,0,price_enforcer,13
66,66,CJ Stroud,QB,2,Brandon,Brandon,Ryan J,Ryan J,7.69573,7.69573,3,7.286401111111112,True,True,False,36.54,28.84,2,1,1,balanced,13
67,67,Tyrone Tracy Jr,RB,8,Travis,Travis,Brandon,Brandon,7.046786666666667,7.046786666666667,4,6.046786666666667,True,True,False,42.01,34.96,1,0,0,price_enforcer,13
68,68,AD Mitchell,WR,7,Ryan J,Ryan J,Ryan J,Ryan J,5.911111111111111,5.911111111111111,2,4.911111111111111,True,True,False,28.84,22.93,1,0,0,balanced,13
69,69,KC Concepcion,WR,6,Reid,Reid,Brad,Brad,4.0,4.0,2,1.0,True,True,False,20.0,16.0,8,7,7,emotional,13
70,70,Xavier Worthy,WR,7,Sam,Sam,Brad,Brad,3.611648,3.611648,3,2.611648,True,True,False,16.0,12.39,7,6,6,emotional,13
71,71,Samaje Perine,RB,9,Evan,Evan,Brad,Brad,3.5997226666666666,3.5997226666666666,4,2.5997226666666666,True,True,False,12.39,8.79,6,5,5,emotional,13
72,72,Rashid Shaheed,WR,7,Brad,Brad,Sam,Sam,2.587797333333333,2.587797333333333,4,2.1900000000000004,True,True,False,20.64,18.05,8,7,7,stars_and_scrubs,13
73,73,Dak Prescott,QB,2,Jason,Jason,Brad,Brad,2.53152,2.53152,5,2.25792,True,True,False,8.79,6.26,5,4,4,emotional,13
74,74,Tank Bigsby,RB,8,Travis,Travis,Travis,Travis,2.2474666666666665,2.2474666666666665,4,2.242211111111111,True,True,False,7.84,5.59,6,5,5,emotional,13
75,75,Riley Leonard,QB,7,Reid,Reid,Reid,Reid,1.0,1.0,1,0.0,True,False,False,6.19,5.19,5,4,4,value_purist,13
76,76,Chig Okonkwo,TE,3,Sam,Sam,Sam,Sam,2.2213533333333335,2.2213533333333335,3,2.1900000000000004,True,True,False,18.05,15.83,7,6,6,stars_and_scrubs,13
77,77,Justin Herbert,QB,2,Evan,Evan,Reid,Reid,2.1900000000000004,2.1900000000000004,3,1.7694933333333334,True,True,False,5.19,3.0,4,3,3,value_purist,13
78,78,Dallas Goedert,TE,2,Brad,Brad,Sam,Sam,1.4845022222222222,1.4845022222222222,3,1.1722222222222223,True,True,False,15.83,14.35,6,5,5,stars_and_scrubs,13
79,79,Emmett Johnson,RB,9,Jason,Jason,Brad,Brad,1.4606666666666668,1.4606666666666668,2,1.0,True,True,False,6.26,4.8,4,3,3,emotional,13
80,80,Jayden Higgins,WR,7,Travis,Travis,Sam,Sam,1.3329555555555554,1.3329555555555554,3,1.1611111111111112,True,True,False,14.35,13.02,5,4,4,stars_and_scrubs,13
81,81,Justin Fields,QB,8,Reid,Reid,Reid,Reid,1.0,1.0,1,0.0,True,False,False,3.0,2.0,3,2,2,value_purist,13
82,82,Jonah Coleman,RB,8,Sam,Sam,Travis,Travis,1.2857,1.2857,3,1.19784,True,True,False,5.59,4.3,5,4,4,emotional,13
83,83,Dalton Schultz,TE,3,Evan,Evan,Sam,Sam,1.5496693333333333,1.5496693333333333,3,1.4877777777777776,True,True,False,13.02,11.47,4,3,3,stars_and_scrubs,13
84,84,Isaiah Likely,TE,2,Brad,Brad,Evan,Evan,1.1388888888888888,1.1388888888888888,2,1.0,True,True,False,10.19,9.05,6,5,5,stars_and_scrubs,13
85,85,Ray Davis,RB,9,Jason,Jason,Brad,Brad,1.1333333333333333,1.1333333333333333,2,1.0,True,True,False,4.8,3.67,3,2,2,emotional,13
86,86,Cooper Kupp,WR,8,Travis,Travis,Brad,Brad,1.1277777777777778,1.1277777777777778,2,1.0,True,True,False,3.67,2.54,2,1,1,emotional,13
87,87,Trey Benson,RB,10,Reid,Reid,Evan,Evan,1.458888888888889,1.458888888888889,3,1.3466666666666667,True,True,False,9.05,7.59,5,4,4,stars_and_scrubs,13
88,88,Kimani Vidal,RB,9,Sam,Sam,Evan,Evan,1.4516666666666667,1.4516666666666667,3,1.34,True,True,False,7.59,6.14,4,3,3,stars_and_scrubs,13
89,89,Adonai Mitchell,WR,8,Evan,Evan,Evan,Evan,1.4444444444444446,1.4444444444444446,2,1.3333333333333333,True,True,False,6.14,4.7,3,2,2,stars_and_scrubs,13
90,90,George Holani,RB,13,Brad,Brad,Evan,Evan,1.3526019021349942,1.3526019021349942,2,1.0,True,True,False,4.7,3.35,2,1,1,stars_and_scrubs,13
91,91,Brenton Strange,TE,3,Jason,Jason,Brad,Brad,1.1,1.1,2,1.0,True,True,False,2.54,1.44,1,0,0,emotional,13
92,92,Juwan Johnson,TE,3,Travis,Travis,Evan,Evan,1.0944444444444446,1.0944444444444446,2,1.0,True,True,False,3.35,2.26,1,0,0,stars_and_scrubs,13
93,93,James Conner,RB,10,Reid,Reid,Sam,Sam,1.0888888888888888,1.0888888888888888,2,1.0,True,True,False,11.47,10.38,3,2,2,stars_and_scrubs,13
94,94,Justice Hill,RB,10,Sam,Sam,Sam,Sam,1.4083333333333332,1.4083333333333332,2,1.2999999999999998,True,True,False,10.38,8.97,2,1,1,stars_and_scrubs,13
95,95,Keon Coleman,WR,8,Jason,Jason,Sam,Sam,1.4011111111111112,1.4011111111111112,2,1.0,True,True,False,8.97,7.57,1,0,0,stars_and_scrubs,13
96,96,Jared Goff,QB,3,Travis,Travis,Travis,Travis,1.0,1.0,1,0.0,True,False,False,4.3,3.3,4,3,3,emotional,13
97,97,Rashod Bateman,WR,9,Reid,Reid,Travis,Travis,1.28,1.28,2,1.0,True,True,False,3.3,2.02,3,2,2,emotional,13
98,98,Jordan Love,QB,3,Jason,Jason,Travis,Travis,1.02,1.02,2,1.0,True,True,False,2.02,1.0,2,1,1,emotional,13
99,99,Baker Mayfield,QB,3,Travis,Travis,Travis,Travis,1.0,1.0,1,0.0,True,False,False,1.0,0.0,1,0,0,emotional,13
100,100,Chris Rodriguez Jr,RB,10,Reid,Reid,Reid,Reid,1.0,1.0,1,0.0,True,False,False,2.0,1.0,2,1,1,value_purist,13
101,101,Christian Kirk,WR,9,Jason,Jason,Jason,Jason,1.0,1.0,1,0.0,True,False,False,7.0,6.0,7,6,6,emotional,13
102,102,Jordyn Tyson,WR,9,Reid,Reid,Reid,Reid,1.0,1.0,1,0.0,True,False,False,1.0,0.0,1,0,0,value_purist,13
103,103,Kyler Murray,QB,4,Jason,Jason,Jason,Jason,1.0,1.0,1,0.0,True,False,False,6.0,5.0,6,5,5,emotional,13
104,104,Patrick Mahomes,QB,3,Jason,Jason,Jason,Jason,1.0,1.0,1,0.0,True,False,False,5.0,4.0,5,4,4,emotional,13
105,105,Tre Tucker,WR,10,Jason,Jason,Jason,Jason,1.0,1.0,1,0.0,True,False,False,4.0,3.0,4,3,3,emotional,13
106,106,Cedric Tillman,WR,10,Jason,Jason,Jason,Jason,1.0,1.0,1,0.0,True,False,False,3.0,2.0,3,2,2,emotional,13
107,107,LeQuint Allen Jr.,RB,12,Jason,Jason,Jason,Jason,1.0,1.0,1,0.0,True,False,False,2.0,1.0,2,1,1,emotional,13
108,108,Emari Demercado,RB,15,Jason,Jason,Jason,Jason,1.0,1.0,1,0.0,True,False,False,1.0,0.0,1,0,0,emotional,13
1,1,Jordan Mason,RB,3,Evan,Evan,Travis,Travis,252.0,252.0,12,251.0,True,True,False,264.0,12.0,9,8,8,positional_extremist_rb,14
2,2,Jeremiyah Love,RB,1,CJ,CJ,Coby,Coby,250.0,250.0,11,249.0,True,True,False,274.0,24.0,9,8,8,anchor,14
3,3,DJ Moore,WR,2,Sam,Sam,Ryan J,Ryan J,190.66666666666669,190.66666666666669,11,190.0,True,True,False,257.0,66.33,9,8,8,anchor,14
4,4,Bucky Irving,RB,1,Shane,Shane,James,James,203.0,203.0,11,201.0,True,True,False,297.0,94.0,9,8,8,tier_controller,14
5,5,Bhayshul Tuten,RB,1,Brad,Brad,Jason,Jason,177.9074888888889,177.9074888888889,11,172.9074888888889,True,True,False,209.0,31.09,9,8,8,anchor,14
6,6,Josh Jacobs,RB,1,Ryan J,Ryan J,Evan,Evan,102.14533333333333,102.14533333333333,11,98.14533333333333,True,True,False,184.0,81.85,9,8,8,stars_and_scrubs,14
7,7,Jaylen Waddle,WR,1,Brandon,Brandon,Sam,Sam,200.9212,200.9212,11,199.9212,True,True,False,223.0,22.08,9,8,8,positional_extremist_wr,14
8,8,Tee Higgins,WR,1,Jason,Jason,CJ,CJ,95.58460000000001,95.58460000000001,11,94.58460000000001,True,True,False,264.0,168.42,9,8,8,positional_extremist_wr,14
9,9,DeVonta Smith,WR,1,Reid,Reid,Shane,Shane,74.8768,74.8768,11,73.8768,True,True,False,324.0,249.12,9,8,8,balanced,14
10,10,Kenny Gainwell,RB,3,James,James,CJ,CJ,82.44785,82.44785,11,81.44785,True,True,False,168.42,85.97,8,7,7,positional_extremist_wr,14
11,11,Jaylen Warren,RB,2,Travis,Travis,Evan,Evan,74.40784,74.40784,11,73.40784,True,True,False,81.85,7.44,8,7,7,stars_and_scrubs,14
12,12,Rashee Rice,WR,1,Coby,Coby,Brad,Brad,66.17255999999999,66.17255999999999,10,65.17255999999999,True,True,False,281.0,214.83,9,8,8,balanced,14
13,13,Jonathon Brooks,RB,2,Evan,Evan,Shane,Shane,56.2559,56.2559,11,55.2559,True,True,False,249.12,192.86,8,7,7,balanced,14
14,14,RJ Harvey,RB,3,CJ,CJ,Brad,Brad,55.796125,55.796125,10,55.611111111111114,True,True,False,214.83,159.03,8,7,7,balanced,14
15,15,Tony Pollard,RB,2,Sam,Sam,Reid,Reid,55.408888888888896,55.408888888888896,8,54.89867044444446,True,True,False,260.0,204.59,9,8,8,price_enforcer,14
16,16,James Cook,RB,2,Shane,Shane,Shane,Shane,46.06933333333333,46.06933333333333,10,45.06933333333333,True,True,False,192.86,146.79,7,6,6,balanced,14
17,17,Rachaad White,RB,4,Brad,Brad,Brad,Brad,44.0,44.0,10,43.0,True,True,False,159.03,115.03,7,6,6,balanced,14
18,18,Chuba Hubbard,RB,3,Ryan J,Ryan J,Reid,Reid,39.570085,39.570085,10,38.570085,True,True,False,204.59,165.02,8,7,7,price_enforcer,14
19,19,Deebo Samuel,WR,2,Brandon,Brandon,CJ,CJ,41.910375,41.910375,10,41.174595000000004,True,True,False,85.97,44.06,7,6,6,positional_extremist_wr,14
20,20,JK Dobbins,RB,5,Jason,Jason,Shane,Shane,39.49688888888889,39.49688888888889,9,38.49688888888889,True,True,False,146.79,107.29,6,5,5,balanced,14
21,21,Davante Adams,WR,2,Reid,Reid,Brandon,Brandon,35.39288888888889,35.39288888888889,10,34.39288888888889,True,True,False,184.0,148.61,9,8,8,price_enforcer,14
22,22,DK Metcalf,WR,3,James,James,James,James,35.69493333333334,35.69493333333334,10,33.90740483333334,True,True,False,94.0,58.31,8,7,7,tier_controller,14
23,23,Bill Croskey-Merritt,RB,4,Travis,Travis,Reid,Reid,31.908622499999996,31.908622499999996,11,30.908622499999996,True,True,False,165.02,133.11,7,6,6,price_enforcer,14
24,24,TJ Hockenson,TE,1,Coby,Coby,Brandon,Brandon,29.435450000000007,29.435450000000007,10,28.435450000000007,True,True,False,148.61,119.17,8,7,7,price_enforcer,14
25,25,Carnell Tate,WR,3,Evan,Evan,Brad,Brad,30.426070666666675,30.426070666666675,11,29.426070666666675,True,True,False,115.03,84.6,6,5,5,balanced,14
26,26,Jalen Hurts,QB,1,CJ,CJ,Shane,Shane,27.904267486868978,27.904267486868978,9,26.904267486868978,True,True,False,107.29,79.39,5,4,4,balanced,14
27,27,Terry McLaurin,WR,2,Sam,Sam,Reid,Reid,24.644614444444446,24.644614444444446,10,23.644614444444446,True,True,False,133.11,108.47,6,5,5,price_enforcer,14
28,28,Tyson Bagent,QB,9,Shane,Shane,Shane,Shane,1.0,1.0,1,0.0,True,False,False,79.39,78.39,4,3,3,balanced,14
29,29,Khalil Shakir,WR,5,Brad,Brad,Brandon,Brandon,23.8514,23.8514,10,22.8514,True,True,False,119.17,95.32,7,6,6,price_enforcer,14
30,30,Josh Allen,QB,1,Ryan J,Ryan J,Reid,Reid,21.175065000000004,21.175065000000004,10,20.175065000000004,True,True,False,108.47,87.29,5,4,4,price_enforcer,14
31,31,Jacory Croskey-Merritt,RB,4,Brandon,Brandon,Brad,Brad,20.08,20.08,10,19.08,True,True,False,84.6,64.52,5,4,4,balanced,14
32,32,Aaron Jones Sr,RB,4,Jason,Jason,Brandon,Brandon,19.053408888888892,19.053408888888892,10,18.448301111111114,True,True,False,95.32,76.27,6,5,5,price_enforcer,14
33,33,Joe Burrow,QB,1,Reid,Reid,James,James,21.230023111111116,21.230023111111116,9,20.36551111111112,True,True,False,58.31,37.08,7,6,6,tier_controller,14
34,34,Zach Charbonnet,RB,5,James,James,Shane,Shane,18.08,18.08,10,17.08,True,True,False,78.39,60.31,3,2,2,balanced,14
35,35,Mike Evans,WR,3,Travis,Travis,Reid,Reid,16.477631111111116,16.477631111111116,10,15.477631111111114,True,True,False,87.29,70.81,4,3,3,price_enforcer,14
36,36,Nick Chubb,RB,5,Coby,Coby,Brad,Brad,16.851813388888893,16.851813388888893,9,15.85181338888889,True,True,False,64.52,47.67,4,3,3,balanced,14
37,37,Keaton Mitchell,RB,6,Evan,Evan,Ryan J,Ryan J,16.018694999999997,16.018694999999997,9,13.878760000000002,True,True,False,66.33,50.31,8,7,7,anchor,14
38,38,Michael Pittman Jr,WR,4,CJ,CJ,Brandon,Brandon,14.502991666666667,14.502991666666667,9,13.502991666666667,True,True,False,76.27,61.77,5,4,4,price_enforcer,14
39,39,Josh Downs,WR,4,Sam,Sam,Shane,Shane,14.23986111111111,14.23986111111111,10,13.768611111111111,True,True,False,60.31,46.07,2,1,1,balanced,14
40,40,Chris Godwin Jr,WR,3,Shane,Shane,Sam,Sam,14.962790000000002,14.962790000000002,10,12.962790000000002,True,True,False,22.08,7.12,8,7,7,positional_extremist_wr,14
41,41,Brian Robinson Jr,RB,6,Brad,Brad,Reid,Reid,12.0,12.0,9,11.0,True,True,False,70.81,58.81,3,2,2,price_enforcer,14
42,42,Travis Etienne,RB,5,Ryan J,Ryan J,Brandon,Brandon,11.866703333333335,11.866703333333335,8,10.94,True,True,False,61.77,49.9,4,3,3,price_enforcer,14
43,43,Ricky Pearsall,WR,6,Brandon,Brandon,James,James,12.973055999999998,12.973055999999998,9,12.182863000000005,True,True,False,37.08,24.11,6,5,5,tier_controller,14
44,44,Travis Kelce,TE,1,Jason,Jason,Brad,Brad,12.133339166666671,12.133339166666671,9,11.81236875,True,True,False,47.67,35.54,3,2,2,balanced,14
45,45,Austin Ekeler,RB,6,Reid,Reid,Reid,Reid,11.160831111111113,11.160831111111113,9,10.616575555555558,True,True,False,58.81,47.65,2,1,1,price_enforcer,14
46,46,Jayden Daniels,QB,2,James,James,CJ,CJ,11.573065000000001,11.573065000000001,9,10.573065000000001,True,True,False,44.06,32.49,6,5,5,positional_extremist_wr,14
47,47,Romeo Doubs,WR,5,Travis,Travis,CJ,CJ,12.6677275,12.6677275,9,11.6677275,True,True,False,32.49,19.82,5,4,4,positional_extremist_wr,14
48,48,Courtland Sutton,WR,4,Coby,Coby,Ryan J,Ryan J,11.619513749999998,11.619513749999998,9,11.53464827777778,True,True,False,50.31,38.69,7,6,6,anchor,14
49,49,Lamar Jackson,QB,1,Evan,Evan,Shane,Shane,9.894666666666666,9.894666666666666,8,8.894666666666666,True,True,False,46.07,36.18,1,0,0,balanced,14
50,50,Tyler Allgeier,RB,6,CJ,CJ,Brandon,Brandon,9.275855555555555,9.275855555555555,8,8.861622083333332,True,True,False,49.9,40.62,3,2,2,price_enforcer,14
51,51,George Kittle,TE,1,Sam,Sam,Reid,Reid,8.820544444444444,8.820544444444444,9,7.988602222222222,True,True,False,47.65,38.83,1,0,0,price_enforcer,14
52,52,Mark Andrews,TE,1,Brad,Brad,Ryan J,Ryan J,8.78746625,8.78746625,7,8.750540333333333,True,True,False,38.69,29.9,6,5,5,anchor,14
53,53,Matthew Golden,WR,4,Ryan J,Ryan J,Brad,Brad,8.713618222222223,8.713618222222223,7,8.445522222222223,True,True,False,35.54,26.83,2,1,1,balanced,14
54,54,Dylan Sampson,RB,7,Brandon,Brandon,CJ,CJ,8.409736111111114,8.409736111111114,6,7.424433333333333,True,True,False,19.82,11.41,4,3,3,positional_extremist_wr,14
55,55,CJ Stroud,QB,2,Jason,Jason,Brandon,Brandon,7.014880000000001,7.014880000000001,4,6.014880000000001,True,True,False,40.62,33.61,2,1,1,price_enforcer,14
56,56,Braelon Allen,RB,8,James,James,James,James,7.6764208333333315,7.6764208333333315,6,6.6764208333333315,True,True,False,24.11,16.43,5,4,4,tier_controller,14
57,57,Jakobi Meyers,WR,5,Travis,Travis,Brandon,Brandon,6.064737777777777,6.064737777777777,6,6.010733333333333,True,True,False,33.61,27.55,1,0,0,price_enforcer,14
58,58,Xavier Worthy,WR,7,Coby,Coby,Jason,Jason,6.882548749999999,6.882548749999999,6,6.619112499999998,True,True,False,31.09,24.21,8,7,7,anchor,14
59,59,Stefon Diggs,WR,5,Evan,Evan,Brad,Brad,5.828072222222222,5.828072222222222,6,5.64025,True,True,False,26.83,21.0,1,0,0,balanced,14
60,60,Mike Washington Jr.,RB,7,CJ,CJ,Ryan J,Ryan J,6.31308625,6.31308625,5,5.31308625,True,True,False,29.9,23.59,5,4,4,anchor,14
61,61,Jajuan Jennings,WR,6,Sam,Sam,James,James,5.327701333333333,5.327701333333333,6,5.244,True,True,False,16.43,11.1,4,3,3,tier_controller,14
62,62,Jake Ferguson,TE,2,Ryan J,Ryan J,Jason,Jason,5.266683749999999,5.266683749999999,5,5.220999999999999,True,True,False,24.21,18.94,7,6,6,anchor,14
63,63,Jonah Coleman,RB,8,Jason,Jason,Coby,Coby,4.52,4.52,5,4.229866666666666,True,True,False,24.0,19.48,8,7,7,anchor,14
64,64,Dak Prescott,QB,2,James,James,Ryan J,Ryan J,5.0839375,5.0839375,5,4.0839375,True,True,False,23.59,18.51,4,3,3,anchor,14
65,65,Isiah Pacheco,RB,7,Travis,Travis,Travis,Travis,3.8826666666666676,3.8826666666666676,6,3.4552,True,True,False,12.0,8.12,8,7,7,positional_extremist_rb,14
66,66,Rashid Shaheed,WR,7,Coby,Coby,CJ,CJ,4.594109722222222,4.594109722222222,4,4.0476358333333335,True,True,False,11.41,6.82,3,2,2,positional_extremist_wr,14
67,67,Makai Lemon,WR,6,Evan,Evan,Coby,Coby,3.6038000000000006,3.6038000000000006,4,3.5039000000000002,True,True,False,19.48,15.88,7,6,6,anchor,14
68,68,Justin Herbert,QB,2,CJ,CJ,Jason,Jason,4.0,4.0,4,3.0,True,True,False,18.94,14.94,6,5,5,anchor,14
69,69,KC Concepcion,WR,6,Sam,Sam,Ryan J,Ryan J,3.3935000000000004,3.3935000000000004,4,2.9113333333333338,True,True,False,18.51,15.12,3,2,2,anchor,14
70,70,Jacoby Brissett,QB,10,Ryan J,Ryan J,Ryan J,Ryan J,1.0,1.0,1,0.0,True,False,False,15.12,14.12,2,1,1,anchor,14
71,71,Tank Bigsby,RB,8,Jason,Jason,James,James,3.4414933333333333,3.4414933333333333,3,3.3175966666666663,True,True,False,11.1,7.66,3,2,2,tier_controller,14
72,72,Dalton Kincaid,TE,2,James,James,Coby,Coby,3.3023783333333334,3.3023783333333334,4,3.106897499999999,True,True,False,15.88,12.58,6,5,5,anchor,14
73,73,AD Mitchell,WR,7,Travis,Travis,Jason,Jason,2.6891999999999996,2.6891999999999996,4,2.2643999999999997,True,True,False,14.94,12.25,5,4,4,anchor,14
74,74,Alvin Kamara,RB,7,Coby,Coby,Ryan J,Ryan J,2.529833333333333,2.529833333333333,5,2.1947916666666667,True,True,False,14.12,11.59,1,0,0,anchor,14
75,75,Dallas Goedert,TE,2,Evan,Evan,Coby,Coby,2.2434333333333334,2.2434333333333334,3,2.0,True,True,False,12.58,10.34,5,4,4,anchor,14
76,76,Tyrone Tracy Jr,RB,8,CJ,CJ,Jason,Jason,2.174375,2.174375,3,1.83535,True,True,False,12.25,10.08,4,3,3,anchor,14
77,77,Dalton Schultz,TE,3,Sam,Sam,CJ,CJ,2.6105444444444443,2.6105444444444443,4,2.309575111111111,True,True,False,6.82,4.21,2,1,1,positional_extremist_wr,14
78,78,Geno Smith,QB,11,Jason,Jason,Jason,Jason,1.0,1.0,1,0.0,True,False,False,10.08,9.08,3,2,2,anchor,14
79,79,Kimani Vidal,RB,9,James,James,James,James,2.287786666666667,2.287786666666667,3,2.0809249999999997,True,True,False,7.66,5.37,2,1,1,tier_controller,14
80,80,Aaron Rodgers,QB,11,Travis,Travis,Travis,Travis,1.0,1.0,1,0.0,True,False,False,8.12,7.12,7,6,6,positional_extremist_rb,14
81,81,Jayden Higgins,WR,7,Coby,Coby,Coby,Coby,1.7922666666666667,1.7922666666666667,2,1.5022222222222223,True,True,False,10.34,8.55,4,3,3,anchor,14
82,82,Isaiah Likely,TE,2,Evan,Evan,Jason,Jason,1.5662999999999998,1.5662999999999998,3,1.474875,True,True,False,9.08,7.51,2,1,1,anchor,14
83,83,Adonai Mitchell,WR,8,CJ,CJ,CJ,CJ,1.859722222222222,1.859722222222222,3,1.8311111111111111,True,True,False,4.21,2.35,1,0,0,positional_extremist_wr,14
84,84,Emmett Johnson,RB,9,Sam,Sam,Travis,Travis,2.108311111111111,2.108311111111111,3,1.4606249999999998,True,True,False,7.12,5.01,6,5,5,positional_extremist_rb,14
85,85,Baker Mayfield,QB,3,Jason,Jason,James,James,1.8133333333333335,1.8133333333333335,3,1.671525,True,True,False,5.37,3.56,1,0,0,tier_controller,14
86,86,Ray Davis,RB,9,Travis,Travis,Coby,Coby,1.446375,1.446375,2,1.0,True,True,False,8.55,7.1,3,2,2,anchor,14
87,87,Juwan Johnson,TE,3,Coby,Coby,Jason,Jason,1.2641833333333332,1.2641833333333332,3,1.1222222222222222,True,True,False,7.51,6.25,1,0,0,anchor,14
88,88,Jordan Love,QB,3,Evan,Evan,Evan,Evan,1.4400000000000004,1.4400000000000004,2,1.3676374999999998,True,True,False,7.44,6.0,7,6,6,stars_and_scrubs,14
89,89,Rashod Bateman,WR,9,Sam,Sam,Coby,Coby,1.3608333333333331,1.3608333333333331,2,1.0,True,True,False,7.1,5.74,2,1,1,anchor,14
90,90,Christian Kirk,WR,9,Travis,Travis,Coby,Coby,1.271388888888889,1.271388888888889,2,1.0,True,True,False,5.74,4.47,1,0,0,anchor,14
91,91,Trey Benson,RB,10,Evan,Evan,Travis,Travis,1.0099999999999998,1.0099999999999998,2,1.0,True,True,False,5.01,4.0,5,4,4,positional_extremist_rb,14
92,92,Samaje Perine,RB,9,Sam,Sam,Sam,Sam,1.0,1.0,1,0.0,True,False,False,7.12,6.12,7,6,6,positional_extremist_wr,14
93,93,Brenton Strange,TE,3,Travis,Travis,Sam,Sam,1.12,1.12,2,1.0,True,True,False,6.12,5.0,6,5,5,positional_extremist_wr,14
94,94,James Conner,RB,10,Evan,Evan,Evan,Evan,1.0,1.0,1,0.0,True,False,False,6.0,5.0,6,5,5,stars_and_scrubs,14
95,95,Cooper Kupp,WR,8,Sam,Sam,Sam,Sam,1.0,1.0,1,0.0,True,False,False,5.0,4.0,5,4,4,positional_extremist_wr,14
96,96,Keon Coleman,WR,8,Travis,Travis,Travis,Travis,1.0,1.0,1,0.0,True,False,False,4.0,3.0,4,3,3,positional_extremist_rb,14
97,97,Chig Okonkwo,TE,3,Evan,Evan,Evan,Evan,1.0,1.0,1,0.0,True,False,False,5.0,4.0,5,4,4,stars_and_scrubs,14
98,98,Matthew Stafford,QB,4,Sam,Sam,Sam,Sam,1.0,1.0,1,0.0,True,False,False,4.0,3.0,4,3,3,positional_extremist_wr,14
99,99,Justice Hill,RB,10,Travis,Travis,Travis,Travis,1.0,1.0,1,0.0,True,False,False,3.0,2.0,3,2,2,positional_extremist_rb,14
100,100,DJ Giddens,RB,14,Evan,Evan,Evan,Evan,1.0,1.0,1,0.0,True,False,False,4.0,3.0,4,3,3,stars_and_scrubs,14
101,101,Isaiah Davis,RB,12,Sam,Sam,Sam,Sam,1.0,1.0,1,0.0,True,False,False,3.0,2.0,3,2,2,positional_extremist_wr,14
102,102,Chris Rodriguez Jr,RB,10,Travis,Travis,Travis,Travis,1.0,1.0,1,0.0,True,False,False,2.0,1.0,2,1,1,positional_extremist_rb,14
103,103,Jared Goff,QB,3,Evan,Evan,Evan,Evan,1.0,1.0,1,0.0,True,False,False,3.0,2.0,3,2,2,stars_and_scrubs,14
104,104,Kendre Miller,RB,13,Sam,Sam,Sam,Sam,1.0,1.0,1,0.0,True,False,False,2.0,1.0,2,1,1,positional_extremist_wr,14
105,105,Jordyn Tyson,WR,9,Travis,Travis,Travis,Travis,1.0,1.0,1,0.0,True,False,False,1.0,0.0,1,0,0,positional_extremist_rb,14
106,106,Keenan Allen,WR,8,Evan,Evan,Evan,Evan,1.0,1.0,1,0.0,True,False,False,2.0,1.0,2,1,1,stars_and_scrubs,14
107,107,Patrick Mahomes,QB,3,Sam,Sam,Sam,Sam,1.0,1.0,1,0.0,True,False,False,1.0,0.0,1,0,0,positional_extremist_wr,14
108,108,De'Zhaun Stribling,WR,9,Evan,Evan,Evan,Evan,1.0,1.0,1,0.0,True,False,False,1.0,0.0,1,0,0,stars_and_scrubs,14
1,1,Jaylen Waddle,WR,1,Ryan J,Ryan J,CJ,CJ,256.0,256.0,12,254.0,True,True,False,264.0,8.0,9,8,8,tier_controller,15
2,2,Bhayshul Tuten,RB,1,CJ,CJ,Shane,Shane,289.71453333333335,289.71453333333335,12,288.71453333333335,True,True,False,324.0,34.29,9,8,8,emotional,15
3,3,Rachaad White,RB,4,Shane,Shane,Brad,Brad,234.36111111111114,234.36111111111114,11,234.0,True,True,False,281.0,46.64,9,8,8,emotional,15
4,4,Jeremiyah Love,RB,1,Sam,Sam,James,James,252.63150313507938,252.63150313507938,11,251.63150313507938,True,True,False,297.0,44.37,9,8,8,anchor,15
5,5,Jordan Mason,RB,3,Coby,Coby,Ryan J,Ryan J,242.0,242.0,11,241.0,True,True,False,257.0,15.0,9,8,8,anchor,15
6,6,Tony Pollard,RB,2,Brad,Brad,Reid,Reid,176.78651309325446,176.78651309325446,10,174.78651309325446,True,True,False,260.0,83.21,9,8,8,stars_and_scrubs,15
7,7,Deebo Samuel,WR,2,Jason,Jason,Sam,Sam,177.0,177.0,10,176.0,True,True,False,223.0,46.0,9,8,8,positional_extremist_wr,15
8,8,Tee Higgins,WR,1,Travis,Travis,Brandon,Brandon,78.0,78.0,10,77.0,True,True,False,184.0,106.0,9,8,8,tier_controller,15
9,9,Bucky Irving,RB,1,Reid,Reid,Evan,Evan,77.79466666666669,77.79466666666669,10,76.79466666666669,True,True,False,184.0,106.21,9,8,8,value_purist,15
10,10,Jaylen Warren,RB,2,Brandon,Brandon,Evan,Evan,77.21,77.21,10,76.21,True,True,False,106.21,29.0,8,7,7,value_purist,15
11,11,Kenny Gainwell,RB,3,Evan,Evan,Travis,Travis,76.2448888888889,76.2448888888889,10,75.2448888888889,True,True,False,264.0,187.76,9,8,8,balanced,15
12,12,Joe Flacco,QB,5,James,James,James,James,1.0,1.0,1,0.0,True,False,False,44.37,43.37,8,7,7,anchor,15
13,13,Geno Smith,QB,11,Ryan J,Ryan J,Ryan J,Ryan J,1.0,1.0,1,0.0,True,False,False,15.0,14.0,8,7,7,anchor,15
14,14,Josh Jacobs,RB,1,CJ,CJ,Reid,Reid,59.64,59.64,11,57.64,True,True,False,83.21,23.57,8,7,7,stars_and_scrubs,15
15,15,Bill Croskey-Merritt,RB,4,Shane,Shane,Jason,Jason,58.64,58.64,10,57.64,True,True,False,209.0,150.36,9,8,8,balanced,15
16,16,Terry McLaurin,WR,2,Sam,Sam,Coby,Coby,49.0,49.0,10,48.0,True,True,False,274.0,225.0,9,8,8,price_enforcer,15
17,17,Jonathon Brooks,RB,2,Coby,Coby,Travis,Travis,48.0,48.0,10,47.0,True,True,False,187.76,139.76,8,7,7,balanced,15
18,18,James Cook,RB,2,Brad,Brad,Coby,Coby,46.332187333333344,46.332187333333344,10,42.332187333333344,True,True,False,225.0,178.67,8,7,7,price_enforcer,15
19,19,DK Metcalf,WR,3,Jason,Jason,Jason,Jason,41.0,41.0,9,40.0,True,True,False,150.36,109.36,8,7,7,balanced,15
20,20,Chuba Hubbard,RB,3,Travis,Travis,Brad,Brad,39.64,39.64,10,39.0,True,True,False,46.64,7.0,8,7,7,emotional,15
21,21,RJ Harvey,RB,3,Reid,Reid,Sam,Sam,37.37480888888889,37.37480888888889,9,36.37480888888889,True,True,False,46.0,8.63,8,7,7,positional_extremist_wr,15
22,22,DeVonta Smith,WR,1,Brandon,Brandon,Coby,Coby,35.29,35.29,8,34.29,True,True,False,178.67,143.38,7,6,6,price_enforcer,15
23,23,DJ Moore,WR,2,Evan,Evan,Brandon,Brandon,40.100977777777786,40.100977777777786,8,38.29,True,True,False,106.0,65.9,8,7,7,tier_controller,15
24,24,Carnell Tate,WR,3,James,James,Travis,Travis,31.10741555555556,31.10741555555556,7,30.10741555555556,True,True,False,139.76,108.65,7,6,6,balanced,15
25,25,Courtland Sutton,WR,4,Ryan J,Ryan J,Jason,Jason,29.99380266666667,29.99380266666667,8,29.799073333333343,True,True,False,109.36,79.37,7,6,6,balanced,15
26,26,Nick Chubb,RB,5,CJ,CJ,Travis,Travis,29.686088722222227,29.686088722222227,8,28.686088722222227,True,True,False,108.65,78.96,6,5,5,balanced,15
27,27,Justin Fields,QB,8,Shane,Shane,Shane,Shane,1.0,1.0,1,0.0,True,False,False,34.29,33.29,8,7,7,emotional,15
28,28,Joe Burrow,QB,1,Sam,Sam,Coby,Coby,25.46208,25.46208,8,24.46208,True,True,False,143.38,117.92,6,5,5,price_enforcer,15
29,29,JK Dobbins,RB,5,Coby,Coby,Brandon,Brandon,24.368355555555556,24.368355555555556,7,23.438718888888893,True,True,False,65.9,41.53,7,6,6,tier_controller,15
30,30,Jacory Croskey-Merritt,RB,4,Brad,Brad,Shane,Shane,24.561128888888888,24.561128888888888,9,23.561128888888888,True,True,False,33.29,8.73,7,6,6,emotional,15
31,31,Michael Penix Jr.,QB,10,Jason,Jason,Jason,Jason,1.0,1.0,1,0.0,True,False,False,79.37,78.37,6,5,5,balanced,15
32,32,Jacoby Brissett,QB,10,Travis,Travis,Travis,Travis,1.0,1.0,1,0.0,True,False,False,78.96,77.96,5,4,4,balanced,15
33,33,Rashee Rice,WR,1,Reid,Reid,Coby,Coby,23.479182222222224,23.479182222222224,7,22.57,True,True,False,117.92,94.44,5,4,4,price_enforcer,15
34,34,Mike Evans,WR,3,Brandon,Brandon,Evan,Evan,19.775366666666663,19.775366666666663,7,18.775366666666663,True,True,False,29.0,9.22,7,6,6,value_purist,15
35,35,Aaron Jones Sr,RB,4,Evan,Evan,Jason,Jason,18.800092222222226,18.800092222222226,7,18.70173777777778,True,True,False,78.37,59.57,5,4,4,balanced,15
36,36,Davante Adams,WR,2,James,James,Travis,Travis,18.628108888888885,18.628108888888885,7,18.583693333333333,True,True,False,77.96,59.33,4,3,3,balanced,15
37,37,Romeo Doubs,WR,5,Ryan J,Ryan J,Coby,Coby,16.532594,16.532594,7,15.532594,True,True,False,94.44,77.91,4,3,3,price_enforcer,15
38,38,Travis Etienne,RB,5,CJ,CJ,Reid,Reid,15.265804444444443,15.265804444444443,7,14.265804444444443,True,True,False,23.57,8.3,7,6,6,stars_and_scrubs,15
39,39,Chris Godwin Jr,WR,3,Shane,Shane,Coby,Coby,15.008472222222222,15.008472222222222,7,14.008472222222222,True,True,False,77.91,62.9,3,2,2,price_enforcer,15
40,40,Keaton Mitchell,RB,6,Sam,Sam,Jason,Jason,15.40976616666667,15.40976616666667,7,15.347682166666667,True,True,False,59.57,44.16,4,3,3,balanced,15
41,41,Austin Ekeler,RB,6,Coby,Coby,Travis,Travis,13.0,13.0,6,12.0,True,True,False,59.33,46.33,3,2,2,balanced,15
42,42,Josh Downs,WR,4,Brad,Brad,Coby,Coby,11.807759444444445,11.807759444444445,7,10.807759444444445,True,True,False,62.9,51.09,2,1,1,price_enforcer,15
43,43,Jalen Hurts,QB,1,Jason,Jason,Brandon,Brandon,12.840403666666667,12.840403666666667,6,11.840403666666667,True,True,False,41.53,28.69,6,5,5,tier_controller,15
44,44,Travis Kelce,TE,1,Travis,Travis,Travis,Travis,11.792271944444446,11.792271944444446,6,11.0,True,True,False,46.33,34.54,2,1,1,balanced,15
45,45,Ricky Pearsall,WR,6,Reid,Reid,Jason,Jason,11.141351666666665,11.141351666666665,7,10.141351666666665,True,True,False,44.16,33.02,3,2,2,balanced,15
46,46,Zach Charbonnet,RB,5,Brandon,Brandon,Coby,Coby,9.197040000000001,9.197040000000001,6,8.197040000000001,True,True,False,51.09,41.89,1,0,0,price_enforcer,15
47,47,Josh Allen,QB,1,Evan,Evan,James,James,8.746283333333334,8.746283333333334,5,7.89430888888889,True,True,False,43.37,34.62,7,6,6,anchor,15
48,48,Lamar Jackson,QB,1,James,James,Travis,Travis,7.861687777777778,7.861687777777778,5,7.51571888888889,True,True,False,34.54,26.68,1,0,0,balanced,15
49,49,TJ Hockenson,TE,1,Ryan J,Ryan J,Jason,Jason,7.484533333333335,7.484533333333335,5,6.9239999999999995,True,True,False,33.02,25.54,2,1,1,balanced,15
50,50,Matthew Golden,WR,4,CJ,CJ,Brandon,Brandon,8.0,8.0,5,7.0,True,True,False,28.69,20.69,5,4,4,tier_controller,15
51,51,Tyler Allgeier,RB,6,Shane,Shane,James,James,7.896244999999998,7.896244999999998,5,7.003335111111112,True,True,False,34.62,26.72,6,5,5,anchor,15
52,52,Brian Robinson Jr,RB,6,Sam,Sam,Jason,Jason,5.716703333333333,5.716703333333333,5,5.0,True,True,False,25.54,19.82,1,0,0,balanced,15
53,53,Michael Pittman Jr,WR,4,Brad,Brad,James,James,5.254933333333334,5.254933333333334,4,4.340302222222223,True,True,False,26.72,21.47,5,4,4,anchor,15
54,54,Dylan Sampson,RB,7,Reid,Reid,Brandon,Brandon,5.0,5.0,4,4.0,True,True,False,20.69,15.69,4,3,3,tier_controller,15
55,55,Braelon Allen,RB,8,Brandon,Brandon,Brandon,Brandon,5.221632000000001,5.221632000000001,4,4.8146474999999995,True,True,False,15.69,10.47,3,2,2,tier_controller,15
56,56,Khalil Shakir,WR,5,Evan,Evan,James,James,4.794072083333332,4.794072083333332,3,4.220000000000001,True,True,False,21.47,16.68,4,3,3,anchor,15
57,57,Isiah Pacheco,RB,7,James,James,Evan,Evan,4.220000000000001,4.220000000000001,3,3.2247999999999992,True,True,False,9.22,5.0,6,5,5,value_purist,15
58,58,KC Concepcion,WR,6,Ryan J,Ryan J,James,James,3.0,3.0,3,2.0,True,True,False,16.68,13.68,3,2,2,anchor,15
59,59,Mike Washington Jr.,RB,7,CJ,CJ,Brandon,Brandon,3.4248533333333335,3.4248533333333335,4,3.085833333333333,True,True,False,10.47,7.05,2,1,1,tier_controller,15
60,60,George Kittle,TE,1,Shane,Shane,Ryan J,Ryan J,2.6716666666666664,2.6716666666666664,4,2.4350666666666667,True,True,False,14.0,11.33,7,6,6,anchor,15
61,61,Stefon Diggs,WR,5,Sam,Sam,Sam,Sam,2.630000000000001,2.630000000000001,3,2.4288,True,True,False,8.63,6.0,7,6,6,positional_extremist_wr,15
62,62,Mark Andrews,TE,1,Brad,Brad,James,James,2.97597,2.97597,3,2.0,True,True,False,13.68,10.7,2,1,1,anchor,15
63,63,Jakobi Meyers,WR,5,Reid,Reid,Shane,Shane,2.1922,2.1922,5,2.1338166666666667,True,True,False,8.73,6.54,6,5,5,emotional,15
64,64,Dalton Kincaid,TE,2,Brandon,Brandon,Ryan J,Ryan J,2.4430312499999998,2.4430312499999998,3,2.0,True,True,False,11.33,8.89,6,5,5,anchor,15
65,65,Alvin Kamara,RB,7,Evan,Evan,James,James,1.997333333333333,1.997333333333333,3,1.4037333333333333,True,True,False,10.7,8.7,1,0,0,anchor,15
66,66,CJ Stroud,QB,2,Ryan J,Ryan J,Ryan J,Ryan J,1.6520583333333336,1.6520583333333336,2,1.3974666666666666,True,True,False,8.89,7.24,5,4,4,anchor,15
67,67,Jajuan Jennings,WR,6,CJ,CJ,Brandon,Brandon,2.0,2.0,2,1.0,True,True,False,7.05,5.05,1,0,0,tier_controller,15
68,68,Tank Bigsby,RB,8,Shane,Shane,Shane,Shane,1.9271200000000002,1.9271200000000002,2,1.5961111111111113,True,True,False,6.54,4.61,5,4,4,emotional,15
69,69,Makai Lemon,WR,6,Sam,Sam,Ryan J,Ryan J,1.3273333333333335,1.3273333333333335,3,1.2222222222222223,True,True,False,7.24,5.91,4,3,3,anchor,15
70,70,Justin Herbert,QB,2,Brad,Brad,Reid,Reid,1.5816666666666668,1.5816666666666668,2,1.0,True,True,False,8.3,6.72,6,5,5,stars_and_scrubs,15
71,71,AD Mitchell,WR,7,Reid,Reid,Ryan J,Ryan J,1.211111111111111,1.211111111111111,2,1.0,True,True,False,5.91,4.7,3,2,2,anchor,15
72,72,Xavier Worthy,WR,7,Evan,Evan,Reid,Reid,1.5672222222222223,1.5672222222222223,2,1.0,True,True,False,6.72,5.15,5,4,4,stars_and_scrubs,15
73,73,Dalton Schultz,TE,3,Ryan J,Ryan J,Reid,Reid,1.56,1.56,2,1.0,True,True,False,5.15,3.59,4,3,3,stars_and_scrubs,15
74,74,Kimani Vidal,RB,9,CJ,CJ,Reid,Reid,1.5527777777777778,1.5527777777777778,2,1.0,True,True,False,3.59,2.04,3,2,2,stars_and_scrubs,15
75,75,Dak Prescott,QB,2,Shane,Shane,Shane,Shane,1.4266666666666665,1.4266666666666665,3,1.3672222222222221,True,True,False,4.61,3.18,4,3,3,emotional,15
76,76,Rashid Shaheed,WR,7,Sam,Sam,Ryan J,Ryan J,1.3608333333333333,1.3608333333333333,3,1.04,True,True,False,4.7,3.34,2,1,1,anchor,15
77,77,Kenyon Sadiq,TE,17,Brad,Brad,Brad,Brad,1.0,1.0,1,0.0,True,False,False,7.0,6.0,7,6,6,emotional,15
78,78,Durham Smythe,TE,12,Reid,Reid,Reid,Reid,1.0,1.0,1,0.0,True,False,False,2.04,1.04,2,1,1,stars_and_scrubs,15
79,79,Tyrone Tracy Jr,RB,8,Evan,Evan,Ryan J,Ryan J,1.1666666666666667,1.1666666666666667,3,1.04,True,True,False,3.34,2.17,1,0,0,anchor,15
80,80,Jake Ferguson,TE,2,CJ,CJ,Shane,Shane,1.1800000000000002,1.1800000000000002,3,1.04,True,True,False,3.18,2.0,3,2,2,emotional,15
81,81,Anthony Richardson Sr.,QB,8,Shane,Shane,Shane,Shane,1.0,1.0,1,0.0,True,False,False,2.0,1.0,2,1,1,emotional,15
82,82,Trey Lance,QB,6,Sam,Sam,Sam,Sam,1.0,1.0,1,0.0,True,False,False,6.0,5.0,6,5,5,positional_extremist_wr,15
83,83,Marcus Mariota,QB,5,Brad,Brad,Brad,Brad,1.0,1.0,1,0.0,True,False,False,6.0,5.0,6,5,5,emotional,15
84,84,Nate Boerkircher,TE,12,Reid,Reid,Reid,Reid,1.0,1.0,1,0.0,True,False,False,1.04,0.04,1,0,0,stars_and_scrubs,15
85,85,Jayden Daniels,QB,2,Evan,Evan,Evan,Evan,1.0,1.0,1,0.0,True,False,False,5.0,4.0,5,4,4,value_purist,15
86,86,Chig Okonkwo,TE,3,CJ,CJ,CJ,CJ,1.0,1.0,1,0.0,True,False,False,8.0,7.0,8,7,7,tier_controller,15
87,87,Dallas Goedert,TE,2,Shane,Shane,Shane,Shane,1.0,1.0,1,0.0,True,False,False,1.0,0.0,1,0,0,emotional,15
88,88,Ray Davis,RB,9,Sam,Sam,Sam,Sam,1.0,1.0,1,0.0,True,False,False,5.0,4.0,5,4,4,positional_extremist_wr,15
89,89,Gunnar Helm,TE,16,Brad,Brad,Brad,Brad,1.0,1.0,1,0.0,True,False,False,5.0,4.0,5,4,4,emotional,15
90,90,Jonah Coleman,RB,8,Evan,Evan,Evan,Evan,1.0,1.0,1,0.0,True,False,False,4.0,3.0,4,3,3,value_purist,15
91,91,Jayden Higgins,WR,7,CJ,CJ,CJ,CJ,1.0,1.0,1,0.0,True,False,False,7.0,6.0,7,6,6,tier_controller,15
92,92,Samaje Perine,RB,9,Sam,Sam,Sam,Sam,1.0,1.0,1,0.0,True,False,False,4.0,3.0,4,3,3,positional_extremist_wr,15
93,93,Isaiah Likely,TE,2,Brad,Brad,Brad,Brad,1.0,1.0,1,0.0,True,False,False,4.0,3.0,4,3,3,emotional,15
94,94,Keon Coleman,WR,8,Evan,Evan,Evan,Evan,1.0,1.0,1,0.0,True,False,False,3.0,2.0,3,2,2,value_purist,15
95,95,Max Klare,TE,4,CJ,CJ,CJ,CJ,1.0,1.0,1,0.0,True,False,False,6.0,5.0,6,5,5,tier_controller,15
96,96,Emmett Johnson,RB,9,Sam,Sam,Sam,Sam,1.0,1.0,1,0.0,True,False,False,3.0,2.0,3,2,2,positional_extremist_wr,15
97,97,Adonai Mitchell,WR,8,Brad,Brad,Brad,Brad,1.0,1.0,1,0.0,True,False,False,3.0,2.0,3,2,2,emotional,15
98,98,Christian Kirk,WR,9,Evan,Evan,Evan,Evan,1.0,1.0,1,0.0,True,False,False,2.0,1.0,2,1,1,value_purist,15
99,99,Baker Mayfield,QB,3,CJ,CJ,CJ,CJ,1.0,1.0,1,0.0,True,False,False,5.0,4.0,5,4,4,tier_controller,15
100,100,James Conner,RB,10,Sam,Sam,Sam,Sam,1.0,1.0,1,0.0,True,False,False,2.0,1.0,2,1,1,positional_extremist_wr,15
101,101,Patrick Mahomes,QB,3,Brad,Brad,Brad,Brad,1.0,1.0,1,0.0,True,False,False,2.0,1.0,2,1,1,emotional,15
102,102,Juwan Johnson,TE,3,Evan,Evan,Evan,Evan,1.0,1.0,1,0.0,True,False,False,1.0,0.0,1,0,0,value_purist,15
103,103,Cooper Kupp,WR,8,CJ,CJ,CJ,CJ,1.0,1.0,1,0.0,True,False,False,4.0,3.0,4,3,3,tier_controller,15
104,104,Brenton Strange,TE,3,Sam,Sam,Sam,Sam,1.0,1.0,1,0.0,True,False,False,1.0,0.0,1,0,0,positional_extremist_wr,15
105,105,Chris Rodriguez Jr,RB,10,Brad,Brad,Brad,Brad,1.0,1.0,1,0.0,True,False,False,1.0,0.0,1,0,0,emotional,15
106,106,Rashod Bateman,WR,9,CJ,CJ,CJ,CJ,1.0,1.0,1,0.0,True,False,False,3.0,2.0,3,2,2,tier_controller,15
107,107,Justice Hill,RB,10,CJ,CJ,CJ,CJ,1.0,1.0,1,0.0,True,False,False,2.0,1.0,2,1,1,tier_controller,15
108,108,Jared Goff,QB,3,CJ,CJ,CJ,CJ,1.0,1.0,1,0.0,True,False,False,1.0,0.0,1,0,0,tier_controller,15
1,1,Josh Jacobs,RB,1,CJ,CJ,Shane,Shane,290.0,290.0,12,289.0,True,True,False,324.0,34.0,9,8,8,positional_extremist_rb,16
2,2,Bucky Irving,RB,1,Evan,Evan,James,James,274.0,274.0,12,270.0,True,True,False,297.0,23.0,9,8,8,stars_and_scrubs,16
3,3,Jaylen Waddle,WR,1,Jason,Jason,Coby,Coby,254.22222222222223,254.22222222222223,12,252.0,True,True,False,274.0,19.78,9,8,8,anchor,16
4,4,Rachaad White,RB,4,Travis,Travis,Travis,Travis,233.54166666666666,233.54166666666666,12,233.0,True,True,False,264.0,30.46,9,8,8,stars_and_scrubs,16
5,5,DJ Moore,WR,2,Ryan J,Ryan J,Reid,Reid,189.33333333333331,189.33333333333331,12,188.66666666666666,True,True,False,260.0,70.67,9,8,8,anchor,16
6,6,Jeremiyah Love,RB,1,Brandon,Brandon,Brad,Brad,250.0,250.0,12,249.0,True,True,False,281.0,31.0,9,8,8,positional_extremist_rb,16
7,7,Bhayshul Tuten,RB,1,Sam,Sam,Ryan J,Ryan J,201.0985675,201.0985675,12,197.0985675,True,True,False,257.0,55.9,9,8,8,stars_and_scrubs,16
8,8,James Cook,RB,2,James,James,Jason,Jason,176.0,176.0,12,173.0,True,True,False,209.0,33.0,9,8,8,positional_extremist_rb,16
9,9,Kenny Gainwell,RB,3,Brad,Brad,Evan,Evan,105.06666666666665,105.06666666666665,12,104.06666666666665,True,True,False,184.0,78.93,9,8,8,tier_controller,16
10,10,Tee Higgins,WR,1,Reid,Reid,Sam,Sam,177.0,177.0,12,176.0,True,True,False,223.0,46.0,9,8,8,positional_extremist_wr,16
11,11,JK Dobbins,RB,5,Coby,Coby,CJ,CJ,32.207168,32.207168,8,31.207168000000003,True,True,False,264.0,231.79,9,8,8,price_enforcer,16
12,12,Jordan Mason,RB,3,Shane,Shane,Brandon,Brandon,50.0,50.0,12,46.0,True,True,False,184.0,134.0,9,8,8,positional_extremist_wr,16
13,13,Tony Pollard,RB,2,CJ,CJ,Brandon,Brandon,50.75758666666667,50.75758666666667,12,49.75758666666667,True,True,False,134.0,83.24,8,7,7,positional_extremist_wr,16
14,14,DeVonta Smith,WR,1,Evan,Evan,CJ,CJ,49.577305555555554,49.577305555555554,12,48.9,True,True,False,231.79,182.21,8,7,7,price_enforcer,16
15,15,Jaylen Warren,RB,2,Jason,Jason,Ryan J,Ryan J,39.51643333333333,39.51643333333333,12,38.51643333333333,True,True,False,55.9,16.38,8,7,7,stars_and_scrubs,16
16,16,Jacory Croskey-Merritt,RB,4,Travis,Travis,CJ,CJ,33.49995,33.49995,11,32.49995,True,True,False,182.21,148.71,7,6,6,price_enforcer,16
17,17,Jonathon Brooks,RB,2,Ryan J,Ryan J,Sam,Sam,32.46042666666666,32.46042666666666,12,31.460426666666667,True,True,False,46.0,13.54,8,7,7,positional_extremist_wr,16
18,18,Chuba Hubbard,RB,3,Brandon,Brandon,CJ,CJ,28.0,28.0,10,27.0,True,True,False,148.71,120.71,6,5,5,price_enforcer,16
19,19,Deebo Samuel,WR,2,Sam,Sam,Brandon,Brandon,31.309120000000007,31.309120000000007,12,30.309120000000007,True,True,False,83.24,51.93,7,6,6,positional_extremist_wr,16
20,20,Bill Croskey-Merritt,RB,4,James,James,Evan,Evan,26.0,26.0,10,25.0,True,True,False,78.93,52.93,8,7,7,tier_controller,16
21,21,TJ Hockenson,TE,1,Brad,Brad,Shane,Shane,27.0,27.0,11,26.0,True,True,False,34.0,7.0,8,7,7,positional_extremist_rb,16
22,22,DK Metcalf,WR,3,Reid,Reid,CJ,CJ,25.067443333333333,25.067443333333333,6,25.0345875,True,True,False,120.71,95.64,5,4,4,price_enforcer,16
23,23,Terry McLaurin,WR,2,Coby,Coby,Jason,Jason,26.0,26.0,10,24.0,True,True,False,33.0,7.0,8,7,7,positional_extremist_rb,16
24,24,Nick Chubb,RB,5,Shane,Shane,Evan,Evan,19.94872888888889,19.94872888888889,7,18.947235416666665,True,True,False,52.93,32.98,7,6,6,tier_controller,16
25,25,Davante Adams,WR,2,CJ,CJ,Brad,Brad,24.0,24.0,9,23.46,True,True,False,31.0,7.0,8,7,7,positional_extremist_rb,16
26,26,Joe Burrow,QB,1,Evan,Evan,Brandon,Brandon,20.563693333333333,20.563693333333333,5,19.563693333333333,True,True,False,51.93,31.37,6,5,5,positional_extremist_wr,16
27,27,RJ Harvey,RB,3,Jason,Jason,Travis,Travis,20.489306666666668,20.489306666666668,9,19.489306666666668,True,True,False,30.46,9.97,8,7,7,stars_and_scrubs,16
28,28,Aaron Jones Sr,RB,4,Travis,Travis,CJ,CJ,16.38,16.38,8,15.379999999999999,True,True,False,95.64,79.26,4,3,3,price_enforcer,16
29,29,Josh Allen,QB,1,Ryan J,Ryan J,CJ,CJ,16.028133333333333,16.028133333333333,7,15.311833333333334,True,True,False,79.26,63.23,3,2,2,price_enforcer,16
30,30,Matthew Golden,WR,4,Brandon,Brandon,Reid,Reid,15.669831944444446,15.669831944444446,6,14.669831944444446,True,True,False,70.67,55.0,8,7,7,anchor,16
31,31,Courtland Sutton,WR,4,Sam,Sam,Brandon,Brandon,14.307383333333334,14.307383333333334,6,13.307383333333334,True,True,False,31.37,17.06,5,4,4,positional_extremist_wr,16
32,32,Tua Tagovailoa,QB,12,James,James,James,James,1.0,1.0,1,0.0,True,False,False,23.0,22.0,8,7,7,stars_and_scrubs,16
33,33,Cam Ward,QB,12,Brad,Brad,Brad,Brad,1.0,1.0,1,0.0,True,False,False,7.0,6.0,7,6,6,positional_extremist_rb,16
34,34,Rashee Rice,WR,1,Reid,Reid,James,James,13.540616666666665,13.540616666666665,7,12.540616666666665,True,True,False,22.0,8.46,7,6,6,stars_and_scrubs,16
35,35,Travis Etienne,RB,5,Coby,Coby,CJ,CJ,12.491437777777778,12.491437777777778,6,11.641666666666667,True,True,False,63.23,50.74,2,1,1,price_enforcer,16
36,36,Zach Charbonnet,RB,5,Shane,Shane,Reid,Reid,11.379999999999999,11.379999999999999,7,10.379999999999999,True,True,False,55.0,43.62,7,6,6,anchor,16
37,37,Khalil Shakir,WR,5,CJ,CJ,Evan,Evan,11.160700000000002,11.160700000000002,6,10.160700000000002,True,True,False,32.98,21.82,6,5,5,tier_controller,16
38,38,Chris Godwin Jr,WR,3,Evan,Evan,Ryan J,Ryan J,10.0,10.0,5,9.0,True,True,False,16.38,6.38,7,6,6,stars_and_scrubs,16
39,39,Carnell Tate,WR,3,Jason,Jason,Reid,Reid,10.0,10.0,6,9.0,True,True,False,43.62,33.62,6,5,5,anchor,16
40,40,Dylan Sampson,RB,7,Travis,Travis,CJ,CJ,9.022572499999997,9.022572499999997,6,8.022572499999997,True,True,False,50.74,41.72,1,0,0,price_enforcer,16
41,41,Mike Evans,WR,3,Ryan J,Ryan J,Reid,Reid,6.948133333333332,6.948133333333332,5,6.0,True,True,False,33.62,26.67,5,4,4,anchor,16
42,42,Michael Pittman Jr,WR,4,Brandon,Brandon,Brandon,Brandon,5.830771111111112,5.830771111111112,5,4.830771111111112,True,True,False,17.06,11.23,4,3,3,positional_extremist_wr,16
43,43,Brian Robinson Jr,RB,6,Sam,Sam,Reid,Reid,5.46735,5.46735,5,4.771306666666667,True,True,False,26.67,21.2,4,3,3,anchor,16
44,44,Mike Washington Jr.,RB,7,James,James,Evan,Evan,5.6441791666666665,5.6441791666666665,5,4.6441791666666665,True,True,False,21.82,16.18,5,4,4,tier_controller,16
45,45,Josh Downs,WR,4,Brad,Brad,Sam,Sam,4.772097777777779,4.772097777777779,5,4.310666666666666,True,True,False,13.54,8.77,7,6,6,positional_extremist_wr,16
46,46,Romeo Doubs,WR,5,Reid,Reid,Evan,Evan,5.591808,5.591808,4,4.9369499999999995,True,True,False,16.18,10.59,4,3,3,tier_controller,16
47,47,Mark Andrews,TE,1,Coby,Coby,Reid,Reid,4.916633333333333,4.916633333333333,4,4.9068861111111115,True,True,False,21.2,16.28,3,2,2,anchor,16
48,48,Jalen Hurts,QB,1,Shane,Shane,Coby,Coby,4.5683558333333325,4.5683558333333325,5,3.7600016666666662,True,True,False,19.78,15.21,8,7,7,anchor,16
49,49,Jakobi Meyers,WR,5,Evan,Evan,Brandon,Brandon,3.8930666666666665,3.8930666666666665,4,3.2560000000000002,True,True,False,11.23,7.34,3,2,2,positional_extremist_wr,16
50,50,Keaton Mitchell,RB,6,Jason,Jason,Reid,Reid,3.728798333333333,3.728798333333333,4,3.0,True,True,False,16.28,12.55,2,1,1,anchor,16
51,51,Austin Ekeler,RB,6,Travis,Travis,Coby,Coby,3.01665,3.01665,4,2.4890833333333333,True,True,False,15.21,12.19,7,6,6,anchor,16
52,52,Stefon Diggs,WR,5,Ryan J,Ryan J,Sam,Sam,3.0022633333333335,3.0022633333333335,5,2.478625,True,True,False,8.77,5.77,6,5,5,positional_extremist_wr,16
53,53,Jajuan Jennings,WR,6,Brandon,Brandon,Evan,Evan,3.5544746666666667,3.5544746666666667,3,3.1276555555555556,True,True,False,10.59,7.04,3,2,2,tier_controller,16
54,54,Lamar Jackson,QB,1,Sam,Sam,Reid,Reid,2.4577083333333336,2.4577083333333336,3,2.0,True,True,False,12.55,10.09,1,0,0,anchor,16
55,55,Tyler Allgeier,RB,6,James,James,Coby,Coby,2.7336074999999993,2.7336074999999993,3,2.3429120000000005,True,True,False,12.19,9.46,6,5,5,anchor,16
56,56,CJ Stroud,QB,2,Brad,Brad,Coby,Coby,1.8368166666666665,1.8368166666666665,2,1.0,True,True,False,9.46,7.62,5,4,4,anchor,16
57,57,George Kittle,TE,1,Coby,Coby,Brandon,Brandon,2.0,2.0,2,1.0,True,True,False,7.34,5.34,2,1,1,positional_extremist_wr,16
58,58,Jake Ferguson,TE,2,Shane,Shane,Evan,Evan,2.3128746666666666,2.3128746666666666,3,1.6868774999999998,True,True,False,7.04,4.73,2,1,1,tier_controller,16
59,59,Dalton Kincaid,TE,2,Evan,Evan,Evan,Evan,2.0444444444444443,2.0444444444444443,2,1.6795749999999998,True,True,False,4.73,2.69,1,0,0,tier_controller,16
60,60,Makai Lemon,WR,6,Jason,Jason,Sam,Sam,1.7699999999999996,1.7699999999999996,3,1.7663533333333332,True,True,False,5.77,4.0,5,4,4,positional_extremist_wr,16
61,61,Ricky Pearsall,WR,6,Travis,Travis,Brandon,Brandon,2.0,2.0,2,1.0,True,True,False,5.34,3.34,1,0,0,positional_extremist_wr,16
62,62,Xavier Worthy,WR,7,Ryan J,Ryan J,Coby,Coby,1.6576674999999998,1.6576674999999998,2,1.0,True,True,False,7.62,5.96,4,3,3,anchor,16
63,63,Braelon Allen,RB,8,Sam,Sam,James,James,1.6322222222222222,1.6322222222222222,3,1.4438888888888888,True,True,False,8.46,6.83,6,5,5,stars_and_scrubs,16
64,64,Isiah Pacheco,RB,7,James,James,Coby,Coby,1.25,1.25,2,1.0,True,True,False,5.96,4.71,3,2,2,anchor,16
65,65,KC Concepcion,WR,6,Brad,Brad,Coby,Coby,1.2444444444444445,1.2444444444444445,2,1.0,True,True,False,4.71,3.47,2,1,1,anchor,16
66,66,Kimani Vidal,RB,9,Coby,Coby,James,James,1.6105555555555557,1.6105555555555557,2,1.0,True,True,False,6.83,5.22,5,4,4,stars_and_scrubs,16
67,67,Travis Kelce,TE,1,Shane,Shane,James,James,1.6033333333333335,1.6033333333333335,3,1.4183333333333332,True,True,False,5.22,3.62,4,3,3,stars_and_scrubs,16
68,68,Justin Herbert,QB,2,Jason,Jason,James,James,1.5961111111111113,1.5961111111111113,3,1.4119444444444444,True,True,False,3.62,2.02,3,2,2,stars_and_scrubs,16
69,69,Alvin Kamara,RB,7,Travis,Travis,Coby,Coby,1.2222222222222223,1.2222222222222223,2,1.0,True,True,False,3.47,2.25,1,0,0,anchor,16
70,70,Dak Prescott,QB,2,Ryan J,Ryan J,Travis,Travis,1.5816666666666668,1.5816666666666668,3,1.38,True,True,False,9.97,8.39,7,6,6,stars_and_scrubs,16
71,71,Tank Bigsby,RB,8,Sam,Sam,Travis,Travis,1.5744444444444443,1.5744444444444443,4,1.38,True,True,False,8.39,6.82,6,5,5,stars_and_scrubs,16
72,72,Jayden Daniels,QB,2,James,James,Ryan J,Ryan J,1.2055555555555555,1.2055555555555555,2,1.0,True,True,False,6.38,5.17,6,5,5,stars_and_scrubs,16
73,73,Dalton Schultz,TE,3,Brad,Brad,Travis,Travis,1.56,1.56,4,1.17,True,True,False,6.82,5.26,5,4,4,stars_and_scrubs,16
74,74,Jonah Coleman,RB,8,Shane,Shane,Travis,Travis,1.1944444444444444,1.1944444444444444,4,1.17,True,True,False,5.26,4.07,4,3,3,stars_and_scrubs,16
75,75,AD Mitchell,WR,7,Jason,Jason,Travis,Travis,1.1888888888888889,1.1888888888888889,4,1.17,True,True,False,4.07,2.88,3,2,2,stars_and_scrubs,16
76,76,Dallas Goedert,TE,2,Travis,Travis,Travis,Travis,1.1833333333333333,1.1833333333333333,3,1.17,True,True,False,2.88,1.7,2,1,1,stars_and_scrubs,16
77,77,Samaje Perine,RB,9,Ryan J,Ryan J,Travis,Travis,1.5311111111111113,1.5311111111111113,3,1.17,True,True,False,1.7,0.17,1,0,0,stars_and_scrubs,16
78,78,Emmett Johnson,RB,9,Sam,Sam,Ryan J,Ryan J,1.17,1.17,3,1.02,True,True,False,5.17,4.0,5,4,4,stars_and_scrubs,16
79,79,Jayden Higgins,WR,7,James,James,James,James,1.0,1.0,1,0.0,True,False,False,2.02,1.02,2,1,1,stars_and_scrubs,16
80,80,Rashid Shaheed,WR,7,Brad,Brad,James,James,1.02,1.02,2,1.0,True,True,False,1.02,0.0,1,0,0,stars_and_scrubs,16
81,81,Joe Flacco,QB,5,Shane,Shane,Shane,Shane,1.0,1.0,1,0.0,True,False,False,7.0,6.0,7,6,6,positional_extremist_rb,16
82,82,Colby Parkinson,TE,15,Jason,Jason,Jason,Jason,1.0,1.0,1,0.0,True,False,False,7.0,6.0,7,6,6,positional_extremist_rb,16
83,83,Jacoby Brissett,QB,10,Ryan J,Ryan J,Ryan J,Ryan J,1.0,1.0,1,0.0,True,False,False,4.0,3.0,4,3,3,stars_and_scrubs,16
84,84,Tyrone Tracy Jr,RB,8,Sam,Sam,Sam,Sam,1.0,1.0,1,0.0,True,False,False,4.0,3.0,4,3,3,positional_extremist_wr,16
85,85,Baker Mayfield,QB,3,Brad,Brad,Brad,Brad,1.0,1.0,1,0.0,True,False,False,6.0,5.0,6,5,5,positional_extremist_rb,16
86,86,Rashod Bateman,WR,9,Shane,Shane,Shane,Shane,1.0,1.0,1,0.0,True,False,False,6.0,5.0,6,5,5,positional_extremist_rb,16
87,87,Isaiah Likely,TE,2,Jason,Jason,Jason,Jason,1.0,1.0,1,0.0,True,False,False,6.0,5.0,6,5,5,positional_extremist_rb,16
88,88,Cooper Kupp,WR,8,Ryan J,Ryan J,Ryan J,Ryan J,1.0,1.0,1,0.0,True,False,False,3.0,2.0,3,2,2,stars_and_scrubs,16
89,89,Quinn Ewers,QB,7,Sam,Sam,Sam,Sam,1.0,1.0,1,0.0,True,False,False,3.0,2.0,3,2,2,positional_extremist_wr,16
90,90,Ray Davis,RB,9,Brad,Brad,Brad,Brad,1.0,1.0,1,0.0,True,False,False,5.0,4.0,5,4,4,positional_extremist_rb,16
91,91,Juwan Johnson,TE,3,Shane,Shane,Shane,Shane,1.0,1.0,1,0.0,True,False,False,5.0,4.0,5,4,4,positional_extremist_rb,16
92,92,Christian Kirk,WR,9,Jason,Jason,Jason,Jason,1.0,1.0,1,0.0,True,False,False,5.0,4.0,5,4,4,positional_extremist_rb,16
93,93,Keenan Allen,WR,8,Ryan J,Ryan J,Ryan J,Ryan J,1.0,1.0,1,0.0,True,False,False,2.0,1.0,2,1,1,stars_and_scrubs,16
94,94,Brenton Strange,TE,3,Sam,Sam,Sam,Sam,1.0,1.0,1,0.0,True,False,False,2.0,1.0,2,1,1,positional_extremist_wr,16
95,95,James Conner,RB,10,Brad,Brad,Brad,Brad,1.0,1.0,1,0.0,True,False,False,4.0,3.0,4,3,3,positional_extremist_rb,16
96,96,Justice Hill,RB,10,Shane,Shane,Shane,Shane,1.0,1.0,1,0.0,True,False,False,4.0,3.0,4,3,3,positional_extremist_rb,16
97,97,Chig Okonkwo,TE,3,Jason,Jason,Jason,Jason,1.0,1.0,1,0.0,True,False,False,4.0,3.0,4,3,3,positional_extremist_rb,16
98,98,Keon Coleman,WR,8,Ryan J,Ryan J,Ryan J,Ryan J,1.0,1.0,1,0.0,True,False,False,1.0,0.0,1,0,0,stars_and_scrubs,16
99,99,Trey Benson,RB,10,Sam,Sam,Sam,Sam,1.0,1.0,1,0.0,True,False,False,1.0,0.0,1,0,0,positional_extremist_wr,16
100,100,Kyler Murray,QB,4,Brad,Brad,Brad,Brad,1.0,1.0,1,0.0,True,False,False,3.0,2.0,3,2,2,positional_extremist_rb,16
101,101,Matthew Stafford,QB,4,Shane,Shane,Shane,Shane,1.0,1.0,1,0.0,True,False,False,3.0,2.0,3,2,2,positional_extremist_rb,16
102,102,DJ Giddens,RB,14,Jason,Jason,Jason,Jason,1.0,1.0,1,0.0,True,False,False,3.0,2.0,3,2,2,positional_extremist_rb,16
103,103,Cedric Tillman,WR,10,Brad,Brad,Brad,Brad,1.0,1.0,1,0.0,True,False,False,2.0,1.0,2,1,1,positional_extremist_rb,16
104,104,Jared Goff,QB,3,Shane,Shane,Shane,Shane,1.0,1.0,1,0.0,True,False,False,2.0,1.0,2,1,1,positional_extremist_rb,16
105,105,Adonai Mitchell,WR,8,Jason,Jason,Jason,Jason,1.0,1.0,1,0.0,True,False,False,2.0,1.0,2,1,1,positional_extremist_rb,16
106,106,Tre Tucker,WR,10,Brad,Brad,Brad,Brad,1.0,1.0,1,0.0,True,False,False,1.0,0.0,1,0,0,positional_extremist_rb,16
107,107,Bo Nix,QB,4,Shane,Shane,Shane,Shane,1.0,1.0,1,0.0,True,False,False,1.0,0.0,1,0,0,positional_extremist_rb,16
108,108,Patrick Mahomes,QB,3,Jason,Jason,Jason,Jason,1.0,1.0,1,0.0,True,False,False,1.0,0.0,1,0,0,positional_extremist_rb,16
1,1,Jordan Mason,RB,3,James,James,James,James,252.0,252.0,12,251.0,True,True,False,297.0,45.0,9,8,8,positional_extremist_wr,17
2,2,Rachaad White,RB,4,Jason,Jason,CJ,CJ,235.18055555555557,235.18055555555557,12,232.0,True,True,False,264.0,28.82,9,8,8,stars_and_scrubs,17
3,3,Jeremiyah Love,RB,1,Evan,Evan,Shane,Shane,256.2347777777778,256.2347777777778,12,255.2347777777778,True,True,False,324.0,67.77,9,8,8,positional_extremist_rb,17
4,4,Bucky Irving,RB,1,Coby,Coby,Brad,Brad,256.0,256.0,12,255.0,True,True,False,281.0,25.0,9,8,8,tier_controller,17
5,5,Jaylen Waddle,WR,1,Travis,Travis,Travis,Travis,252.44444444444443,252.44444444444443,12,251.64355555555557,True,True,False,264.0,11.56,9,8,8,anchor,17
6,6,Deebo Samuel,WR,2,Brad,Brad,Jason,Jason,188.66666666666666,188.66666666666666,11,187.78666666666666,True,True,False,209.0,20.33,9,8,8,tier_controller,17
7,7,Tee Higgins,WR,1,CJ,CJ,Ryan J,Ryan J,195.48,195.48,11,194.48,True,True,False,257.0,61.52,9,8,8,stars_and_scrubs,17
8,8,Josh Jacobs,RB,1,Shane,Shane,Reid,Reid,177.0,177.0,10,176.0,True,True,False,260.0,83.0,9,8,8,anchor,17
9,9,Bhayshul Tuten,RB,1,Brandon,Brandon,Evan,Evan,80.0,80.0,11,79.0,True,True,False,184.0,104.0,9,8,8,positional_extremist_rb,17
10,10,James Cook,RB,2,Sam,Sam,Evan,Evan,79.52000000000001,79.52000000000001,11,78.52000000000001,True,True,False,104.0,24.48,8,7,7,positional_extremist_rb,17
11,11,Kenny Gainwell,RB,3,Ryan J,Ryan J,Coby,Coby,65.40487777777778,65.40487777777778,11,64.40487777777778,True,True,False,274.0,208.6,9,8,8,balanced,17
12,12,Tony Pollard,RB,2,Reid,Reid,Sam,Sam,60.82,60.82,10,59.82,True,True,False,223.0,162.18,9,8,8,balanced,17
13,13,Jaylen Warren,RB,2,James,James,Shane,Shane,55.27492,55.27492,10,54.27492,True,True,False,67.77,12.5,8,7,7,positional_extremist_rb,17
14,14,Jonathon Brooks,RB,2,Jason,Jason,Ryan J,Ryan J,54.52,54.52,10,54.12175,True,True,False,61.52,7.0,8,7,7,stars_and_scrubs,17
15,15,DK Metcalf,WR,3,Evan,Evan,Coby,Coby,46.21244444444444,46.21244444444444,9,45.21244444444444,True,True,False,208.6,162.39,8,7,7,balanced,17
16,16,RJ Harvey,RB,3,Coby,Coby,Coby,Coby,41.869555,41.869555,8,41.06933333333333,True,True,False,162.39,120.52,7,6,6,balanced,17
17,17,Aaron Jones Sr,RB,4,Travis,Travis,Sam,Sam,39.0,39.0,9,38.0,True,True,False,162.18,123.18,8,7,7,balanced,17
18,18,Bill Croskey-Merritt,RB,4,Brad,Brad,Brandon,Brandon,38.78311111111111,38.78311111111111,9,38.0,True,True,False,184.0,145.22,9,8,8,price_enforcer,17
19,19,Jacory Croskey-Merritt,RB,4,CJ,CJ,James,James,32.410900000000005,32.410900000000005,8,31.410900000000005,True,True,False,45.0,12.59,8,7,7,positional_extremist_wr,17
20,20,DeVonta Smith,WR,1,Shane,Shane,Sam,Sam,31.0,31.0,7,30.0,True,True,False,123.18,92.18,7,6,6,balanced,17
21,21,Chuba Hubbard,RB,3,Brandon,Brandon,Coby,Coby,30.504951111111115,30.504951111111115,7,30.270302222222227,True,True,False,120.52,90.02,6,5,5,balanced,17
22,22,DJ Moore,WR,2,Sam,Sam,Brandon,Brandon,26.493333333333332,26.493333333333332,8,22.493333333333332,True,True,False,145.22,118.73,8,7,7,price_enforcer,17
23,23,Carnell Tate,WR,3,Ryan J,Ryan J,Sam,Sam,25.4734308888889,25.4734308888889,9,23.45777777777778,True,True,False,92.18,66.71,6,5,5,balanced,17
24,24,Rashee Rice,WR,1,Reid,Reid,Brandon,Brandon,23.530005555555558,23.530005555555558,6,22.530005555555558,True,True,False,118.73,95.2,7,6,6,price_enforcer,17
25,25,Courtland Sutton,WR,4,James,James,Coby,Coby,21.999,21.999,8,20.999,True,True,False,90.02,68.02,5,4,4,balanced,17
26,26,Mike Evans,WR,3,Jason,Jason,CJ,CJ,20.570022777777776,20.570022777777776,7,17.570022777777776,True,True,False,28.82,8.25,8,7,7,stars_and_scrubs,17
27,27,Terry McLaurin,WR,2,Evan,Evan,Brandon,Brandon,18.764615555555558,18.764615555555558,7,17.764615555555558,True,True,False,95.2,76.44,6,5,5,price_enforcer,17
28,28,Joe Burrow,QB,1,Coby,Coby,Reid,Reid,19.443623,19.443623,7,18.443623,True,True,False,83.0,63.56,8,7,7,anchor,17
29,29,Josh Allen,QB,1,Travis,Travis,Coby,Coby,16.457866666666668,16.457866666666668,7,15.457866666666668,True,True,False,68.02,51.56,4,3,3,balanced,17
30,30,Nick Chubb,RB,5,Brad,Brad,Sam,Sam,16.77612166666667,16.77612166666667,6,15.776121666666667,True,True,False,66.71,49.93,5,4,4,balanced,17
31,31,Davante Adams,WR,2,CJ,CJ,Brandon,Brandon,14.665400000000002,14.665400000000002,7,13.665400000000002,True,True,False,76.44,61.77,5,4,4,price_enforcer,17
32,32,Chris Godwin Jr,WR,3,Shane,Shane,Reid,Reid,13.514757777777781,13.514757777777781,6,12.514757777777781,True,True,False,63.56,50.05,7,6,6,anchor,17
33,33,Matthew Golden,WR,4,Brandon,Brandon,Coby,Coby,13.71266844444445,13.71266844444445,7,13.278933333333331,True,True,False,51.56,37.85,3,2,2,balanced,17
34,34,JK Dobbins,RB,5,Sam,Sam,Sam,Sam,13.227289166666667,13.227289166666667,7,12.230968749999997,True,True,False,49.93,36.7,4,3,3,balanced,17
35,35,Austin Ekeler,RB,6,Ryan J,Ryan J,Brandon,Brandon,11.0,11.0,7,10.0,True,True,False,61.77,50.77,4,3,3,price_enforcer,17
36,36,Jalen Hurts,QB,1,Reid,Reid,Reid,Reid,12.13503958333333,12.13503958333333,7,11.182600000000003,True,True,False,50.05,37.91,6,5,5,anchor,17
37,37,Tyler Allgeier,RB,6,James,James,Evan,Evan,10.95092,10.95092,7,9.95092,True,True,False,24.48,13.53,7,6,6,positional_extremist_rb,17
38,38,Keaton Mitchell,RB,6,Jason,Jason,Brandon,Brandon,9.911432222222222,9.911432222222222,7,9.0,True,True,False,50.77,40.86,3,2,2,price_enforcer,17
39,39,TJ Hockenson,TE,1,Evan,Evan,Coby,Coby,8.885833333333334,8.885833333333334,6,7.885833333333333,True,True,False,37.85,28.96,2,1,1,balanced,17
40,40,Travis Etienne,RB,5,Coby,Coby,Sam,Sam,8.630616666666668,8.630616666666668,6,7.866325,True,True,False,36.7,28.07,3,2,2,balanced,17
41,41,Zach Charbonnet,RB,5,Travis,Travis,Brandon,Brandon,7.8814400000000004,7.8814400000000004,5,7.783075555555556,True,True,False,40.86,32.98,2,1,1,price_enforcer,17
42,42,Ricky Pearsall,WR,6,Brad,Brad,Reid,Reid,8.973612916666665,8.973612916666665,7,8.0,True,True,False,37.91,28.94,5,4,4,anchor,17
43,43,Brian Robinson Jr,RB,6,CJ,CJ,Coby,Coby,6.728373333333334,6.728373333333334,7,6.521596666666667,True,True,False,28.96,22.23,1,0,0,balanced,17
44,44,Romeo Doubs,WR,5,Shane,Shane,Brad,Brad,8.144594722222223,8.144594722222223,7,7.144594722222223,True,True,False,25.0,16.86,8,7,7,tier_controller,17
45,45,Josh Downs,WR,4,Brandon,Brandon,Sam,Sam,6.4093511111111106,6.4093511111111106,6,5.4093511111111106,True,True,False,28.07,21.66,2,1,1,balanced,17
46,46,Lamar Jackson,QB,1,Sam,Sam,Brandon,Brandon,6.233220000000001,6.233220000000001,6,5.39128,True,True,False,32.98,26.75,1,0,0,price_enforcer,17
47,47,Khalil Shakir,WR,5,Ryan J,Ryan J,Jason,Jason,6.802837333333334,6.802837333333334,7,5.802837333333334,True,True,False,20.33,13.53,8,7,7,tier_controller,17
48,48,Dylan Sampson,RB,7,Reid,Reid,Reid,Reid,6.683934166666666,6.683934166666666,4,5.887429166666667,True,True,False,28.94,22.26,4,3,3,anchor,17
49,49,Michael Pittman Jr,WR,4,James,James,Sam,Sam,4.9096,4.9096,4,4.0,True,True,False,21.66,16.75,1,0,0,balanced,17
50,50,George Kittle,TE,1,Jason,Jason,Evan,Evan,4.670856666666666,4.670856666666666,3,2.0,True,True,False,13.53,8.86,6,5,5,positional_extremist_rb,17
51,51,Travis Kelce,TE,1,Evan,Evan,Brad,Brad,5.706922666666666,5.706922666666666,5,5.0,True,True,False,16.86,11.15,7,6,6,tier_controller,17
52,52,Alvin Kamara,RB,7,Travis,Travis,Reid,Reid,4.0,4.0,4,3.0,True,True,False,22.26,18.26,3,2,2,anchor,17
53,53,Mark Andrews,TE,1,Brad,Brad,Shane,Shane,4.704444444444444,4.704444444444444,5,3.7044444444444444,True,True,False,12.5,7.8,7,6,6,positional_extremist_rb,17
54,54,Jajuan Jennings,WR,6,CJ,CJ,James,James,5.342006944444446,5.342006944444446,4,4.522026666666667,True,True,False,12.59,7.25,7,6,6,positional_extremist_wr,17
55,55,Stefon Diggs,WR,5,Shane,Shane,Reid,Reid,3.5607000000000006,3.5607000000000006,5,2.8142400000000003,True,True,False,18.26,14.7,2,1,1,anchor,17
56,56,Makai Lemon,WR,6,Ryan J,Ryan J,Reid,Reid,2.854249999999999,2.854249999999999,5,2.802213333333333,True,True,False,14.7,11.85,1,0,0,anchor,17
57,57,CJ Stroud,QB,2,James,James,Evan,Evan,2.9690844444444444,2.9690844444444444,3,2.0,True,True,False,8.86,5.89,5,4,4,positional_extremist_rb,17
58,58,Jake Ferguson,TE,2,Jason,Jason,Jason,Jason,4.445056,4.445056,3,3.6631466666666666,True,True,False,13.53,9.08,7,6,6,tier_controller,17
59,59,Mike Washington Jr.,RB,7,Evan,Evan,Brad,Brad,3.647288888888889,3.647288888888889,3,2.970168888888889,True,True,False,11.15,7.5,6,5,5,tier_controller,17
60,60,Justin Herbert,QB,2,Travis,Travis,Jason,Jason,2.9572551111111114,2.9572551111111114,3,2.4426666666666663,True,True,False,9.08,6.12,6,5,5,tier_controller,17
61,61,Tank Bigsby,RB,8,Brad,Brad,Travis,Travis,2.5258599999999998,2.5258599999999998,4,2.4247166666666664,True,True,False,11.56,9.03,8,7,7,anchor,17
62,62,Jakobi Meyers,WR,5,CJ,CJ,Shane,Shane,2.557533333333333,2.557533333333333,4,2.25,True,True,False,7.8,5.24,6,5,5,positional_extremist_rb,17
63,63,Tyrone Tracy Jr,RB,8,Shane,Shane,Evan,Evan,1.9227577777777776,1.9227577777777776,3,1.5066666666666666,True,True,False,5.89,3.97,4,3,3,positional_extremist_rb,17
64,64,Marcus Mariota,QB,5,Ryan J,Ryan J,Ryan J,Ryan J,1.0,1.0,1,0.0,True,False,False,7.0,6.0,7,6,6,stars_and_scrubs,17
65,65,Braelon Allen,RB,8,James,James,Brad,Brad,2.0,2.0,2,1.0,True,True,False,7.5,5.5,5,4,4,tier_controller,17
66,66,Jayden Daniels,QB,2,Jason,Jason,Travis,Travis,1.6780749999999998,1.6780749999999998,3,1.238888888888889,True,True,False,9.03,7.35,7,6,6,anchor,17
67,67,Xavier Worthy,WR,7,Evan,Evan,James,James,2.25,2.25,3,1.9733333333333336,True,True,False,7.25,5.0,6,5,5,positional_extremist_wr,17
68,68,Jonah Coleman,RB,8,Travis,Travis,Evan,Evan,1.5961111111111113,1.5961111111111113,3,1.2277777777777779,True,True,False,3.97,2.37,3,2,2,positional_extremist_rb,17
69,69,Jacoby Brissett,QB,10,Brad,Brad,Brad,Brad,1.0,1.0,1,0.0,True,False,False,5.5,4.5,4,3,3,tier_controller,17
70,70,Isiah Pacheco,RB,7,CJ,CJ,Evan,Evan,1.37,1.37,3,1.2166666666666668,True,True,False,2.37,1.0,2,1,1,positional_extremist_rb,17
71,71,Dalton Kincaid,TE,2,Shane,Shane,Brad,Brad,1.9377777777777778,1.9377777777777778,2,1.0,True,True,False,4.5,2.56,3,2,2,tier_controller,17
72,72,KC Concepcion,WR,6,Ryan J,Ryan J,Travis,Travis,1.3291249999999997,1.3291249999999997,3,1.2055555555555555,True,True,False,7.35,6.02,6,5,5,anchor,17
73,73,Samaje Perine,RB,9,James,James,Jason,Jason,1.92,1.92,3,1.56,True,True,False,6.12,4.2,5,4,4,tier_controller,17
74,74,Dak Prescott,QB,2,Jason,Jason,Brad,Brad,1.56,1.56,2,1.0,True,True,False,2.56,1.0,2,1,1,tier_controller,17
75,75,Dalton Schultz,TE,3,Evan,Evan,CJ,CJ,1.5455555555555556,1.5455555555555556,2,1.0,True,True,False,8.25,6.7,7,6,6,stars_and_scrubs,17
76,76,Chig Okonkwo,TE,3,Travis,Travis,CJ,CJ,1.5383333333333333,1.5383333333333333,2,1.0,True,True,False,6.7,5.16,6,5,5,stars_and_scrubs,17
77,77,Kimani Vidal,RB,9,Brad,Brad,Travis,Travis,1.3544444444444443,1.3544444444444443,5,1.2400000000000002,True,True,False,6.02,4.67,5,4,4,anchor,17
78,78,Tua Tagovailoa,QB,12,CJ,CJ,CJ,CJ,1.0,1.0,1,0.0,True,False,False,5.16,4.16,5,4,4,stars_and_scrubs,17
79,79,AD Mitchell,WR,7,Shane,Shane,Jason,Jason,1.1666666666666667,1.1666666666666667,3,1.1600000000000001,True,True,False,4.2,3.03,4,3,3,tier_controller,17
80,80,Dallas Goedert,TE,2,Ryan J,Ryan J,Travis,Travis,1.1611111111111112,1.1611111111111112,3,1.1600000000000001,True,True,False,4.67,3.51,4,3,3,anchor,17
81,81,Jayden Higgins,WR,7,James,James,CJ,CJ,1.1555555555555557,1.1555555555555557,2,1.0,True,True,False,4.16,3.0,4,3,3,stars_and_scrubs,17
82,82,Adonai Mitchell,WR,8,Jason,Jason,Travis,Travis,1.3224999999999998,1.3224999999999998,2,1.0,True,True,False,3.51,2.19,3,2,2,anchor,17
83,83,Emmett Johnson,RB,9,Evan,Evan,Shane,Shane,1.2400000000000002,1.2400000000000002,3,1.0299999999999998,True,True,False,5.24,4.0,5,4,4,positional_extremist_rb,17
84,84,Cam Ward,QB,12,Travis,Travis,Travis,Travis,1.0,1.0,1,0.0,True,False,False,2.19,1.19,2,1,1,anchor,17
85,85,Ray Davis,RB,9,Brad,Brad,Travis,Travis,1.1333333333333333,1.1333333333333333,3,1.0299999999999998,True,True,False,1.19,0.06,1,0,0,anchor,17
86,86,J'Mari Taylor,RB,16,CJ,CJ,CJ,CJ,1.0,1.0,1,0.0,True,False,False,3.0,2.0,3,2,2,stars_and_scrubs,17
87,87,Jordan Love,QB,3,Shane,Shane,Jason,Jason,1.0299999999999998,1.0299999999999998,2,1.0,True,True,False,3.03,2.0,3,2,2,tier_controller,17
88,88,Rashid Shaheed,WR,7,Ryan J,Ryan J,Ryan J,Ryan J,1.0,1.0,1,0.0,True,False,False,6.0,5.0,6,5,5,stars_and_scrubs,17
89,89,Isaiah Likely,TE,2,James,James,James,James,1.0,1.0,1,0.0,True,False,False,5.0,4.0,5,4,4,positional_extremist_wr,17
90,90,Trey Benson,RB,10,Jason,Jason,Jason,Jason,1.0,1.0,1,0.0,True,False,False,2.0,1.0,2,1,1,tier_controller,17
91,91,Justice Hill,RB,10,Evan,Evan,Evan,Evan,1.0,1.0,1,0.0,True,False,False,1.0,0.0,1,0,0,positional_extremist_rb,17
92,92,Rashod Bateman,WR,9,Brad,Brad,Brad,Brad,1.0,1.0,1,0.0,True,False,False,1.0,0.0,1,0,0,tier_controller,17
93,93,Christian Kirk,WR,9,CJ,CJ,CJ,CJ,1.0,1.0,1,0.0,True,False,False,2.0,1.0,2,1,1,stars_and_scrubs,17
94,94,Juwan Johnson,TE,3,Shane,Shane,Shane,Shane,1.0,1.0,1,0.0,True,False,False,4.0,3.0,4,3,3,positional_extremist_rb,17
95,95,Cooper Kupp,WR,8,Ryan J,Ryan J,Ryan J,Ryan J,1.0,1.0,1,0.0,True,False,False,5.0,4.0,5,4,4,stars_and_scrubs,17
96,96,Jared Goff,QB,3,James,James,James,James,1.0,1.0,1,0.0,True,False,False,4.0,3.0,4,3,3,positional_extremist_wr,17
97,97,Brenton Strange,TE,3,Jason,Jason,Jason,Jason,1.0,1.0,1,0.0,True,False,False,1.0,0.0,1,0,0,tier_controller,17
98,98,Tyler Shough,QB,4,CJ,CJ,CJ,CJ,1.0,1.0,1,0.0,True,False,False,1.0,0.0,1,0,0,stars_and_scrubs,17
99,99,James Conner,RB,10,Shane,Shane,Shane,Shane,1.0,1.0,1,0.0,True,False,False,3.0,2.0,3,2,2,positional_extremist_rb,17
100,100,Baker Mayfield,QB,3,Ryan J,Ryan J,Ryan J,Ryan J,1.0,1.0,1,0.0,True,False,False,4.0,3.0,4,3,3,stars_and_scrubs,17
101,101,Keon Coleman,WR,8,James,James,James,James,1.0,1.0,1,0.0,True,False,False,3.0,2.0,3,2,2,positional_extremist_wr,17
102,102,Jalen Nailor,WR,10,Shane,Shane,Shane,Shane,1.0,1.0,1,0.0,True,False,False,2.0,1.0,2,1,1,positional_extremist_rb,17
103,103,Chris Rodriguez Jr,RB,10,Ryan J,Ryan J,Ryan J,Ryan J,1.0,1.0,1,0.0,True,False,False,3.0,2.0,3,2,2,stars_and_scrubs,17
104,104,Emanuel Wilson,RB,15,James,James,James,James,1.0,1.0,1,0.0,True,False,False,2.0,1.0,2,1,1,positional_extremist_wr,17
105,105,Patrick Mahomes,QB,3,Shane,Shane,Shane,Shane,1.0,1.0,1,0.0,True,False,False,1.0,0.0,1,0,0,positional_extremist_rb,17
106,106,LeQuint Allen Jr.,RB,12,Ryan J,Ryan J,Ryan J,Ryan J,1.0,1.0,1,0.0,True,False,False,2.0,1.0,2,1,1,stars_and_scrubs,17
107,107,Jordyn Tyson,WR,9,James,James,James,James,1.0,1.0,1,0.0,True,False,False,1.0,0.0,1,0,0,positional_extremist_wr,17
108,108,George Holani,RB,13,Ryan J,Ryan J,Ryan J,Ryan J,1.0,1.0,1,0.0,True,False,False,1.0,0.0,1,0,0,stars_and_scrubs,17
1,1,Josh Jacobs,RB,1,Brad,Brad,Brad,Brad,262.0,262.0,12,258.0,True,True,False,281.0,19.0,9,8,8,emotional,18
2,2,Bill Croskey-Merritt,RB,4,Ryan J,Ryan J,Brandon,Brandon,167.41666666666669,167.41666666666669,12,166.7525066389417,True,True,False,184.0,16.58,9,8,8,anchor,18
3,3,James Cook,RB,2,Coby,Coby,Shane,Shane,266.84000000000003,266.84000000000003,12,265.84000000000003,True,True,False,324.0,57.16,9,8,8,tier_controller,18
4,4,Bucky Irving,RB,1,Sam,Sam,Coby,Coby,253.0,253.0,11,252.0,True,True,False,274.0,21.0,9,8,8,tier_controller,18
5,5,Rachaad White,RB,4,CJ,CJ,Ryan J,Ryan J,232.7222222222222,232.7222222222222,12,232.0,True,True,False,257.0,24.28,9,8,8,emotional,18
6,6,Jeremiyah Love,RB,1,Brandon,Brandon,Reid,Reid,215.0,215.0,12,214.0,True,True,False,260.0,45.0,9,8,8,stars_and_scrubs,18
7,7,Jonathon Brooks,RB,2,Shane,Shane,Sam,Sam,202.0,202.0,12,201.0,True,True,False,223.0,21.0,9,8,8,emotional,18
8,8,Bhayshul Tuten,RB,1,Reid,Reid,Jason,Jason,124.64,124.64,12,123.64,True,True,False,209.0,84.36,9,8,8,anchor,18
9,9,Jordan Mason,RB,3,Jason,Jason,Travis,Travis,85.81835499756995,85.81835499756995,11,84.81835499756995,True,True,False,264.0,178.18,9,8,8,positional_extremist_wr,18
10,10,Chuba Hubbard,RB,3,James,James,CJ,CJ,66.39437497070963,66.39437497070963,9,65.39437497070963,True,True,False,264.0,197.61,9,8,8,balanced,18
11,11,Jaylen Warren,RB,2,Evan,Evan,James,James,66.1248711111111,66.1248711111111,12,65.1248711111111,True,True,False,297.0,230.88,9,8,8,value_purist,18
12,12,Tony Pollard,RB,2,Travis,Travis,James,James,82.86666883333334,82.86666883333334,11,78.86666883333334,True,True,False,230.88,148.01,8,7,7,value_purist,18
13,13,Tee Higgins,WR,1,Brad,Brad,Travis,Travis,71.31322,71.31322,11,66.31322,True,True,False,178.18,106.87,8,7,7,positional_extremist_wr,18
14,14,Deebo Samuel,WR,2,Ryan J,Ryan J,CJ,CJ,53.355555555555554,53.355555555555554,12,52.355555555555554,True,True,False,197.61,144.25,8,7,7,balanced,18
15,15,DJ Moore,WR,2,Coby,Coby,James,James,53.0,53.0,12,52.0,True,True,False,148.01,95.01,7,6,6,value_purist,18
16,16,DK Metcalf,WR,3,Sam,Sam,Travis,Travis,41.19332266666667,41.19332266666667,9,40.19332266666667,True,True,False,106.87,65.68,7,6,6,positional_extremist_wr,18
17,17,Rashee Rice,WR,1,CJ,CJ,James,James,39.28,39.28,11,38.28,True,True,False,95.01,55.73,6,5,5,value_purist,18
18,18,Jaylen Waddle,WR,1,Brandon,Brandon,James,James,41.611984722222225,41.611984722222225,11,40.611984722222225,True,True,False,55.73,14.12,5,4,4,value_purist,18
19,19,Jalen Hurts,QB,1,Shane,Shane,Travis,Travis,31.839077543402034,31.839077543402034,9,30.839077543402034,True,True,False,65.68,33.84,6,5,5,positional_extremist_wr,18
20,20,DeVonta Smith,WR,1,Reid,Reid,Evan,Evan,38.49688888888889,38.49688888888889,12,38.0,True,True,False,184.0,145.5,9,8,8,price_enforcer,18
21,21,Kenny Gainwell,RB,3,Jason,Jason,CJ,CJ,38.32866666666667,38.32866666666667,11,37.32866666666667,True,True,False,144.25,105.92,7,6,6,balanced,18
22,22,Nick Chubb,RB,5,James,James,Evan,Evan,29.705557333333335,29.705557333333335,9,28.705557333333335,True,True,False,145.5,115.79,8,7,7,price_enforcer,18
23,23,RJ Harvey,RB,3,Evan,Evan,Reid,Reid,27.609457777777784,27.609457777777784,7,26.609457777777784,True,True,False,45.0,17.39,8,7,7,stars_and_scrubs,18
24,24,Mike Evans,WR,3,Travis,Travis,CJ,CJ,23.946666666666665,23.946666666666665,12,22.946666666666665,True,True,False,105.92,81.97,6,5,5,balanced,18
25,25,Davante Adams,WR,2,Brad,Brad,Evan,Evan,20.5592,20.5592,12,19.5592,True,True,False,115.79,95.23,7,6,6,price_enforcer,18
26,26,Jacory Croskey-Merritt,RB,4,Ryan J,Ryan J,CJ,CJ,19.488899999999997,19.488899999999997,11,18.488899999999997,True,True,False,81.97,62.48,5,4,4,balanced,18
27,27,Courtland Sutton,WR,4,Coby,Coby,Shane,Shane,21.299086222222222,21.299086222222222,8,21.181389999999997,True,True,False,57.16,35.86,8,7,7,tier_controller,18
28,28,Carnell Tate,WR,3,Sam,Sam,Jason,Jason,19.449440000000003,19.449440000000003,11,18.449440000000003,True,True,False,84.36,64.91,8,7,7,anchor,18
29,29,JK Dobbins,RB,5,CJ,CJ,Evan,Evan,17.876542222222223,17.876542222222223,9,16.876542222222223,True,True,False,95.23,77.35,6,5,5,price_enforcer,18
30,30,Josh Allen,QB,1,Brandon,Brandon,Ryan J,Ryan J,17.28,17.28,9,15.581727777777779,True,True,False,24.28,7.0,8,7,7,emotional,18
31,31,TJ Hockenson,TE,1,Shane,Shane,Evan,Evan,15.521566666666669,15.521566666666669,10,15.0,True,True,False,77.35,61.83,5,4,4,price_enforcer,18
32,32,Keaton Mitchell,RB,6,Reid,Reid,CJ,CJ,16.675733333333334,16.675733333333334,9,15.675733333333334,True,True,False,62.48,45.8,4,3,3,balanced,18
33,33,Aaron Jones Sr,RB,4,Jason,Jason,Sam,Sam,14.0,14.0,9,13.778666666666666,True,True,False,21.0,7.0,8,7,7,emotional,18
34,34,Terry McLaurin,WR,2,James,James,Jason,Jason,13.030166666666666,13.030166666666666,9,12.030166666666666,True,True,False,64.91,51.88,7,6,6,anchor,18
35,35,Tyler Allgeier,RB,6,Evan,Evan,Shane,Shane,12.954225777777777,12.954225777777777,8,12.628456666666667,True,True,False,35.86,22.91,7,6,6,tier_controller,18
36,36,Lamar Jackson,QB,1,Travis,Travis,Evan,Evan,11.943655555555555,11.943655555555555,8,10.943655555555555,True,True,False,61.83,49.89,4,3,3,price_enforcer,18
37,37,Zach Charbonnet,RB,5,Brad,Brad,Brad,Brad,12.0,12.0,8,11.39,True,True,False,19.0,7.0,8,7,7,emotional,18
38,38,Romeo Doubs,WR,5,Ryan J,Ryan J,Travis,Travis,13.0,13.0,9,12.0,True,True,False,33.84,20.84,5,4,4,positional_extremist_wr,18
39,39,Joe Burrow,QB,1,Coby,Coby,Jason,Jason,12.429583333333332,12.429583333333332,7,11.895277777777778,True,True,False,51.88,39.45,6,5,5,anchor,18
40,40,Mark Andrews,TE,1,Sam,Sam,CJ,CJ,10.0,10.0,9,9.0,True,True,False,45.8,35.8,3,2,2,balanced,18
41,41,Chris Godwin Jr,WR,3,CJ,CJ,Reid,Reid,11.385155555555556,11.385155555555556,7,10.385155555555556,True,True,False,17.39,6.0,7,6,6,stars_and_scrubs,18
42,42,Khalil Shakir,WR,5,Brandon,Brandon,James,James,10.584423333333334,10.584423333333334,8,9.584423333333334,True,True,False,14.12,3.54,4,3,3,value_purist,18
43,43,Dalton Kincaid,TE,2,Shane,Shane,Evan,Evan,9.545620000000001,9.545620000000001,6,9.300337500000001,True,True,False,49.89,40.34,3,2,2,price_enforcer,18
44,44,Dylan Sampson,RB,7,Reid,Reid,Jason,Jason,9.26253125,9.26253125,8,9.0,True,True,False,39.45,30.19,5,4,4,anchor,18
45,45,Mike Washington Jr.,RB,7,Jason,Jason,Travis,Travis,9.181177777777778,9.181177777777778,7,9.0,True,True,False,20.84,11.66,4,3,3,positional_extremist_wr,18
46,46,Austin Ekeler,RB,6,James,James,CJ,CJ,8.2161,8.2161,6,7.624260000000001,True,True,False,35.8,27.58,2,1,1,balanced,18
47,47,Jakobi Meyers,WR,5,Evan,Evan,Evan,Evan,7.303562222222223,7.303562222222223,5,6.303562222222223,True,True,False,40.34,33.04,2,1,1,price_enforcer,18
48,48,Matthew Golden,WR,4,Travis,Travis,Shane,Shane,7.852529777777777,7.852529777777777,7,7.197866666666666,True,True,False,22.91,15.06,6,5,5,tier_controller,18
49,49,Travis Kelce,TE,1,Brad,Brad,Coby,Coby,7.168,7.168,6,6.9437,True,True,False,21.0,13.83,8,7,7,tier_controller,18
50,50,Tank Bigsby,RB,8,Ryan J,Ryan J,Jason,Jason,6.9147679166666665,6.9147679166666665,6,6.847960777777778,True,True,False,30.19,23.28,4,3,3,anchor,18
51,51,Braelon Allen,RB,8,Coby,Coby,CJ,CJ,6.781621666666666,6.781621666666666,4,5.781621666666666,True,True,False,27.58,20.8,1,0,0,balanced,18
52,52,Josh Downs,WR,4,Sam,Sam,Evan,Evan,5.5978,5.5978,5,4.5978,True,True,False,33.04,27.44,1,0,0,price_enforcer,18
53,53,Aaron Rodgers,QB,11,Brandon,Brandon,Brandon,Brandon,1.0,1.0,1,0.0,True,False,False,16.58,15.58,8,7,7,anchor,18
54,54,Michael Pittman Jr,WR,4,Shane,Shane,Jason,Jason,4.559,4.559,5,3.957922222222223,True,True,False,23.28,18.72,3,2,2,anchor,18
55,55,Dak Prescott,QB,2,Reid,Reid,Shane,Shane,5.0,5.0,5,4.0,True,True,False,15.06,10.06,5,4,4,tier_controller,18
56,56,Travis Etienne,RB,5,Jason,Jason,Jason,Jason,3.6347999999999994,3.6347999999999994,3,2.8643466666666666,True,True,False,18.72,15.09,2,1,1,anchor,18
57,57,Colby Parkinson,TE,15,James,James,James,James,1.0,1.0,1,0.0,True,False,False,3.54,2.54,3,2,2,value_purist,18
58,58,Brian Robinson Jr,RB,6,Travis,Travis,Brandon,Brandon,2.9991499999999993,2.9991499999999993,4,2.9048249999999998,True,True,False,15.58,12.58,7,6,6,anchor,18
59,59,CJ Stroud,QB,2,Brad,Brad,Jason,Jason,2.8922499999999998,2.8922499999999998,4,2.8274666666666666,True,True,False,15.09,12.2,1,0,0,anchor,18
60,60,Makai Lemon,WR,6,Ryan J,Ryan J,Travis,Travis,3.815173333333333,3.815173333333333,4,2.815173333333333,True,True,False,11.66,7.84,3,2,2,positional_extremist_wr,18
61,61,Jajuan Jennings,WR,6,Coby,Coby,Coby,Coby,3.7487299999999997,3.7487299999999997,2,2.7487299999999997,True,True,False,13.83,10.08,7,6,6,tier_controller,18
62,62,Stefon Diggs,WR,5,Sam,Sam,Travis,Travis,2.570648888888889,2.570648888888889,4,2.03392,True,True,False,7.84,5.27,2,1,1,positional_extremist_wr,18
63,63,Jonah Coleman,RB,8,Brandon,Brandon,Brandon,Brandon,2.3692333333333333,2.3692333333333333,3,2.020942222222222,True,True,False,12.58,10.21,6,5,5,anchor,18
64,64,Jayden Daniels,QB,2,Shane,Shane,Coby,Coby,2.016,2.016,3,1.9143750000000002,True,True,False,10.08,8.06,6,5,5,tier_controller,18
65,65,Isiah Pacheco,RB,7,Reid,Reid,Shane,Shane,2.003057777777778,2.003057777777778,3,1.9058666666666668,True,True,False,10.06,8.06,4,3,3,tier_controller,18
66,66,Ricky Pearsall,WR,6,James,James,Coby,Coby,2.556273777777778,2.556273777777778,3,2.0,True,True,False,8.06,5.5,5,4,4,tier_controller,18
67,67,Alvin Kamara,RB,7,Travis,Travis,Brandon,Brandon,1.8888500000000001,1.8888500000000001,2,1.0,True,True,False,10.21,8.32,5,4,4,anchor,18
68,68,George Kittle,TE,1,Brad,Brad,Travis,Travis,1.6823011111111112,1.6823011111111112,5,1.5833422222222224,True,True,False,5.27,3.59,1,0,0,positional_extremist_wr,18
69,69,Tyrone Tracy Jr,RB,8,Ryan J,Ryan J,Shane,Shane,1.576177777777778,1.576177777777778,4,1.54,True,True,False,8.06,6.48,3,2,2,tier_controller,18
70,70,AD Mitchell,WR,7,Coby,Coby,James,James,1.54,1.54,3,1.5184000000000002,True,True,False,2.54,1.0,2,1,1,value_purist,18
71,71,KC Concepcion,WR,6,Sam,Sam,Brandon,Brandon,1.5114666666666665,1.5114666666666665,2,1.0,True,True,False,8.32,6.81,4,3,3,anchor,18
72,72,Jayden Higgins,WR,7,Brandon,Brandon,Shane,Shane,1.2499200000000001,1.2499200000000001,3,1.2055555555555555,True,True,False,6.48,5.23,2,1,1,tier_controller,18
73,73,Kimani Vidal,RB,9,Shane,Shane,Coby,Coby,1.92,1.92,3,1.4096699999999998,True,True,False,5.5,3.58,4,3,3,tier_controller,18
74,74,Xavier Worthy,WR,7,Reid,Reid,Shane,Shane,1.9111111111111112,1.9111111111111112,4,1.58,True,True,False,5.23,3.32,1,0,0,tier_controller,18
75,75,Justin Herbert,QB,2,James,James,Coby,Coby,1.58,1.58,3,1.3966174999999998,True,True,False,3.58,2.0,3,2,2,tier_controller,18
76,76,Jake Ferguson,TE,2,Brad,Brad,Brandon,Brandon,1.3900912499999998,1.3900912499999998,2,1.0,True,True,False,6.81,5.42,3,2,2,anchor,18
77,77,Dallas Goedert,TE,2,Ryan J,Ryan J,Brandon,Brandon,1.1777777777777778,1.1777777777777778,2,1.0,True,True,False,5.42,4.24,2,1,1,anchor,18
78,78,Emmett Johnson,RB,9,Coby,Coby,Brandon,Brandon,1.1722222222222223,1.1722222222222223,2,1.0,True,True,False,4.24,3.07,1,0,0,anchor,18
79,79,Isaiah Likely,TE,2,Sam,Sam,Sam,Sam,1.0,1.0,1,0.0,True,False,False,7.0,6.0,7,6,6,emotional,18
80,80,Dalton Schultz,TE,3,Reid,Reid,Reid,Reid,1.0,1.0,1,0.0,True,False,False,6.0,5.0,6,5,5,stars_and_scrubs,18
81,81,Rashid Shaheed,WR,7,James,James,James,James,1.0,1.0,1,0.0,True,False,False,1.0,0.0,1,0,0,value_purist,18
82,82,Juwan Johnson,TE,3,Brad,Brad,Brad,Brad,1.0,1.0,1,0.0,True,False,False,7.0,6.0,7,6,6,emotional,18
83,83,Ray Davis,RB,9,Ryan J,Ryan J,Ryan J,Ryan J,1.0,1.0,1,0.0,True,False,False,7.0,6.0,7,6,6,emotional,18
84,84,Justice Hill,RB,10,Coby,Coby,Coby,Coby,1.0,1.0,1,0.0,True,False,False,2.0,1.0,2,1,1,tier_controller,18
85,85,Trey Benson,RB,10,Sam,Sam,Sam,Sam,1.0,1.0,1,0.0,True,False,False,6.0,5.0,6,5,5,emotional,18
86,86,Cooper Kupp,WR,8,Reid,Reid,Reid,Reid,1.0,1.0,1,0.0,True,False,False,5.0,4.0,5,4,4,stars_and_scrubs,18
87,87,Samaje Perine,RB,9,Brad,Brad,Brad,Brad,1.0,1.0,1,0.0,True,False,False,6.0,5.0,6,5,5,emotional,18
88,88,Chig Okonkwo,TE,3,Ryan J,Ryan J,Ryan J,Ryan J,1.0,1.0,1,0.0,True,False,False,6.0,5.0,6,5,5,emotional,18
89,89,Brenton Strange,TE,3,Coby,Coby,Coby,Coby,1.0,1.0,1,0.0,True,False,False,1.0,0.0,1,0,0,tier_controller,18
90,90,Jordan Love,QB,3,Sam,Sam,Sam,Sam,1.0,1.0,1,0.0,True,False,False,5.0,4.0,5,4,4,emotional,18
91,91,James Conner,RB,10,Reid,Reid,Reid,Reid,1.0,1.0,1,0.0,True,False,False,4.0,3.0,4,3,3,stars_and_scrubs,18
92,92,Chris Rodriguez Jr,RB,10,Brad,Brad,Brad,Brad,1.0,1.0,1,0.0,True,False,False,5.0,4.0,5,4,4,emotional,18
93,93,Patrick Mahomes,QB,3,Ryan J,Ryan J,Ryan J,Ryan J,1.0,1.0,1,0.0,True,False,False,5.0,4.0,5,4,4,emotional,18
94,94,Jared Goff,QB,3,Sam,Sam,Sam,Sam,1.0,1.0,1,0.0,True,False,False,4.0,3.0,4,3,3,emotional,18
95,95,Emanuel Wilson,RB,15,Reid,Reid,Reid,Reid,1.0,1.0,1,0.0,True,False,False,3.0,2.0,3,2,2,stars_and_scrubs,18
96,96,LeQuint Allen Jr.,RB,12,Brad,Brad,Brad,Brad,1.0,1.0,1,0.0,True,False,False,4.0,3.0,4,3,3,emotional,18
97,97,Rashod Bateman,WR,9,Ryan J,Ryan J,Ryan J,Ryan J,1.0,1.0,1,0.0,True,False,False,4.0,3.0,4,3,3,emotional,18
98,98,Adonai Mitchell,WR,8,Sam,Sam,Sam,Sam,1.0,1.0,1,0.0,True,False,False,3.0,2.0,3,2,2,emotional,18
99,99,George Holani,RB,13,Reid,Reid,Reid,Reid,1.0,1.0,1,0.0,True,False,False,2.0,1.0,2,1,1,stars_and_scrubs,18
100,100,Keenan Allen,WR,8,Brad,Brad,Brad,Brad,1.0,1.0,1,0.0,True,False,False,3.0,2.0,3,2,2,emotional,18
101,101,Tre Tucker,WR,10,Ryan J,Ryan J,Ryan J,Ryan J,1.0,1.0,1,0.0,True,False,False,3.0,2.0,3,2,2,emotional,18
102,102,DJ Giddens,RB,14,Sam,Sam,Sam,Sam,1.0,1.0,1,0.0,True,False,False,2.0,1.0,2,1,1,emotional,18
103,103,Baker Mayfield,QB,3,Reid,Reid,Reid,Reid,1.0,1.0,1,0.0,True,False,False,1.0,0.0,1,0,0,stars_and_scrubs,18
104,104,De'Zhaun Stribling,WR,9,Brad,Brad,Brad,Brad,1.0,1.0,1,0.0,True,False,False,2.0,1.0,2,1,1,emotional,18
105,105,Cedric Tillman,WR,10,Ryan J,Ryan J,Ryan J,Ryan J,1.0,1.0,1,0.0,True,False,False,2.0,1.0,2,1,1,emotional,18
106,106,Christian Kirk,WR,9,Sam,Sam,Sam,Sam,1.0,1.0,1,0.0,True,False,False,1.0,0.0,1,0,0,emotional,18
107,107,Keon Coleman,WR,8,Brad,Brad,Brad,Brad,1.0,1.0,1,0.0,True,False,False,1.0,0.0,1,0,0,emotional,18
108,108,Tyler Shough,QB,4,Ryan J,Ryan J,Ryan J,Ryan J,1.0,1.0,1,0.0,True,False,False,1.0,0.0,1,0,0,emotional,18
1,1,Jaylen Waddle,WR,1,Jason,Jason,CJ,CJ,256.0,256.0,12,255.0,True,True,False,264.0,8.0,9,8,8,anchor,19
2,2,Bhayshul Tuten,RB,1,Coby,Coby,Shane,Shane,273.0,273.0,11,270.0,True,True,False,324.0,51.0,9,8,8,stars_and_scrubs,19
3,3,Rachaad White,RB,4,Evan,Evan,Ryan J,Ryan J,234.36111111111114,234.36111111111114,11,234.0,True,True,False,257.0,22.64,9,8,8,anchor,19
4,4,Josh Jacobs,RB,1,James,James,Brad,Brad,267.0,267.0,10,266.0,True,True,False,281.0,14.0,9,8,8,positional_extremist_wr,19
5,5,Jaylen Warren,RB,2,Sam,Sam,Coby,Coby,256.0,256.0,10,251.0,True,True,False,274.0,18.0,9,8,8,emotional,19
6,6,Bill Croskey-Merritt,RB,4,Brandon,Brandon,Reid,Reid,165.08333333333334,165.08333333333334,10,164.4894916288624,True,True,False,260.0,94.92,9,8,8,stars_and_scrubs,19
7,7,Tee Higgins,WR,1,Shane,Shane,Travis,Travis,177.0,177.0,10,176.0,True,True,False,264.0,87.0,9,8,8,tier_controller,19
8,8,Tony Pollard,RB,2,Ryan J,Ryan J,Brandon,Brandon,176.0,176.0,11,175.0,True,True,False,184.0,8.0,9,8,8,anchor,19
9,9,Quinn Ewers,QB,7,CJ,CJ,CJ,CJ,1.0,1.0,1,0.0,True,False,False,8.0,7.0,8,7,7,anchor,19
10,10,Bucky Irving,RB,1,Reid,Reid,Evan,Evan,109.20203442879863,109.20203442879863,9,108.20203442879863,True,True,False,184.0,74.8,9,8,8,anchor,19
11,11,Jeremiyah Love,RB,1,Travis,Travis,Sam,Sam,144.51089113553047,144.51089113553047,9,143.51089113553047,True,True,False,223.0,78.49,9,8,8,value_purist,19
12,12,James Cook,RB,2,Brad,Brad,Reid,Reid,72.49,72.49,9,71.49,True,True,False,94.92,22.43,8,7,7,stars_and_scrubs,19
13,13,Aaron Jones Sr,RB,4,Jason,Jason,James,James,55.727267578859,55.727267578859,9,54.784018599360536,True,True,False,297.0,241.27,9,8,8,value_purist,19
14,14,Deebo Samuel,WR,2,Coby,Coby,Jason,Jason,44.02666666666667,44.02666666666667,9,43.02666666666667,True,True,False,209.0,164.97,9,8,8,price_enforcer,19
15,15,Jonathon Brooks,RB,2,Evan,Evan,James,James,66.38882002451548,66.38882002451548,9,65.38882002451548,True,True,False,241.27,174.88,8,7,7,value_purist,19
16,16,Kenny Gainwell,RB,3,James,James,Sam,Sam,53.20426255144084,53.20426255144084,9,52.20426255144084,True,True,False,78.49,25.29,8,7,7,value_purist,19
17,17,DeVonta Smith,WR,1,Sam,Sam,James,James,45.0,45.0,9,44.0,True,True,False,174.88,129.88,7,6,6,value_purist,19
18,18,Jordan Mason,RB,3,Brandon,Brandon,James,James,44.43,44.43,10,43.43,True,True,False,129.88,85.45,6,5,5,value_purist,19
19,19,Rashee Rice,WR,1,Shane,Shane,James,James,45.0,45.0,9,44.0,True,True,False,85.45,40.45,5,4,4,value_purist,19
20,20,Chuba Hubbard,RB,3,Ryan J,Ryan J,Shane,Shane,37.515390000000004,37.515390000000004,10,34.515390000000004,True,True,False,51.0,13.48,8,7,7,stars_and_scrubs,19
21,21,Terry McLaurin,WR,2,CJ,CJ,James,James,35.387080000000005,35.387080000000005,9,34.387080000000005,True,True,False,40.45,5.06,4,3,3,value_purist,19
22,22,Carnell Tate,WR,3,Reid,Reid,Jason,Jason,34.03680000000001,34.03680000000001,8,33.03680000000001,True,True,False,164.97,130.93,8,7,7,price_enforcer,19
23,23,DJ Moore,WR,2,Travis,Travis,Travis,Travis,28.087962222222227,28.087962222222227,7,27.087962222222227,True,True,False,87.0,58.91,8,7,7,tier_controller,19
24,24,RJ Harvey,RB,3,Brad,Brad,Jason,Jason,20.29,20.29,9,19.29,True,True,False,130.93,110.64,7,6,6,price_enforcer,19
25,25,Joe Burrow,QB,1,Jason,Jason,Jason,Jason,22.2174053050284,22.2174053050284,7,22.118741333333332,True,True,False,110.64,88.42,6,5,5,price_enforcer,19
26,26,Mike Evans,WR,3,Coby,Coby,Sam,Sam,19.086802222222225,19.086802222222225,8,18.086802222222225,True,True,False,25.29,6.2,7,6,6,value_purist,19
27,27,Nick Chubb,RB,5,Evan,Evan,Travis,Travis,19.78103333333333,19.78103333333333,5,18.78103333333333,True,True,False,58.91,39.13,7,6,6,tier_controller,19
28,28,JK Dobbins,RB,5,James,James,Evan,Evan,18.709349999999993,18.709349999999993,6,16.525056,True,True,False,74.8,56.09,8,7,7,anchor,19
29,29,DK Metcalf,WR,3,Sam,Sam,Jason,Jason,14.975758333333333,14.975758333333333,6,13.975758333333333,True,True,False,88.42,73.44,5,4,4,price_enforcer,19
30,30,Jacory Croskey-Merritt,RB,4,Brandon,Brandon,Reid,Reid,16.43,16.43,8,14.794080000000001,True,True,False,22.43,6.0,7,6,6,stars_and_scrubs,19
31,31,Matthew Golden,WR,4,Shane,Shane,Jason,Jason,14.736960000000002,14.736960000000002,7,14.358101333333336,True,True,False,73.44,58.7,4,3,3,price_enforcer,19
32,32,Zach Charbonnet,RB,5,Ryan J,Ryan J,Evan,Evan,12.0,12.0,7,11.0,True,True,False,56.09,44.09,7,6,6,anchor,19
33,33,Davante Adams,WR,2,CJ,CJ,Jason,Jason,11.687822222222225,11.687822222222225,5,11.0,True,True,False,58.7,47.01,3,2,2,price_enforcer,19
34,34,Keaton Mitchell,RB,6,Reid,Reid,Travis,Travis,11.774493749999998,11.774493749999998,6,10.774493749999998,True,True,False,39.13,27.36,6,5,5,tier_controller,19
35,35,Courtland Sutton,WR,4,Travis,Travis,Evan,Evan,9.975555555555555,9.975555555555555,5,8.975555555555555,True,True,False,44.09,34.11,6,5,5,anchor,19
36,36,Josh Downs,WR,4,Brad,Brad,Jason,Jason,7.773266666666666,7.773266666666666,7,6.773266666666666,True,True,False,47.01,39.24,2,1,1,price_enforcer,19
37,37,Josh Allen,QB,1,Jason,Jason,Coby,Coby,8.0,8.0,6,7.0,True,True,False,18.0,10.0,8,7,7,emotional,19
38,38,Ricky Pearsall,WR,6,Coby,Coby,Travis,Travis,8.660520000000002,8.660520000000002,6,7.660520000000001,True,True,False,27.36,18.7,5,4,4,tier_controller,19
39,39,Chris Godwin Jr,WR,3,Evan,Evan,Jason,Jason,7.630000000000001,7.630000000000001,5,7.106249999999999,True,True,False,39.24,31.61,1,0,0,price_enforcer,19
40,40,Travis Etienne,RB,5,James,James,Shane,Shane,7.48,7.48,5,4.766666666666667,True,True,False,13.48,6.0,7,6,6,stars_and_scrubs,19
41,41,Dylan Sampson,RB,7,Sam,Sam,Evan,Evan,7.380773333333333,7.380773333333333,6,6.380773333333333,True,True,False,34.11,26.73,5,4,4,anchor,19
42,42,Lamar Jackson,QB,1,Brandon,Brandon,Evan,Evan,5.501925,5.501925,5,4.99488888888889,True,True,False,26.73,21.23,4,3,3,anchor,19
43,43,TJ Hockenson,TE,1,Shane,Shane,Brad,Brad,5.6411999999999995,5.6411999999999995,5,4.6411999999999995,True,True,False,14.0,8.36,8,7,7,positional_extremist_wr,19
44,44,Jalen Hurts,QB,1,Ryan J,Ryan J,Travis,Travis,6.315683333333333,6.315683333333333,5,5.315683333333333,True,True,False,18.7,12.38,4,3,3,tier_controller,19
45,45,Brian Robinson Jr,RB,6,CJ,CJ,Ryan J,Ryan J,4.603466666666667,4.603466666666667,5,3.7111111111111112,True,True,False,22.64,18.04,8,7,7,anchor,19
46,46,Khalil Shakir,WR,5,Reid,Reid,Evan,Evan,4.943936249999999,4.943936249999999,6,4.278528000000001,True,True,False,21.23,16.29,3,2,2,anchor,19
47,47,Tyler Allgeier,RB,6,Travis,Travis,Travis,Travis,4.26092088888889,4.26092088888889,5,4.183776666666667,True,True,False,12.38,8.12,3,2,2,tier_controller,19
48,48,Austin Ekeler,RB,6,Brad,Brad,Ryan J,Ryan J,3.623033333333333,3.623033333333333,5,3.0599999999999996,True,True,False,18.04,14.42,7,6,6,anchor,19
49,49,Braelon Allen,RB,8,Coby,Coby,Evan,Evan,3.7466999999999993,3.7466999999999993,3,3.1999999999999997,True,True,False,16.29,12.54,2,1,1,anchor,19
50,50,Mark Andrews,TE,1,Evan,Evan,Ryan J,Ryan J,3.3027808333333324,3.3027808333333324,5,3.0599999999999996,True,True,False,14.42,11.12,6,5,5,anchor,19
51,51,Stefon Diggs,WR,5,James,James,James,James,3.0599999999999996,3.0599999999999996,3,2.6444444444444444,True,True,False,5.06,2.0,3,2,2,value_purist,19
52,52,Dalton Kincaid,TE,2,Sam,Sam,Coby,Coby,3.1599999999999997,3.1599999999999997,4,2.848147499999999,True,True,False,10.0,6.84,7,6,6,emotional,19
53,53,Michael Pittman Jr,WR,4,Brandon,Brandon,Evan,Evan,2.4661999999999997,2.4661999999999997,3,2.0,True,True,False,12.54,10.07,1,0,0,anchor,19
54,54,Jakobi Meyers,WR,5,Shane,Shane,Brad,Brad,2.3599999999999994,2.3599999999999994,3,2.1776666666666666,True,True,False,8.36,6.0,7,6,6,positional_extremist_wr,19
55,55,Alvin Kamara,RB,7,Ryan J,Ryan J,Ryan J,Ryan J,2.1684,2.1684,2,1.7784000000000002,True,True,False,11.12,8.95,5,4,4,anchor,19
56,56,Romeo Doubs,WR,5,CJ,CJ,Travis,Travis,2.6907875555555556,2.6907875555555556,4,1.998460416666666,True,True,False,8.12,5.43,2,1,1,tier_controller,19
57,57,George Kittle,TE,1,Reid,Reid,Coby,Coby,1.7631999999999999,1.7631999999999999,2,1.0,True,True,False,6.84,5.08,6,5,5,emotional,19
58,58,Makai Lemon,WR,6,Travis,Travis,Ryan J,Ryan J,1.7228749999999995,1.7228749999999995,3,1.08,True,True,False,8.95,7.23,4,3,3,anchor,19
59,59,Jajuan Jennings,WR,6,Brad,Brad,Travis,Travis,2.0444444444444443,2.0444444444444443,4,1.5936124999999999,True,True,False,5.43,3.39,1,0,0,tier_controller,19
60,60,Xavier Worthy,WR,7,Coby,Coby,Ryan J,Ryan J,1.5866837499999997,1.5866837499999997,2,1.0,True,True,False,7.23,5.64,3,2,2,anchor,19
61,61,Mike Washington Jr.,RB,7,James,James,Ryan J,Ryan J,1.4566666666666666,1.4566666666666666,3,1.08,True,True,False,5.64,4.18,2,1,1,anchor,19
62,62,Isiah Pacheco,RB,7,Sam,Sam,Ryan J,Ryan J,1.261111111111111,1.261111111111111,3,1.08,True,True,False,4.18,2.92,1,0,0,anchor,19
63,63,Travis Kelce,TE,1,Brandon,Brandon,Sam,Sam,1.2000000000000002,1.2000000000000002,3,1.08,True,True,False,6.2,5.0,6,5,5,value_purist,19
64,64,Jayden Daniels,QB,2,Shane,Shane,Coby,Coby,1.08,1.08,2,1.0,True,True,False,5.08,4.0,5,4,4,emotional,19
65,65,Jonah Coleman,RB,8,CJ,CJ,CJ,CJ,1.0,1.0,1,0.0,True,False,False,7.0,6.0,7,6,6,anchor,19
66,66,Tyrone Tracy Jr,RB,8,Reid,Reid,Reid,Reid,1.0,1.0,1,0.0,True,False,False,6.0,5.0,6,5,5,stars_and_scrubs,19
67,67,Samaje Perine,RB,9,Brad,Brad,Brad,Brad,1.0,1.0,1,0.0,True,False,False,6.0,5.0,6,5,5,positional_extremist_wr,19
68,68,AD Mitchell,WR,7,Coby,Coby,Coby,Coby,1.0,1.0,1,0.0,True,False,False,4.0,3.0,4,3,3,emotional,19
69,69,CJ Stroud,QB,2,James,James,James,James,1.0,1.0,1,0.0,True,False,False,2.0,1.0,2,1,1,value_purist,19
70,70,Tank Bigsby,RB,8,Sam,Sam,Sam,Sam,1.0,1.0,1,0.0,True,False,False,5.0,4.0,5,4,4,value_purist,19
71,71,Kimani Vidal,RB,9,Brandon,Brandon,Brandon,Brandon,1.0,1.0,1,0.0,True,False,False,8.0,7.0,8,7,7,anchor,19
72,72,Joe Flacco,QB,5,Shane,Shane,Shane,Shane,1.0,1.0,1,0.0,True,False,False,6.0,5.0,6,5,5,stars_and_scrubs,19
73,73,KC Concepcion,WR,6,CJ,CJ,CJ,CJ,1.0,1.0,1,0.0,True,False,False,6.0,5.0,6,5,5,anchor,19
74,74,Dak Prescott,QB,2,Reid,Reid,Reid,Reid,1.0,1.0,1,0.0,True,False,False,5.0,4.0,5,4,4,stars_and_scrubs,19
75,75,Jake Ferguson,TE,2,Brad,Brad,Brad,Brad,1.0,1.0,1,0.0,True,False,False,5.0,4.0,5,4,4,positional_extremist_wr,19
76,76,Justin Herbert,QB,2,Coby,Coby,Coby,Coby,1.0,1.0,1,0.0,True,False,False,3.0,2.0,3,2,2,emotional,19
77,77,Dallas Goedert,TE,2,James,James,James,James,1.0,1.0,1,0.0,True,False,False,1.0,0.0,1,0,0,value_purist,19
78,78,Jayden Higgins,WR,7,Sam,Sam,Sam,Sam,1.0,1.0,1,0.0,True,False,False,4.0,3.0,4,3,3,value_purist,19
79,79,Chig Okonkwo,TE,3,Brandon,Brandon,Brandon,Brandon,1.0,1.0,1,0.0,True,False,False,7.0,6.0,7,6,6,anchor,19
80,80,Rashid Shaheed,WR,7,Shane,Shane,Shane,Shane,1.0,1.0,1,0.0,True,False,False,5.0,4.0,5,4,4,stars_and_scrubs,19
81,81,Tua Tagovailoa,QB,12,CJ,CJ,CJ,CJ,1.0,1.0,1,0.0,True,False,False,5.0,4.0,5,4,4,anchor,19
82,82,Emmett Johnson,RB,9,Reid,Reid,Reid,Reid,1.0,1.0,1,0.0,True,False,False,4.0,3.0,4,3,3,stars_and_scrubs,19
83,83,Cam Ward,QB,12,Brad,Brad,Brad,Brad,1.0,1.0,1,0.0,True,False,False,4.0,3.0,4,3,3,positional_extremist_wr,19
84,84,Isaiah Likely,TE,2,Coby,Coby,Coby,Coby,1.0,1.0,1,0.0,True,False,False,2.0,1.0,2,1,1,emotional,19
85,85,Ray Davis,RB,9,Sam,Sam,Sam,Sam,1.0,1.0,1,0.0,True,False,False,3.0,2.0,3,2,2,value_purist,19
86,86,Dalton Schultz,TE,3,Brandon,Brandon,Brandon,Brandon,1.0,1.0,1,0.0,True,False,False,6.0,5.0,6,5,5,anchor,19
87,87,Juwan Johnson,TE,3,Shane,Shane,Shane,Shane,1.0,1.0,1,0.0,True,False,False,4.0,3.0,4,3,3,stars_and_scrubs,19
88,88,Brenton Strange,TE,3,CJ,CJ,CJ,CJ,1.0,1.0,1,0.0,True,False,False,4.0,3.0,4,3,3,anchor,19
89,89,Trey Benson,RB,10,Reid,Reid,Reid,Reid,1.0,1.0,1,0.0,True,False,False,3.0,2.0,3,2,2,stars_and_scrubs,19
90,90,Adonai Mitchell,WR,8,Brad,Brad,Brad,Brad,1.0,1.0,1,0.0,True,False,False,3.0,2.0,3,2,2,positional_extremist_wr,19
91,91,Cooper Kupp,WR,8,Coby,Coby,Coby,Coby,1.0,1.0,1,0.0,True,False,False,1.0,0.0,1,0,0,emotional,19
92,92,Chris Rodriguez Jr,RB,10,Sam,Sam,Sam,Sam,1.0,1.0,1,0.0,True,False,False,2.0,1.0,2,1,1,value_purist,19
93,93,Patrick Mahomes,QB,3,Brandon,Brandon,Brandon,Brandon,1.0,1.0,1,0.0,True,False,False,5.0,4.0,5,4,4,anchor,19
94,94,Jared Goff,QB,3,Shane,Shane,Shane,Shane,1.0,1.0,1,0.0,True,False,False,3.0,2.0,3,2,2,stars_and_scrubs,19
95,95,Kendre Miller,RB,13,CJ,CJ,CJ,CJ,1.0,1.0,1,0.0,True,False,False,3.0,2.0,3,2,2,anchor,19
96,96,Jordan Love,QB,3,Reid,Reid,Reid,Reid,1.0,1.0,1,0.0,True,False,False,2.0,1.0,2,1,1,stars_and_scrubs,19
97,97,James Conner,RB,10,Brad,Brad,Brad,Brad,1.0,1.0,1,0.0,True,False,False,2.0,1.0,2,1,1,positional_extremist_wr,19
98,98,Christian Kirk,WR,9,Sam,Sam,Sam,Sam,1.0,1.0,1,0.0,True,False,False,1.0,0.0,1,0,0,value_purist,19
99,99,Keenan Allen,WR,8,Brandon,Brandon,Brandon,Brandon,1.0,1.0,1,0.0,True,False,False,4.0,3.0,4,3,3,anchor,19
100,100,Kyler Murray,QB,4,Shane,Shane,Shane,Shane,1.0,1.0,1,0.0,True,False,False,2.0,1.0,2,1,1,stars_and_scrubs,19
101,101,Bo Nix,QB,4,CJ,CJ,CJ,CJ,1.0,1.0,1,0.0,True,False,False,2.0,1.0,2,1,1,anchor,19
102,102,Emanuel Wilson,RB,15,Reid,Reid,Reid,Reid,1.0,1.0,1,0.0,True,False,False,1.0,0.0,1,0,0,stars_and_scrubs,19
103,103,LeQuint Allen Jr.,RB,12,Brad,Brad,Brad,Brad,1.0,1.0,1,0.0,True,False,False,1.0,0.0,1,0,0,positional_extremist_wr,19
104,104,Keon Coleman,WR,8,Brandon,Brandon,Brandon,Brandon,1.0,1.0,1,0.0,True,False,False,3.0,2.0,3,2,2,anchor,19
105,105,Jordyn Tyson,WR,9,Shane,Shane,Shane,Shane,1.0,1.0,1,0.0,True,False,False,1.0,0.0,1,0,0,stars_and_scrubs,19
106,106,Chris Brooks,RB,11,CJ,CJ,CJ,CJ,1.0,1.0,1,0.0,True,False,False,1.0,0.0,1,0,0,anchor,19
107,107,De'Zhaun Stribling,WR,9,Brandon,Brandon,Brandon,Brandon,1.0,1.0,1,0.0,True,False,False,2.0,1.0,2,1,1,anchor,19
108,108,Baker Mayfield,QB,3,Brandon,Brandon,Brandon,Brandon,1.0,1.0,1,0.0,True,False,False,1.0,0.0,1,0,0,anchor,19
