seed,team,n_players,n_qb,n_rb,n_wr,n_te,legal_roster,lineup_is_legal,lineup_failure_reason,budget_remaining,has_duplicate_player,keeper_sold_in_auction,enable_position_max
0,Brad,15,4,4,4,3,True,True,,227.59,False,False,True
0,Brandon,15,2,5,5,3,True,True,,126.48,False,False,True
0,CJ,15,1,8,4,2,True,True,,93.05,False,False,True
0,Coby,15,2,8,3,2,True,True,,201.63,False,False,True
0,Evan,15,4,3,7,1,True,True,,170.42,False,False,True
0,James,15,2,4,8,1,True,True,,284.22,False,False,True
0,Jason,15,2,5,6,2,True,True,,10.56,False,False,True
0,Reid,15,2,3,7,3,True,True,,169.02,False,False,True
0,Ryan J,15,1,8,5,1,True,True,,241.0,False,False,True
0,Sam,15,1,7,4,3,True,True,,168.09,False,False,True
0,Shane,15,1,6,6,2,True,True,,294.32,False,False,True
0,Travis,15,1,4,8,2,True,True,,133.2,False,False,True
1,Brad,15,1,6,6,2,True,True,,121.93,False,False,True
1,Brandon,15,2,7,4,2,True,True,,40.97,False,False,True
1,CJ,15,2,5,5,3,True,True,,252.21,False,False,True
1,Coby,15,2,8,2,3,True,True,,216.19,False,False,True
1,Evan,15,2,5,7,1,True,True,,169.61,False,False,True
1,James,15,2,4,8,1,True,True,,204.51,False,False,True
1,Jason,15,2,4,7,2,True,True,,102.59,False,False,True
1,Reid,15,1,7,5,2,True,True,,240.0,False,False,True
1,Ryan J,15,3,3,6,3,True,True,,243.15,False,False,True
1,Sam,15,2,6,4,3,True,True,,214.0,False,False,True
1,Shane,15,1,8,5,1,True,True,,224.07,False,False,True
1,Travis,15,2,5,6,2,True,True,,187.0,False,False,True
2,Brad,15,1,5,7,2,True,True,,87.52,False,False,True
2,Brandon,15,4,3,5,3,True,True,,159.41,False,False,True
2,CJ,15,3,4,6,2,True,True,,127.33,False,False,True
2,Coby,15,1,7,5,2,True,True,,250.79,False,False,True
2,Evan,15,2,6,6,1,True,True,,175.0,False,False,True
2,James,15,1,5,8,1,True,True,,166.31,False,False,True
2,Jason,15,1,8,4,2,True,True,,163.25,False,False,True
2,Reid,15,3,4,6,2,True,True,,247.95,False,False,True
2,Ryan J,15,3,4,5,3,True,True,,221.26,False,False,True
2,Sam,15,1,7,6,1,True,True,,100.11,False,False,True
2,Shane,15,1,8,4,2,True,True,,273.54,False,False,True
2,Travis,15,2,6,5,2,True,True,,81.71,False,False,True
3,Brad,15,2,3,7,3,True,True,,210.57,False,False,True
3,Brandon,15,2,7,5,1,True,True,,168.0,False,False,True
3,CJ,15,1,7,4,3,True,True,,241.2,False,False,True
3,Coby,15,2,8,3,2,True,True,,261.31,False,False,True
3,Evan,15,2,3,8,2,True,True,,167.74,False,False,True
3,James,15,2,6,6,1,True,True,,288.0,False,False,True
3,Jason,15,1,5,8,1,True,True,,186.13,False,False,True
3,Reid,15,1,7,5,2,True,True,,244.0,False,False,True
3,Ryan J,15,3,5,6,1,True,True,,243.78,False,False,True
3,Sam,15,1,9,4,1,True,True,,205.0,False,False,True
3,Shane,15,2,4,6,3,True,True,,303.33,False,False,True
3,Travis,15,2,5,6,2,True,True,,186.67,False,False,True
4,Brad,15,2,4,7,2,True,True,,266.0,False,False,True
4,Brandon,15,2,6,4,3,True,True,,123.43,False,False,True
4,CJ,15,2,4,7,2,True,True,,219.8,False,False,True
4,Coby,15,1,8,4,2,True,True,,265.0,False,False,True
4,Evan,15,1,6,7,1,True,True,,175.0,False,False,True
4,James,15,2,4,7,2,True,True,,243.0,False,False,True
4,Jason,15,1,7,4,3,True,True,,117.64,False,False,True
4,Reid,15,2,5,6,2,True,True,,239.0,False,False,True
4,Ryan J,15,1,7,6,1,True,True,,241.0,False,False,True
4,Sam,15,1,5,7,2,True,True,,166.0,False,False,True
4,Shane,15,4,5,5,1,True,True,,307.15,False,False,True
4,Travis,15,3,7,3,2,True,True,,236.55,False,False,True
5,Brad,15,2,5,7,1,True,True,,264.27,False,False,True
5,Brandon,15,3,6,3,3,True,True,,105.35,False,False,True
5,CJ,15,2,3,9,1,True,True,,57.12,False,False,True
5,Coby,15,3,7,3,2,True,True,,254.21,False,False,True
5,Evan,15,2,3,9,1,True,True,,175.0,False,False,True
5,James,15,2,5,7,1,True,True,,196.71,False,False,True
5,Jason,15,1,5,7,2,True,True,,27.35,False,False,True
5,Reid,15,1,9,3,2,True,True,,244.0,False,False,True
5,Ryan J,15,2,5,5,3,True,True,,225.18,False,False,True
5,Sam,15,2,5,5,3,True,True,,93.45,False,False,True
5,Shane,15,2,6,4,3,True,True,,310.0,False,False,True
5,Travis,15,1,8,5,1,True,True,,141.21,False,False,True
6,Brad,15,1,7,5,2,True,True,,38.8,False,False,True
6,Brandon,15,2,6,5,2,True,True,,14.76,False,False,True
6,CJ,15,3,7,4,1,True,True,,103.91,False,False,True
6,Coby,15,2,8,3,2,True,True,,250.23,False,False,True
6,Evan,15,3,4,7,1,True,True,,158.02,False,False,True
6,James,15,3,6,4,2,True,True,,272.34,False,False,True
6,Jason,15,1,4,8,2,True,True,,8.28,False,False,True
6,Reid,15,2,3,8,2,True,True,,74.41,False,False,True
6,Ryan J,15,2,6,4,3,True,True,,242.0,False,False,True
6,Sam,15,2,6,4,3,True,True,,171.38,False,False,True
6,Shane,15,3,5,6,1,True,True,,315.0,False,False,True
6,Travis,15,1,4,8,2,True,True,,19.87,False,False,True
7,Brad,15,2,6,5,2,True,True,,222.42,False,False,True
7,Brandon,15,1,4,7,3,True,True,,157.69,False,False,True
7,CJ,15,2,7,4,2,True,True,,240.91,False,False,True
7,Coby,15,2,7,5,1,True,True,,186.47,False,False,True
7,Evan,15,1,5,8,1,True,True,,122.4,False,False,True
7,James,15,2,4,8,1,True,True,,245.61,False,False,True
7,Jason,15,2,7,5,1,True,True,,146.0,False,False,True
7,Reid,15,3,4,5,3,True,True,,243.22,False,False,True
7,Ryan J,15,1,9,4,1,True,True,,241.0,False,False,True
7,Sam,15,1,7,6,1,True,True,,207.0,False,False,True
7,Shane,15,2,4,6,3,True,True,,311.0,False,False,True
7,Travis,15,3,5,4,3,True,True,,253.89,False,False,True
8,Brad,15,2,3,8,2,True,True,,264.18,False,False,True
8,Brandon,15,1,7,6,1,True,True,,165.88,False,False,True
8,CJ,15,3,6,3,3,True,True,,254.76,False,False,True
8,Coby,15,1,7,4,3,True,True,,251.0,False,False,True
8,Evan,15,1,6,7,1,True,True,,169.79,False,False,True
8,James,15,2,5,6,2,True,True,,283.12,False,False,True
8,Jason,15,2,5,6,2,True,True,,82.49,False,False,True
8,Reid,15,2,5,6,2,True,True,,179.05,False,False,True
8,Ryan J,15,1,8,5,1,True,True,,241.0,False,False,True
8,Sam,15,3,5,5,2,True,True,,174.31,False,False,True
8,Shane,15,2,6,6,1,True,True,,257.08,False,False,True
8,Travis,15,2,6,5,2,True,True,,122.97,False,False,True
9,Brad,15,2,3,7,3,True,True,,214.34,False,False,True
9,Brandon,15,1,9,4,1,True,True,,171.18,False,False,True
9,CJ,15,2,8,4,1,True,True,,153.87,False,False,True
9,Coby,15,2,7,5,1,True,True,,265.0,False,False,True
9,Evan,15,2,4,7,2,True,True,,167.55,False,False,True
9,James,15,1,8,5,1,True,True,,280.0,False,False,True
9,Jason,15,2,5,6,2,True,True,,93.47,False,False,True
9,Reid,15,2,3,8,2,True,True,,109.73,False,False,True
9,Ryan J,15,1,4,9,1,True,True,,38.0,False,False,True
9,Sam,15,2,6,4,3,True,True,,88.76,False,False,True
9,Shane,15,2,5,5,3,True,True,,233.33,False,False,True
9,Travis,15,2,6,5,2,True,True,,103.87,False,False,True
10,Brad,15,2,5,6,2,True,True,,47.14,False,False,True
10,Brandon,15,2,6,6,1,True,True,,115.33,False,False,True
10,CJ,15,2,6,6,1,True,True,,255.0,False,False,True
10,Coby,15,3,7,4,1,True,True,,131.64,False,False,True
10,Evan,15,2,3,7,3,True,True,,165.19,False,False,True
10,James,15,2,7,5,1,True,True,,279.0,False,False,True
10,Jason,15,1,7,5,2,True,True,,191.07,False,False,True
10,Reid,15,3,5,4,3,True,True,,228.32,False,False,True
10,Ryan J,15,3,4,7,1,True,True,,173.02,False,False,True
10,Sam,15,1,6,6,2,True,True,,94.69,False,False,True
10,Shane,15,1,6,6,2,True,True,,145.34,False,False,True
10,Travis,15,2,6,4,3,True,True,,206.03,False,False,True
11,Brad,15,2,7,5,1,True,True,,66.68,False,False,True
11,Brandon,15,2,4,7,2,True,True,,169.22,False,False,True
11,CJ,15,2,6,6,1,True,True,,133.28,False,False,True
11,Coby,15,2,7,5,1,True,True,,176.46,False,False,True
11,Evan,15,2,5,6,2,True,True,,175.0,False,False,True
11,James,15,1,5,6,3,True,True,,267.56,False,False,True
11,Jason,15,3,5,5,2,True,True,,187.16,False,False,True
11,Reid,15,2,6,4,3,True,True,,243.27,False,False,True
11,Ryan J,15,1,8,4,2,True,True,,40.03,False,False,True
11,Sam,15,2,5,5,3,True,True,,48.47,False,False,True
11,Shane,15,2,7,5,1,True,True,,196.27,False,False,True
11,Travis,15,2,4,8,1,True,True,,41.77,False,False,True
12,Brad,15,1,6,7,1,True,True,,218.0,False,False,True
12,Brandon,15,1,5,7,2,True,True,,148.17,False,False,True
12,CJ,15,3,5,6,1,True,True,,251.64,False,False,True
12,Coby,15,1,7,5,2,True,True,,118.07,False,False,True
12,Evan,15,2,5,7,1,True,True,,19.88,False,False,True
12,James,15,2,7,5,1,True,True,,201.41,False,False,True
12,Jason,15,3,3,7,2,True,True,,107.41,False,False,True
12,Reid,15,4,6,2,3,True,True,,245.98,False,False,True
12,Ryan J,15,3,7,3,2,True,True,,248.0,False,False,True
12,Sam,15,1,7,4,3,True,True,,169.52,False,False,True
12,Shane,15,1,7,5,2,True,True,,244.93,False,False,True
12,Travis,15,1,4,7,3,True,True,,244.62,False,False,True
13,Brad,15,1,4,7,3,True,True,,210.58,False,False,True
13,Brandon,15,1,8,4,2,True,True,,173.84,False,False,True
13,CJ,15,1,5,6,3,True,True,,201.0,False,False,True
13,Coby,15,2,9,3,1,True,True,,235.88,False,False,True
13,Evan,15,4,3,7,1,True,True,,175.0,False,False,True
13,James,15,1,4,9,1,True,True,,279.0,False,False,True
13,Jason,15,2,7,5,1,True,True,,38.48,False,False,True
13,Reid,15,3,3,6,3,True,True,,251.0,False,False,True
13,Ryan J,15,3,6,4,2,True,True,,226.45,False,False,True
13,Sam,15,1,7,6,1,True,True,,169.79,False,False,True
13,Shane,15,2,7,4,2,True,True,,286.88,False,False,True
13,Travis,15,3,4,5,3,True,True,,186.24,False,False,True
14,Brad,15,2,5,7,1,True,True,,98.99,False,False,True
14,Brandon,15,2,7,3,3,True,True,,166.95,False,False,True
14,CJ,15,1,7,6,1,True,True,,76.83,False,False,True
14,Coby,15,1,7,5,2,True,True,,260.8,False,False,True
14,Evan,15,3,3,7,2,True,True,,168.81,False,False,True
14,James,15,2,3,7,3,True,True,,270.06,False,False,True
14,Jason,15,2,8,4,1,True,True,,198.05,False,False,True
14,Reid,15,1,4,7,3,True,True,,236.16,False,False,True
14,Ryan J,15,1,5,8,1,True,True,,222.0,False,False,True
14,Sam,15,3,5,6,1,True,True,,20.25,False,False,True
14,Shane,15,3,7,4,1,True,True,,178.24,False,False,True
14,Travis,15,2,6,4,3,True,True,,219.7,False,False,True
15,Brad,15,2,4,7,2,True,True,,179.5,False,False,True
15,Brandon,15,1,5,7,2,True,True,,57.79,False,False,True
15,CJ,15,1,7,6,1,True,True,,75.04,False,False,True
15,Coby,15,2,7,3,3,True,True,,234.58,False,False,True
15,Evan,15,2,4,7,2,True,True,,171.57,False,False,True
15,James,15,1,5,7,2,True,True,,94.7,False,False,True
15,Jason,15,1,4,7,3,True,True,,168.79,False,False,True
15,Reid,15,2,5,5,3,True,True,,238.37,False,False,True
15,Ryan J,15,1,9,4,1,True,True,,238.0,False,False,True
15,Sam,15,3,7,4,1,True,True,,214.0,False,False,True
15,Shane,15,3,6,3,3,True,True,,292.66,False,False,True
15,Travis,15,3,4,7,1,True,True,,251.84,False,False,True
16,Brad,15,1,7,5,2,True,True,,127.41,False,False,True
16,Brandon,15,1,7,4,3,True,True,,167.41,False,False,True
16,CJ,15,2,4,6,3,True,True,,153.04,False,False,True
16,Coby,15,2,9,2,2,True,True,,259.73,False,False,True
16,Evan,15,1,2,11,1,True,True,,175.0,False,False,True
16,James,15,3,8,3,1,True,True,,286.3,False,False,True
16,Jason,15,1,7,5,2,True,True,,156.0,False,False,True
16,Reid,15,1,3,8,3,True,True,,139.52,False,False,True
16,Ryan J,15,1,8,5,1,True,True,,239.0,False,False,True
16,Sam,15,4,5,5,1,True,True,,209.41,False,False,True
16,Shane,15,2,5,6,2,True,True,,309.0,False,False,True
16,Travis,15,1,4,8,2,True,True,,60.56,False,False,True
17,Brad,15,2,3,8,2,True,True,,111.95,False,False,True
17,Brandon,15,2,4,8,1,True,True,,168.0,False,False,True
17,CJ,15,2,7,3,3,True,True,,250.0,False,False,True
17,Coby,15,4,6,4,1,True,True,,254.63,False,False,True
17,Evan,15,1,6,5,3,True,True,,144.94,False,False,True
17,James,15,1,7,6,1,True,True,,280.0,False,False,True
17,Jason,15,2,6,6,1,True,True,,200.0,False,False,True
17,Reid,15,2,4,6,3,True,True,,232.3,False,False,True
17,Ryan J,15,2,6,4,3,True,True,,235.52,False,False,True
17,Sam,15,2,6,6,1,True,True,,85.94,False,False,True
17,Shane,15,1,8,5,1,True,True,,255.36,False,False,True
17,Travis,15,1,5,7,2,True,True,,189.0,False,False,True
18,Brad,15,2,4,8,1,True,True,,122.0,False,False,True
18,Brandon,15,3,8,3,1,True,True,,170.97,False,False,True
18,CJ,15,3,5,5,2,True,True,,249.0,False,False,True
18,Coby,15,2,7,4,2,True,True,,163.89,False,False,True
18,Evan,15,2,3,8,2,True,True,,161.98,False,False,True
18,James,15,1,5,7,2,True,True,,208.45,False,False,True
18,Jason,15,3,5,5,2,True,True,,165.11,False,False,True
18,Reid,15,3,6,4,2,True,True,,251.0,False,False,True
18,Ryan J,15,1,8,5,1,True,True,,228.0,False,False,True
18,Sam,15,1,5,6,3,True,True,,185.47,False,False,True
18,Shane,15,2,6,4,3,True,True,,280.95,False,False,True
18,Travis,15,1,6,7,1,True,True,,211.93,False,False,True
19,Brad,15,1,5,8,1,True,True,,263.64,False,False,True
19,Brandon,15,1,6,6,2,True,True,,110.39,False,False,True
19,CJ,15,1,6,5,3,True,True,,167.01,False,False,True
19,Coby,15,4,7,3,1,True,True,,260.08,False,False,True
19,Evan,15,2,5,6,2,True,True,,167.58,False,False,True
19,James,15,1,6,7,1,True,True,,204.43,False,False,True
19,Jason,15,2,6,6,1,True,True,,181.0,False,False,True
19,Reid,15,1,4,7,3,True,True,,220.69,False,False,True
19,Ryan J,15,3,5,5,2,True,True,,241.0,False,False,True
19,Sam,15,3,6,4,2,True,True,,202.75,False,False,True
19,Shane,15,1,8,5,1,True,True,,289.0,False,False,True
19,Travis,15,3,4,5,3,True,True,,171.48,False,False,True
20,Brad,15,1,3,9,2,True,True,,71.69,False,False,True
20,Brandon,15,2,6,5,2,True,True,,166.72,False,False,True
20,CJ,15,3,5,4,3,True,True,,221.22,False,False,True
20,Coby,15,1,7,5,2,True,True,,51.78,False,False,True
20,Evan,15,3,5,6,1,True,True,,171.49,False,False,True
20,James,15,3,5,6,1,True,True,,281.12,False,False,True
20,Jason,15,2,7,3,3,True,True,,132.89,False,False,True
20,Reid,15,1,6,6,2,True,True,,44.35,False,False,True
20,Ryan J,15,2,4,8,1,True,True,,248.0,False,False,True
20,Sam,15,2,7,4,2,True,True,,191.12,False,False,True
20,Shane,15,2,5,7,1,True,True,,127.53,False,False,True
20,Travis,15,1,7,5,2,True,True,,7.83,False,False,True
21,Brad,15,2,6,5,2,True,True,,266.0,False,False,True
21,Brandon,15,1,7,6,1,True,True,,144.0,False,False,True
21,CJ,15,4,4,4,3,True,True,,251.58,False,False,True
21,Coby,15,1,5,6,3,True,True,,246.06,False,False,True
21,Evan,15,1,7,5,2,True,True,,166.73,False,False,True
21,James,15,2,4,6,3,True,True,,281.0,False,False,True
21,Jason,15,3,4,5,3,True,True,,190.0,False,False,True
21,Reid,15,1,6,6,2,True,True,,244.0,False,False,True
21,Ryan J,15,1,7,6,1,True,True,,0.5,False,False,True
21,Sam,15,3,5,6,1,True,True,,214.0,False,False,True
21,Shane,15,2,6,6,1,True,True,,308.0,False,False,True
21,Travis,15,1,5,6,3,True,True,,245.0,False,False,True
22,Brad,15,1,6,5,3,True,True,,139.26,False,False,True
22,Brandon,15,2,9,2,2,True,True,,67.53,False,False,True
22,CJ,15,1,4,7,3,True,True,,232.33,False,False,True
22,Coby,15,3,8,3,1,True,True,,263.94,False,False,True
22,Evan,15,2,3,8,2,True,True,,164.91,False,False,True
22,James,15,2,4,6,3,True,True,,269.81,False,False,True
22,Jason,15,2,5,6,2,True,True,,150.55,False,False,True
22,Reid,15,1,4,8,2,True,True,,21.45,False,False,True
22,Ryan J,15,1,9,4,1,True,True,,238.0,False,False,True
22,Sam,15,3,6,5,1,True,True,,214.0,False,False,True
22,Shane,15,1,4,7,3,True,True,,135.58,False,False,True
22,Travis,15,2,5,7,1,True,True,,243.0,False,False,True
23,Brad,15,1,6,7,1,True,True,,110.09,False,False,True
23,Brandon,15,1,9,4,1,True,True,,44.8,False,False,True
23,CJ,15,2,7,3,3,True,True,,196.16,False,False,True
23,Coby,15,2,6,5,2,True,True,,225.93,False,False,True
23,Evan,15,2,4,8,1,True,True,,174.82,False,False,True
23,James,15,4,4,6,1,True,True,,288.0,False,False,True
23,Jason,15,2,4,7,2,True,True,,174.96,False,False,True
23,Reid,15,1,6,6,2,True,True,,244.0,False,False,True
23,Ryan J,15,3,6,3,3,True,True,,217.29,False,False,True
23,Sam,15,2,4,8,1,True,True,,20.04,False,False,True
23,Shane,15,1,5,7,2,True,True,,249.78,False,False,True
23,Travis,15,1,7,4,3,True,True,,248.59,False,False,True
24,Brad,15,4,3,6,2,True,True,,269.27,False,False,True
24,Brandon,15,1,6,5,3,True,True,,147.08,False,False,True
24,CJ,15,3,5,4,3,True,True,,246.79,False,False,True
24,Coby,15,2,9,2,2,True,True,,250.13,False,False,True
24,Evan,15,1,4,8,2,True,True,,171.0,False,False,True
24,James,15,1,5,8,1,True,True,,88.6,False,False,True
24,Jason,15,3,6,4,2,True,True,,88.85,False,False,True
24,Reid,15,1,7,5,2,True,True,,240.0,False,False,True
24,Ryan J,15,3,5,5,2,True,True,,166.38,False,False,True
24,Sam,15,3,7,4,1,True,True,,214.0,False,False,True
24,Shane,15,1,5,7,2,True,True,,78.13,False,False,True
24,Travis,15,1,4,8,2,True,True,,194.78,False,False,True
25,Brad,15,1,6,5,3,True,True,,245.1,False,False,True
25,Brandon,15,3,5,5,2,True,True,,69.42,False,False,True
25,CJ,15,2,5,7,1,True,True,,99.13,False,False,True
25,Coby,15,3,7,3,2,True,True,,81.66,False,False,True
25,Evan,15,2,5,7,1,True,True,,175.0,False,False,True
25,James,15,4,4,5,2,True,True,,284.74,False,False,True
25,Jason,15,1,5,6,3,True,True,,18.32,False,False,True
25,Reid,15,2,4,7,2,True,True,,200.82,False,False,True
25,Ryan J,15,1,8,5,1,True,True,,240.0,False,False,True
25,Sam,15,3,6,5,1,True,True,,82.43,False,False,True
25,Shane,15,2,5,6,2,True,True,,285.39,False,False,True
25,Travis,15,2,6,4,3,True,True,,237.2,False,False,True
26,Brad,15,3,5,6,1,True,True,,124.32,False,False,True
26,Brandon,15,2,8,4,1,True,True,,17.98,False,False,True
26,CJ,15,2,5,5,3,True,True,,236.57,False,False,True
26,Coby,15,3,6,3,3,True,True,,192.77,False,False,True
26,Evan,15,1,5,8,1,True,True,,175.0,False,False,True
26,James,15,1,5,8,1,True,True,,281.0,False,False,True
26,Jason,15,3,3,6,3,True,True,,167.77,False,False,True
26,Reid,15,2,3,8,2,True,True,,147.05,False,False,True
26,Ryan J,15,3,5,6,1,True,True,,244.2,False,False,True
26,Sam,15,2,7,3,3,True,True,,208.06,False,False,True
26,Shane,15,1,7,5,2,True,True,,44.75,False,False,True
26,Travis,15,2,7,4,2,True,True,,52.12,False,False,True
27,Brad,15,1,5,6,3,True,True,,122.86,False,False,True
27,Brandon,15,2,7,5,1,True,True,,141.1,False,False,True
27,CJ,15,2,3,9,1,True,True,,117.95,False,False,True
27,Coby,15,3,7,2,3,True,True,,258.89,False,False,True
27,Evan,15,4,3,5,3,True,True,,158.52,False,False,True
27,James,15,3,4,7,1,True,True,,133.42,False,False,True
27,Jason,15,1,5,6,3,True,True,,183.89,False,False,True
27,Reid,15,1,8,4,2,True,True,,244.0,False,False,True
27,Ryan J,15,4,6,4,1,True,True,,127.36,False,False,True
27,Sam,15,2,7,5,1,True,True,,104.19,False,False,True
27,Shane,15,2,5,6,2,True,True,,228.71,False,False,True
27,Travis,15,1,7,6,1,True,True,,255.0,False,False,True
28,Brad,15,1,4,8,2,True,True,,97.68,False,False,True
28,Brandon,15,2,7,3,3,True,True,,149.0,False,False,True
28,CJ,15,2,6,5,2,True,True,,186.14,False,False,True
28,Coby,15,2,8,4,1,True,True,,261.75,False,False,True
28,Evan,15,2,4,8,1,True,True,,173.0,False,False,True
28,James,15,2,5,5,3,True,True,,276.5,False,False,True
28,Jason,15,2,6,6,1,True,True,,58.4,False,False,True
28,Reid,15,3,3,6,3,True,True,,251.0,False,False,True
28,Ryan J,15,1,8,5,1,True,True,,227.01,False,False,True
28,Sam,15,1,6,7,1,True,True,,86.04,False,False,True
28,Shane,15,2,6,4,3,True,True,,303.24,False,False,True
28,Travis,15,1,6,6,2,True,True,,248.59,False,False,True
29,Brad,15,2,5,6,2,True,True,,58.8,False,False,True
29,Brandon,15,3,6,4,2,True,True,,16.91,False,False,True
29,CJ,15,1,5,6,3,True,True,,231.94,False,False,True
29,Coby,15,1,7,6,1,True,True,,207.24,False,False,True
29,Evan,15,3,3,8,1,True,True,,175.0,False,False,True
29,James,15,1,8,5,1,True,True,,89.35,False,False,True
29,Jason,15,1,5,8,1,True,True,,40.3,False,False,True
29,Reid,15,2,6,4,3,True,True,,246.59,False,False,True
29,Ryan J,15,3,5,4,3,True,True,,215.38,False,False,True
29,Sam,15,4,6,3,2,True,True,,185.81,False,False,True
29,Shane,15,1,5,8,1,True,True,,217.78,False,False,True
29,Travis,15,3,5,4,3,True,True,,233.78,False,False,True
30,Brad,15,4,2,7,2,True,True,,272.0,False,False,True
30,Brandon,15,1,7,6,1,True,True,,0.0,False,False,True
30,CJ,15,3,4,5,3,True,True,,189.43,False,False,True
30,Coby,15,1,6,6,2,True,True,,116.49,False,False,True
30,Evan,15,3,3,8,1,True,True,,166.26,False,False,True
30,James,15,2,7,3,3,True,True,,234.73,False,False,True
30,Jason,15,1,5,7,2,True,True,,151.86,False,False,True
30,Reid,15,1,10,2,2,True,True,,240.0,False,False,True
30,Ryan J,15,1,6,6,2,True,True,,241.0,False,False,True
30,Sam,15,3,6,5,1,True,True,,146.62,False,False,True
30,Shane,15,2,6,4,3,True,True,,285.38,False,False,True
30,Travis,15,2,5,7,1,True,True,,249.33,False,False,True
31,Brad,15,1,4,9,1,True,True,,267.13,False,False,True
31,Brandon,15,1,7,4,3,True,True,,38.31,False,False,True
31,CJ,15,1,8,5,1,True,True,,48.59,False,False,True
31,Coby,15,3,6,5,1,True,True,,166.53,False,False,True
31,Evan,15,1,4,7,3,True,True,,132.42,False,False,True
31,James,15,2,4,6,3,True,True,,247.17,False,False,True
31,Jason,15,2,4,6,3,True,True,,184.94,False,False,True
31,Reid,15,1,9,3,2,True,True,,244.0,False,False,True
31,Ryan J,15,2,5,7,1,True,True,,114.89,False,False,True
31,Sam,15,1,6,6,2,True,True,,39.97,False,False,True
31,Shane,15,4,6,4,1,True,True,,315.0,False,False,True
31,Travis,15,4,4,4,3,True,True,,1.24,False,False,True
32,Brad,15,3,4,6,2,True,True,,270.73,False,False,True
32,Brandon,15,3,7,4,1,True,True,,170.85,False,False,True
32,CJ,15,2,5,7,1,True,True,,105.0,False,False,True
32,Coby,15,1,7,5,2,True,True,,219.29,False,False,True
32,Evan,15,2,4,6,3,True,True,,160.92,False,False,True
32,James,15,2,5,5,3,True,True,,255.78,False,False,True
32,Jason,15,1,6,6,2,True,True,,193.0,False,False,True
32,Reid,15,1,4,8,2,True,True,,244.0,False,False,True
32,Ryan J,15,1,5,8,1,True,True,,242.8,False,False,True
32,Sam,15,2,5,6,2,True,True,,93.07,False,False,True
32,Shane,15,1,10,3,1,True,True,,91.57,False,False,True
32,Travis,15,2,7,4,2,True,True,,221.52,False,False,True
33,Brad,15,1,5,7,2,True,True,,148.97,False,False,True
33,Brandon,15,3,5,4,3,True,True,,50.88,False,False,True
33,CJ,15,1,7,6,1,True,True,,58.99,False,False,True
33,Coby,15,1,9,4,1,True,True,,264.25,False,False,True
33,Evan,15,3,4,7,1,True,True,,175.0,False,False,True
33,James,15,3,4,5,3,True,True,,283.5,False,False,True
33,Jason,15,2,5,6,2,True,True,,170.88,False,False,True
33,Reid,15,3,5,4,3,True,True,,244.47,False,False,True
33,Ryan J,15,1,7,6,1,True,True,,190.0,False,False,True
33,Sam,15,1,5,7,2,True,True,,23.99,False,False,True
33,Shane,15,1,7,4,3,True,True,,301.26,False,False,True
33,Travis,15,1,7,6,1,True,True,,103.24,False,False,True
34,Brad,15,2,4,7,2,True,True,,254.71,False,False,True
34,Brandon,15,4,4,4,3,True,True,,150.8,False,False,True
34,CJ,15,2,8,4,1,True,True,,219.0,False,False,True
34,Coby,15,1,6,7,1,True,True,,258.0,False,False,True
34,Evan,15,2,5,7,1,True,True,,167.66,False,False,True
34,James,15,1,7,6,1,True,True,,167.0,False,False,True
34,Jason,15,2,5,5,3,True,True,,146.86,False,False,True
34,Reid,15,1,5,6,3,True,True,,194.44,False,False,True
34,Ryan J,15,1,4,7,3,True,True,,240.0,False,False,True
34,Sam,15,3,8,3,1,True,True,,214.0,False,False,True
34,Shane,15,1,7,4,3,True,True,,301.0,False,False,True
34,Travis,15,2,5,6,2,True,True,,252.52,False,False,True
35,Brad,15,2,4,7,2,True,True,,212.47,False,False,True
35,Brandon,15,1,7,6,1,True,True,,87.55,False,False,True
35,CJ,15,1,7,6,1,True,True,,248.0,False,False,True
35,Coby,15,2,8,4,1,True,True,,262.85,False,False,True
35,Evan,15,2,4,8,1,True,True,,175.0,False,False,True
35,James,15,2,3,8,2,True,True,,277.0,False,False,True
35,Jason,15,2,5,5,3,True,True,,174.33,False,False,True
35,Reid,15,4,5,3,3,True,True,,228.42,False,False,True
35,Ryan J,15,3,5,6,1,True,True,,227.1,False,False,True
35,Sam,15,3,4,5,3,True,True,,204.77,False,False,True
35,Shane,15,2,8,3,2,True,True,,256.3,False,False,True
35,Travis,15,1,5,6,3,True,True,,128.61,False,False,True
36,Brad,15,3,4,6,2,True,True,,267.0,False,False,True
36,Brandon,15,3,5,4,3,True,True,,97.67,False,False,True
36,CJ,15,1,5,6,3,True,True,,142.85,False,False,True
36,Coby,15,2,9,3,1,True,True,,263.04,False,False,True
36,Evan,15,1,4,9,1,True,True,,175.0,False,False,True
36,James,15,2,2,8,3,True,True,,261.29,False,False,True
36,Jason,15,1,5,8,1,True,True,,55.9,False,False,True
36,Reid,15,1,8,4,2,True,True,,244.0,False,False,True
36,Ryan J,15,2,7,5,1,True,True,,99.76,False,False,True
36,Sam,15,2,5,6,2,True,True,,190.21,False,False,True
36,Shane,15,1,8,4,2,True,True,,304.04,False,False,True
36,Travis,15,2,7,4,2,True,True,,209.54,False,False,True
37,Brad,15,2,5,5,3,True,True,,266.0,False,False,True
37,Brandon,15,3,5,5,2,True,True,,169.0,False,False,True
37,CJ,15,2,5,6,2,True,True,,248.0,False,False,True
37,Coby,15,1,7,6,1,True,True,,229.0,False,False,True
37,Evan,15,2,2,10,1,True,True,,168.0,False,False,True
37,James,15,1,6,7,1,True,True,,259.87,False,False,True
37,Jason,15,2,6,4,3,True,True,,193.57,False,False,True
37,Reid,15,1,9,3,2,True,True,,244.0,False,False,True
37,Ryan J,15,1,5,6,3,True,True,,242.0,False,False,True
37,Sam,15,3,8,3,1,True,True,,214.0,False,False,True
37,Shane,15,4,4,6,1,True,True,,312.88,False,False,True
37,Travis,15,1,6,5,3,True,True,,212.72,False,False,True
38,Brad,15,2,3,8,2,True,True,,190.62,False,False,True
38,Brandon,15,2,7,4,2,True,True,,134.35,False,False,True
38,CJ,15,4,4,5,2,True,True,,236.89,False,False,True
38,Coby,15,2,5,5,3,True,True,,153.7,False,False,True
38,Evan,15,2,6,6,1,True,True,,175.0,False,False,True
38,James,15,2,5,7,1,True,True,,281.0,False,False,True
38,Jason,15,2,8,4,1,True,True,,194.09,False,False,True
38,Reid,15,2,6,5,2,True,True,,244.0,False,False,True
38,Ryan J,15,1,8,4,2,True,True,,241.0,False,False,True
38,Sam,15,3,4,5,3,True,True,,171.05,False,False,True
38,Shane,15,1,4,7,3,True,True,,272.71,False,False,True
38,Travis,15,3,6,5,1,True,True,,129.65,False,False,True
39,Brad,15,2,3,9,1,True,True,,266.38,False,False,True
39,Brandon,15,1,8,5,1,True,True,,85.82,False,False,True
39,CJ,15,1,6,6,2,True,True,,252.3,False,False,True
39,Coby,15,1,7,6,1,True,True,,191.0,False,False,True
39,Evan,15,2,4,8,1,True,True,,175.0,False,False,True
39,James,15,2,3,7,3,True,True,,234.01,False,False,True
39,Jason,15,3,5,4,3,True,True,,170.27,False,False,True
39,Reid,15,1,8,4,2,True,True,,244.0,False,False,True
39,Ryan J,15,3,6,3,3,True,True,,192.69,False,False,True
39,Sam,15,1,6,5,3,True,True,,203.72,False,False,True
39,Shane,15,2,6,6,1,True,True,,273.74,False,False,True
39,Travis,15,3,6,4,2,True,True,,248.56,False,False,True
40,Brad,15,1,5,7,2,True,True,,272.0,False,False,True
40,Brandon,15,2,4,7,2,True,True,,40.73,False,False,True
40,CJ,15,2,7,5,1,True,True,,117.06,False,False,True
40,Coby,15,2,8,4,1,True,True,,262.38,False,False,True
40,Evan,15,2,6,5,2,True,True,,168.0,False,False,True
40,James,15,1,4,8,2,True,True,,277.0,False,False,True
40,Jason,15,1,5,8,1,True,True,,189.0,False,False,True
40,Reid,15,3,3,6,3,True,True,,235.41,False,False,True
40,Ryan J,15,1,7,5,2,True,True,,98.79,False,False,True
40,Sam,15,2,7,3,3,True,True,,196.92,False,False,True
40,Shane,15,4,6,4,1,True,True,,259.26,False,False,True
40,Travis,15,1,7,4,3,True,True,,249.67,False,False,True
41,Brad,15,1,4,9,1,True,True,,217.94,False,False,True
41,Brandon,15,2,5,6,2,True,True,,55.82,False,False,True
41,CJ,15,3,5,6,1,True,True,,251.85,False,False,True
41,Coby,15,1,7,4,3,True,True,,177.0,False,False,True
41,Evan,15,1,5,8,1,True,True,,175.0,False,False,True
41,James,15,1,8,5,1,True,True,,281.0,False,False,True
41,Jason,15,2,4,6,3,True,True,,194.0,False,False,True
41,Reid,15,4,5,4,2,True,True,,248.0,False,False,True
41,Ryan J,15,1,6,7,1,True,True,,91.9,False,False,True
41,Sam,15,2,7,3,3,True,True,,168.02,False,False,True
41,Shane,15,2,6,5,2,True,True,,290.82,False,False,True
41,Travis,15,1,6,5,3,True,True,,177.45,False,False,True
42,Brad,15,1,6,7,1,True,True,,272.0,False,False,True
42,Brandon,15,1,7,5,2,True,True,,169.0,False,False,True
42,CJ,15,1,4,9,1,True,True,,51.0,False,False,True
42,Coby,15,4,5,5,1,True,True,,255.92,False,False,True
42,Evan,15,3,3,6,3,True,True,,127.94,False,False,True
42,James,15,2,6,5,2,True,True,,190.18,False,False,True
42,Jason,15,2,7,3,3,True,True,,175.57,False,False,True
42,Reid,15,2,3,7,3,True,True,,198.86,False,False,True
42,Ryan J,15,2,8,4,1,True,True,,166.21,False,False,True
42,Sam,15,3,6,5,1,True,True,,203.66,False,False,True
42,Shane,15,1,7,6,1,True,True,,110.49,False,False,True
42,Travis,15,2,5,5,3,True,True,,70.89,False,False,True
43,Brad,15,1,7,5,2,True,True,,147.93,False,False,True
43,Brandon,15,1,8,5,1,True,True,,169.0,False,False,True
43,CJ,15,1,5,7,2,True,True,,249.0,False,False,True
43,Coby,15,3,6,3,3,True,True,,232.63,False,False,True
43,Evan,15,2,5,7,1,True,True,,175.0,False,False,True
43,James,15,4,4,4,3,True,True,,281.87,False,False,True
43,Jason,15,2,4,7,2,True,True,,173.78,False,False,True
43,Reid,15,1,8,4,2,True,True,,244.0,False,False,True
43,Ryan J,15,1,7,5,2,True,True,,220.95,False,False,True
43,Sam,15,3,4,7,1,True,True,,209.39,False,False,True
43,Shane,15,3,4,6,2,True,True,,207.84,False,False,True
43,Travis,15,1,3,8,3,True,True,,250.59,False,False,True
44,Brad,15,1,4,9,1,True,True,,79.08,False,False,True
44,Brandon,15,1,7,4,3,True,True,,66.01,False,False,True
44,CJ,15,1,4,9,1,True,True,,144.28,False,False,True
44,Coby,15,1,4,7,3,True,True,,259.0,False,False,True
44,Evan,15,3,3,6,3,True,True,,169.45,False,False,True
44,James,15,3,6,4,2,True,True,,281.65,False,False,True
44,Jason,15,2,7,5,1,True,True,,70.4,False,False,True
44,Reid,15,3,3,6,3,True,True,,250.0,False,False,True
44,Ryan J,15,2,8,4,1,True,True,,244.05,False,False,True
44,Sam,15,2,8,3,2,True,True,,95.22,False,False,True
44,Shane,15,1,8,5,1,True,True,,62.11,False,False,True
44,Travis,15,2,6,5,2,True,True,,205.66,False,False,True
45,Brad,15,3,4,5,3,True,True,,268.68,False,False,True
45,Brandon,15,1,5,7,2,True,True,,45.28,False,False,True
45,CJ,15,2,6,4,3,True,True,,222.07,False,False,True
45,Coby,15,1,6,5,3,True,True,,213.08,False,False,True
45,Evan,15,2,6,6,1,True,True,,175.0,False,False,True
45,James,15,2,5,6,2,True,True,,282.0,False,False,True
45,Jason,15,2,7,4,2,True,True,,55.5,False,False,True
45,Reid,15,1,4,8,2,True,True,,131.94,False,False,True
45,Ryan J,15,1,5,6,3,True,True,,233.5,False,False,True
45,Sam,15,3,7,4,1,True,True,,214.0,False,False,True
45,Shane,15,1,7,6,1,True,True,,79.4,False,False,True
45,Travis,15,3,6,5,1,True,True,,76.37,False,False,True
46,Brad,15,1,5,6,3,True,True,,249.3,False,False,True
46,Brandon,15,2,6,5,2,True,True,,44.74,False,False,True
46,CJ,15,2,5,7,1,True,True,,123.4,False,False,True
46,Coby,15,2,6,6,1,True,True,,77.46,False,False,True
46,Evan,15,1,5,7,2,True,True,,159.57,False,False,True
46,James,15,4,5,5,1,True,True,,288.0,False,False,True
46,Jason,15,3,4,5,3,True,True,,194.0,False,False,True
46,Reid,15,3,4,6,2,True,True,,248.79,False,False,True
46,Ryan J,15,1,8,5,1,True,True,,227.0,False,False,True
46,Sam,15,2,7,4,2,True,True,,85.09,False,False,True
46,Shane,15,1,6,7,1,True,True,,152.78,False,False,True
46,Travis,15,1,7,4,3,True,True,,121.41,False,False,True
47,Brad,15,2,4,7,2,True,True,,104.32,False,False,True
47,Brandon,15,3,6,5,1,True,True,,175.0,False,False,True
47,CJ,15,1,8,4,2,True,True,,128.69,False,False,True
47,Coby,15,2,8,4,1,True,True,,44.29,False,False,True
47,Evan,15,1,3,8,3,True,True,,167.0,False,False,True
47,James,15,2,4,6,3,True,True,,284.28,False,False,True
47,Jason,15,2,6,5,2,True,True,,125.54,False,False,True
47,Reid,15,3,4,5,3,True,True,,244.74,False,False,True
47,Ryan J,15,1,8,4,2,True,True,,165.14,False,False,True
47,Sam,15,2,6,6,1,True,True,,47.38,False,False,True
47,Shane,15,1,5,8,1,True,True,,131.94,False,False,True
47,Travis,15,2,7,5,1,True,True,,247.66,False,False,True
48,Brad,15,2,5,6,2,True,True,,219.0,False,False,True
48,Brandon,15,2,6,4,3,True,True,,169.0,False,False,True
48,CJ,15,2,8,4,1,True,True,,247.31,False,False,True
48,Coby,15,1,6,6,2,True,True,,14.31,False,False,True
48,Evan,15,1,4,7,3,True,True,,146.28,False,False,True
48,James,15,2,5,5,3,True,True,,263.59,False,False,True
48,Jason,15,3,6,5,1,True,True,,58.47,False,False,True
48,Reid,15,2,5,5,3,True,True,,237.63,False,False,True
48,Ryan J,15,1,7,6,1,True,True,,36.11,False,False,True
48,Sam,15,1,5,7,2,True,True,,14.58,False,False,True
48,Shane,15,3,6,5,1,True,True,,310.3,False,False,True
48,Travis,15,1,7,6,1,True,True,,70.15,False,False,True
49,Brad,15,1,5,7,2,True,True,,154.0,False,False,True
49,Brandon,15,2,9,2,2,True,True,,53.92,False,False,True
49,CJ,15,2,5,7,1,True,True,,171.93,False,False,True
49,Coby,15,1,6,6,2,True,True,,261.76,False,False,True
49,Evan,15,4,4,6,1,True,True,,168.23,False,False,True
49,James,15,1,5,8,1,True,True,,281.0,False,False,True
49,Jason,15,1,7,5,2,True,True,,180.92,False,False,True
49,Reid,15,1,5,6,3,True,True,,235.05,False,False,True
49,Ryan J,15,3,6,3,3,True,True,,241.17,False,False,True
49,Sam,15,1,5,7,2,True,True,,86.6,False,False,True
49,Shane,15,2,6,5,2,True,True,,296.0,False,False,True
49,Travis,15,3,6,5,1,True,True,,99.81,False,False,True
50,Brad,15,1,4,7,3,True,True,,263.57,False,False,True
50,Brandon,15,1,6,5,3,True,True,,146.56,False,False,True
50,CJ,15,3,5,6,1,True,True,,167.69,False,False,True
50,Coby,15,3,5,5,2,True,True,,259.26,False,False,True
50,Evan,15,2,3,9,1,True,True,,175.0,False,False,True
50,James,15,2,8,4,1,True,True,,280.48,False,False,True
50,Jason,15,1,7,6,1,True,True,,194.0,False,False,True
50,Reid,15,2,5,5,3,True,True,,157.7,False,False,True
50,Ryan J,15,1,8,5,1,True,True,,241.0,False,False,True
50,Sam,15,1,7,4,3,True,True,,180.4,False,False,True
50,Shane,15,3,7,3,2,True,True,,263.19,False,False,True
50,Travis,15,1,4,8,2,True,True,,118.05,False,False,True
51,Brad,15,1,4,7,3,True,True,,260.36,False,False,True
51,Brandon,15,3,8,2,2,True,True,,164.73,False,False,True
51,CJ,15,2,7,5,1,True,True,,195.54,False,False,True
51,Coby,15,2,6,4,3,True,True,,256.0,False,False,True
51,Evan,15,2,4,8,1,True,True,,170.0,False,False,True
51,James,15,2,5,7,1,True,True,,262.0,False,False,True
51,Jason,15,1,5,6,3,True,True,,194.42,False,False,True
51,Reid,15,1,6,6,2,True,True,,251.0,False,False,True
51,Ryan J,15,1,5,7,2,True,True,,104.98,False,False,True
51,Sam,15,2,9,3,1,True,True,,89.0,False,False,True
51,Shane,15,1,6,7,1,True,True,,268.0,False,False,True
51,Travis,15,3,5,5,2,True,True,,252.81,False,False,True
52,Brad,15,1,2,9,3,True,True,,271.67,False,False,True
52,Brandon,15,2,4,6,3,True,True,,161.5,False,False,True
52,CJ,15,2,5,7,1,True,True,,213.32,False,False,True
52,Coby,15,1,5,7,2,True,True,,118.13,False,False,True
52,Evan,15,2,4,8,1,True,True,,173.46,False,False,True
52,James,15,3,4,6,2,True,True,,280.0,False,False,True
52,Jason,15,1,8,4,2,True,True,,96.16,False,False,True
52,Reid,15,2,7,3,3,True,True,,238.09,False,False,True
52,Ryan J,15,2,7,5,1,True,True,,241.0,False,False,True
52,Sam,15,1,8,4,2,True,True,,117.75,False,False,True
52,Shane,15,4,7,3,1,True,True,,315.0,False,False,True
52,Travis,15,3,5,5,2,True,True,,248.0,False,False,True
53,Brad,15,2,4,6,3,True,True,,265.7,False,False,True
53,Brandon,15,3,3,6,3,True,True,,157.88,False,False,True
53,CJ,15,2,7,4,2,True,True,,184.93,False,False,True
53,Coby,15,3,7,4,1,True,True,,259.0,False,False,True
53,Evan,15,1,6,7,1,True,True,,175.0,False,False,True
53,James,15,1,6,6,2,True,True,,198.14,False,False,True
53,Jason,15,4,7,3,1,True,True,,195.45,False,False,True
53,Reid,15,2,6,5,2,True,True,,103.27,False,False,True
53,Ryan J,15,1,6,6,2,True,True,,241.18,False,False,True
53,Sam,15,1,7,4,3,True,True,,170.2,False,False,True
53,Shane,15,2,4,7,2,True,True,,248.83,False,False,True
53,Travis,15,1,5,8,1,True,True,,54.53,False,False,True
54,Brad,15,2,2,8,3,True,True,,268.0,False,False,True
54,Brandon,15,2,5,7,1,True,True,,169.0,False,False,True
54,CJ,15,4,4,4,3,True,True,,243.91,False,False,True
54,Coby,15,1,8,5,1,True,True,,249.0,False,False,True
54,Evan,15,1,6,6,2,True,True,,140.95,False,False,True
54,James,15,1,10,3,1,True,True,,273.0,False,False,True
54,Jason,15,2,3,7,3,True,True,,170.94,False,False,True
54,Reid,15,1,4,7,3,True,True,,240.0,False,False,True
54,Ryan J,15,4,6,4,1,True,True,,248.0,False,False,True
54,Sam,15,3,6,5,1,True,True,,211.85,False,False,True
54,Shane,15,2,7,5,1,True,True,,305.0,False,False,True
54,Travis,15,1,6,5,3,True,True,,218.91,False,False,True
55,Brad,15,2,4,6,3,True,True,,248.97,False,False,True
55,Brandon,15,1,4,8,2,True,True,,126.02,False,False,True
55,CJ,15,2,5,6,2,True,True,,130.53,False,False,True
55,Coby,15,3,6,4,2,True,True,,255.78,False,False,True
55,Evan,15,2,5,7,1,True,True,,147.22,False,False,True
55,James,15,3,3,6,3,True,True,,270.19,False,False,True
55,Jason,15,1,5,8,1,True,True,,195.78,False,False,True
55,Reid,15,2,5,5,3,True,True,,192.23,False,False,True
55,Ryan J,15,2,6,5,2,True,True,,241.0,False,False,True
55,Sam,15,2,8,3,2,True,True,,69.77,False,False,True
55,Shane,15,3,7,4,1,True,True,,315.0,False,False,True
55,Travis,15,1,7,6,1,True,True,,248.0,False,False,True
56,Brad,15,2,4,6,3,True,True,,190.44,False,False,True
56,Brandon,15,1,7,4,3,True,True,,46.27,False,False,True
56,CJ,15,2,5,5,3,True,True,,232.01,False,False,True
56,Coby,15,2,8,4,1,True,True,,260.48,False,False,True
56,Evan,15,1,7,6,1,True,True,,175.0,False,False,True
56,James,15,2,5,7,1,True,True,,274.0,False,False,True
56,Jason,15,1,4,8,2,True,True,,31.99,False,False,True
56,Reid,15,2,5,5,3,True,True,,165.79,False,False,True
56,Ryan J,15,1,8,5,1,True,True,,239.0,False,False,True
56,Sam,15,4,5,5,1,True,True,,214.0,False,False,True
56,Shane,15,2,5,5,3,True,True,,297.0,False,False,True
56,Travis,15,2,5,6,2,True,True,,240.59,False,False,True
57,Brad,15,2,5,7,1,True,True,,137.38,False,False,True
57,Brandon,15,2,6,5,2,True,True,,46.1,False,False,True
57,CJ,15,1,7,5,2,True,True,,250.37,False,False,True
57,Coby,15,2,8,4,1,True,True,,40.14,False,False,True
57,Evan,15,3,5,5,2,True,True,,171.31,False,False,True
57,James,15,3,5,5,2,True,True,,211.81,False,False,True
57,Jason,15,2,2,8,3,True,True,,182.69,False,False,True
57,Reid,15,1,5,6,3,True,True,,92.99,False,False,True
57,Ryan J,15,1,6,5,3,True,True,,243.11,False,False,True
57,Sam,15,1,9,4,1,True,True,,194.0,False,False,True
57,Shane,15,4,6,4,1,True,True,,313.57,False,False,True
57,Travis,15,2,5,7,1,True,True,,111.03,False,False,True
58,Brad,15,1,7,6,1,True,True,,131.55,False,False,True
58,Brandon,15,4,6,3,2,True,True,,172.42,False,False,True
58,CJ,15,1,4,8,2,True,True,,23.29,False,False,True
58,Coby,15,3,7,4,1,True,True,,259.0,False,False,True
58,Evan,15,1,5,7,2,True,True,,145.9,False,False,True
58,James,15,2,5,6,2,True,True,,284.78,False,False,True
58,Jason,15,1,5,7,2,True,True,,37.0,False,False,True
58,Reid,15,1,4,8,2,True,True,,203.47,False,False,True
58,Ryan J,15,2,5,5,3,True,True,,242.21,False,False,True
58,Sam,15,2,6,4,3,True,True,,199.0,False,False,True
58,Shane,15,2,7,4,2,True,True,,145.34,False,False,True
58,Travis,15,3,6,4,2,True,True,,214.9,False,False,True
59,Brad,15,3,5,4,3,True,True,,250.31,False,False,True
59,Brandon,15,1,7,6,1,True,True,,110.09,False,False,True
59,CJ,15,2,3,7,3,True,True,,247.22,False,False,True
59,Coby,15,2,8,3,2,True,True,,264.07,False,False,True
59,Evan,15,1,4,8,2,True,True,,65.68,False,False,True
59,James,15,3,4,7,1,True,True,,268.1,False,False,True
59,Jason,15,1,6,7,1,True,True,,105.11,False,False,True
59,Reid,15,1,5,6,3,True,True,,243.0,False,False,True
59,Ryan J,15,4,5,3,3,True,True,,234.92,False,False,True
59,Sam,15,2,5,6,2,True,True,,124.57,False,False,True
59,Shane,15,2,6,6,1,True,True,,315.0,False,False,True
59,Travis,15,2,7,5,1,True,True,,168.65,False,False,True
60,Brad,15,2,5,5,3,True,True,,212.19,False,False,True
60,Brandon,15,3,5,5,2,True,True,,170.0,False,False,True
60,CJ,15,1,4,7,3,True,True,,240.2,False,False,True
60,Coby,15,2,8,4,1,True,True,,112.42,False,False,True
60,Evan,15,3,3,8,1,True,True,,175.0,False,False,True
60,James,15,1,6,7,1,True,True,,277.0,False,False,True
60,Jason,15,1,5,7,2,True,True,,36.65,False,False,True
60,Reid,15,1,5,7,2,True,True,,67.59,False,False,True
60,Ryan J,15,3,4,5,3,True,True,,246.0,False,False,True
60,Sam,15,3,6,3,3,True,True,,170.43,False,False,True
60,Shane,15,2,8,4,1,True,True,,92.38,False,False,True
60,Travis,15,2,7,5,1,True,True,,249.09,False,False,True
61,Brad,15,2,7,5,1,True,True,,80.51,False,False,True
61,Brandon,15,3,4,6,2,True,True,,137.64,False,False,True
61,CJ,15,1,6,5,3,True,True,,244.67,False,False,True
61,Coby,15,1,8,4,2,True,True,,47.73,False,False,True
61,Evan,15,1,5,8,1,True,True,,175.0,False,False,True
61,James,15,2,4,8,1,True,True,,239.28,False,False,True
61,Jason,15,4,4,5,2,True,True,,195.92,False,False,True
61,Reid,15,2,5,5,3,True,True,,157.63,False,False,True
61,Ryan J,15,2,5,5,3,True,True,,239.09,False,False,True
61,Sam,15,1,6,7,1,True,True,,62.3,False,False,True
61,Shane,15,1,8,3,3,True,True,,229.25,False,False,True
61,Travis,15,2,6,6,1,True,True,,58.73,False,False,True
62,Brad,15,3,5,5,2,True,True,,268.45,False,False,True
62,Brandon,15,1,8,5,1,True,True,,172.24,False,False,True
62,CJ,15,1,4,8,2,True,True,,131.44,False,False,True
62,Coby,15,1,9,3,2,True,True,,167.54,False,False,True
62,Evan,15,3,2,7,3,True,True,,132.87,False,False,True
62,James,15,3,4,5,3,True,True,,201.9,False,False,True
62,Jason,15,3,2,7,3,True,True,,188.27,False,False,True
62,Reid,15,4,5,4,2,True,True,,251.0,False,False,True
62,Ryan J,15,1,8,5,1,True,True,,241.0,False,False,True
62,Sam,15,1,8,5,1,True,True,,166.0,False,False,True
62,Shane,15,1,7,6,1,True,True,,224.79,False,False,True
62,Travis,15,2,5,7,1,True,True,,247.0,False,False,True
63,Brad,15,1,7,4,3,True,True,,242.78,False,False,True
63,Brandon,15,2,6,6,1,True,True,,32.27,False,False,True
63,CJ,15,3,3,7,2,True,True,,118.21,False,False,True
63,Coby,15,1,9,3,2,True,True,,261.35,False,False,True
63,Evan,15,2,3,9,1,True,True,,169.05,False,False,True
63,James,15,4,3,6,2,True,True,,278.33,False,False,True
63,Jason,15,1,5,7,2,True,True,,38.09,False,False,True
63,Reid,15,1,8,4,2,True,True,,27.76,False,False,True
63,Ryan J,15,1,5,6,3,True,True,,216.09,False,False,True
63,Sam,15,2,8,4,1,True,True,,54.96,False,False,True
63,Shane,15,3,4,7,1,True,True,,315.0,False,False,True
63,Travis,15,3,4,5,3,True,True,,104.93,False,False,True
64,Brad,15,1,5,7,2,True,True,,227.02,False,False,True
64,Brandon,15,2,6,5,2,True,True,,132.43,False,False,True
64,CJ,15,2,6,4,3,True,True,,250.16,False,False,True
64,Coby,15,1,8,4,2,True,True,,256.68,False,False,True
64,Evan,15,2,6,6,1,True,True,,172.23,False,False,True
64,James,15,4,3,7,1,True,True,,288.0,False,False,True
64,Jason,15,2,5,7,1,True,True,,193.0,False,False,True
64,Reid,15,1,8,4,2,True,True,,244.0,False,False,True
64,Ryan J,15,1,6,6,2,True,True,,177.0,False,False,True
64,Sam,15,1,8,4,2,True,True,,204.0,False,False,True
64,Shane,15,3,4,6,2,True,True,,258.06,False,False,True
64,Travis,15,1,5,7,2,True,True,,195.0,False,False,True
65,Brad,15,2,6,4,3,True,True,,266.0,False,False,True
65,Brandon,15,1,4,9,1,True,True,,169.0,False,False,True
65,CJ,15,1,5,7,2,True,True,,246.3,False,False,True
65,Coby,15,1,7,5,2,True,True,,194.0,False,False,True
65,Evan,15,4,3,5,3,True,True,,164.23,False,False,True
65,James,15,1,5,6,3,True,True,,282.0,False,False,True
65,Jason,15,2,7,5,1,True,True,,199.0,False,False,True
65,Reid,15,1,8,4,2,True,True,,244.0,False,False,True
65,Ryan J,15,3,5,6,1,True,True,,240.51,False,False,True
65,Sam,15,1,7,6,1,True,True,,204.0,False,False,True
65,Shane,15,4,6,3,2,True,True,,265.97,False,False,True
65,Travis,15,3,5,6,1,True,True,,249.0,False,False,True
66,Brad,15,2,7,5,1,True,True,,270.3,False,False,True
66,Brandon,15,3,4,7,1,True,True,,135.86,False,False,True
66,CJ,15,2,6,5,2,True,True,,178.23,False,False,True
66,Coby,15,2,8,3,2,True,True,,265.0,False,False,True
66,Evan,15,1,5,7,2,True,True,,46.31,False,False,True
66,James,15,4,2,6,3,True,True,,282.12,False,False,True
66,Jason,15,3,5,6,1,True,True,,64.19,False,False,True
66,Reid,15,4,4,4,3,True,True,,247.57,False,False,True
66,Ryan J,15,1,8,5,1,True,True,,168.0,False,False,True
66,Sam,15,1,6,5,3,True,True,,184.43,False,False,True
66,Shane,15,1,5,7,2,True,True,,112.37,False,False,True
66,Travis,15,2,6,6,1,True,True,,215.69,False,False,True
67,Brad,15,3,7,4,1,True,True,,266.96,False,False,True
67,Brandon,15,1,10,2,2,True,True,,85.73,False,False,True
67,CJ,15,1,4,8,2,True,True,,83.92,False,False,True
67,Coby,15,1,6,7,1,True,True,,181.51,False,False,True
67,Evan,15,3,2,9,1,True,True,,175.0,False,False,True
67,James,15,1,6,7,1,True,True,,277.0,False,False,True
67,Jason,15,1,5,6,3,True,True,,194.36,False,False,True
67,Reid,15,2,6,4,3,True,True,,236.89,False,False,True
67,Ryan J,15,1,4,7,3,True,True,,242.0,False,False,True
67,Sam,15,4,6,3,2,True,True,,207.0,False,False,True
67,Shane,15,2,7,4,2,True,True,,310.07,False,False,True
67,Travis,15,1,5,7,2,True,True,,141.59,False,False,True
68,Brad,15,3,2,8,2,True,True,,272.0,False,False,True
68,Brandon,15,2,6,4,3,True,True,,170.07,False,False,True
68,CJ,15,1,7,6,1,True,True,,94.85,False,False,True
68,Coby,15,2,9,3,1,True,True,,258.0,False,False,True
68,Evan,15,2,4,8,1,True,True,,154.07,False,False,True
68,James,15,4,4,6,1,True,True,,284.43,False,False,True
68,Jason,15,1,6,5,3,True,True,,137.32,False,False,True
68,Reid,15,2,3,7,3,True,True,,82.92,False,False,True
68,Ryan J,15,1,8,5,1,True,True,,241.0,False,False,True
68,Sam,15,3,7,2,3,True,True,,139.28,False,False,True
68,Shane,15,3,6,4,2,True,True,,289.89,False,False,True
68,Travis,15,2,4,8,1,True,True,,143.19,False,False,True
69,Brad,15,1,5,8,1,True,True,,180.0,False,False,True
69,Brandon,15,1,5,6,3,True,True,,129.2,False,False,True
69,CJ,15,2,5,5,3,True,True,,247.29,False,False,True
69,Coby,15,1,8,5,1,True,True,,52.02,False,False,True
69,Evan,15,3,5,6,1,True,True,,175.0,False,False,True
69,James,15,2,5,6,2,True,True,,213.96,False,False,True
69,Jason,15,2,6,5,2,True,True,,80.43,False,False,True
69,Reid,15,3,5,5,2,True,True,,248.54,False,False,True
69,Ryan J,15,1,9,4,1,True,True,,241.0,False,False,True
69,Sam,15,2,6,4,3,True,True,,203.67,False,False,True
69,Shane,15,2,6,5,2,True,True,,151.93,False,False,True
69,Travis,15,2,4,7,2,True,True,,153.48,False,False,True
70,Brad,15,1,4,8,2,True,True,,32.22,False,False,True
70,Brandon,15,2,6,4,3,True,True,,137.98,False,False,True
70,CJ,15,2,6,5,2,True,True,,226.7,False,False,True
70,Coby,15,2,7,3,3,True,True,,239.53,False,False,True
70,Evan,15,1,6,6,2,True,True,,172.57,False,False,True
70,James,15,1,4,9,1,True,True,,202.39,False,False,True
70,Jason,15,1,6,6,2,True,True,,120.08,False,False,True
70,Reid,15,1,8,4,2,True,True,,235.0,False,False,True
70,Ryan J,15,2,5,6,2,True,True,,243.92,False,False,True
70,Sam,15,3,5,6,1,True,True,,101.05,False,False,True
70,Shane,15,4,5,5,1,True,True,,315.0,False,False,True
70,Travis,15,2,6,4,3,True,True,,246.78,False,False,True
71,Brad,15,1,6,5,3,True,True,,159.24,False,False,True
71,Brandon,15,2,6,5,2,True,True,,170.36,False,False,True
71,CJ,15,1,5,7,2,True,True,,122.32,False,False,True
71,Coby,15,1,7,5,2,True,True,,253.94,False,False,True
71,Evan,15,1,4,9,1,True,True,,175.0,False,False,True
71,James,15,1,7,6,1,True,True,,281.0,False,False,True
71,Jason,15,2,3,9,1,True,True,,96.16,False,False,True
71,Reid,15,3,4,6,2,True,True,,195.58,False,False,True
71,Ryan J,15,2,5,6,2,True,True,,241.0,False,False,True
71,Sam,15,2,8,2,3,True,True,,210.0,False,False,True
71,Shane,15,3,7,2,3,True,True,,225.65,False,False,True
71,Travis,15,2,6,6,1,True,True,,249.96,False,False,True
72,Brad,15,1,5,6,3,True,True,,241.41,False,False,True
72,Brandon,15,2,7,3,3,True,True,,146.38,False,False,True
72,CJ,15,1,4,8,2,True,True,,196.8,False,False,True
72,Coby,15,2,8,3,2,True,True,,165.86,False,False,True
72,Evan,15,1,3,8,3,True,True,,150.82,False,False,True
72,James,15,3,4,6,2,True,True,,273.52,False,False,True
72,Jason,15,1,6,7,1,True,True,,193.0,False,False,True
72,Reid,15,1,7,5,2,True,True,,244.0,False,False,True
72,Ryan J,15,2,7,4,2,True,True,,134.25,False,False,True
72,Sam,15,4,5,5,1,True,True,,214.0,False,False,True
72,Shane,15,2,6,6,1,True,True,,231.72,False,False,True
72,Travis,15,2,6,5,2,True,True,,235.0,False,False,True
73,Brad,15,1,5,8,1,True,True,,195.15,False,False,True
73,Brandon,15,1,8,4,2,True,True,,12.15,False,False,True
73,CJ,15,2,5,5,3,True,True,,247.0,False,False,True
73,Coby,15,3,7,4,1,True,True,,262.42,False,False,True
73,Evan,15,3,4,6,2,True,True,,85.53,False,False,True
73,James,15,4,2,6,3,True,True,,277.41,False,False,True
73,Jason,15,4,5,5,1,True,True,,9.4,False,False,True
73,Reid,15,2,4,7,2,True,True,,242.0,False,False,True
73,Ryan J,15,1,6,7,1,True,True,,241.0,False,False,True
73,Sam,15,4,5,3,3,True,True,,211.0,False,False,True
73,Shane,15,3,6,5,1,True,True,,309.0,False,False,True
73,Travis,15,1,6,6,2,True,True,,238.8,False,False,True
74,Brad,15,3,3,7,2,True,True,,103.27,False,False,True
74,Brandon,15,2,6,5,2,True,True,,24.57,False,False,True
74,CJ,15,2,7,5,1,True,True,,250.46,False,False,True
74,Coby,15,1,8,4,2,True,True,,251.3,False,False,True
74,Evan,15,3,3,8,1,True,True,,168.21,False,False,True
74,James,15,1,8,5,1,True,True,,281.0,False,False,True
74,Jason,15,2,4,6,3,True,True,,37.71,False,False,True
74,Reid,15,2,4,7,2,True,True,,139.99,False,False,True
74,Ryan J,15,4,6,4,1,True,True,,248.0,False,False,True
74,Sam,15,1,6,6,2,True,True,,30.96,False,False,True
74,Shane,15,1,5,6,3,True,True,,298.3,False,False,True
74,Travis,15,1,7,5,2,True,True,,27.14,False,False,True
75,Brad,15,1,3,8,3,True,True,,272.0,False,False,True
75,Brandon,15,2,4,6,3,True,True,,141.64,False,False,True
75,CJ,15,2,6,5,2,True,True,,70.93,False,False,True
75,Coby,15,4,6,2,3,True,True,,246.22,False,False,True
75,Evan,15,2,4,7,2,True,True,,158.72,False,False,True
75,James,15,1,7,6,1,True,True,,281.0,False,False,True
75,Jason,15,2,6,6,1,True,True,,106.92,False,False,True
75,Reid,15,1,7,4,3,True,True,,224.63,False,False,True
75,Ryan J,15,2,4,8,1,True,True,,188.27,False,False,True
75,Sam,15,2,7,5,1,True,True,,169.21,False,False,True
75,Shane,15,3,7,4,1,True,True,,93.64,False,False,True
75,Travis,15,1,6,7,1,True,True,,251.16,False,False,True
76,Brad,15,1,4,7,3,True,True,,263.41,False,False,True
76,Brandon,15,2,7,4,2,True,True,,171.74,False,False,True
76,CJ,15,2,8,4,1,True,True,,246.0,False,False,True
76,Coby,15,1,10,3,1,True,True,,265.0,False,False,True
76,Evan,15,2,3,9,1,True,True,,171.0,False,False,True
76,James,15,1,3,9,2,True,True,,281.0,False,False,True
76,Jason,15,2,6,6,1,True,True,,19.69,False,False,True
76,Reid,15,2,6,4,3,True,True,,230.92,False,False,True
76,Ryan J,15,3,4,5,3,True,True,,235.97,False,False,True
76,Sam,15,2,7,4,2,True,True,,25.3,False,False,True
76,Shane,15,1,7,5,2,True,True,,87.99,False,False,True
76,Travis,15,3,3,8,1,True,True,,157.94,False,False,True
77,Brad,15,2,6,4,3,True,True,,202.12,False,False,True
77,Brandon,15,2,6,4,3,True,True,,162.71,False,False,True
77,CJ,15,1,4,8,2,True,True,,63.68,False,False,True
77,Coby,15,1,7,4,3,True,True,,242.87,False,False,True
77,Evan,15,1,5,8,1,True,True,,175.0,False,False,True
77,James,15,2,7,5,1,True,True,,287.0,False,False,True
77,Jason,15,3,4,5,3,True,True,,185.49,False,False,True
77,Reid,15,1,6,5,3,True,True,,76.84,False,False,True
77,Ryan J,15,2,6,6,1,True,True,,203.92,False,False,True
77,Sam,15,3,7,4,1,True,True,,207.0,False,False,True
77,Shane,15,3,4,7,1,True,True,,108.99,False,False,True
77,Travis,15,1,8,5,1,True,True,,108.35,False,False,True
78,Brad,15,2,4,8,1,True,True,,58.21,False,False,True
78,Brandon,15,1,7,6,1,True,True,,91.73,False,False,True
78,CJ,15,2,4,6,3,True,True,,241.0,False,False,True
78,Coby,15,2,6,6,1,True,True,,98.06,False,False,True
78,Evan,15,3,4,7,1,True,True,,175.0,False,False,True
78,James,15,3,4,5,3,True,True,,285.0,False,False,True
78,Jason,15,2,6,6,1,True,True,,196.57,False,False,True
78,Reid,15,1,8,4,2,True,True,,243.0,False,False,True
78,Ryan J,15,1,6,5,3,True,True,,148.1,False,False,True
78,Sam,15,3,6,3,3,True,True,,133.03,False,False,True
78,Shane,15,2,5,5,3,True,True,,270.41,False,False,True
78,Travis,15,2,5,6,2,True,True,,158.38,False,False,True
79,Brad,15,3,4,5,3,True,True,,41.44,False,False,True
79,Brandon,15,2,6,4,3,True,True,,73.55,False,False,True
79,CJ,15,2,8,4,1,True,True,,159.76,False,False,True
79,Coby,15,1,5,7,2,True,True,,184.75,False,False,True
79,Evan,15,1,5,8,1,True,True,,175.0,False,False,True
79,James,15,3,4,5,3,True,True,,274.6,False,False,True
79,Jason,15,2,5,6,2,True,True,,195.95,False,False,True
79,Reid,15,1,8,4,2,True,True,,236.0,False,False,True
79,Ryan J,15,1,4,8,2,True,True,,18.98,False,False,True
79,Sam,15,1,8,5,1,True,True,,92.42,False,False,True
79,Shane,15,3,6,4,2,True,True,,209.44,False,False,True
79,Travis,15,1,6,7,1,True,True,,252.89,False,False,True
80,Brad,15,1,5,6,3,True,True,,189.9,False,False,True
80,Brandon,15,1,6,5,3,True,True,,64.61,False,False,True
80,CJ,15,1,5,7,2,True,True,,159.98,False,False,True
80,Coby,15,2,6,5,2,True,True,,110.85,False,False,True
80,Evan,15,3,4,6,2,True,True,,167.24,False,False,True
80,James,15,1,7,6,1,True,True,,279.0,False,False,True
80,Jason,15,2,7,4,2,True,True,,71.63,False,False,True
80,Reid,15,2,5,6,2,True,True,,248.41,False,False,True
80,Ryan J,15,1,3,10,1,True,True,,152.67,False,False,True
80,Sam,15,2,7,5,1,True,True,,214.0,False,False,True
80,Shane,15,2,7,3,3,True,True,,207.56,False,False,True
80,Travis,15,3,6,5,1,True,True,,250.14,False,False,True
81,Brad,15,2,3,9,1,True,True,,269.48,False,False,True
81,Brandon,15,1,6,6,2,True,True,,41.42,False,False,True
81,CJ,15,1,7,4,3,True,True,,92.44,False,False,True
81,Coby,15,2,7,5,1,True,True,,59.92,False,False,True
81,Evan,15,3,5,6,1,True,True,,175.0,False,False,True
81,James,15,1,5,8,1,True,True,,32.55,False,False,True
81,Jason,15,1,6,7,1,True,True,,48.52,False,False,True
81,Reid,15,3,6,3,3,True,True,,248.05,False,False,True
81,Ryan J,15,1,6,5,3,True,True,,242.0,False,False,True
81,Sam,15,1,7,5,2,True,True,,44.31,False,False,True
81,Shane,15,2,5,5,3,True,True,,307.68,False,False,True
81,Travis,15,3,5,5,2,True,True,,248.0,False,False,True
82,Brad,15,1,5,8,1,True,True,,52.68,False,False,True
82,Brandon,15,2,5,6,2,True,True,,167.7,False,False,True
82,CJ,15,1,4,8,2,True,True,,248.19,False,False,True
82,Coby,15,1,8,3,3,True,True,,219.38,False,False,True
82,Evan,15,4,3,7,1,True,True,,162.87,False,False,True
82,James,15,1,5,6,3,True,True,,266.16,False,False,True
82,Jason,15,2,4,8,1,True,True,,120.21,False,False,True
82,Reid,15,1,8,4,2,True,True,,236.0,False,False,True
82,Ryan J,15,3,3,7,2,True,True,,78.77,False,False,True
82,Sam,15,2,7,4,2,True,True,,133.08,False,False,True
82,Shane,15,2,8,4,1,True,True,,213.29,False,False,True
82,Travis,15,2,8,3,2,True,True,,251.64,False,False,True
83,Brad,15,2,4,7,2,True,True,,139.86,False,False,True
83,Brandon,15,2,5,6,2,True,True,,167.17,False,False,True
83,CJ,15,1,6,7,1,True,True,,116.44,False,False,True
83,Coby,15,2,7,3,3,True,True,,193.68,False,False,True
83,Evan,15,1,6,7,1,True,True,,175.0,False,False,True
83,James,15,1,5,7,2,True,True,,125.39,False,False,True
83,Jason,15,4,5,5,1,True,True,,190.46,False,False,True
83,Reid,15,1,4,7,3,True,True,,203.21,False,False,True
83,Ryan J,15,4,5,5,1,True,True,,247.19,False,False,True
83,Sam,15,3,6,3,3,True,True,,128.81,False,False,True
83,Shane,15,1,8,4,2,True,True,,201.73,False,False,True
83,Travis,15,1,6,6,2,True,True,,183.21,False,False,True
84,Brad,15,2,6,5,2,True,True,,266.0,False,False,True
84,Brandon,15,2,8,4,1,True,True,,171.17,False,False,True
84,CJ,15,3,3,6,3,True,True,,198.43,False,False,True
84,Coby,15,2,9,3,1,True,True,,54.67,False,False,True
84,Evan,15,1,7,5,2,True,True,,135.17,False,False,True
84,James,15,2,3,8,2,True,True,,75.95,False,False,True
84,Jason,15,3,5,4,3,True,True,,196.83,False,False,True
84,Reid,15,3,5,5,2,True,True,,248.37,False,False,True
84,Ryan J,15,1,6,7,1,True,True,,239.0,False,False,True
84,Sam,15,1,4,8,2,True,True,,198.91,False,False,True
84,Shane,15,1,9,3,2,True,True,,309.0,False,False,True
84,Travis,15,1,4,9,1,True,True,,244.0,False,False,True
85,Brad,15,4,3,6,2,True,True,,269.3,False,False,True
85,Brandon,15,3,8,3,1,True,True,,82.83,False,False,True
85,CJ,15,2,6,4,3,True,True,,244.0,False,False,True
85,Coby,15,2,7,5,1,True,True,,254.78,False,False,True
85,Evan,15,1,5,8,1,True,True,,175.0,False,False,True
85,James,15,1,7,5,2,True,True,,276.0,False,False,True
85,Jason,15,1,5,8,1,True,True,,37.0,False,False,True
85,Reid,15,4,4,4,3,True,True,,240.18,False,False,True
85,Ryan J,15,2,4,6,3,True,True,,238.0,False,False,True
85,Sam,15,3,5,4,3,True,True,,209.0,False,False,True
85,Shane,15,2,5,6,2,True,True,,304.0,False,False,True
85,Travis,15,1,7,6,1,True,True,,122.01,False,False,True
86,Brad,15,2,4,8,1,True,True,,138.3,False,False,True
86,Brandon,15,1,5,8,1,True,True,,35.54,False,False,True
86,CJ,15,2,6,4,3,True,True,,221.38,False,False,True
86,Coby,15,2,6,4,3,True,True,,263.73,False,False,True
86,Evan,15,1,5,7,2,True,True,,149.19,False,False,True
86,James,15,1,6,6,2,True,True,,278.0,False,False,True
86,Jason,15,1,7,6,1,True,True,,127.0,False,False,True
86,Reid,15,1,5,6,3,True,True,,245.0,False,False,True
86,Ryan J,15,4,6,4,1,True,True,,244.11,False,False,True
86,Sam,15,2,6,5,2,True,True,,186.93,False,False,True
86,Shane,15,2,6,6,1,True,True,,315.0,False,False,True
86,Travis,15,2,6,4,3,True,True,,204.6,False,False,True
87,Brad,15,1,4,7,3,True,True,,264.09,False,False,True
87,Brandon,15,2,5,5,3,True,True,,169.72,False,False,True
87,CJ,15,1,7,4,3,True,True,,230.0,False,False,True
87,Coby,15,2,7,5,1,True,True,,251.18,False,False,True
87,Evan,15,1,5,8,1,True,True,,171.12,False,False,True
87,James,15,2,6,6,1,True,True,,281.0,False,False,True
87,Jason,15,3,8,3,1,True,True,,200.0,False,False,True
87,Reid,15,1,4,8,2,True,True,,244.0,False,False,True
87,Ryan J,15,3,6,5,1,True,True,,243.99,False,False,True
87,Sam,15,2,6,5,2,True,True,,169.17,False,False,True
87,Shane,15,1,7,5,2,True,True,,307.0,False,False,True
87,Travis,15,3,4,6,2,True,True,,249.0,False,False,True
88,Brad,15,1,7,6,1,True,True,,228.45,False,False,True
88,Brandon,15,2,6,4,3,True,True,,116.03,False,False,True
88,CJ,15,2,5,5,3,True,True,,240.32,False,False,True
88,Coby,15,2,7,5,1,True,True,,265.0,False,False,True
88,Evan,15,1,3,9,2,True,True,,119.59,False,False,True
88,James,15,1,8,5,1,True,True,,281.0,False,False,True
88,Jason,15,4,6,4,1,True,True,,196.91,False,False,True
88,Reid,15,2,5,6,2,True,True,,244.0,False,False,True
88,Ryan J,15,1,7,5,2,True,True,,219.0,False,False,True
88,Sam,15,1,5,6,3,True,True,,174.02,False,False,True
88,Shane,15,3,4,7,1,True,True,,186.54,False,False,True
88,Travis,15,2,6,5,2,True,True,,233.66,False,False,True
89,Brad,15,3,3,7,2,True,True,,266.31,False,False,True
89,Brandon,15,1,6,7,1,True,True,,124.25,False,False,True
89,CJ,15,3,7,4,1,True,True,,252.97,False,False,True
89,Coby,15,2,7,5,1,True,True,,261.46,False,False,True
89,Evan,15,2,6,6,1,True,True,,164.08,False,False,True
89,James,15,3,3,6,3,True,True,,275.19,False,False,True
89,Jason,15,3,6,4,2,True,True,,163.37,False,False,True
89,Reid,15,2,3,7,3,True,True,,193.64,False,False,True
89,Ryan J,15,2,6,4,3,True,True,,243.0,False,False,True
89,Sam,15,1,6,6,2,True,True,,143.13,False,False,True
89,Shane,15,2,7,4,2,True,True,,289.0,False,False,True
89,Travis,15,2,5,7,1,True,True,,217.34,False,False,True
90,Brad,15,2,3,7,3,True,True,,261.69,False,False,True
90,Brandon,15,1,7,6,1,True,True,,66.87,False,False,True
90,CJ,15,1,5,6,3,True,True,,118.31,False,False,True
90,Coby,15,1,9,3,2,True,True,,257.0,False,False,True
90,Evan,15,2,4,8,1,True,True,,175.0,False,False,True
90,James,15,2,4,8,1,True,True,,279.0,False,False,True
90,Jason,15,1,7,6,1,True,True,,199.06,False,False,True
90,Reid,15,4,4,4,3,True,True,,244.55,False,False,True
90,Ryan J,15,1,8,5,1,True,True,,241.0,False,False,True
90,Sam,15,1,7,5,2,True,True,,204.0,False,False,True
90,Shane,15,1,8,4,2,True,True,,183.75,False,False,True
90,Travis,15,4,2,6,3,True,True,,241.73,False,False,True
91,Brad,15,2,3,8,2,True,True,,255.09,False,False,True
91,Brandon,15,2,7,4,2,True,True,,169.0,False,False,True
91,CJ,15,1,5,6,3,True,True,,151.0,False,False,True
91,Coby,15,1,9,3,2,True,True,,265.0,False,False,True
91,Evan,15,3,4,7,1,True,True,,162.67,False,False,True
91,James,15,2,4,6,3,True,True,,282.8,False,False,True
91,Jason,15,2,7,5,1,True,True,,195.97,False,False,True
91,Reid,15,2,4,6,3,True,True,,244.0,False,False,True
91,Ryan J,15,1,8,5,1,True,True,,237.0,False,False,True
91,Sam,15,2,7,4,2,True,True,,209.0,False,False,True
91,Shane,15,2,6,6,1,True,True,,308.0,False,False,True
91,Travis,15,1,5,8,1,True,True,,247.0,False,False,True
92,Brad,15,3,4,5,3,True,True,,261.12,False,False,True
92,Brandon,15,2,5,6,2,True,True,,48.61,False,False,True
92,CJ,15,1,4,7,3,True,True,,128.4,False,False,True
92,Coby,15,1,7,6,1,True,True,,258.0,False,False,True
92,Evan,15,2,6,5,2,True,True,,30.57,False,False,True
92,James,15,1,3,8,3,True,True,,283.0,False,False,True
92,Jason,15,4,4,6,1,True,True,,62.77,False,False,True
92,Reid,15,4,5,3,3,True,True,,244.64,False,False,True
92,Ryan J,15,2,5,6,2,True,True,,239.0,False,False,True
92,Sam,15,1,7,4,3,True,True,,180.68,False,False,True
92,Shane,15,3,7,4,1,True,True,,315.0,False,False,True
92,Travis,15,1,9,4,1,True,True,,248.0,False,False,True
93,Brad,15,2,6,6,1,True,True,,269.65,False,False,True
93,Brandon,15,2,5,5,3,True,True,,168.04,False,False,True
93,CJ,15,1,5,8,1,True,True,,22.24,False,False,True
93,Coby,15,1,8,5,1,True,True,,263.56,False,False,True
93,Evan,15,4,4,6,1,True,True,,171.34,False,False,True
93,James,15,1,7,5,2,True,True,,89.42,False,False,True
93,Jason,15,2,6,5,2,True,True,,166.28,False,False,True
93,Reid,15,2,5,5,3,True,True,,241.7,False,False,True
93,Ryan J,15,1,8,5,1,True,True,,241.0,False,False,True
93,Sam,15,1,5,8,1,True,True,,20.92,False,False,True
93,Shane,15,2,6,4,3,True,True,,229.2,False,False,True
93,Travis,15,3,4,5,3,True,True,,71.98,False,False,True
94,Brad,15,1,4,8,2,True,True,,142.49,False,False,True
94,Brandon,15,2,6,4,3,True,True,,161.25,False,False,True
94,CJ,15,1,5,7,2,True,True,,54.92,False,False,True
94,Coby,15,3,7,3,2,True,True,,254.67,False,False,True
94,Evan,15,1,4,9,1,True,True,,175.0,False,False,True
94,James,15,2,4,7,2,True,True,,274.82,False,False,True
94,Jason,15,1,7,5,2,True,True,,39.44,False,False,True
94,Reid,15,1,6,6,2,True,True,,240.0,False,False,True
94,Ryan J,15,3,5,4,3,True,True,,226.0,False,False,True
94,Sam,15,3,6,5,1,True,True,,209.09,False,False,True
94,Shane,15,3,6,5,1,True,True,,117.14,False,False,True
94,Travis,15,2,7,4,2,True,True,,243.87,False,False,True
95,Brad,15,1,7,5,2,True,True,,55.96,False,False,True
95,Brandon,15,2,6,5,2,True,True,,167.13,False,False,True
95,CJ,15,2,4,8,1,True,True,,102.96,False,False,True
95,Coby,15,1,8,3,3,True,True,,227.39,False,False,True
95,Evan,15,2,4,8,1,True,True,,175.0,False,False,True
95,James,15,2,4,6,3,True,True,,258.57,False,False,True
95,Jason,15,2,6,5,2,True,True,,32.82,False,False,True
95,Reid,15,4,5,3,3,True,True,,242.24,False,False,True
95,Ryan J,15,1,5,8,1,True,True,,224.66,False,False,True
95,Sam,15,2,6,4,3,True,True,,167.44,False,False,True
95,Shane,15,3,5,6,1,True,True,,189.98,False,False,True
95,Travis,15,1,8,5,1,True,True,,38.36,False,False,True
96,Brad,15,2,5,6,2,True,True,,161.57,False,False,True
96,Brandon,15,1,5,6,3,True,True,,35.3,False,False,True
96,CJ,15,1,9,4,1,True,True,,255.0,False,False,True
96,Coby,15,1,10,3,1,True,True,,138.28,False,False,True
96,Evan,15,2,3,7,3,True,True,,154.38,False,False,True
96,James,15,1,5,6,3,True,True,,280.35,False,False,True
96,Jason,15,4,5,3,3,True,True,,192.96,False,False,True
96,Reid,15,2,7,4,2,True,True,,223.5,False,False,True
96,Ryan J,15,2,8,4,1,True,True,,178.0,False,False,True
96,Sam,15,1,6,7,1,True,True,,148.0,False,False,True
96,Shane,15,2,3,9,1,True,True,,310.0,False,False,True
96,Travis,15,2,4,8,1,True,True,,251.04,False,False,True
97,Brad,15,3,4,7,1,True,True,,147.17,False,False,True
97,Brandon,15,2,6,4,3,True,True,,24.5,False,False,True
97,CJ,15,2,5,6,2,True,True,,109.28,False,False,True
97,Coby,15,1,9,3,2,True,True,,204.01,False,False,True
97,Evan,15,2,3,8,2,True,True,,168.24,False,False,True
97,James,15,1,5,8,1,True,True,,281.0,False,False,True
97,Jason,15,1,8,4,2,True,True,,66.55,False,False,True
97,Reid,15,3,4,5,3,True,True,,233.2,False,False,True
97,Ryan J,15,1,7,4,3,True,True,,226.94,False,False,True
97,Sam,15,3,6,5,1,True,True,,214.0,False,False,True
97,Shane,15,1,5,8,1,True,True,,163.23,False,False,True
97,Travis,15,2,4,6,3,True,True,,236.84,False,False,True
98,Brad,15,2,4,7,2,True,True,,191.98,False,False,True
98,Brandon,15,1,6,5,3,True,True,,155.99,False,False,True
98,CJ,15,3,3,6,3,True,True,,247.37,False,False,True
98,Coby,15,1,11,2,1,True,True,,265.0,False,False,True
98,Evan,15,2,5,7,1,True,True,,167.89,False,False,True
98,James,15,2,5,7,1,True,True,,156.86,False,False,True
98,Jason,15,2,6,4,3,True,True,,189.4,False,False,True
98,Reid,15,1,5,7,2,True,True,,244.0,False,False,True
98,Ryan J,15,3,3,6,3,True,True,,221.45,False,False,True
98,Sam,15,1,6,7,1,True,True,,205.0,False,False,True
98,Shane,15,4,5,5,1,True,True,,310.04,False,False,True
98,Travis,15,2,7,5,1,True,True,,244.0,False,False,True
99,Brad,15,1,6,5,3,True,True,,227.47,False,False,True
99,Brandon,15,2,5,5,3,True,True,,165.0,False,False,True
99,CJ,15,3,6,5,1,True,True,,248.49,False,False,True
99,Coby,15,2,6,4,3,True,True,,216.95,False,False,True
99,Evan,15,1,5,7,2,True,True,,164.14,False,False,True
99,James,15,1,7,6,1,True,True,,279.0,False,False,True
99,Jason,15,2,7,5,1,True,True,,188.0,False,False,True
99,Reid,15,2,4,7,2,True,True,,190.1,False,False,True
99,Ryan J,15,3,4,5,3,True,True,,191.75,False,False,True
99,Sam,15,1,5,7,2,True,True,,148.59,False,False,True
99,Shane,15,2,8,4,1,True,True,,315.0,False,False,True
99,Travis,15,2,4,8,1,True,True,,237.3,False,False,True
100,Brad,15,3,4,6,2,True,True,,268.47,False,False,True
100,Brandon,15,2,6,4,3,True,True,,103.53,False,False,True
100,CJ,15,1,4,7,3,True,True,,249.0,False,False,True
100,Coby,15,1,6,6,2,True,True,,35.14,False,False,True
100,Evan,15,1,5,8,1,True,True,,175.0,False,False,True
100,James,15,2,6,6,1,True,True,,42.61,False,False,True
100,Jason,15,2,7,3,3,True,True,,171.2,False,False,True
100,Reid,15,2,5,5,3,True,True,,151.97,False,False,True
100,Ryan J,15,2,5,5,3,True,True,,225.38,False,False,True
100,Sam,15,3,6,5,1,True,True,,214.0,False,False,True
100,Shane,15,1,10,3,1,True,True,,95.4,False,False,True
100,Travis,15,1,4,8,2,True,True,,24.22,False,False,True
101,Brad,15,2,6,4,3,True,True,,261.01,False,False,True
101,Brandon,15,2,5,6,2,True,True,,167.0,False,False,True
101,CJ,15,2,7,5,1,True,True,,171.18,False,False,True
101,Coby,15,2,7,5,1,True,True,,263.35,False,False,True
101,Evan,15,3,3,7,2,True,True,,171.76,False,False,True
101,James,15,1,5,8,1,True,True,,281.0,False,False,True
101,Jason,15,2,5,5,3,True,True,,141.47,False,False,True
101,Reid,15,3,6,4,2,True,True,,251.0,False,False,True
101,Ryan J,15,2,5,5,3,True,True,,232.94,False,False,True
101,Sam,15,1,6,7,1,True,True,,207.0,False,False,True
101,Shane,15,2,5,6,2,True,True,,224.77,False,False,True
101,Travis,15,1,7,6,1,True,True,,120.51,False,False,True
102,Brad,15,2,4,7,2,True,True,,266.0,False,False,True
102,Brandon,15,1,5,8,1,True,True,,168.0,False,False,True
102,CJ,15,2,6,5,2,True,True,,58.2,False,False,True
102,Coby,15,1,6,5,3,True,True,,246.05,False,False,True
102,Evan,15,3,3,8,1,True,True,,174.97,False,False,True
102,James,15,1,5,6,3,True,True,,282.0,False,False,True
102,Jason,15,2,7,3,3,True,True,,188.42,False,False,True
102,Reid,15,3,6,3,3,True,True,,243.13,False,False,True
102,Ryan J,15,1,7,6,1,True,True,,241.0,False,False,True
102,Sam,15,2,6,5,2,True,True,,198.0,False,False,True
102,Shane,15,3,6,5,1,True,True,,315.0,False,False,True
102,Travis,15,2,7,5,1,True,True,,67.6,False,False,True
103,Brad,15,1,4,8,2,True,True,,191.92,False,False,True
103,Brandon,15,2,6,6,1,True,True,,96.81,False,False,True
103,CJ,15,2,5,7,1,True,True,,170.6,False,False,True
103,Coby,15,1,7,4,3,True,True,,260.0,False,False,True
103,Evan,15,3,5,6,1,True,True,,166.36,False,False,True
103,James,15,2,6,6,1,True,True,,288.0,False,False,True
103,Jason,15,1,7,6,1,True,True,,152.49,False,False,True
103,Reid,15,2,4,6,3,True,True,,246.0,False,False,True
103,Ryan J,15,2,6,5,2,True,True,,191.49,False,False,True
103,Sam,15,2,7,4,2,True,True,,161.62,False,False,True
103,Shane,15,2,7,4,2,True,True,,257.49,False,False,True
103,Travis,15,2,6,4,3,True,True,,250.45,False,False,True
104,Brad,15,1,5,8,1,True,True,,46.19,False,False,True
104,Brandon,15,1,5,7,2,True,True,,109.43,False,False,True
104,CJ,15,2,7,3,3,True,True,,203.59,False,False,True
104,Coby,15,2,9,3,1,True,True,,261.28,False,False,True
104,Evan,15,2,6,6,1,True,True,,175.0,False,False,True
104,James,15,4,3,6,2,True,True,,288.0,False,False,True
104,Jason,15,3,5,6,1,True,True,,97.89,False,False,True
104,Reid,15,1,5,7,2,True,True,,58.18,False,False,True
104,Ryan J,15,2,6,5,2,True,True,,234.76,False,False,True
104,Sam,15,3,5,4,3,True,True,,197.14,False,False,True
104,Shane,15,2,5,5,3,True,True,,239.16,False,False,True
104,Travis,15,1,5,7,2,True,True,,30.98,False,False,True
105,Brad,15,3,4,6,2,True,True,,269.31,False,False,True
105,Brandon,15,2,4,7,2,True,True,,22.77,False,False,True
105,CJ,15,2,6,6,1,True,True,,133.62,False,False,True
105,Coby,15,1,8,5,1,True,True,,49.04,False,False,True
105,Evan,15,1,5,8,1,True,True,,160.51,False,False,True
105,James,15,3,5,6,1,True,True,,288.0,False,False,True
105,Jason,15,2,4,7,2,True,True,,25.62,False,False,True
105,Reid,15,1,7,4,3,True,True,,211.13,False,False,True
105,Ryan J,15,1,6,6,2,True,True,,103.84,False,False,True
105,Sam,15,3,7,4,1,True,True,,63.06,False,False,True
105,Shane,15,1,7,4,3,True,True,,267.03,False,False,True
105,Travis,15,2,5,5,3,True,True,,241.98,False,False,True
106,Brad,15,2,5,5,3,True,True,,252.99,False,False,True
106,Brandon,15,1,7,4,3,True,True,,117.01,False,False,True
106,CJ,15,2,5,6,2,True,True,,206.03,False,False,True
106,Coby,15,2,7,5,1,True,True,,155.98,False,False,True
106,Evan,15,1,6,7,1,True,True,,175.0,False,False,True
106,James,15,3,4,7,1,True,True,,283.03,False,False,True
106,Jason,15,3,4,5,3,True,True,,190.71,False,False,True
106,Reid,15,3,6,4,2,True,True,,248.26,False,False,True
106,Ryan J,15,1,5,8,1,True,True,,241.0,False,False,True
106,Sam,15,2,5,7,1,True,True,,51.09,False,False,True
106,Shane,15,1,7,4,3,True,True,,303.48,False,False,True
106,Travis,15,1,7,5,2,True,True,,230.0,False,False,True
107,Brad,15,4,3,5,3,True,True,,255.83,False,False,True
107,Brandon,15,2,8,4,1,True,True,,131.0,False,False,True
107,CJ,15,2,4,8,1,True,True,,198.63,False,False,True
107,Coby,15,1,8,3,3,True,True,,256.23,False,False,True
107,Evan,15,1,5,7,2,True,True,,171.92,False,False,True
107,James,15,1,5,7,2,True,True,,252.9,False,False,True
107,Jason,15,3,3,8,1,True,True,,166.68,False,False,True
107,Reid,15,1,8,4,2,True,True,,229.0,False,False,True
107,Ryan J,15,2,7,5,1,True,True,,242.79,False,False,True
107,Sam,15,2,5,6,2,True,True,,90.68,False,False,True
107,Shane,15,3,5,4,3,True,True,,306.06,False,False,True
107,Travis,15,3,6,5,1,True,True,,251.39,False,False,True
108,Brad,15,1,5,7,2,True,True,,72.27,False,False,True
108,Brandon,15,2,5,5,3,True,True,,167.37,False,False,True
108,CJ,15,1,4,8,2,True,True,,107.03,False,False,True
108,Coby,15,1,10,3,1,True,True,,263.35,False,False,True
108,Evan,15,2,4,7,2,True,True,,175.0,False,False,True
108,James,15,2,5,5,3,True,True,,282.0,False,False,True
108,Jason,15,1,6,6,2,True,True,,29.98,False,False,True
108,Reid,15,1,4,8,2,True,True,,153.37,False,False,True
108,Ryan J,15,2,5,5,3,True,True,,241.45,False,False,True
108,Sam,15,4,7,3,1,True,True,,214.0,False,False,True
108,Shane,15,1,8,5,1,True,True,,160.19,False,False,True
108,Travis,15,3,5,4,3,True,True,,69.76,False,False,True
109,Brad,15,1,6,6,2,True,True,,181.49,False,False,True
109,Brandon,15,3,7,3,2,True,True,,166.67,False,False,True
109,CJ,15,2,4,6,3,True,True,,249.16,False,False,True
109,Coby,15,1,8,4,2,True,True,,264.89,False,False,True
109,Evan,15,2,5,7,1,True,True,,175.0,False,False,True
109,James,15,1,6,7,1,True,True,,281.0,False,False,True
109,Jason,15,3,3,8,1,True,True,,107.03,False,False,True
109,Reid,15,1,5,6,3,True,True,,216.0,False,False,True
109,Ryan J,15,1,7,5,2,True,True,,240.0,False,False,True
109,Sam,15,3,6,4,2,True,True,,206.28,False,False,True
109,Shane,15,2,5,5,3,True,True,,308.0,False,False,True
109,Travis,15,2,6,6,1,True,True,,250.13,False,False,True
110,Brad,15,1,4,8,2,True,True,,257.78,False,False,True
110,Brandon,15,1,7,5,2,True,True,,34.5,False,False,True
110,CJ,15,1,5,8,1,True,True,,188.19,False,False,True
110,Coby,15,1,8,3,3,True,True,,173.61,False,False,True
110,Evan,15,3,5,6,1,True,True,,165.05,False,False,True
110,James,15,2,5,7,1,True,True,,281.0,False,False,True
110,Jason,15,3,4,5,3,True,True,,45.2,False,False,True
110,Reid,15,3,5,5,2,True,True,,251.0,False,False,True
110,Ryan J,15,3,4,7,1,True,True,,31.0,False,False,True
110,Sam,15,4,8,2,1,True,True,,208.57,False,False,True
110,Shane,15,1,6,6,2,True,True,,294.67,False,False,True
110,Travis,15,1,6,5,3,True,True,,213.06,False,False,True
111,Brad,15,1,6,6,2,True,True,,144.01,False,False,True
111,Brandon,15,1,6,7,1,True,True,,140.67,False,False,True
111,CJ,15,2,5,5,3,True,True,,210.3,False,False,True
111,Coby,15,2,9,2,2,True,True,,265.0,False,False,True
111,Evan,15,1,4,8,2,True,True,,171.14,False,False,True
111,James,15,1,6,7,1,True,True,,278.0,False,False,True
111,Jason,15,2,5,7,1,True,True,,87.36,False,False,True
111,Reid,15,2,4,7,2,True,True,,241.34,False,False,True
111,Ryan J,15,4,5,5,1,True,True,,243.72,False,False,True
111,Sam,15,1,9,2,3,True,True,,159.78,False,False,True
111,Shane,15,2,6,6,1,True,True,,154.97,False,False,True
111,Travis,15,1,4,7,3,True,True,,228.35,False,False,True
112,Brad,15,2,5,6,2,True,True,,266.53,False,False,True
112,Brandon,15,1,7,6,1,True,True,,168.0,False,False,True
112,CJ,15,3,6,5,1,True,True,,196.89,False,False,True
112,Coby,15,2,7,4,2,True,True,,263.04,False,False,True
112,Evan,15,1,5,7,2,True,True,,173.0,False,False,True
112,James,15,3,3,7,2,True,True,,198.45,False,False,True
112,Jason,15,2,4,7,2,True,True,,194.0,False,False,True
112,Reid,15,4,5,4,2,True,True,,247.33,False,False,True
112,Ryan J,15,1,7,6,1,True,True,,241.0,False,False,True
112,Sam,15,4,4,5,2,True,True,,193.16,False,False,True
112,Shane,15,2,6,4,3,True,True,,114.79,False,False,True
112,Travis,15,1,7,5,2,True,True,,176.65,False,False,True
113,Brad,15,2,6,6,1,True,True,,265.0,False,False,True
113,Brandon,15,3,6,4,2,True,True,,169.86,False,False,True
113,CJ,15,1,6,6,2,True,True,,157.67,False,False,True
113,Coby,15,1,7,5,2,True,True,,171.38,False,False,True
113,Evan,15,2,4,7,2,True,True,,167.31,False,False,True
113,James,15,1,8,5,1,True,True,,149.09,False,False,True
113,Jason,15,2,6,4,3,True,True,,89.23,False,False,True
113,Reid,15,1,4,8,2,True,True,,54.99,False,False,True
113,Ryan J,15,1,4,7,3,True,True,,242.0,False,False,True
113,Sam,15,1,8,5,1,True,True,,214.0,False,False,True
113,Shane,15,3,5,4,3,True,True,,240.67,False,False,True
113,Travis,15,2,5,7,1,True,True,,253.06,False,False,True
114,Brad,15,2,5,6,2,True,True,,198.77,False,False,True
114,Brandon,15,2,7,5,1,True,True,,52.83,False,False,True
114,CJ,15,2,5,5,3,True,True,,220.82,False,False,True
114,Coby,15,1,8,4,2,True,True,,74.83,False,False,True
114,Evan,15,2,4,6,3,True,True,,170.35,False,False,True
114,James,15,2,4,7,2,True,True,,108.59,False,False,True
114,Jason,15,3,5,6,1,True,True,,98.03,False,False,True
114,Reid,15,1,7,5,2,True,True,,220.95,False,False,True
114,Ryan J,15,4,5,3,3,True,True,,233.42,False,False,True
114,Sam,15,2,5,6,2,True,True,,26.68,False,False,True
114,Shane,15,3,7,4,1,True,True,,315.0,False,False,True
114,Travis,15,1,5,6,3,True,True,,241.08,False,False,True
115,Brad,15,1,5,8,1,True,True,,195.01,False,False,True
115,Brandon,15,1,3,8,3,True,True,,38.34,False,False,True
115,CJ,15,2,4,8,1,True,True,,119.17,False,False,True
115,Coby,15,2,5,6,2,True,True,,240.25,False,False,True
115,Evan,15,3,5,6,1,True,True,,172.59,False,False,True
115,James,15,1,8,5,1,True,True,,28.15,False,False,True
115,Jason,15,1,7,5,2,True,True,,22.88,False,False,True
115,Reid,15,2,5,5,3,True,True,,245.76,False,False,True
115,Ryan J,15,3,6,5,1,True,True,,248.0,False,False,True
115,Sam,15,2,6,4,3,True,True,,141.79,False,False,True
115,Shane,15,1,9,4,1,True,True,,140.12,False,False,True
115,Travis,15,3,5,4,3,True,True,,221.62,False,False,True
116,Brad,15,1,5,8,1,True,True,,266.0,False,False,True
116,Brandon,15,1,8,5,1,True,True,,97.41,False,False,True
116,CJ,15,1,7,4,3,True,True,,166.54,False,False,True
116,Coby,15,1,9,3,2,True,True,,263.96,False,False,True
116,Evan,15,2,3,9,1,True,True,,168.33,False,False,True
116,James,15,2,7,5,1,True,True,,206.0,False,False,True
116,Jason,15,2,4,7,2,True,True,,154.23,False,False,True
116,Reid,15,3,4,5,3,True,True,,245.58,False,False,True
116,Ryan J,15,3,6,5,1,True,True,,244.52,False,False,True
116,Sam,15,1,7,5,2,True,True,,105.33,False,False,True
116,Shane,15,3,4,5,3,True,True,,263.29,False,False,True
116,Travis,15,1,5,7,2,True,True,,207.9,False,False,True
117,Brad,15,2,4,8,1,True,True,,72.75,False,False,True
117,Brandon,15,1,8,5,1,True,True,,68.34,False,False,True
117,CJ,15,4,5,4,2,True,True,,251.39,False,False,True
117,Coby,15,1,7,5,2,True,True,,73.06,False,False,True
117,Evan,15,2,3,7,3,True,True,,153.65,False,False,True
117,James,15,4,5,5,1,True,True,,288.0,False,False,True
117,Jason,15,4,5,4,2,True,True,,110.02,False,False,True
117,Reid,15,1,4,8,2,True,True,,244.0,False,False,True
117,Ryan J,15,2,7,5,1,True,True,,244.39,False,False,True
117,Sam,15,1,7,5,2,True,True,,18.21,False,False,True
117,Shane,15,1,8,4,2,True,True,,295.7,False,False,True
117,Travis,15,1,5,6,3,True,True,,251.0,False,False,True
118,Brad,15,2,3,8,2,True,True,,215.27,False,False,True
118,Brandon,15,1,8,5,1,True,True,,39.89,False,False,True
118,CJ,15,1,5,8,1,True,True,,116.72,False,False,True
118,Coby,15,4,5,3,3,True,True,,229.64,False,False,True
118,Evan,15,1,6,7,1,True,True,,91.75,False,False,True
118,James,15,3,5,4,3,True,True,,286.92,False,False,True
118,Jason,15,3,7,4,1,True,True,,200.0,False,False,True
118,Reid,15,2,6,5,2,True,True,,243.0,False,False,True
118,Ryan J,15,2,5,5,3,True,True,,217.83,False,False,True
118,Sam,15,2,6,5,2,True,True,,102.53,False,False,True
118,Shane,15,2,6,6,1,True,True,,116.96,False,False,True
118,Travis,15,2,6,5,2,True,True,,247.28,False,False,True
119,Brad,15,1,4,7,3,True,True,,206.09,False,False,True
119,Brandon,15,2,5,7,1,True,True,,172.4,False,False,True
119,CJ,15,3,4,7,1,True,True,,149.0,False,False,True
119,Coby,15,4,6,2,3,True,True,,249.95,False,False,True
119,Evan,15,1,5,7,2,True,True,,131.12,False,False,True
119,James,15,2,5,6,2,True,True,,249.13,False,False,True
119,Jason,15,2,5,6,2,True,True,,168.0,False,False,True
119,Reid,15,1,7,5,2,True,True,,244.0,False,False,True
119,Ryan J,15,2,7,3,3,True,True,,227.09,False,False,True
119,Sam,15,2,7,4,2,True,True,,73.31,False,False,True
119,Shane,15,4,5,5,1,True,True,,315.0,False,False,True
119,Travis,15,1,5,8,1,True,True,,195.0,False,False,True
120,Brad,15,2,5,6,2,True,True,,272.0,False,False,True
120,Brandon,15,3,6,5,1,True,True,,171.74,False,False,True
120,CJ,15,2,7,4,2,True,True,,247.0,False,False,True
120,Coby,15,1,9,3,2,True,True,,263.4,False,False,True
120,Evan,15,2,5,7,1,True,True,,170.15,False,False,True
120,James,15,1,8,5,1,True,True,,281.0,False,False,True
120,Jason,15,1,3,10,1,True,True,,43.61,False,False,True
120,Reid,15,1,4,8,2,True,True,,183.95,False,False,True
120,Ryan J,15,1,5,7,2,True,True,,52.39,False,False,True
120,Sam,15,2,5,5,3,True,True,,174.54,False,False,True
120,Shane,15,2,7,3,3,True,True,,278.67,False,False,True
120,Travis,15,4,5,4,2,True,True,,222.0,False,False,True
121,Brad,15,2,5,6,2,True,True,,269.62,False,False,True
121,Brandon,15,2,6,6,1,True,True,,165.0,False,False,True
121,CJ,15,2,7,4,2,True,True,,215.1,False,False,True
121,Coby,15,1,10,3,1,True,True,,265.0,False,False,True
121,Evan,15,1,6,7,1,True,True,,175.0,False,False,True
121,James,15,2,3,7,3,True,True,,262.76,False,False,True
121,Jason,15,3,4,5,3,True,True,,177.0,False,False,True
121,Reid,15,2,5,6,2,True,True,,244.0,False,False,True
121,Ryan J,15,1,8,5,1,True,True,,241.0,False,False,True
121,Sam,15,1,4,8,2,True,True,,165.45,False,False,True
121,Shane,15,2,5,6,2,True,True,,280.66,False,False,True
121,Travis,15,1,6,5,3,True,True,,236.97,False,False,True
122,Brad,15,3,4,7,1,True,True,,248.2,False,False,True
122,Brandon,15,3,7,3,2,True,True,,171.89,False,False,True
122,CJ,15,1,6,6,2,True,True,,108.94,False,False,True
122,Coby,15,1,5,7,2,True,True,,75.04,False,False,True
122,Evan,15,1,5,6,3,True,True,,151.18,False,False,True
122,James,15,1,7,4,3,True,True,,257.5,False,False,True
122,Jason,15,1,7,6,1,True,True,,67.0,False,False,True
122,Reid,15,1,4,7,3,True,True,,226.45,False,False,True
122,Ryan J,15,1,4,7,3,True,True,,223.12,False,False,True
122,Sam,15,1,9,4,1,True,True,,214.0,False,False,True
122,Shane,15,4,4,6,1,True,True,,315.0,False,False,True
122,Travis,15,1,8,4,2,True,True,,29.78,False,False,True
123,Brad,15,3,4,6,2,True,True,,14.74,False,False,True
123,Brandon,15,3,5,5,2,True,True,,98.62,False,False,True
123,CJ,15,1,5,8,1,True,True,,158.36,False,False,True
123,Coby,15,1,9,3,2,True,True,,44.94,False,False,True
123,Evan,15,2,7,5,1,True,True,,175.0,False,False,True
123,James,15,2,4,6,3,True,True,,248.81,False,False,True
123,Jason,15,1,5,7,2,True,True,,145.91,False,False,True
123,Reid,15,1,7,5,2,True,True,,244.0,False,False,True
123,Ryan J,15,2,5,5,3,True,True,,241.17,False,False,True
123,Sam,15,2,5,6,2,True,True,,133.1,False,False,True
123,Shane,15,3,6,4,2,True,True,,266.15,False,False,True
123,Travis,15,2,6,6,1,True,True,,253.87,False,False,True
124,Brad,15,2,3,8,2,True,True,,266.53,False,False,True
124,Brandon,15,2,7,3,3,True,True,,165.5,False,False,True
124,CJ,15,2,4,8,1,True,True,,252.56,False,False,True
124,Coby,15,2,7,5,1,True,True,,106.02,False,False,True
124,Evan,15,1,5,8,1,True,True,,169.51,False,False,True
124,James,15,1,5,8,1,True,True,,120.1,False,False,True
124,Jason,15,1,7,6,1,True,True,,166.0,False,False,True
124,Reid,15,2,5,5,3,True,True,,230.22,False,False,True
124,Ryan J,15,3,6,4,2,True,True,,237.49,False,False,True
124,Sam,15,1,7,4,3,True,True,,160.01,False,False,True
124,Shane,15,1,7,5,2,True,True,,102.98,False,False,True
124,Travis,15,3,5,5,2,True,True,,212.58,False,False,True
125,Brad,15,1,6,7,1,True,True,,115.58,False,False,True
125,Brandon,15,4,5,4,2,True,True,,94.61,False,False,True
125,CJ,15,3,5,4,3,True,True,,180.75,False,False,True
125,Coby,15,2,8,4,1,True,True,,206.64,False,False,True
125,Evan,15,2,4,8,1,True,True,,175.0,False,False,True
125,James,15,1,5,8,1,True,True,,266.8,False,False,True
125,Jason,15,2,5,5,3,True,True,,95.28,False,False,True
125,Reid,15,2,5,5,3,True,True,,233.12,False,False,True
125,Ryan J,15,1,6,5,3,True,True,,107.24,False,False,True
125,Sam,15,2,6,6,1,True,True,,76.07,False,False,True
125,Shane,15,2,5,5,3,True,True,,299.15,False,False,True
125,Travis,15,1,5,7,2,True,True,,252.0,False,False,True
126,Brad,15,3,5,6,1,True,True,,270.39,False,False,True
126,Brandon,15,1,6,6,2,True,True,,85.87,False,False,True
126,CJ,15,1,7,6,1,True,True,,172.56,False,False,True
126,Coby,15,1,8,4,2,True,True,,255.39,False,False,True
126,Evan,15,1,5,8,1,True,True,,175.0,False,False,True
126,James,15,1,5,6,3,True,True,,271.53,False,False,True
126,Jason,15,2,5,6,2,True,True,,177.16,False,False,True
126,Reid,15,2,8,3,2,True,True,,243.0,False,False,True
126,Ryan J,15,1,6,5,3,True,True,,215.26,False,False,True
126,Sam,15,3,6,4,2,True,True,,200.55,False,False,True
126,Shane,15,1,5,8,1,True,True,,197.06,False,False,True
126,Travis,15,3,5,4,3,True,True,,215.0,False,False,True
127,Brad,15,1,5,6,3,True,True,,266.53,False,False,True
127,Brandon,15,2,6,4,3,True,True,,86.67,False,False,True
127,CJ,15,1,5,7,2,True,True,,73.26,False,False,True
127,Coby,15,1,8,4,2,True,True,,163.97,False,False,True
127,Evan,15,1,4,8,2,True,True,,118.49,False,False,True
127,James,15,3,4,5,3,True,True,,284.69,False,False,True
127,Jason,15,2,7,5,1,True,True,,105.2,False,False,True
127,Reid,15,3,5,4,3,True,True,,234.08,False,False,True
127,Ryan J,15,1,6,7,1,True,True,,241.0,False,False,True
127,Sam,15,3,6,5,1,True,True,,212.83,False,False,True
127,Shane,15,2,7,4,2,True,True,,306.0,False,False,True
127,Travis,15,1,6,7,1,True,True,,37.33,False,False,True
128,Brad,15,1,5,8,1,True,True,,64.73,False,False,True
128,Brandon,15,1,5,8,1,True,True,,24.79,False,False,True
128,CJ,15,3,3,6,3,True,True,,247.72,False,False,True
128,Coby,15,1,10,2,2,True,True,,265.0,False,False,True
128,Evan,15,3,4,6,2,True,True,,170.21,False,False,True
128,James,15,2,4,8,1,True,True,,278.0,False,False,True
128,Jason,15,3,5,5,2,True,True,,107.33,False,False,True
128,Reid,15,3,3,7,2,True,True,,248.0,False,False,True
128,Ryan J,15,1,8,4,2,True,True,,29.29,False,False,True
128,Sam,15,4,8,2,1,True,True,,81.84,False,False,True
128,Shane,15,1,7,4,3,True,True,,284.02,False,False,True
128,Travis,15,1,5,7,2,True,True,,25.92,False,False,True
129,Brad,15,2,6,5,2,True,True,,161.13,False,False,True
129,Brandon,15,3,8,2,2,True,True,,168.52,False,False,True
129,CJ,15,3,4,7,1,True,True,,249.0,False,False,True
129,Coby,15,1,8,4,2,True,True,,265.0,False,False,True
129,Evan,15,2,4,7,2,True,True,,141.29,False,False,True
129,James,15,2,3,7,3,True,True,,271.37,False,False,True
129,Jason,15,1,7,6,1,True,True,,156.19,False,False,True
129,Reid,15,1,8,3,3,True,True,,172.63,False,False,True
129,Ryan J,15,1,3,10,1,True,True,,191.03,False,False,True
129,Sam,15,4,5,5,1,True,True,,211.18,False,False,True
129,Shane,15,1,7,6,1,True,True,,157.57,False,False,True
129,Travis,15,2,5,5,3,True,True,,243.0,False,False,True
130,Brad,15,3,3,8,1,True,True,,77.2,False,False,True
130,Brandon,15,1,8,4,2,True,True,,169.67,False,False,True
130,CJ,15,4,3,6,2,True,True,,248.72,False,False,True
130,Coby,15,1,9,3,2,True,True,,90.43,False,False,True
130,Evan,15,2,3,9,1,True,True,,175.0,False,False,True
130,James,15,1,6,7,1,True,True,,270.65,False,False,True
130,Jason,15,1,4,8,2,True,True,,26.15,False,False,True
130,Reid,15,1,6,5,3,True,True,,244.0,False,False,True
130,Ryan J,15,3,6,3,3,True,True,,231.0,False,False,True
130,Sam,15,1,8,5,1,True,True,,68.49,False,False,True
130,Shane,15,2,6,4,3,True,True,,249.61,False,False,True
130,Travis,15,2,6,5,2,True,True,,240.09,False,False,True
131,Brad,15,1,8,4,2,True,True,,103.27,False,False,True
131,Brandon,15,1,7,6,1,True,True,,175.0,False,False,True
131,CJ,15,3,4,7,1,True,True,,90.91,False,False,True
131,Coby,15,2,5,7,1,True,True,,55.8,False,False,True
131,Evan,15,1,5,7,2,True,True,,162.12,False,False,True
131,James,15,1,8,5,1,True,True,,210.83,False,False,True
131,Jason,15,3,4,6,2,True,True,,50.71,False,False,True
131,Reid,15,4,6,3,2,True,True,,248.66,False,False,True
131,Ryan J,15,1,5,6,3,True,True,,242.0,False,False,True
131,Sam,15,2,6,4,3,True,True,,10.46,False,False,True
131,Shane,15,2,7,4,2,True,True,,292.0,False,False,True
131,Travis,15,1,5,7,2,True,True,,247.0,False,False,True
132,Brad,15,3,4,6,2,True,True,,117.55,False,False,True
132,Brandon,15,1,8,5,1,True,True,,168.0,False,False,True
132,CJ,15,2,5,5,3,True,True,,227.48,False,False,True
132,Coby,15,2,9,3,1,True,True,,135.35,False,False,True
132,Evan,15,3,3,6,3,True,True,,171.73,False,False,True
132,James,15,1,5,8,1,True,True,,277.0,False,False,True
132,Jason,15,1,5,7,2,True,True,,25.39,False,False,True
132,Reid,15,3,5,4,3,True,True,,142.27,False,False,True
132,Ryan J,15,1,7,4,3,True,True,,235.14,False,False,True
132,Sam,15,3,5,6,1,True,True,,214.0,False,False,True
132,Shane,15,2,5,5,3,True,True,,287.73,False,False,True
132,Travis,15,1,4,8,2,True,True,,28.75,False,False,True
133,Brad,15,1,8,5,1,True,True,,69.33,False,False,True
133,Brandon,15,1,7,6,1,True,True,,32.56,False,False,True
133,CJ,15,3,5,4,3,True,True,,231.98,False,False,True
133,Coby,15,1,8,4,2,True,True,,239.52,False,False,True
133,Evan,15,2,5,7,1,True,True,,173.94,False,False,True
133,James,15,2,5,6,2,True,True,,266.0,False,False,True
133,Jason,15,2,6,6,1,True,True,,87.79,False,False,True
133,Reid,15,2,5,5,3,True,True,,224.57,False,False,True
133,Ryan J,15,1,5,8,1,True,True,,36.37,False,False,True
133,Sam,15,2,5,5,3,True,True,,201.0,False,False,True
133,Shane,15,1,7,5,2,True,True,,160.4,False,False,True
133,Travis,15,2,4,6,3,True,True,,250.81,False,False,True
134,Brad,15,3,3,6,3,True,True,,241.34,False,False,True
134,Brandon,15,1,9,4,1,True,True,,134.19,False,False,True
134,CJ,15,2,8,4,1,True,True,,72.52,False,False,True
134,Coby,15,1,6,5,3,True,True,,228.0,False,False,True
134,Evan,15,1,4,9,1,True,True,,175.0,False,False,True
134,James,15,2,5,6,2,True,True,,229.01,False,False,True
134,Jason,15,1,6,6,2,True,True,,85.04,False,False,True
134,Reid,15,4,3,6,2,True,True,,248.88,False,False,True
134,Ryan J,15,1,4,8,2,True,True,,241.0,False,False,True
134,Sam,15,1,9,2,3,True,True,,209.93,False,False,True
134,Shane,15,2,5,7,1,True,True,,308.0,False,False,True
134,Travis,15,4,4,4,3,True,True,,249.59,False,False,True
135,Brad,15,2,5,5,3,True,True,,263.8,False,False,True
135,Brandon,15,1,7,5,2,True,True,,29.25,False,False,True
135,CJ,15,2,4,8,1,True,True,,122.23,False,False,True
135,Coby,15,3,4,6,2,True,True,,213.3,False,False,True
135,Evan,15,1,7,6,1,True,True,,175.0,False,False,True
135,James,15,1,5,8,1,True,True,,43.75,False,False,True
135,Jason,15,4,2,7,2,True,True,,195.46,False,False,True
135,Reid,15,1,4,7,3,True,True,,224.91,False,False,True
135,Ryan J,15,2,6,4,3,True,True,,234.57,False,False,True
135,Sam,15,3,7,3,2,True,True,,144.49,False,False,True
135,Shane,15,1,8,4,2,True,True,,26.85,False,False,True
135,Travis,15,2,8,4,1,True,True,,55.14,False,False,True
136,Brad,15,2,5,7,1,True,True,,270.89,False,False,True
136,Brandon,15,2,7,4,2,True,True,,137.96,False,False,True
136,CJ,15,1,6,5,3,True,True,,175.56,False,False,True
136,Coby,15,2,6,5,2,True,True,,141.62,False,False,True
136,Evan,15,1,5,8,1,True,True,,175.0,False,False,True
136,James,15,1,6,7,1,True,True,,277.0,False,False,True
136,Jason,15,2,3,7,3,True,True,,186.1,False,False,True
136,Reid,15,2,6,4,3,True,True,,222.69,False,False,True
136,Ryan J,15,1,8,5,1,True,True,,237.0,False,False,True
136,Sam,15,4,6,4,1,True,True,,205.4,False,False,True
136,Shane,15,2,4,6,3,True,True,,287.0,False,False,True
136,Travis,15,2,7,4,2,True,True,,246.16,False,False,True
137,Brad,15,1,6,5,3,True,True,,141.95,False,False,True
137,Brandon,15,2,6,4,3,True,True,,142.42,False,False,True
137,CJ,15,1,7,4,3,True,True,,235.23,False,False,True
137,Coby,15,1,9,4,1,True,True,,243.27,False,False,True
137,Evan,15,1,3,9,2,True,True,,172.0,False,False,True
137,James,15,1,4,7,3,True,True,,224.73,False,False,True
137,Jason,15,1,5,7,2,True,True,,171.7,False,False,True
137,Reid,15,2,4,7,2,True,True,,247.12,False,False,True
137,Ryan J,15,3,7,4,1,True,True,,245.89,False,False,True
137,Sam,15,4,8,2,1,True,True,,214.0,False,False,True
137,Shane,15,2,5,7,1,True,True,,237.15,False,False,True
137,Travis,15,1,6,7,1,True,True,,197.07,False,False,True
138,Brad,15,1,5,7,2,True,True,,72.31,False,False,True
138,Brandon,15,1,6,7,1,True,True,,64.52,False,False,True
138,CJ,15,1,6,6,2,True,True,,169.89,False,False,True
138,Coby,15,2,8,4,1,True,True,,250.0,False,False,True
138,Evan,15,1,5,6,3,True,True,,169.0,False,False,True
138,James,15,4,5,5,1,True,True,,284.29,False,False,True
138,Jason,15,2,5,6,2,True,True,,176.74,False,False,True
138,Reid,15,2,6,4,3,True,True,,220.3,False,False,True
138,Ryan J,15,1,7,6,1,True,True,,240.0,False,False,True
138,Sam,15,2,5,5,3,True,True,,189.2,False,False,True
138,Shane,15,3,8,2,2,True,True,,306.64,False,False,True
138,Travis,15,1,5,8,1,True,True,,239.4,False,False,True
139,Brad,15,3,5,6,1,True,True,,264.75,False,False,True
139,Brandon,15,1,6,6,2,True,True,,167.0,False,False,True
139,CJ,15,3,4,6,2,True,True,,141.73,False,False,True
139,Coby,15,2,5,6,2,True,True,,222.7,False,False,True
139,Evan,15,1,4,8,2,True,True,,105.27,False,False,True
139,James,15,1,8,5,1,True,True,,281.0,False,False,True
139,Jason,15,3,5,6,1,True,True,,200.0,False,False,True
139,Reid,15,3,4,5,3,True,True,,197.9,False,False,True
139,Ryan J,15,1,7,6,1,True,True,,241.0,False,False,True
139,Sam,15,2,6,5,2,True,True,,82.52,False,False,True
139,Shane,15,2,8,3,2,True,True,,269.72,False,False,True
139,Travis,15,3,5,4,3,True,True,,229.01,False,False,True
140,Brad,15,1,4,7,3,True,True,,17.23,False,False,True
140,Brandon,15,1,5,6,3,True,True,,165.68,False,False,True
140,CJ,15,2,6,6,1,True,True,,56.15,False,False,True
140,Coby,15,1,5,6,3,True,True,,21.76,False,False,True
140,Evan,15,3,5,6,1,True,True,,40.32,False,False,True
140,James,15,2,7,3,3,True,True,,280.57,False,False,True
140,Jason,15,3,5,5,2,True,True,,192.0,False,False,True
140,Reid,15,1,8,4,2,True,True,,132.2,False,False,True
140,Ryan J,15,2,6,5,2,True,True,,237.0,False,False,True
140,Sam,15,4,5,5,1,True,True,,211.43,False,False,True
140,Shane,15,4,5,5,1,True,True,,315.0,False,False,True
140,Travis,15,1,4,8,2,True,True,,39.24,False,False,True
141,Brad,15,2,5,7,1,True,True,,169.72,False,False,True
141,Brandon,15,2,6,4,3,True,True,,22.1,False,False,True
141,CJ,15,2,7,4,2,True,True,,246.38,False,False,True
141,Coby,15,1,10,3,1,True,True,,250.75,False,False,True
141,Evan,15,2,4,8,1,True,True,,175.0,False,False,True
141,James,15,3,4,6,2,True,True,,178.51,False,False,True
141,Jason,15,2,5,7,1,True,True,,191.33,False,False,True
141,Reid,15,1,6,6,2,True,True,,244.0,False,False,True
141,Ryan J,15,3,3,6,3,True,True,,242.0,False,False,True
141,Sam,15,2,7,3,3,True,True,,164.32,False,False,True
141,Shane,15,1,7,6,1,True,True,,121.45,False,False,True
141,Travis,15,1,5,6,3,True,True,,231.37,False,False,True
142,Brad,15,3,4,5,3,True,True,,265.33,False,False,True
142,Brandon,15,2,7,5,1,True,True,,172.53,False,False,True
142,CJ,15,2,6,6,1,True,True,,248.0,False,False,True
142,Coby,15,1,7,5,2,True,True,,248.61,False,False,True
142,Evan,15,1,4,9,1,True,True,,175.0,False,False,True
142,James,15,4,5,5,1,True,True,,285.2,False,False,True
142,Jason,15,1,5,7,2,True,True,,126.93,False,False,True
142,Reid,15,1,7,5,2,True,True,,244.0,False,False,True
142,Ryan J,15,1,6,5,3,True,True,,242.0,False,False,True
142,Sam,15,3,5,4,3,True,True,,134.81,False,False,True
142,Shane,15,2,7,5,1,True,True,,272.0,False,False,True
142,Travis,15,1,5,6,3,True,True,,209.0,False,False,True
143,Brad,15,2,4,6,3,True,True,,265.97,False,False,True
143,Brandon,15,2,6,5,2,True,True,,60.51,False,False,True
143,CJ,15,2,5,7,1,True,True,,61.98,False,False,True
143,Coby,15,1,8,4,2,True,True,,245.43,False,False,True
143,Evan,15,3,4,7,1,True,True,,175.0,False,False,True
143,James,15,1,8,5,1,True,True,,281.0,False,False,True
143,Jason,15,2,4,7,2,True,True,,189.85,False,False,True
143,Reid,15,2,4,6,3,True,True,,235.99,False,False,True
143,Ryan J,15,2,5,7,1,True,True,,88.35,False,False,True
143,Sam,15,1,7,4,3,True,True,,69.77,False,False,True
143,Shane,15,3,7,4,1,True,True,,165.09,False,False,True
143,Travis,15,2,5,5,3,True,True,,250.79,False,False,True
144,Brad,15,2,4,7,2,True,True,,220.85,False,False,True
144,Brandon,15,2,8,3,2,True,True,,68.28,False,False,True
144,CJ,15,1,6,5,3,True,True,,240.99,False,False,True
144,Coby,15,2,8,3,2,True,True,,146.37,False,False,True
144,Evan,15,2,4,7,2,True,True,,171.7,False,False,True
144,James,15,2,5,7,1,True,True,,224.22,False,False,True
144,Jason,15,1,4,8,2,True,True,,38.64,False,False,True
144,Reid,15,1,5,7,2,True,True,,244.0,False,False,True
144,Ryan J,15,2,6,4,3,True,True,,233.76,False,False,True
144,Sam,15,2,6,5,2,True,True,,157.17,False,False,True
144,Shane,15,4,6,4,1,True,True,,315.0,False,False,True
144,Travis,15,2,5,7,1,True,True,,251.42,False,False,True
145,Brad,15,1,4,7,3,True,True,,267.0,False,False,True
145,Brandon,15,1,5,7,2,True,True,,29.59,False,False,True
145,CJ,15,2,4,6,3,True,True,,235.71,False,False,True
145,Coby,15,2,7,4,2,True,True,,190.59,False,False,True
145,Evan,15,1,5,8,1,True,True,,175.0,False,False,True
145,James,15,1,8,5,1,True,True,,281.0,False,False,True
145,Jason,15,1,7,5,2,True,True,,193.96,False,False,True
145,Reid,15,2,6,4,3,True,True,,237.51,False,False,True
145,Ryan J,15,2,7,5,1,True,True,,237.0,False,False,True
145,Sam,15,3,8,3,1,True,True,,203.74,False,False,True
145,Shane,15,2,5,5,3,True,True,,255.88,False,False,True
145,Travis,15,3,5,5,2,True,True,,238.72,False,False,True
146,Brad,15,2,5,6,2,True,True,,270.69,False,False,True
146,Brandon,15,2,6,4,3,True,True,,156.27,False,False,True
146,CJ,15,1,7,5,2,True,True,,248.85,False,False,True
146,Coby,15,2,8,4,1,True,True,,179.25,False,False,True
146,Evan,15,2,4,8,1,True,True,,175.0,False,False,True
146,James,15,2,5,6,2,True,True,,264.77,False,False,True
146,Jason,15,1,6,6,2,True,True,,127.66,False,False,True
146,Reid,15,1,7,5,2,True,True,,244.0,False,False,True
146,Ryan J,15,3,5,5,2,True,True,,207.33,False,False,True
146,Sam,15,2,5,6,2,True,True,,99.85,False,False,True
146,Shane,15,2,6,4,3,True,True,,306.44,False,False,True
146,Travis,15,1,5,8,1,True,True,,88.56,False,False,True
147,Brad,15,2,4,6,3,True,True,,248.84,False,False,True
147,Brandon,15,3,6,3,3,True,True,,116.45,False,False,True
147,CJ,15,1,4,8,2,True,True,,204.54,False,False,True
147,Coby,15,1,8,3,3,True,True,,230.78,False,False,True
147,Evan,15,1,5,8,1,True,True,,175.0,False,False,True
147,James,15,1,4,9,1,True,True,,61.48,False,False,True
147,Jason,15,2,7,5,1,True,True,,65.52,False,False,True
147,Reid,15,1,5,7,2,True,True,,149.0,False,False,True
147,Ryan J,15,3,6,5,1,True,True,,242.11,False,False,True
147,Sam,15,2,7,3,3,True,True,,177.27,False,False,True
147,Shane,15,3,5,5,2,True,True,,282.65,False,False,True
147,Travis,15,4,5,5,1,True,True,,252.57,False,False,True
148,Brad,15,2,5,7,1,True,True,,97.0,False,False,True
148,Brandon,15,1,6,6,2,True,True,,24.73,False,False,True
148,CJ,15,3,5,4,3,True,True,,247.74,False,False,True
148,Coby,15,1,9,4,1,True,True,,262.6,False,False,True
148,Evan,15,2,2,10,1,True,True,,175.0,False,False,True
148,James,15,2,5,7,1,True,True,,229.0,False,False,True
148,Jason,15,1,8,4,2,True,True,,161.42,False,False,True
148,Reid,15,3,5,4,3,True,True,,225.0,False,False,True
148,Ryan J,15,3,5,5,2,True,True,,244.83,False,False,True
148,Sam,15,1,8,5,1,True,True,,95.36,False,False,True
148,Shane,15,2,6,4,3,True,True,,263.33,False,False,True
148,Travis,15,1,4,7,3,True,True,,102.94,False,False,True
149,Brad,15,2,4,7,2,True,True,,268.0,False,False,True
149,Brandon,15,3,4,5,3,True,True,,145.37,False,False,True
149,CJ,15,1,7,6,1,True,True,,182.85,False,False,True
149,Coby,15,3,5,5,2,True,True,,260.73,False,False,True
149,Evan,15,2,4,8,1,True,True,,175.0,False,False,True
149,James,15,2,4,7,2,True,True,,256.0,False,False,True
149,Jason,15,2,4,6,3,True,True,,159.11,False,False,True
149,Reid,15,3,5,5,2,True,True,,86.98,False,False,True
149,Ryan J,15,1,8,4,2,True,True,,177.44,False,False,True
149,Sam,15,1,8,5,1,True,True,,200.34,False,False,True
149,Shane,15,1,9,4,1,True,True,,305.0,False,False,True
149,Travis,15,2,5,5,3,True,True,,221.66,False,False,True
150,Brad,15,1,7,6,1,True,True,,52.81,False,False,True
150,Brandon,15,3,5,4,3,True,True,,116.05,False,False,True
150,CJ,15,2,4,8,1,True,True,,248.38,False,False,True
150,Coby,15,2,8,2,3,True,True,,248.48,False,False,True
150,Evan,15,2,5,7,1,True,True,,175.0,False,False,True
150,James,15,2,4,6,3,True,True,,273.54,False,False,True
150,Jason,15,2,4,7,2,True,True,,133.83,False,False,True
150,Reid,15,1,7,4,3,True,True,,187.34,False,False,True
150,Ryan J,15,3,8,2,2,True,True,,241.0,False,False,True
150,Sam,15,1,6,7,1,True,True,,100.54,False,False,True
150,Shane,15,1,7,5,2,True,True,,310.0,False,False,True
150,Travis,15,2,5,7,1,True,True,,79.68,False,False,True
151,Brad,15,1,6,7,1,True,True,,266.91,False,False,True
151,Brandon,15,1,9,4,1,True,True,,138.0,False,False,True
151,CJ,15,3,2,9,1,True,True,,249.05,False,False,True
151,Coby,15,1,7,5,2,True,True,,259.0,False,False,True
151,Evan,15,1,5,8,1,True,True,,175.0,False,False,True
151,James,15,2,5,5,3,True,True,,282.0,False,False,True
151,Jason,15,2,4,7,2,True,True,,185.0,False,False,True
151,Reid,15,1,5,6,3,True,True,,244.0,False,False,True
151,Ryan J,15,2,6,4,3,True,True,,242.81,False,False,True
151,Sam,15,2,7,4,2,True,True,,123.87,False,False,True
151,Shane,15,3,5,4,3,True,True,,246.4,False,False,True
151,Travis,15,1,8,5,1,True,True,,176.86,False,False,True
152,Brad,15,1,5,6,3,True,True,,263.0,False,False,True
152,Brandon,15,2,7,5,1,True,True,,66.12,False,False,True
152,CJ,15,3,5,4,3,True,True,,248.59,False,False,True
152,Coby,15,1,6,7,1,True,True,,265.0,False,False,True
152,Evan,15,4,3,7,1,True,True,,165.61,False,False,True
152,James,15,2,5,7,1,True,True,,249.74,False,False,True
152,Jason,15,1,6,5,3,True,True,,191.0,False,False,True
152,Reid,15,2,5,5,3,True,True,,230.78,False,False,True
152,Ryan J,15,3,4,6,2,True,True,,237.0,False,False,True
152,Sam,15,1,9,4,1,True,True,,70.3,False,False,True
152,Shane,15,2,7,4,2,True,True,,306.28,False,False,True
152,Travis,15,1,5,8,1,True,True,,98.65,False,False,True
153,Brad,15,3,4,6,2,True,True,,267.16,False,False,True
153,Brandon,15,4,5,3,3,True,True,,151.78,False,False,True
153,CJ,15,1,7,4,3,True,True,,219.0,False,False,True
153,Coby,15,1,8,4,2,True,True,,196.65,False,False,True
153,Evan,15,2,4,8,1,True,True,,168.0,False,False,True
153,James,15,1,5,8,1,True,True,,279.0,False,False,True
153,Jason,15,1,8,5,1,True,True,,184.15,False,False,True
153,Reid,15,2,4,7,2,True,True,,244.0,False,False,True
153,Ryan J,15,2,6,6,1,True,True,,241.0,False,False,True
153,Sam,15,4,7,3,1,True,True,,206.16,False,False,True
153,Shane,15,2,6,5,2,True,True,,302.0,False,False,True
153,Travis,15,1,5,6,3,True,True,,241.2,False,False,True
154,Brad,15,2,5,6,2,True,True,,268.01,False,False,True
154,Brandon,15,1,5,6,3,True,True,,128.25,False,False,True
154,CJ,15,1,5,7,2,True,True,,144.11,False,False,True
154,Coby,15,1,7,5,2,True,True,,235.19,False,False,True
154,Evan,15,1,5,6,3,True,True,,147.62,False,False,True
154,James,15,1,7,6,1,True,True,,281.0,False,False,True
154,Jason,15,2,5,7,1,True,True,,94.5,False,False,True
154,Reid,15,2,5,6,2,True,True,,251.0,False,False,True
154,Ryan J,15,3,6,3,3,True,True,,196.53,False,False,True
154,Sam,15,3,7,4,1,True,True,,82.0,False,False,True
154,Shane,15,2,7,5,1,True,True,,179.16,False,False,True
154,Travis,15,4,5,5,1,True,True,,251.19,False,False,True
155,Brad,15,2,3,7,3,True,True,,203.01,False,False,True
155,Brandon,15,2,6,5,2,True,True,,171.0,False,False,True
155,CJ,15,2,7,5,1,True,True,,93.53,False,False,True
155,Coby,15,3,7,4,1,True,True,,264.95,False,False,True
155,Evan,15,1,4,8,2,True,True,,175.0,False,False,True
155,James,15,2,5,5,3,True,True,,184.48,False,False,True
155,Jason,15,1,5,6,3,True,True,,188.0,False,False,True
155,Reid,15,1,7,5,2,True,True,,244.0,False,False,True
155,Ryan J,15,3,5,5,2,True,True,,191.09,False,False,True
155,Sam,15,2,7,5,1,True,True,,206.97,False,False,True
155,Shane,15,1,6,6,2,True,True,,250.0,False,False,True
155,Travis,15,1,5,7,2,True,True,,136.54,False,False,True
156,Brad,15,1,5,6,3,True,True,,262.0,False,False,True
156,Brandon,15,3,7,4,1,True,True,,171.13,False,False,True
156,CJ,15,1,5,7,2,True,True,,185.46,False,False,True
156,Coby,15,2,7,5,1,True,True,,180.31,False,False,True
156,Evan,15,2,4,8,1,True,True,,81.7,False,False,True
156,James,15,2,4,7,2,True,True,,215.18,False,False,True
156,Jason,15,1,7,5,2,True,True,,70.82,False,False,True
156,Reid,15,1,6,6,2,True,True,,238.0,False,False,True
156,Ryan J,15,3,7,4,1,True,True,,248.0,False,False,True
156,Sam,15,2,6,4,3,True,True,,208.0,False,False,True
156,Shane,15,1,6,5,3,True,True,,302.8,False,False,True
156,Travis,15,3,4,7,1,True,True,,242.05,False,False,True
157,Brad,15,2,4,7,2,True,True,,272.0,False,False,True
157,Brandon,15,3,7,4,1,True,True,,142.8,False,False,True
157,CJ,15,2,6,4,3,True,True,,251.67,False,False,True
157,Coby,15,1,8,3,3,True,True,,259.0,False,False,True
157,Evan,15,1,5,8,1,True,True,,172.81,False,False,True
157,James,15,1,5,6,3,True,True,,196.51,False,False,True
157,Jason,15,1,6,6,2,True,True,,117.82,False,False,True
157,Reid,15,1,6,6,2,True,True,,244.0,False,False,True
157,Ryan J,15,3,5,6,1,True,True,,127.3,False,False,True
157,Sam,15,3,4,7,1,True,True,,209.05,False,False,True
157,Shane,15,1,5,7,2,True,True,,139.36,False,False,True
157,Travis,15,1,9,4,1,True,True,,38.83,False,False,True
158,Brad,15,2,5,5,3,True,True,,266.0,False,False,True
158,Brandon,15,1,6,6,2,True,True,,135.0,False,False,True
158,CJ,15,4,4,4,3,True,True,,223.84,False,False,True
158,Coby,15,1,7,6,1,True,True,,239.38,False,False,True
158,Evan,15,2,4,8,1,True,True,,169.28,False,False,True
158,James,15,1,3,9,2,True,True,,282.0,False,False,True
158,Jason,15,1,6,7,1,True,True,,196.86,False,False,True
158,Reid,15,4,5,4,2,True,True,,251.0,False,False,True
158,Ryan J,15,1,7,6,1,True,True,,237.0,False,False,True
158,Sam,15,1,8,3,3,True,True,,208.0,False,False,True
158,Shane,15,2,6,5,2,True,True,,307.38,False,False,True
158,Travis,15,1,7,5,2,True,True,,192.0,False,False,True
159,Brad,15,2,6,6,1,True,True,,265.0,False,False,True
159,Brandon,15,3,5,6,1,True,True,,84.81,False,False,True
159,CJ,15,1,4,9,1,True,True,,86.56,False,False,True
159,Coby,15,1,9,3,2,True,True,,265.0,False,False,True
159,Evan,15,1,4,7,3,True,True,,169.0,False,False,True
159,James,15,2,3,7,3,True,True,,280.44,False,False,True
159,Jason,15,4,4,6,1,True,True,,196.86,False,False,True
159,Reid,15,1,6,5,3,True,True,,244.0,False,False,True
159,Ryan J,15,2,6,4,3,True,True,,63.36,False,False,True
159,Sam,15,2,7,5,1,True,True,,203.97,False,False,True
159,Shane,15,1,8,4,2,True,True,,179.92,False,False,True
159,Travis,15,4,4,6,1,True,True,,78.86,False,False,True
160,Brad,15,1,4,7,3,True,True,,266.32,False,False,True
160,Brandon,15,1,8,4,2,True,True,,157.75,False,False,True
160,CJ,15,1,5,7,2,True,True,,245.0,False,False,True
160,Coby,15,2,8,4,1,True,True,,64.02,False,False,True
160,Evan,15,3,3,8,1,True,True,,175.0,False,False,True
160,James,15,2,6,5,2,True,True,,259.0,False,False,True
160,Jason,15,2,6,5,2,True,True,,197.01,False,False,True
160,Reid,15,1,8,4,2,True,True,,144.0,False,False,True
160,Ryan J,15,4,4,4,3,True,True,,238.0,False,False,True
160,Sam,15,2,5,7,1,True,True,,84.0,False,False,True
160,Shane,15,1,5,8,1,True,True,,109.88,False,False,True
160,Travis,15,3,6,4,2,True,True,,247.54,False,False,True
161,Brad,15,2,4,7,2,True,True,,255.64,False,False,True
161,Brandon,15,1,9,4,1,True,True,,169.0,False,False,True
161,CJ,15,1,5,7,2,True,True,,78.55,False,False,True
161,Coby,15,1,8,4,2,True,True,,153.8,False,False,True
161,Evan,15,2,3,7,3,True,True,,105.28,False,False,True
161,James,15,3,5,6,1,True,True,,282.74,False,False,True
161,Jason,15,2,5,5,3,True,True,,190.83,False,False,True
161,Reid,15,1,6,6,2,True,True,,244.0,False,False,True
161,Ryan J,15,2,6,5,2,True,True,,243.88,False,False,True
161,Sam,15,1,6,6,2,True,True,,144.39,False,False,True
161,Shane,15,3,6,4,2,True,True,,309.22,False,False,True
161,Travis,15,3,5,6,1,True,True,,189.11,False,False,True
162,Brad,15,2,5,6,2,True,True,,134.7,False,False,True
162,Brandon,15,2,8,3,2,True,True,,169.0,False,False,True
162,CJ,15,2,6,5,2,True,True,,75.56,False,False,True
162,Coby,15,3,6,4,2,True,True,,262.0,False,False,True
162,Evan,15,1,5,8,1,True,True,,175.0,False,False,True
162,James,15,2,7,5,1,True,True,,276.0,False,False,True
162,Jason,15,4,2,7,2,True,True,,95.69,False,False,True
162,Reid,15,2,5,6,2,True,True,,242.0,False,False,True
162,Ryan J,15,4,3,5,3,True,True,,244.0,False,False,True
162,Sam,15,2,8,4,1,True,True,,210.69,False,False,True
162,Shane,15,2,5,6,2,True,True,,144.19,False,False,True
162,Travis,15,1,5,6,3,True,True,,35.47,False,False,True
163,Brad,15,2,4,8,1,True,True,,261.0,False,False,True
163,Brandon,15,2,5,6,2,True,True,,138.5,False,False,True
163,CJ,15,2,8,3,2,True,True,,250.05,False,False,True
163,Coby,15,1,7,4,3,True,True,,216.57,False,False,True
163,Evan,15,2,2,10,1,True,True,,175.0,False,False,True
163,James,15,1,6,7,1,True,True,,281.0,False,False,True
163,Jason,15,1,7,6,1,True,True,,190.0,False,False,True
163,Reid,15,4,4,5,2,True,True,,245.52,False,False,True
163,Ryan J,15,1,7,4,3,True,True,,241.0,False,False,True
163,Sam,15,2,7,4,2,True,True,,209.0,False,False,True
163,Shane,15,2,5,5,3,True,True,,310.91,False,False,True
163,Travis,15,1,6,6,2,True,True,,196.39,False,False,True
164,Brad,15,1,4,9,1,True,True,,204.21,False,False,True
164,Brandon,15,2,8,4,1,True,True,,167.1,False,False,True
164,CJ,15,2,5,5,3,True,True,,199.44,False,False,True
164,Coby,15,1,7,5,2,True,True,,215.38,False,False,True
164,Evan,15,1,4,7,3,True,True,,164.23,False,False,True
164,James,15,3,3,7,2,True,True,,281.95,False,False,True
164,Jason,15,2,7,4,2,True,True,,194.0,False,False,True
164,Reid,15,1,7,5,2,True,True,,241.0,False,False,True
164,Ryan J,15,1,5,6,3,True,True,,179.25,False,False,True
164,Sam,15,4,7,3,1,True,True,,214.0,False,False,True
164,Shane,15,1,7,4,3,True,True,,303.0,False,False,True
164,Travis,15,2,4,8,1,True,True,,245.0,False,False,True
165,Brad,15,1,4,9,1,True,True,,135.46,False,False,True
165,Brandon,15,2,7,5,1,True,True,,169.0,False,False,True
165,CJ,15,1,6,6,2,True,True,,250.9,False,False,True
165,Coby,15,1,7,5,2,True,True,,77.96,False,False,True
165,Evan,15,1,6,6,2,True,True,,159.46,False,False,True
165,James,15,1,4,9,1,True,True,,278.0,False,False,True
165,Jason,15,1,6,6,2,True,True,,195.81,False,False,True
165,Reid,15,3,3,6,3,True,True,,217.97,False,False,True
165,Ryan J,15,3,6,3,3,True,True,,239.6,False,False,True
165,Sam,15,3,8,3,1,True,True,,133.25,False,False,True
165,Shane,15,1,7,4,3,True,True,,295.41,False,False,True
165,Travis,15,3,5,6,1,True,True,,247.19,False,False,True
166,Brad,15,1,5,8,1,True,True,,179.38,False,False,True
166,Brandon,15,2,8,3,2,True,True,,58.31,False,False,True
166,CJ,15,2,6,5,2,True,True,,170.75,False,False,True
166,Coby,15,1,8,4,2,True,True,,261.72,False,False,True
166,Evan,15,1,4,9,1,True,True,,175.0,False,False,True
166,James,15,3,4,6,2,True,True,,281.0,False,False,True
166,Jason,15,2,4,6,3,True,True,,87.43,False,False,True
166,Reid,15,1,5,7,2,True,True,,189.53,False,False,True
166,Ryan J,15,1,5,6,3,True,True,,242.0,False,False,True
166,Sam,15,1,7,5,2,True,True,,186.0,False,False,True
166,Shane,15,3,9,2,1,True,True,,306.89,False,False,True
166,Travis,15,4,3,6,2,True,True,,244.26,False,False,True
167,Brad,15,2,6,5,2,True,True,,70.03,False,False,True
167,Brandon,15,3,4,7,1,True,True,,137.94,False,False,True
167,CJ,15,1,6,6,2,True,True,,248.87,False,False,True
167,Coby,15,1,5,7,2,True,True,,49.28,False,False,True
167,Evan,15,2,3,8,2,True,True,,169.67,False,False,True
167,James,15,3,5,5,2,True,True,,280.78,False,False,True
167,Jason,15,1,6,5,3,True,True,,186.89,False,False,True
167,Reid,15,3,5,5,2,True,True,,251.0,False,False,True
167,Ryan J,15,1,7,6,1,True,True,,188.25,False,False,True
167,Sam,15,2,6,5,2,True,True,,131.75,False,False,True
167,Shane,15,2,7,5,1,True,True,,85.21,False,False,True
167,Travis,15,1,7,5,2,True,True,,119.54,False,False,True
168,Brad,15,2,3,8,2,True,True,,183.68,False,False,True
168,Brandon,15,2,5,7,1,True,True,,174.96,False,False,True
168,CJ,15,4,5,5,1,True,True,,247.34,False,False,True
168,Coby,15,2,6,5,2,True,True,,232.98,False,False,True
168,Evan,15,2,5,6,2,True,True,,81.02,False,False,True
168,James,15,2,6,6,1,True,True,,224.84,False,False,True
168,Jason,15,3,5,6,1,True,True,,78.13,False,False,True
168,Reid,15,2,5,5,3,True,True,,237.52,False,False,True
168,Ryan J,15,1,8,4,2,True,True,,36.53,False,False,True
168,Sam,15,1,6,5,3,True,True,,24.21,False,False,True
168,Shane,15,3,6,3,3,True,True,,286.79,False,False,True
168,Travis,15,1,6,7,1,True,True,,115.84,False,False,True
169,Brad,15,3,4,7,1,True,True,,268.4,False,False,True
169,Brandon,15,1,8,5,1,True,True,,27.19,False,False,True
169,CJ,15,2,6,6,1,True,True,,50.59,False,False,True
169,Coby,15,2,7,4,2,True,True,,228.0,False,False,True
169,Evan,15,1,3,8,3,True,True,,170.0,False,False,True
169,James,15,1,7,5,2,True,True,,72.19,False,False,True
169,Jason,15,2,3,7,3,True,True,,103.0,False,False,True
169,Reid,15,2,7,3,3,True,True,,169.04,False,False,True
169,Ryan J,15,4,5,5,1,True,True,,248.0,False,False,True
169,Sam,15,2,5,7,1,True,True,,100.86,False,False,True
169,Shane,15,1,7,5,2,True,True,,304.44,False,False,True
169,Travis,15,2,6,5,2,True,True,,242.28,False,False,True
170,Brad,15,2,5,6,2,True,True,,216.08,False,False,True
170,Brandon,15,1,4,7,3,True,True,,138.46,False,False,True
170,CJ,15,1,4,8,2,True,True,,121.02,False,False,True
170,Coby,15,2,8,2,3,True,True,,150.76,False,False,True
170,Evan,15,2,4,8,1,True,True,,175.0,False,False,True
170,James,15,2,7,5,1,True,True,,224.14,False,False,True
170,Jason,15,1,7,4,3,True,True,,193.32,False,False,True
170,Reid,15,2,4,6,3,True,True,,80.0,False,False,True
170,Ryan J,15,4,6,4,1,True,True,,247.11,False,False,True
170,Sam,15,1,7,6,1,True,True,,207.0,False,False,True
170,Shane,15,3,5,6,1,True,True,,96.0,False,False,True
170,Travis,15,2,6,5,2,True,True,,218.55,False,False,True
171,Brad,15,2,4,7,2,True,True,,271.05,False,False,True
171,Brandon,15,3,5,5,2,True,True,,164.74,False,False,True
171,CJ,15,1,7,5,2,True,True,,41.0,False,False,True
171,Coby,15,3,5,6,1,True,True,,210.93,False,False,True
171,Evan,15,1,7,6,1,True,True,,175.0,False,False,True
171,James,15,3,3,7,2,True,True,,276.0,False,False,True
171,Jason,15,1,5,8,1,True,True,,60.37,False,False,True
171,Reid,15,2,4,6,3,True,True,,226.82,False,False,True
171,Ryan J,15,1,7,6,1,True,True,,240.0,False,False,True
171,Sam,15,3,6,3,3,True,True,,182.26,False,False,True
171,Shane,15,2,6,4,3,True,True,,289.73,False,False,True
171,Travis,15,1,8,4,2,True,True,,119.29,False,False,True
172,Brad,15,2,5,7,1,True,True,,266.96,False,False,True
172,Brandon,15,3,5,6,1,True,True,,169.0,False,False,True
172,CJ,15,2,5,7,1,True,True,,108.8,False,False,True
172,Coby,15,1,7,5,2,True,True,,193.06,False,False,True
172,Evan,15,3,4,6,2,True,True,,167.7,False,False,True
172,James,15,2,4,7,2,True,True,,214.44,False,False,True
172,Jason,15,2,6,4,3,True,True,,75.83,False,False,True
172,Reid,15,1,7,4,3,True,True,,162.18,False,False,True
172,Ryan J,15,3,4,6,2,True,True,,186.7,False,False,True
172,Sam,15,1,7,5,2,True,True,,165.34,False,False,True
172,Shane,15,3,8,2,2,True,True,,294.61,False,False,True
172,Travis,15,1,5,7,2,True,True,,255.0,False,False,True
173,Brad,15,3,3,6,3,True,True,,234.14,False,False,True
173,Brandon,15,4,4,5,2,True,True,,165.93,False,False,True
173,CJ,15,2,4,7,2,True,True,,57.21,False,False,True
173,Coby,15,1,8,4,2,True,True,,37.21,False,False,True
173,Evan,15,4,3,6,2,True,True,,162.4,False,False,True
173,James,15,2,5,7,1,True,True,,288.0,False,False,True
173,Jason,15,1,5,6,3,True,True,,194.0,False,False,True
173,Reid,15,1,8,4,2,True,True,,238.31,False,False,True
173,Ryan J,15,1,5,8,1,True,True,,45.47,False,False,True
173,Sam,15,1,7,4,3,True,True,,143.26,False,False,True
173,Shane,15,1,11,2,1,True,True,,161.62,False,False,True
173,Travis,15,1,5,8,1,True,True,,25.89,False,False,True
174,Brad,15,4,3,7,1,True,True,,269.98,False,False,True
174,Brandon,15,4,5,4,2,True,True,,27.36,False,False,True
174,CJ,15,2,6,4,3,True,True,,250.79,False,False,True
174,Coby,15,1,6,7,1,True,True,,85.17,False,False,True
174,Evan,15,2,4,8,1,True,True,,175.0,False,False,True
174,James,15,2,5,5,3,True,True,,38.17,False,False,True
174,Jason,15,2,6,6,1,True,True,,72.47,False,False,True
174,Reid,15,2,4,6,3,True,True,,241.0,False,False,True
174,Ryan J,15,2,8,4,1,True,True,,82.34,False,False,True
174,Sam,15,2,6,5,2,True,True,,115.4,False,False,True
174,Shane,15,1,6,6,2,True,True,,78.28,False,False,True
174,Travis,15,1,7,4,3,True,True,,243.15,False,False,True
175,Brad,15,2,4,7,2,True,True,,264.0,False,False,True
175,Brandon,15,1,6,6,2,True,True,,121.0,False,False,True
175,CJ,15,1,4,7,3,True,True,,179.86,False,False,True
175,Coby,15,1,8,5,1,True,True,,125.42,False,False,True
175,Evan,15,1,5,6,3,True,True,,142.06,False,False,True
175,James,15,1,6,7,1,True,True,,281.0,False,False,True
175,Jason,15,2,7,5,1,True,True,,193.0,False,False,True
175,Reid,15,2,4,6,3,True,True,,237.97,False,False,True
175,Ryan J,15,1,8,3,3,True,True,,229.29,False,False,True
175,Sam,15,3,6,5,1,True,True,,214.0,False,False,True
175,Shane,15,3,7,4,1,True,True,,201.8,False,False,True
175,Travis,15,4,5,4,2,True,True,,249.91,False,False,True
176,Brad,15,4,3,6,2,True,True,,261.33,False,False,True
176,Brandon,15,3,5,6,1,True,True,,81.4,False,False,True
176,CJ,15,1,5,8,1,True,True,,90.39,False,False,True
176,Coby,15,2,6,4,3,True,True,,231.14,False,False,True
176,Evan,15,2,2,10,1,True,True,,175.0,False,False,True
176,James,15,2,7,3,3,True,True,,253.34,False,False,True
176,Jason,15,1,4,7,3,True,True,,61.91,False,False,True
176,Reid,15,1,7,5,2,True,True,,213.0,False,False,True
176,Ryan J,15,1,7,6,1,True,True,,241.0,False,False,True
176,Sam,15,4,6,4,1,True,True,,209.26,False,False,True
176,Shane,15,3,8,3,1,True,True,,244.97,False,False,True
176,Travis,15,1,5,6,3,True,True,,222.52,False,False,True
177,Brad,15,1,4,9,1,True,True,,224.11,False,False,True
177,Brandon,15,2,6,4,3,True,True,,77.0,False,False,True
177,CJ,15,2,6,6,1,True,True,,249.0,False,False,True
177,Coby,15,4,8,2,1,True,True,,261.12,False,False,True
177,Evan,15,1,4,7,3,True,True,,165.0,False,False,True
177,James,15,1,5,7,2,True,True,,276.0,False,False,True
177,Jason,15,2,4,6,3,True,True,,158.59,False,False,True
177,Reid,15,1,7,5,2,True,True,,66.0,False,False,True
177,Ryan J,15,3,5,6,1,True,True,,242.87,False,False,True
177,Sam,15,1,9,2,3,True,True,,201.0,False,False,True
177,Shane,15,3,5,6,1,True,True,,315.0,False,False,True
177,Travis,15,2,4,7,2,True,True,,201.96,False,False,True
178,Brad,15,1,5,7,2,True,True,,37.14,False,False,True
178,Brandon,15,1,7,5,2,True,True,,70.94,False,False,True
178,CJ,15,2,4,7,2,True,True,,166.76,False,False,True
178,Coby,15,4,7,3,1,True,True,,255.51,False,False,True
178,Evan,15,2,4,7,2,True,True,,158.21,False,False,True
178,James,15,2,4,6,3,True,True,,219.39,False,False,True
178,Jason,15,1,7,5,2,True,True,,185.46,False,False,True
178,Reid,15,3,5,5,2,True,True,,81.32,False,False,True
178,Ryan J,15,1,7,6,1,True,True,,241.0,False,False,True
178,Sam,15,3,5,4,3,True,True,,196.05,False,False,True
178,Shane,15,2,7,5,1,True,True,,315.0,False,False,True
178,Travis,15,1,6,6,2,True,True,,229.0,False,False,True
179,Brad,15,1,3,8,3,True,True,,159.23,False,False,True
179,Brandon,15,2,8,2,3,True,True,,160.6,False,False,True
179,CJ,15,2,3,7,3,True,True,,248.0,False,False,True
179,Coby,15,1,7,6,1,True,True,,62.0,False,False,True
179,Evan,15,1,5,8,1,True,True,,175.0,False,False,True
179,James,15,2,6,6,1,True,True,,186.14,False,False,True
179,Jason,15,4,5,5,1,True,True,,197.39,False,False,True
179,Reid,15,4,3,6,2,True,True,,250.0,False,False,True
179,Ryan J,15,1,8,5,1,True,True,,83.61,False,False,True
179,Sam,15,1,6,6,2,True,True,,171.23,False,False,True
179,Shane,15,1,8,3,3,True,True,,275.61,False,False,True
179,Travis,15,2,6,5,2,True,True,,204.0,False,False,True
180,Brad,15,3,4,7,1,True,True,,210.22,False,False,True
180,Brandon,15,1,5,7,2,True,True,,149.91,False,False,True
180,CJ,15,2,6,4,3,True,True,,247.0,False,False,True
180,Coby,15,2,8,4,1,True,True,,255.67,False,False,True
180,Evan,15,2,4,6,3,True,True,,139.03,False,False,True
180,James,15,1,7,5,2,True,True,,232.72,False,False,True
180,Jason,15,1,4,8,2,True,True,,99.76,False,False,True
180,Reid,15,2,4,6,3,True,True,,204.29,False,False,True
180,Ryan J,15,1,5,8,1,True,True,,238.0,False,False,True
180,Sam,15,1,9,3,2,True,True,,202.35,False,False,True
180,Shane,15,4,7,3,1,True,True,,299.53,False,False,True
180,Travis,15,1,7,6,1,True,True,,248.0,False,False,True
181,Brad,15,3,3,8,1,True,True,,81.95,False,False,True
181,Brandon,15,3,5,4,3,True,True,,73.93,False,False,True
181,CJ,15,3,5,4,3,True,True,,215.4,False,False,True
181,Coby,15,1,5,7,2,True,True,,30.86,False,False,True
181,Evan,15,1,3,10,1,True,True,,175.0,False,False,True
181,James,15,1,8,4,2,True,True,,82.84,False,False,True
181,Jason,15,1,5,6,3,True,True,,195.18,False,False,True
181,Reid,15,2,6,4,3,True,True,,244.0,False,False,True
181,Ryan J,15,1,7,6,1,True,True,,241.0,False,False,True
181,Sam,15,1,7,5,2,True,True,,118.71,False,False,True
181,Shane,15,3,7,4,1,True,True,,315.0,False,False,True
181,Travis,15,2,7,4,2,True,True,,251.45,False,False,True
182,Brad,15,1,7,4,3,True,True,,266.0,False,False,True
182,Brandon,15,3,7,4,1,True,True,,45.01,False,False,True
182,CJ,15,3,4,5,3,True,True,,246.91,False,False,True
182,Coby,15,3,6,3,3,True,True,,263.58,False,False,True
182,Evan,15,1,5,8,1,True,True,,175.0,False,False,True
182,James,15,1,6,5,3,True,True,,282.46,False,False,True
182,Jason,15,1,4,9,1,True,True,,24.6,False,False,True
182,Reid,15,2,5,5,3,True,True,,245.0,False,False,True
182,Ryan J,15,1,8,5,1,True,True,,234.0,False,False,True
182,Sam,15,3,6,4,2,True,True,,208.0,False,False,True
182,Shane,15,1,6,7,1,True,True,,113.89,False,False,True
182,Travis,15,2,5,7,1,True,True,,40.08,False,False,True
183,Brad,15,2,5,5,3,True,True,,178.42,False,False,True
183,Brandon,15,2,5,6,2,True,True,,61.53,False,False,True
183,CJ,15,1,8,4,2,True,True,,251.29,False,False,True
183,Coby,15,2,8,2,3,True,True,,259.0,False,False,True
183,Evan,15,4,3,7,1,True,True,,175.0,False,False,True
183,James,15,2,6,6,1,True,True,,233.98,False,False,True
183,Jason,15,2,6,5,2,True,True,,148.88,False,False,True
183,Reid,15,1,4,7,3,True,True,,241.0,False,False,True
183,Ryan J,15,1,8,5,1,True,True,,241.0,False,False,True
183,Sam,15,1,4,8,2,True,True,,208.0,False,False,True
183,Shane,15,2,7,5,1,True,True,,284.98,False,False,True
183,Travis,15,2,6,6,1,True,True,,249.86,False,False,True
184,Brad,15,2,4,6,3,True,True,,236.57,False,False,True
184,Brandon,15,1,5,8,1,True,True,,80.0,False,False,True
184,CJ,15,1,5,6,3,True,True,,247.87,False,False,True
184,Coby,15,2,6,5,2,True,True,,209.1,False,False,True
184,Evan,15,2,6,6,1,True,True,,175.0,False,False,True
184,James,15,2,6,6,1,True,True,,279.0,False,False,True
184,Jason,15,1,5,7,2,True,True,,118.94,False,False,True
184,Reid,15,2,6,5,2,True,True,,246.28,False,False,True
184,Ryan J,15,3,7,3,2,True,True,,241.0,False,False,True
184,Sam,15,1,7,4,3,True,True,,172.68,False,False,True
184,Shane,15,2,6,5,2,True,True,,260.05,False,False,True
184,Travis,15,3,6,5,1,True,True,,247.41,False,False,True
185,Brad,15,2,6,6,1,True,True,,269.79,False,False,True
185,Brandon,15,2,5,6,2,True,True,,168.38,False,False,True
185,CJ,15,2,5,6,2,True,True,,141.32,False,False,True
185,Coby,15,1,7,5,2,True,True,,211.8,False,False,True
185,Evan,15,2,6,5,2,True,True,,170.85,False,False,True
185,James,15,4,3,7,1,True,True,,288.0,False,False,True
185,Jason,15,2,6,6,1,True,True,,116.28,False,False,True
185,Reid,15,2,4,6,3,True,True,,218.0,False,False,True
185,Ryan J,15,1,8,5,1,True,True,,234.0,False,False,True
185,Sam,15,2,6,4,3,True,True,,194.09,False,False,True
185,Shane,15,1,5,6,3,True,True,,248.18,False,False,True
185,Travis,15,3,6,5,1,True,True,,232.51,False,False,True
186,Brad,15,3,5,6,1,True,True,,272.0,False,False,True
186,Brandon,15,2,7,4,2,True,True,,159.37,False,False,True
186,CJ,15,2,6,6,1,True,True,,87.17,False,False,True
186,Coby,15,2,6,6,1,True,True,,243.93,False,False,True
186,Evan,15,2,4,7,2,True,True,,171.0,False,False,True
186,James,15,1,6,7,1,True,True,,281.0,False,False,True
186,Jason,15,3,5,4,3,True,True,,81.02,False,False,True
186,Reid,15,2,6,5,2,True,True,,94.09,False,False,True
186,Ryan J,15,3,5,5,2,True,True,,0.0,False,False,True
186,Sam,15,2,6,6,1,True,True,,183.21,False,False,True
186,Shane,15,3,4,5,3,True,True,,302.35,False,False,True
186,Travis,15,1,6,5,3,True,True,,128.23,False,False,True
187,Brad,15,1,5,7,2,True,True,,243.34,False,False,True
187,Brandon,15,3,6,4,2,True,True,,164.94,False,False,True
187,CJ,15,2,4,8,1,True,True,,255.0,False,False,True
187,Coby,15,2,6,6,1,True,True,,255.0,False,False,True
187,Evan,15,1,5,8,1,True,True,,171.0,False,False,True
187,James,15,2,5,5,3,True,True,,282.0,False,False,True
187,Jason,15,2,6,4,3,True,True,,181.67,False,False,True
187,Reid,15,1,6,5,3,True,True,,245.0,False,False,True
187,Ryan J,15,1,9,4,1,True,True,,232.0,False,False,True
187,Sam,15,3,7,3,2,True,True,,190.18,False,False,True
187,Shane,15,2,5,7,1,True,True,,205.61,False,False,True
187,Travis,15,2,4,7,2,True,True,,152.42,False,False,True
188,Brad,15,1,6,5,3,True,True,,122.73,False,False,True
188,Brandon,15,2,7,3,3,True,True,,148.08,False,False,True
188,CJ,15,1,7,6,1,True,True,,60.47,False,False,True
188,Coby,15,1,8,4,2,True,True,,148.2,False,False,True
188,Evan,15,4,3,7,1,True,True,,173.91,False,False,True
188,James,15,3,4,5,3,True,True,,257.69,False,False,True
188,Jason,15,2,5,7,1,True,True,,165.99,False,False,True
188,Reid,15,1,5,6,3,True,True,,201.4,False,False,True
188,Ryan J,15,1,6,6,2,True,True,,101.85,False,False,True
188,Sam,15,2,7,3,3,True,True,,203.62,False,False,True
188,Shane,15,3,7,4,1,True,True,,315.0,False,False,True
188,Travis,15,1,4,9,1,True,True,,94.36,False,False,True
189,Brad,15,2,5,7,1,True,True,,65.15,False,False,True
189,Brandon,15,2,8,4,1,True,True,,168.63,False,False,True
189,CJ,15,2,5,6,2,True,True,,71.28,False,False,True
189,Coby,15,1,9,3,2,True,True,,265.0,False,False,True
189,Evan,15,1,8,5,1,True,True,,88.49,False,False,True
189,James,15,2,5,5,3,True,True,,281.29,False,False,True
189,Jason,15,1,5,7,2,True,True,,133.0,False,False,True
189,Reid,15,2,4,7,2,True,True,,190.69,False,False,True
189,Ryan J,15,1,6,7,1,True,True,,143.58,False,False,True
189,Sam,15,2,4,6,3,True,True,,155.35,False,False,True
189,Shane,15,2,6,4,3,True,True,,306.0,False,False,True
189,Travis,15,4,3,6,2,True,True,,249.56,False,False,True
190,Brad,15,2,4,7,2,True,True,,77.47,False,False,True
190,Brandon,15,2,7,4,2,True,True,,25.26,False,False,True
190,CJ,15,2,7,3,3,True,True,,233.76,False,False,True
190,Coby,15,2,6,4,3,True,True,,56.08,False,False,True
190,Evan,15,2,5,7,1,True,True,,175.0,False,False,True
190,James,15,3,5,6,1,True,True,,287.0,False,False,True
190,Jason,15,1,4,9,1,True,True,,68.01,False,False,True
190,Reid,15,1,9,3,2,True,True,,241.0,False,False,True
190,Ryan J,15,4,4,4,3,True,True,,244.0,False,False,True
190,Sam,15,1,4,7,3,True,True,,183.76,False,False,True
190,Shane,15,1,8,5,1,True,True,,307.0,False,False,True
190,Travis,15,2,5,7,1,True,True,,52.82,False,False,True
191,Brad,15,1,7,5,2,True,True,,265.64,False,False,True
191,Brandon,15,3,6,3,3,True,True,,169.74,False,False,True
191,CJ,15,2,5,7,1,True,True,,101.3,False,False,True
191,Coby,15,2,7,4,2,True,True,,143.95,False,False,True
191,Evan,15,1,4,8,2,True,True,,115.52,False,False,True
191,James,15,4,5,5,1,True,True,,288.0,False,False,True
191,Jason,15,3,6,5,1,True,True,,190.0,False,False,True
191,Reid,15,1,6,5,3,True,True,,225.8,False,False,True
191,Ryan J,15,1,6,7,1,True,True,,211.0,False,False,True
191,Sam,15,1,7,6,1,True,True,,180.0,False,False,True
191,Shane,15,3,5,4,3,True,True,,311.0,False,False,True
191,Travis,15,1,5,6,3,True,True,,76.05,False,False,True
192,Brad,15,4,3,5,3,True,True,,267.88,False,False,True
192,Brandon,15,2,5,5,3,True,True,,115.31,False,False,True
192,CJ,15,1,7,5,2,True,True,,72.21,False,False,True
192,Coby,15,2,6,5,2,True,True,,246.41,False,False,True
192,Evan,15,1,3,10,1,True,True,,175.0,False,False,True
192,James,15,1,8,5,1,True,True,,280.0,False,False,True
192,Jason,15,1,5,8,1,True,True,,112.74,False,False,True
192,Reid,15,2,5,6,2,True,True,,241.0,False,False,True
192,Ryan J,15,2,8,3,2,True,True,,222.93,False,False,True
192,Sam,15,3,6,5,1,True,True,,143.51,False,False,True
192,Shane,15,2,7,4,2,True,True,,281.36,False,False,True
192,Travis,15,3,4,6,2,True,True,,232.44,False,False,True
193,Brad,15,1,5,8,1,True,True,,138.19,False,False,True
193,Brandon,15,1,7,4,3,True,True,,140.35,False,False,True
193,CJ,15,1,7,5,2,True,True,,132.81,False,False,True
193,Coby,15,3,9,2,1,True,True,,265.0,False,False,True
193,Evan,15,1,5,8,1,True,True,,31.96,False,False,True
193,James,15,1,5,8,1,True,True,,254.76,False,False,True
193,Jason,15,2,3,7,3,True,True,,89.94,False,False,True
193,Reid,15,2,4,6,3,True,True,,245.11,False,False,True
193,Ryan J,15,2,8,4,1,True,True,,240.62,False,False,True
193,Sam,15,3,5,4,3,True,True,,205.0,False,False,True
193,Shane,15,3,4,5,3,True,True,,281.96,False,False,True
193,Travis,15,1,6,7,1,True,True,,212.61,False,False,True
194,Brad,15,2,4,7,2,True,True,,259.56,False,False,True
194,Brandon,15,1,8,3,3,True,True,,153.38,False,False,True
194,CJ,15,2,5,7,1,True,True,,253.19,False,False,True
194,Coby,15,2,4,6,3,True,True,,209.05,False,False,True
194,Evan,15,3,3,8,1,True,True,,175.0,False,False,True
194,James,15,1,9,4,1,True,True,,281.0,False,False,True
194,Jason,15,3,3,6,3,True,True,,145.57,False,False,True
194,Reid,15,2,6,4,3,True,True,,237.0,False,False,True
194,Ryan J,15,1,6,7,1,True,True,,241.0,False,False,True
194,Sam,15,2,7,4,2,True,True,,170.92,False,False,True
194,Shane,15,1,8,4,2,True,True,,308.0,False,False,True
194,Travis,15,2,5,7,1,True,True,,120.27,False,False,True
195,Brad,15,3,3,7,2,True,True,,270.41,False,False,True
195,Brandon,15,2,7,5,1,True,True,,154.91,False,False,True
195,CJ,15,2,5,7,1,True,True,,88.26,False,False,True
195,Coby,15,1,6,5,3,True,True,,237.88,False,False,True
195,Evan,15,1,8,5,1,True,True,,175.0,False,False,True
195,James,15,4,4,5,2,True,True,,281.11,False,False,True
195,Jason,15,3,6,4,2,True,True,,193.0,False,False,True
195,Reid,15,1,6,6,2,True,True,,244.0,False,False,True
195,Ryan J,15,1,4,7,3,True,True,,52.59,False,False,True
195,Sam,15,3,6,4,2,True,True,,209.0,False,False,True
195,Shane,15,2,6,4,3,True,True,,305.82,False,False,True
195,Travis,15,2,6,6,1,True,True,,88.57,False,False,True
196,Brad,15,1,5,6,3,True,True,,264.02,False,False,True
196,Brandon,15,2,6,4,3,True,True,,164.43,False,False,True
196,CJ,15,3,5,4,3,True,True,,182.87,False,False,True
196,Coby,15,2,9,3,1,True,True,,264.4,False,False,True
196,Evan,15,2,6,6,1,True,True,,171.58,False,False,True
196,James,15,3,4,7,1,True,True,,55.72,False,False,True
196,Jason,15,2,4,7,2,True,True,,76.61,False,False,True
196,Reid,15,1,6,6,2,True,True,,237.0,False,False,True
196,Ryan J,15,2,4,6,3,True,True,,186.7,False,False,True
196,Sam,15,1,7,6,1,True,True,,214.0,False,False,True
196,Shane,15,3,5,5,2,True,True,,229.61,False,False,True
196,Travis,15,1,5,7,2,True,True,,38.86,False,False,True
197,Brad,15,2,4,8,1,True,True,,225.38,False,False,True
197,Brandon,15,1,4,7,3,True,True,,132.58,False,False,True
197,CJ,15,2,5,5,3,True,True,,255.0,False,False,True
197,Coby,15,2,9,3,1,True,True,,119.85,False,False,True
197,Evan,15,3,4,6,2,True,True,,170.4,False,False,True
197,James,15,2,7,5,1,True,True,,122.68,False,False,True
197,Jason,15,1,6,7,1,True,True,,114.0,False,False,True
197,Reid,15,1,5,6,3,True,True,,122.84,False,False,True
197,Ryan J,15,3,6,5,1,True,True,,242.78,False,False,True
197,Sam,15,1,7,4,3,True,True,,195.0,False,False,True
197,Shane,15,2,5,7,1,True,True,,307.54,False,False,True
197,Travis,15,2,6,4,3,True,True,,203.95,False,False,True
198,Brad,15,2,5,5,3,True,True,,259.16,False,False,True
198,Brandon,15,1,7,6,1,True,True,,168.0,False,False,True
198,CJ,15,3,5,4,3,True,True,,226.72,False,False,True
198,Coby,15,1,9,4,1,True,True,,160.45,False,False,True
198,Evan,15,1,4,9,1,True,True,,175.0,False,False,True
198,James,15,2,6,4,3,True,True,,272.41,False,False,True
198,Jason,15,3,5,5,2,True,True,,178.26,False,False,True
198,Reid,15,2,5,5,3,True,True,,234.38,False,False,True
198,Ryan J,15,1,7,6,1,True,True,,166.0,False,False,True
198,Sam,15,3,6,4,2,True,True,,191.0,False,False,True
198,Shane,15,2,6,5,2,True,True,,114.58,False,False,True
198,Travis,15,1,7,6,1,True,True,,248.0,False,False,True
199,Brad,15,1,5,7,2,True,True,,75.56,False,False,True
199,Brandon,15,2,6,5,2,True,True,,105.41,False,False,True
199,CJ,15,3,7,3,2,True,True,,252.08,False,False,True
199,Coby,15,2,7,5,1,True,True,,260.68,False,False,True
199,Evan,15,2,3,7,3,True,True,,143.23,False,False,True
199,James,15,1,6,6,2,True,True,,266.0,False,False,True
199,Jason,15,2,3,7,3,True,True,,185.05,False,False,True
199,Reid,15,1,5,7,2,True,True,,241.0,False,False,True
199,Ryan J,15,3,6,5,1,True,True,,119.67,False,False,True
199,Sam,15,2,8,3,2,True,True,,162.05,False,False,True
199,Shane,15,4,5,5,1,True,True,,315.0,False,False,True
199,Travis,15,2,5,6,2,True,True,,73.06,False,False,True
0,Brad,15,2,3,5,5,True,True,,231.24,False,False,False
0,Brandon,15,2,5,5,3,True,True,,126.48,False,False,False
0,CJ,15,1,8,4,2,True,True,,93.05,False,False,False
0,Coby,15,2,8,3,2,True,True,,201.63,False,False,False
0,Evan,15,3,5,6,1,True,True,,173.69,False,False,False
0,James,15,2,4,6,3,True,True,,280.0,False,False,False
0,Jason,15,2,5,6,2,True,True,,10.56,False,False,False
0,Reid,15,1,3,7,4,True,True,,166.59,False,False,False
0,Ryan J,15,1,8,5,1,True,True,,241.0,False,False,False
0,Sam,15,2,6,4,3,True,True,,166.33,False,False,False
0,Shane,15,1,7,5,2,True,True,,307.68,False,False,False
0,Travis,15,1,4,8,2,True,True,,133.2,False,False,False
1,Brad,15,1,6,6,2,True,True,,121.93,False,False,False
1,Brandon,15,2,7,4,2,True,True,,40.97,False,False,False
1,CJ,15,2,7,5,1,True,True,,252.87,False,False,False
1,Coby,15,2,6,2,5,True,True,,222.2,False,False,False
1,Evan,15,1,5,8,1,True,True,,162.24,False,False,False
1,James,15,2,4,8,1,True,True,,204.51,False,False,False
1,Jason,15,2,4,7,2,True,True,,102.59,False,False,False
1,Reid,15,1,7,5,2,True,True,,240.0,False,False,False
1,Ryan J,15,4,3,6,2,True,True,,243.76,False,False,False
1,Sam,15,4,5,5,1,True,True,,214.0,False,False,False
1,Shane,15,1,8,5,1,True,True,,224.07,False,False,False
1,Travis,15,2,5,5,3,True,True,,189.09,False,False,False
2,Brad,15,1,5,7,2,True,True,,87.52,False,False,False
2,Brandon,15,4,3,5,3,True,True,,159.41,False,False,False
2,CJ,15,3,4,6,2,True,True,,127.33,False,False,False
2,Coby,15,1,7,5,2,True,True,,250.79,False,False,False
2,Evan,15,2,6,6,1,True,True,,175.0,False,False,False
2,James,15,1,5,8,1,True,True,,166.31,False,False,False
2,Jason,15,1,8,4,2,True,True,,163.25,False,False,False
2,Reid,15,3,4,6,2,True,True,,247.95,False,False,False
2,Ryan J,15,3,4,5,3,True,True,,221.26,False,False,False
2,Sam,15,1,7,6,1,True,True,,100.11,False,False,False
2,Shane,15,1,8,4,2,True,True,,273.54,False,False,False
2,Travis,15,2,6,5,2,True,True,,81.71,False,False,False
3,Brad,15,2,3,7,3,True,True,,210.57,False,False,False
3,Brandon,15,2,7,5,1,True,True,,168.0,False,False,False
3,CJ,15,1,6,6,2,True,True,,219.69,False,False,False
3,Coby,15,2,6,4,3,True,True,,253.92,False,False,False
3,Evan,15,1,6,7,1,True,True,,175.0,False,False,False
3,James,15,5,4,5,1,True,True,,284.96,False,False,False
3,Jason,15,1,5,8,1,True,True,,186.13,False,False,False
3,Reid,15,1,7,5,2,True,True,,244.0,False,False,False
3,Ryan J,15,3,6,5,1,True,True,,246.24,False,False,False
3,Sam,15,1,9,4,1,True,True,,205.0,False,False,False
3,Shane,15,1,5,4,5,True,True,,309.0,False,False,False
3,Travis,15,2,5,6,2,True,True,,186.67,False,False,False
4,Brad,15,2,4,7,2,True,True,,266.0,False,False,False
4,Brandon,15,2,6,3,4,True,True,,121.81,False,False,False
4,CJ,15,3,3,7,2,True,True,,209.9,False,False,False
4,Coby,15,1,8,5,1,True,True,,256.35,False,False,False
4,Evan,15,1,6,7,1,True,True,,175.0,False,False,False
4,James,15,2,4,7,2,True,True,,243.0,False,False,False
4,Jason,15,1,7,4,3,True,True,,117.64,False,False,False
4,Reid,15,2,5,6,2,True,True,,239.0,False,False,False
4,Ryan J,15,1,7,6,1,True,True,,241.0,False,False,False
4,Sam,15,1,5,7,2,True,True,,166.0,False,False,False
4,Shane,15,3,6,4,2,True,True,,311.44,False,False,False
4,Travis,15,3,6,4,2,True,True,,239.06,False,False,False
5,Brad,15,2,4,7,2,True,True,,272.0,False,False,False
5,Brandon,15,2,6,4,3,True,True,,96.1,False,False,False
5,CJ,15,2,3,9,1,True,True,,57.12,False,False,False
5,Coby,15,3,5,6,1,True,True,,259.0,False,False,False
5,Evan,15,1,7,6,1,True,True,,160.62,False,False,False
5,James,15,2,5,7,1,True,True,,196.71,False,False,False
5,Jason,15,1,5,7,2,True,True,,22.85,False,False,False
5,Reid,15,1,9,3,2,True,True,,244.0,False,False,False
5,Ryan J,15,3,6,5,1,True,True,,245.46,False,False,False
5,Sam,15,2,5,4,4,True,True,,83.56,False,False,False
5,Shane,15,2,7,3,3,True,True,,309.0,False,False,False
5,Travis,15,1,7,6,1,True,True,,141.42,False,False,False
6,Brad,15,1,7,5,2,True,True,,38.8,False,False,False
6,Brandon,15,2,6,5,2,True,True,,14.76,False,False,False
6,CJ,15,3,7,4,1,True,True,,103.91,False,False,False
6,Coby,15,2,6,2,5,True,True,,239.17,False,False,False
6,Evan,15,2,4,8,1,True,True,,126.37,False,False,False
6,James,15,4,5,5,1,True,True,,284.26,False,False,False
6,Jason,15,1,4,8,2,True,True,,8.28,False,False,False
6,Reid,15,2,3,8,2,True,True,,74.41,False,False,False
6,Ryan J,15,1,6,4,4,True,True,,242.0,False,False,False
6,Sam,15,3,6,5,1,True,True,,214.0,False,False,False
6,Shane,15,3,8,3,1,True,True,,315.0,False,False,False
6,Travis,15,1,4,8,2,True,True,,19.87,False,False,False
7,Brad,15,3,3,6,3,True,True,,201.49,False,False,False
7,Brandon,15,1,4,8,2,True,True,,156.48,False,False,False
7,CJ,15,4,5,4,2,True,True,,241.38,False,False,False
7,Coby,15,2,7,5,1,True,True,,186.47,False,False,False
7,Evan,15,1,4,8,2,True,True,,157.33,False,False,False
7,James,15,2,4,8,1,True,True,,245.61,False,False,False
7,Jason,15,2,7,5,1,True,True,,146.0,False,False,False
7,Reid,15,3,5,3,4,True,True,,242.78,False,False,False
7,Ryan J,15,1,9,4,1,True,True,,241.0,False,False,False
7,Sam,15,1,7,6,1,True,True,,207.0,False,False,False
7,Shane,15,1,5,6,3,True,True,,309.0,False,False,False
7,Travis,15,2,7,5,1,True,True,,255.0,False,False,False
8,Brad,15,3,5,6,1,True,True,,268.81,False,False,False
8,Brandon,15,1,8,5,1,True,True,,170.34,False,False,False
8,CJ,15,1,5,8,1,True,True,,251.48,False,False,False
8,Coby,15,1,6,3,5,True,True,,249.0,False,False,False
8,Evan,15,4,4,6,1,True,True,,168.25,False,False,False
8,James,15,2,5,5,3,True,True,,282.0,False,False,False
8,Jason,15,2,5,6,2,True,True,,82.49,False,False,False
8,Reid,15,2,5,6,2,True,True,,179.05,False,False,False
8,Ryan J,15,1,8,5,1,True,True,,241.0,False,False,False
8,Sam,15,3,5,5,2,True,True,,174.31,False,False,False
8,Shane,15,2,6,6,1,True,True,,257.08,False,False,False
8,Travis,15,2,6,5,2,True,True,,122.97,False,False,False
9,Brad,15,2,4,8,1,True,True,,215.95,False,False,False
9,Brandon,15,2,6,6,1,True,True,,171.47,False,False,False
9,CJ,15,1,8,4,2,True,True,,150.72,False,False,False
9,Coby,15,1,10,2,2,True,True,,265.0,False,False,False
9,Evan,15,4,4,5,2,True,True,,168.4,False,False,False
9,James,15,1,8,5,1,True,True,,280.0,False,False,False
9,Jason,15,2,5,5,3,True,True,,92.66,False,False,False
9,Reid,15,2,3,8,2,True,True,,109.39,False,False,False
9,Ryan J,15,1,4,9,1,True,True,,38.0,False,False,False
9,Sam,15,2,6,4,3,True,True,,90.61,False,False,False
9,Shane,15,2,5,5,3,True,True,,233.83,False,False,False
9,Travis,15,2,6,5,2,True,True,,103.87,False,False,False
10,Brad,15,2,5,6,2,True,True,,47.14,False,False,False
10,Brandon,15,2,6,6,1,True,True,,115.33,False,False,False
10,CJ,15,2,5,6,2,True,True,,237.31,False,False,False
10,Coby,15,3,7,4,1,True,True,,131.64,False,False,False
10,Evan,15,2,4,7,2,True,True,,162.4,False,False,False
10,James,15,2,7,5,1,True,True,,279.0,False,False,False
10,Jason,15,1,7,6,1,True,True,,200.0,False,False,False
10,Reid,15,3,4,4,4,True,True,,224.66,False,False,False
10,Ryan J,15,3,4,7,1,True,True,,173.02,False,False,False
10,Sam,15,1,6,6,2,True,True,,94.69,False,False,False
10,Shane,15,1,6,6,2,True,True,,145.34,False,False,False
10,Travis,15,2,6,4,3,True,True,,206.03,False,False,False
11,Brad,15,2,7,5,1,True,True,,66.68,False,False,False
11,Brandon,15,2,7,5,1,True,True,,173.74,False,False,False
11,CJ,15,2,6,6,1,True,True,,133.28,False,False,False
11,Coby,15,2,7,5,1,True,True,,176.46,False,False,False
11,Evan,15,3,4,7,1,True,True,,174.19,False,False,False
11,James,15,2,4,7,2,True,True,,273.88,False,False,False
11,Jason,15,2,4,5,4,True,True,,190.17,False,False,False
11,Reid,15,1,6,4,4,True,True,,245.0,False,False,False
11,Ryan J,15,1,8,4,2,True,True,,40.03,False,False,False
11,Sam,15,2,5,5,3,True,True,,48.47,False,False,False
11,Shane,15,2,7,5,1,True,True,,196.27,False,False,False
11,Travis,15,2,4,8,1,True,True,,41.77,False,False,False
12,Brad,15,1,6,7,1,True,True,,218.0,False,False,False
12,Brandon,15,1,5,7,2,True,True,,148.17,False,False,False
12,CJ,15,3,7,4,1,True,True,,243.33,False,False,False
12,Coby,15,1,7,5,2,True,True,,118.07,False,False,False
12,Evan,15,2,5,7,1,True,True,,19.88,False,False,False
12,James,15,2,7,5,1,True,True,,201.41,False,False,False
12,Jason,15,3,3,7,2,True,True,,107.41,False,False,False
12,Reid,15,4,6,3,2,True,True,,250.53,False,False,False
12,Ryan J,15,3,5,6,1,True,True,,242.7,False,False,False
12,Sam,15,1,7,4,3,True,True,,169.52,False,False,False
12,Shane,15,1,7,5,2,True,True,,244.93,False,False,False
12,Travis,15,1,3,7,4,True,True,,246.56,False,False,False
13,Brad,15,2,5,5,3,True,True,,199.19,False,False,False
13,Brandon,15,2,7,5,1,True,True,,172.08,False,False,False
13,CJ,15,1,5,7,2,True,True,,181.18,False,False,False
13,Coby,15,2,9,3,1,True,True,,235.88,False,False,False
13,Evan,15,3,5,6,1,True,True,,166.28,False,False,False
13,James,15,1,4,9,1,True,True,,279.0,False,False,False
13,Jason,15,2,7,5,1,True,True,,38.48,False,False,False
13,Reid,15,2,6,5,2,True,True,,251.0,False,False,False
13,Ryan J,15,3,5,4,3,True,True,,240.81,False,False,False
13,Sam,15,1,7,6,1,True,True,,169.79,False,False,False
13,Shane,15,2,6,5,2,True,True,,262.67,False,False,False
13,Travis,15,2,4,5,4,True,True,,195.65,False,False,False
14,Brad,15,2,5,7,1,True,True,,98.99,False,False,False
14,Brandon,15,3,7,3,2,True,True,,172.86,False,False,False
14,CJ,15,1,7,6,1,True,True,,76.83,False,False,False
14,Coby,15,2,7,4,2,True,True,,260.14,False,False,False
14,Evan,15,1,5,8,1,True,True,,175.0,False,False,False
14,James,15,2,3,6,4,True,True,,267.18,False,False,False
14,Jason,15,2,6,4,3,True,True,,191.52,False,False,False
14,Reid,15,1,4,6,4,True,True,,245.0,False,False,False
14,Ryan J,15,1,5,8,1,True,True,,222.0,False,False,False
14,Sam,15,3,5,6,1,True,True,,20.25,False,False,False
14,Shane,15,3,7,4,1,True,True,,178.24,False,False,False
14,Travis,15,1,7,5,2,True,True,,214.24,False,False,False
15,Brad,15,2,4,7,2,True,True,,179.5,False,False,False
15,Brandon,15,1,5,7,2,True,True,,57.79,False,False,False
15,CJ,15,1,7,6,1,True,True,,75.04,False,False,False
15,Coby,15,1,5,5,4,True,True,,240.43,False,False,False
15,Evan,15,3,6,5,1,True,True,,175.0,False,False,False
15,James,15,1,5,7,2,True,True,,94.7,False,False,False
15,Jason,15,1,4,6,4,True,True,,163.73,False,False,False
15,Reid,15,3,4,6,2,True,True,,246.71,False,False,False
15,Ryan J,15,1,9,4,1,True,True,,238.0,False,False,False
15,Sam,15,4,6,4,1,True,True,,214.0,False,False,False
15,Shane,15,2,6,4,3,True,True,,309.22,False,False,False
15,Travis,15,1,8,4,2,True,True,,249.77,False,False,False
16,Brad,15,1,7,5,2,True,True,,102.62,False,False,False
16,Brandon,15,2,5,5,3,True,True,,169.0,False,False,False
16,CJ,15,2,4,7,2,True,True,,144.21,False,False,False
16,Coby,15,3,8,3,1,True,True,,263.07,False,False,False
16,Evan,15,2,2,8,3,True,True,,167.14,False,False,False
16,James,15,2,5,5,3,True,True,,262.63,False,False,False
16,Jason,15,1,7,5,2,True,True,,156.0,False,False,False
16,Reid,15,1,3,8,3,True,True,,132.22,False,False,False
16,Ryan J,15,1,8,5,1,True,True,,239.0,False,False,False
16,Sam,15,4,8,2,1,True,True,,214.0,False,False,False
16,Shane,15,2,6,5,2,True,True,,294.83,False,False,False
16,Travis,15,1,4,7,3,True,True,,37.66,False,False,False
17,Brad,15,2,3,8,2,True,True,,111.95,False,False,False
17,Brandon,15,2,4,8,1,True,True,,168.0,False,False,False
17,CJ,15,2,7,3,3,True,True,,250.0,False,False,False
17,Coby,15,3,8,3,1,True,True,,261.0,False,False,False
17,Evan,15,1,5,8,1,True,True,,175.0,False,False,False
17,James,15,1,7,6,1,True,True,,280.0,False,False,False
17,Jason,15,3,7,3,2,True,True,,193.4,False,False,False
17,Reid,15,1,3,4,7,True,True,,242.0,False,False,False
17,Ryan J,15,4,5,5,1,True,True,,245.0,False,False,False
17,Sam,15,2,6,6,1,True,True,,85.94,False,False,False
17,Shane,15,1,8,5,1,True,True,,255.36,False,False,False
17,Travis,15,1,5,7,2,True,True,,189.0,False,False,False
18,Brad,15,2,4,8,1,True,True,,122.0,False,False,False
18,Brandon,15,3,8,3,1,True,True,,170.97,False,False,False
18,CJ,15,3,5,5,2,True,True,,249.0,False,False,False
18,Coby,15,2,7,4,2,True,True,,163.89,False,False,False
18,Evan,15,2,3,8,2,True,True,,161.98,False,False,False
18,James,15,1,5,7,2,True,True,,208.45,False,False,False
18,Jason,15,3,5,5,2,True,True,,165.11,False,False,False
18,Reid,15,3,6,4,2,True,True,,251.0,False,False,False
18,Ryan J,15,1,8,5,1,True,True,,228.0,False,False,False
18,Sam,15,1,5,6,3,True,True,,185.47,False,False,False
18,Shane,15,2,6,4,3,True,True,,280.95,False,False,False
18,Travis,15,1,6,7,1,True,True,,211.93,False,False,False
19,Brad,15,1,5,8,1,True,True,,249.67,False,False,False
19,Brandon,15,1,6,6,2,True,True,,110.39,False,False,False
19,CJ,15,2,6,5,2,True,True,,166.94,False,False,False
19,Coby,15,3,9,2,1,True,True,,257.68,False,False,False
19,Evan,15,2,4,7,2,True,True,,149.7,False,False,False
19,James,15,1,6,7,1,True,True,,204.43,False,False,False
19,Jason,15,2,6,6,1,True,True,,181.0,False,False,False
19,Reid,15,2,2,6,5,True,True,,223.74,False,False,False
19,Ryan J,15,3,5,5,2,True,True,,241.0,False,False,False
19,Sam,15,4,6,4,1,True,True,,207.4,False,False,False
19,Shane,15,1,8,5,1,True,True,,289.0,False,False,False
19,Travis,15,1,6,5,3,True,True,,188.14,False,False,False
20,Brad,15,1,3,9,2,True,True,,71.69,False,False,False
20,Brandon,15,2,5,6,2,True,True,,162.39,False,False,False
20,CJ,15,3,6,4,2,True,True,,209.05,False,False,False
20,Coby,15,1,7,5,2,True,True,,51.78,False,False,False
20,Evan,15,3,4,7,1,True,True,,157.08,False,False,False
20,James,15,3,7,4,1,True,True,,287.0,False,False,False
20,Jason,15,1,7,3,4,True,True,,140.24,False,False,False
20,Reid,15,1,6,6,2,True,True,,44.35,False,False,False
20,Ryan J,15,3,5,6,1,True,True,,243.42,False,False,False
20,Sam,15,2,7,4,2,True,True,,191.12,False,False,False
20,Shane,15,2,5,7,1,True,True,,127.53,False,False,False
20,Travis,15,1,7,5,2,True,True,,7.84,False,False,False
21,Brad,15,1,4,7,3,True,True,,266.0,False,False,False
21,Brandon,15,1,7,6,1,True,True,,144.0,False,False,False
21,CJ,15,4,3,5,3,True,True,,249.0,False,False,False
21,Coby,15,1,7,6,1,True,True,,261.0,False,False,False
21,Evan,15,1,8,5,1,True,True,,169.78,False,False,False
21,James,15,5,4,5,1,True,True,,288.0,False,False,False
21,Jason,15,3,4,5,3,True,True,,190.0,False,False,False
21,Reid,15,1,6,6,2,True,True,,244.0,False,False,False
21,Ryan J,15,1,7,6,1,True,True,,0.5,False,False,False
21,Sam,15,2,6,6,1,True,True,,208.39,False,False,False
21,Shane,15,2,6,6,1,True,True,,308.0,False,False,False
21,Travis,15,1,5,5,4,True,True,,244.0,False,False,False
22,Brad,15,1,6,5,3,True,True,,139.26,False,False,False
22,Brandon,15,2,9,2,2,True,True,,67.53,False,False,False
22,CJ,15,1,3,7,4,True,True,,225.73,False,False,False
22,Coby,15,2,9,3,1,True,True,,262.62,False,False,False
22,Evan,15,2,3,8,2,True,True,,163.95,False,False,False
22,James,15,3,5,6,1,True,True,,288.0,False,False,False
22,Jason,15,2,5,6,2,True,True,,150.55,False,False,False
22,Reid,15,1,4,8,2,True,True,,21.45,False,False,False
22,Ryan J,15,1,9,4,1,True,True,,238.0,False,False,False
22,Sam,15,3,6,5,1,True,True,,208.95,False,False,False
22,Shane,15,1,4,7,3,True,True,,135.58,False,False,False
22,Travis,15,2,5,7,1,True,True,,243.0,False,False,False
23,Brad,15,1,6,7,1,True,True,,110.09,False,False,False
23,Brandon,15,1,9,4,1,True,True,,44.8,False,False,False
23,CJ,15,2,7,3,3,True,True,,196.16,False,False,False
23,Coby,15,3,6,3,3,True,True,,245.74,False,False,False
23,Evan,15,2,5,7,1,True,True,,172.67,False,False,False
23,James,15,4,3,7,1,True,True,,284.19,False,False,False
23,Jason,15,4,5,4,2,True,True,,178.06,False,False,False
23,Reid,15,1,6,6,2,True,True,,244.0,False,False,False
23,Ryan J,15,1,7,3,4,True,True,,217.76,False,False,False
23,Sam,15,2,4,8,1,True,True,,20.04,False,False,False
23,Shane,15,1,5,7,2,True,True,,249.78,False,False,False
23,Travis,15,1,5,8,1,True,True,,250.53,False,False,False
24,Brad,15,4,3,6,2,True,True,,269.27,False,False,False
24,Brandon,15,1,6,5,3,True,True,,147.08,False,False,False
24,CJ,15,3,5,4,3,True,True,,246.79,False,False,False
24,Coby,15,2,9,2,2,True,True,,250.13,False,False,False
24,Evan,15,1,4,8,2,True,True,,171.0,False,False,False
24,James,15,1,5,8,1,True,True,,88.6,False,False,False
24,Jason,15,3,6,4,2,True,True,,88.85,False,False,False
24,Reid,15,1,7,5,2,True,True,,240.0,False,False,False
24,Ryan J,15,3,5,5,2,True,True,,166.38,False,False,False
24,Sam,15,3,7,4,1,True,True,,214.0,False,False,False
24,Shane,15,1,5,7,2,True,True,,78.13,False,False,False
24,Travis,15,1,4,8,2,True,True,,194.78,False,False,False
25,Brad,15,2,6,5,2,True,True,,245.18,False,False,False
25,Brandon,15,3,5,5,2,True,True,,69.42,False,False,False
25,CJ,15,2,5,7,1,True,True,,99.13,False,False,False
25,Coby,15,3,7,3,2,True,True,,81.66,False,False,False
25,Evan,15,3,4,7,1,True,True,,173.0,False,False,False
25,James,15,2,5,7,1,True,True,,282.96,False,False,False
25,Jason,15,1,5,6,3,True,True,,18.32,False,False,False
25,Reid,15,2,4,7,2,True,True,,200.82,False,False,False
25,Ryan J,15,1,8,5,1,True,True,,240.0,False,False,False
25,Sam,15,3,6,5,1,True,True,,82.43,False,False,False
25,Shane,15,2,5,6,2,True,True,,283.6,False,False,False
25,Travis,15,3,5,3,4,True,True,,240.99,False,False,False
26,Brad,15,3,5,6,1,True,True,,124.32,False,False,False
26,Brandon,15,2,8,4,1,True,True,,17.98,False,False,False
26,CJ,15,2,4,5,4,True,True,,245.0,False,False,False
26,Coby,15,3,6,3,3,True,True,,192.77,False,False,False
26,Evan,15,1,4,9,1,True,True,,170.73,False,False,False
26,James,15,1,5,8,1,True,True,,281.0,False,False,False
26,Jason,15,4,5,5,1,True,True,,191.18,False,False,False
26,Reid,15,2,3,8,2,True,True,,147.05,False,False,False
26,Ryan J,15,3,4,6,2,True,True,,231.32,False,False,False
26,Sam,15,3,7,3,2,True,True,,202.25,False,False,False
26,Shane,15,1,7,5,2,True,True,,44.75,False,False,False
26,Travis,15,2,7,4,2,True,True,,52.12,False,False,False
27,Brad,15,1,5,6,3,True,True,,137.27,False,False,False
27,Brandon,15,1,8,5,1,True,True,,167.19,False,False,False
27,CJ,15,2,3,9,1,True,True,,117.95,False,False,False
27,Coby,15,2,6,4,3,True,True,,260.06,False,False,False
27,Evan,15,2,5,6,2,True,True,,166.98,False,False,False
27,James,15,2,4,8,1,True,True,,123.66,False,False,False
27,Jason,15,1,5,8,1,True,True,,182.12,False,False,False
27,Reid,15,1,8,4,2,True,True,,244.0,False,False,False
27,Ryan J,15,4,6,4,1,True,True,,127.36,False,False,False
27,Sam,15,2,6,3,4,True,True,,91.02,False,False,False
27,Shane,15,2,7,5,1,True,True,,253.64,False,False,False
27,Travis,15,3,5,4,3,True,True,,253.0,False,False,False
28,Brad,15,1,4,8,2,True,True,,97.68,False,False,False
28,Brandon,15,2,7,3,3,True,True,,149.0,False,False,False
28,CJ,15,2,6,5,2,True,True,,186.14,False,False,False
28,Coby,15,2,5,6,2,True,True,,261.45,False,False,False
28,Evan,15,3,5,6,1,True,True,,172.33,False,False,False
28,James,15,2,5,4,4,True,True,,276.5,False,False,False
28,Jason,15,2,6,6,1,True,True,,58.4,False,False,False
28,Reid,15,2,5,4,4,True,True,,236.24,False,False,False
28,Ryan J,15,1,8,5,1,True,True,,227.01,False,False,False
28,Sam,15,1,6,7,1,True,True,,86.04,False,False,False
28,Shane,15,3,6,4,2,True,True,,315.0,False,False,False
28,Travis,15,1,4,9,1,True,True,,250.3,False,False,False
29,Brad,15,2,5,6,2,True,True,,58.8,False,False,False
29,Brandon,15,3,6,4,2,True,True,,16.91,False,False,False
29,CJ,15,1,4,9,1,True,True,,245.56,False,False,False
29,Coby,15,1,7,6,1,True,True,,207.24,False,False,False
29,Evan,15,3,4,7,1,True,True,,175.0,False,False,False
29,James,15,1,8,5,1,True,True,,89.35,False,False,False
29,Jason,15,1,5,8,1,True,True,,40.3,False,False,False
29,Reid,15,4,5,3,3,True,True,,245.42,False,False,False
29,Ryan J,15,3,4,5,3,True,True,,239.29,False,False,False
29,Sam,15,4,6,3,2,True,True,,185.81,False,False,False
29,Shane,15,1,5,8,1,True,True,,217.78,False,False,False
29,Travis,15,1,6,3,5,True,True,,224.14,False,False,False
30,Brad,15,2,5,5,3,True,True,,264.98,False,False,False
30,Brandon,15,2,7,5,1,True,True,,0.0,False,False,False
30,CJ,15,2,4,5,4,True,True,,181.43,False,False,False
30,Coby,15,1,6,6,2,True,True,,116.49,False,False,False
30,Evan,15,2,4,8,1,True,True,,172.01,False,False,False
30,James,15,4,4,5,2,True,True,,288.0,False,False,False
30,Jason,15,1,4,8,2,True,True,,171.03,False,False,False
30,Reid,15,1,10,2,2,True,True,,240.0,False,False,False
30,Ryan J,15,2,6,6,1,True,True,,241.0,False,False,False
30,Sam,15,3,6,5,1,True,True,,146.62,False,False,False
30,Shane,15,2,6,4,3,True,True,,298.12,False,False,False
30,Travis,15,2,5,7,1,True,True,,250.28,False,False,False
31,Brad,15,1,5,8,1,True,True,,267.0,False,False,False
31,Brandon,15,1,7,4,3,True,True,,38.31,False,False,False
31,CJ,15,1,8,5,1,True,True,,48.59,False,False,False
31,Coby,15,3,6,5,1,True,True,,166.53,False,False,False
31,Evan,15,1,5,7,2,True,True,,132.92,False,False,False
31,James,15,2,4,6,3,True,True,,247.17,False,False,False
31,Jason,15,2,4,5,4,True,True,,184.26,False,False,False
31,Reid,15,1,9,3,2,True,True,,244.0,False,False,False
31,Ryan J,15,2,5,7,1,True,True,,114.89,False,False,False
31,Sam,15,1,6,6,2,True,True,,39.97,False,False,False
31,Shane,15,4,6,4,1,True,True,,315.0,False,False,False
31,Travis,15,3,5,4,3,True,True,,1.26,False,False,False
32,Brad,15,2,5,6,2,True,True,,272.0,False,False,False
32,Brandon,15,4,7,3,1,True,True,,172.82,False,False,False
32,CJ,15,2,5,7,1,True,True,,105.0,False,False,False
32,Coby,15,1,7,5,2,True,True,,219.29,False,False,False
32,Evan,15,2,6,5,2,True,True,,158.91,False,False,False
32,James,15,1,4,6,4,True,True,,253.98,False,False,False
32,Jason,15,1,6,6,2,True,True,,193.0,False,False,False
32,Reid,15,1,4,8,2,True,True,,244.0,False,False,False
32,Ryan J,15,2,5,7,1,True,True,,239.32,False,False,False
32,Sam,15,2,5,6,2,True,True,,93.07,False,False,False
32,Shane,15,1,10,3,1,True,True,,91.57,False,False,False
32,Travis,15,2,7,4,2,True,True,,221.52,False,False,False
33,Brad,15,1,5,7,2,True,True,,148.97,False,False,False
33,Brandon,15,3,5,4,3,True,True,,50.88,False,False,False
33,CJ,15,1,7,6,1,True,True,,58.99,False,False,False
33,Coby,15,2,6,5,2,True,True,,258.0,False,False,False
33,Evan,15,2,3,9,1,True,True,,175.0,False,False,False
33,James,15,4,5,5,1,True,True,,285.82,False,False,False
33,Jason,15,2,5,6,2,True,True,,170.88,False,False,False
33,Reid,15,3,5,3,4,True,True,,246.94,False,False,False
33,Ryan J,15,1,7,6,1,True,True,,190.0,False,False,False
33,Sam,15,1,5,7,2,True,True,,23.99,False,False,False
33,Shane,15,1,7,4,3,True,True,,301.26,False,False,False
33,Travis,15,1,7,6,1,True,True,,103.24,False,False,False
34,Brad,15,1,5,7,2,True,True,,222.25,False,False,False
34,Brandon,15,4,4,3,4,True,True,,139.8,False,False,False
34,CJ,15,2,8,4,1,True,True,,219.0,False,False,False
34,Coby,15,1,6,7,1,True,True,,258.0,False,False,False
34,Evan,15,3,2,9,1,True,True,,175.0,False,False,False
34,James,15,1,7,6,1,True,True,,167.0,False,False,False
34,Jason,15,2,5,5,3,True,True,,153.17,False,False,False
34,Reid,15,1,5,6,3,True,True,,194.44,False,False,False
34,Ryan J,15,1,4,7,3,True,True,,240.0,False,False,False
34,Sam,15,5,5,4,1,True,True,,210.66,False,False,False
34,Shane,15,2,6,4,3,True,True,,310.0,False,False,False
34,Travis,15,2,6,4,3,True,True,,248.79,False,False,False
35,Brad,15,2,4,7,2,True,True,,212.47,False,False,False
35,Brandon,15,1,7,6,1,True,True,,87.55,False,False,False
35,CJ,15,1,7,6,1,True,True,,248.0,False,False,False
35,Coby,15,1,6,4,4,True,True,,257.17,False,False,False
35,Evan,15,2,4,8,1,True,True,,175.0,False,False,False
35,James,15,2,3,8,2,True,True,,277.0,False,False,False
35,Jason,15,2,5,4,4,True,True,,181.67,False,False,False
35,Reid,15,2,4,5,4,True,True,,238.23,False,False,False
35,Ryan J,15,3,5,6,1,True,True,,227.1,False,False,False
35,Sam,15,3,7,3,2,True,True,,208.57,False,False,False
35,Shane,15,2,8,3,2,True,True,,256.3,False,False,False
35,Travis,15,1,5,6,3,True,True,,128.61,False,False,False
36,Brad,15,4,3,7,1,True,True,,262.63,False,False,False
36,Brandon,15,2,6,4,3,True,True,,106.56,False,False,False
36,CJ,15,1,4,6,4,True,True,,132.14,False,False,False
36,Coby,15,1,8,5,1,True,True,,260.88,False,False,False
36,Evan,15,1,5,7,2,True,True,,175.0,False,False,False
36,James,15,2,3,7,3,True,True,,276.99,False,False,False
36,Jason,15,1,5,8,1,True,True,,55.9,False,False,False
36,Reid,15,1,8,4,2,True,True,,244.0,False,False,False
36,Ryan J,15,2,7,5,1,True,True,,99.76,False,False,False
36,Sam,15,2,5,6,2,True,True,,190.21,False,False,False
36,Shane,15,3,7,4,1,True,True,,304.0,False,False,False
36,Travis,15,1,8,5,1,True,True,,247.91,False,False,False
37,Brad,15,1,5,5,4,True,True,,267.0,False,False,False
37,Brandon,15,3,5,5,2,True,True,,169.0,False,False,False
37,CJ,15,2,5,6,2,True,True,,248.0,False,False,False
37,Coby,15,1,7,6,1,True,True,,229.0,False,False,False
37,Evan,15,2,2,10,1,True,True,,168.0,False,False,False
37,James,15,1,6,7,1,True,True,,259.87,False,False,False
37,Jason,15,2,5,5,3,True,True,,195.24,False,False,False
37,Reid,15,1,9,3,2,True,True,,244.0,False,False,False
37,Ryan J,15,1,5,6,3,True,True,,242.0,False,False,False
37,Sam,15,2,7,5,1,True,True,,214.0,False,False,False
37,Shane,15,4,6,4,1,True,True,,315.0,False,False,False
37,Travis,15,1,6,5,3,True,True,,212.72,False,False,False
38,Brad,15,2,3,8,2,True,True,,190.62,False,False,False
38,Brandon,15,2,7,4,2,True,True,,134.35,False,False,False
38,CJ,15,4,4,5,2,True,True,,236.89,False,False,False
38,Coby,15,2,5,5,3,True,True,,153.7,False,False,False
38,Evan,15,2,6,6,1,True,True,,175.0,False,False,False
38,James,15,2,5,7,1,True,True,,281.0,False,False,False
38,Jason,15,2,8,4,1,True,True,,194.09,False,False,False
38,Reid,15,2,6,5,2,True,True,,244.0,False,False,False
38,Ryan J,15,1,8,4,2,True,True,,241.0,False,False,False
38,Sam,15,3,4,5,3,True,True,,171.05,False,False,False
38,Shane,15,1,4,7,3,True,True,,272.71,False,False,False
38,Travis,15,3,6,5,1,True,True,,129.65,False,False,False
39,Brad,15,2,4,8,1,True,True,,272.0,False,False,False
39,Brandon,15,1,8,5,1,True,True,,85.82,False,False,False
39,CJ,15,4,5,4,2,True,True,,237.91,False,False,False
39,Coby,15,1,7,6,1,True,True,,191.0,False,False,False
39,Evan,15,2,4,7,2,True,True,,143.15,False,False,False
39,James,15,2,7,4,2,True,True,,259.11,False,False,False
39,Jason,15,3,5,4,3,True,True,,170.27,False,False,False
39,Reid,15,1,8,4,2,True,True,,244.0,False,False,False
39,Ryan J,15,2,4,5,4,True,True,,240.0,False,False,False
39,Sam,15,1,5,7,2,True,True,,176.37,False,False,False
39,Shane,15,2,6,6,1,True,True,,273.74,False,False,False
39,Travis,15,2,5,7,1,True,True,,251.51,False,False,False
40,Brad,15,1,5,8,1,True,True,,268.42,False,False,False
40,Brandon,15,2,4,7,2,True,True,,40.73,False,False,False
40,CJ,15,2,7,5,1,True,True,,117.06,False,False,False
40,Coby,15,2,7,4,2,True,True,,261.0,False,False,False
40,Evan,15,2,6,5,2,True,True,,168.0,False,False,False
40,James,15,1,4,8,2,True,True,,277.0,False,False,False
40,Jason,15,1,5,8,1,True,True,,189.0,False,False,False
40,Reid,15,2,4,4,5,True,True,,238.48,False,False,False
40,Ryan J,15,1,7,5,2,True,True,,98.79,False,False,False
40,Sam,15,5,6,3,1,True,True,,214.0,False,False,False
40,Shane,15,4,6,4,1,True,True,,259.26,False,False,False
40,Travis,15,2,6,4,3,True,True,,223.94,False,False,False
41,Brad,15,1,4,9,1,True,True,,217.94,False,False,False
41,Brandon,15,2,5,6,2,True,True,,55.82,False,False,False
41,CJ,15,3,6,5,1,True,True,,252.91,False,False,False
41,Coby,15,1,7,4,3,True,True,,177.0,False,False,False
41,Evan,15,1,4,9,1,True,True,,175.0,False,False,False
41,James,15,1,8,5,1,True,True,,281.0,False,False,False
41,Jason,15,4,6,4,1,True,True,,195.0,False,False,False
41,Reid,15,2,5,5,3,True,True,,208.07,False,False,False
41,Ryan J,15,1,6,7,1,True,True,,91.9,False,False,False
41,Sam,15,2,8,3,2,True,True,,183.28,False,False,False
41,Shane,15,2,5,5,3,True,True,,294.38,False,False,False
41,Travis,15,2,5,4,4,True,True,,187.28,False,False,False
42,Brad,15,2,4,7,2,True,True,,266.52,False,False,False
42,Brandon,15,1,7,5,2,True,True,,169.0,False,False,False
42,CJ,15,1,4,9,1,True,True,,51.0,False,False,False
42,Coby,15,2,8,4,1,True,True,,265.0,False,False,False
42,Evan,15,3,3,7,2,True,True,,132.47,False,False,False
42,James,15,2,6,5,2,True,True,,190.18,False,False,False
42,Jason,15,4,5,3,3,True,True,,186.76,False,False,False
42,Reid,15,2,3,6,4,True,True,,190.09,False,False,False
42,Ryan J,15,2,8,4,1,True,True,,166.21,False,False,False
42,Sam,15,3,4,7,1,True,True,,207.52,False,False,False
42,Shane,15,1,7,6,1,True,True,,110.49,False,False,False
42,Travis,15,2,5,5,3,True,True,,70.89,False,False,False
43,Brad,15,1,7,5,2,True,True,,147.93,False,False,False
43,Brandon,15,1,8,5,1,True,True,,169.0,False,False,False
43,CJ,15,1,5,7,2,True,True,,249.0,False,False,False
43,Coby,15,2,6,3,4,True,True,,231.63,False,False,False
43,Evan,15,2,5,7,1,True,True,,175.0,False,False,False
43,James,15,4,3,6,2,True,True,,286.63,False,False,False
43,Jason,15,2,4,7,2,True,True,,173.78,False,False,False
43,Reid,15,1,8,4,2,True,True,,244.0,False,False,False
43,Ryan J,15,1,8,4,2,True,True,,215.42,False,False,False
43,Sam,15,2,5,6,2,True,True,,211.83,False,False,False
43,Shane,15,3,4,6,2,True,True,,207.84,False,False,False
43,Travis,15,3,3,6,3,True,True,,244.66,False,False,False
44,Brad,15,1,4,9,1,True,True,,79.08,False,False,False
44,Brandon,15,1,7,4,3,True,True,,66.01,False,False,False
44,CJ,15,1,4,9,1,True,True,,144.28,False,False,False
44,Coby,15,1,4,6,4,True,True,,259.0,False,False,False
44,Evan,15,4,3,7,1,True,True,,175.0,False,False,False
44,James,15,3,6,5,1,True,True,,285.78,False,False,False
44,Jason,15,2,7,5,1,True,True,,70.4,False,False,False
44,Reid,15,3,6,4,2,True,True,,244.18,False,False,False
44,Ryan J,15,1,5,5,4,True,True,,242.0,False,False,False
44,Sam,15,2,8,3,2,True,True,,95.22,False,False,False
44,Shane,15,1,8,5,1,True,True,,62.11,False,False,False
44,Travis,15,2,6,5,2,True,True,,205.66,False,False,False
45,Brad,15,2,5,6,2,True,True,,263.92,False,False,False
45,Brandon,15,1,5,7,2,True,True,,45.28,False,False,False
45,CJ,15,1,4,4,6,True,True,,232.17,False,False,False
45,Coby,15,1,7,6,1,True,True,,251.04,False,False,False
45,Evan,15,4,4,6,1,True,True,,175.0,False,False,False
45,James,15,2,5,6,2,True,True,,282.0,False,False,False
45,Jason,15,2,7,4,2,True,True,,55.5,False,False,False
45,Reid,15,1,4,8,2,True,True,,131.94,False,False,False
45,Ryan J,15,3,5,6,1,True,True,,245.23,False,False,False
45,Sam,15,2,7,4,2,True,True,,204.28,False,False,False
45,Shane,15,1,7,6,1,True,True,,79.4,False,False,False
45,Travis,15,3,6,5,1,True,True,,76.37,False,False,False
46,Brad,15,1,5,6,3,True,True,,247.24,False,False,False
46,Brandon,15,2,6,5,2,True,True,,44.74,False,False,False
46,CJ,15,2,5,7,1,True,True,,123.4,False,False,False
46,Coby,15,2,6,6,1,True,True,,77.46,False,False,False
46,Evan,15,2,3,9,1,True,True,,175.0,False,False,False
46,James,15,5,4,5,1,True,True,,286.88,False,False,False
46,Jason,15,3,3,5,4,True,True,,194.0,False,False,False
46,Reid,15,2,5,5,3,True,True,,246.45,False,False,False
46,Ryan J,15,1,8,5,1,True,True,,227.0,False,False,False
46,Sam,15,2,7,4,2,True,True,,85.09,False,False,False
46,Shane,15,1,6,7,1,True,True,,152.78,False,False,False
46,Travis,15,1,7,4,3,True,True,,121.41,False,False,False
47,Brad,15,2,4,7,2,True,True,,104.32,False,False,False
47,Brandon,15,3,6,5,1,True,True,,175.0,False,False,False
47,CJ,15,1,8,4,2,True,True,,128.69,False,False,False
47,Coby,15,2,8,4,1,True,True,,44.29,False,False,False
47,Evan,15,1,3,8,3,True,True,,167.0,False,False,False
47,James,15,2,4,6,3,True,True,,284.28,False,False,False
47,Jason,15,2,6,5,2,True,True,,125.54,False,False,False
47,Reid,15,3,4,5,3,True,True,,244.74,False,False,False
47,Ryan J,15,1,8,4,2,True,True,,165.14,False,False,False
47,Sam,15,2,6,6,1,True,True,,47.38,False,False,False
47,Shane,15,1,5,8,1,True,True,,131.94,False,False,False
47,Travis,15,2,7,5,1,True,True,,247.66,False,False,False
48,Brad,15,2,5,6,2,True,True,,219.0,False,False,False
48,Brandon,15,2,6,4,3,True,True,,169.0,False,False,False
48,CJ,15,2,7,5,1,True,True,,245.89,False,False,False
48,Coby,15,1,6,6,2,True,True,,14.31,False,False,False
48,Evan,15,1,4,7,3,True,True,,146.28,False,False,False
48,James,15,2,5,5,3,True,True,,264.09,False,False,False
48,Jason,15,3,6,5,1,True,True,,58.47,False,False,False
48,Reid,15,2,5,5,3,True,True,,237.63,False,False,False
48,Ryan J,15,1,7,6,1,True,True,,36.11,False,False,False
48,Sam,15,1,5,7,2,True,True,,14.58,False,False,False
48,Shane,15,4,5,5,1,True,True,,311.16,False,False,False
48,Travis,15,1,7,6,1,True,True,,70.15,False,False,False
49,Brad,15,1,5,7,2,True,True,,154.0,False,False,False
49,Brandon,15,2,9,2,2,True,True,,53.92,False,False,False
49,CJ,15,2,5,7,1,True,True,,171.93,False,False,False
49,Coby,15,2,6,6,1,True,True,,263.75,False,False,False
49,Evan,15,2,3,7,3,True,True,,169.26,False,False,False
49,James,15,1,5,8,1,True,True,,281.0,False,False,False
49,Jason,15,1,8,5,1,True,True,,187.8,False,False,False
49,Reid,15,1,4,5,5,True,True,,245.0,False,False,False
49,Ryan J,15,4,7,3,1,True,True,,244.18,False,False,False
49,Sam,15,1,5,7,2,True,True,,86.6,False,False,False
49,Shane,15,2,6,5,2,True,True,,296.0,False,False,False
49,Travis,15,3,6,5,1,True,True,,99.81,False,False,False
50,Brad,15,1,5,7,2,True,True,,236.28,False,False,False
50,Brandon,15,3,6,3,3,True,True,,165.73,False,False,False
50,CJ,15,2,5,6,2,True,True,,127.23,False,False,False
50,Coby,15,1,7,3,4,True,True,,229.61,False,False,False
50,Evan,15,2,2,10,1,True,True,,175.0,False,False,False
50,James,15,3,6,5,1,True,True,,285.6,False,False,False
50,Jason,15,1,7,6,1,True,True,,194.0,False,False,False
50,Reid,15,2,4,5,4,True,True,,154.57,False,False,False
50,Ryan J,15,1,8,5,1,True,True,,241.0,False,False,False
50,Sam,15,3,5,6,1,True,True,,214.0,False,False,False
50,Shane,15,3,7,3,2,True,True,,263.19,False,False,False
50,Travis,15,1,4,8,2,True,True,,140.14,False,False,False
51,Brad,15,2,6,6,1,True,True,,268.82,False,False,False
51,Brandon,15,3,8,3,1,True,True,,171.46,False,False,False
51,CJ,15,2,7,5,1,True,True,,195.54,False,False,False
51,Coby,15,2,6,4,3,True,True,,256.0,False,False,False
51,Evan,15,2,4,8,1,True,True,,170.0,False,False,False
51,James,15,2,5,7,1,True,True,,262.0,False,False,False
51,Jason,15,1,4,5,5,True,True,,194.0,False,False,False
51,Reid,15,1,4,6,4,True,True,,244.56,False,False,False
51,Ryan J,15,1,5,7,2,True,True,,104.98,False,False,False
51,Sam,15,2,9,3,1,True,True,,89.0,False,False,False
51,Shane,15,1,6,7,1,True,True,,268.0,False,False,False
51,Travis,15,3,6,5,1,True,True,,247.65,False,False,False
52,Brad,15,3,3,7,2,True,True,,270.0,False,False,False
52,Brandon,15,2,4,4,5,True,True,,169.81,False,False,False
52,CJ,15,2,5,7,1,True,True,,213.32,False,False,False
52,Coby,15,1,5,7,2,True,True,,118.13,False,False,False
52,Evan,15,3,3,8,1,True,True,,175.0,False,False,False
52,James,15,3,4,6,2,True,True,,280.0,False,False,False
52,Jason,15,1,8,4,2,True,True,,96.16,False,False,False
52,Reid,15,2,7,4,2,True,True,,247.0,False,False,False
52,Ryan J,15,2,7,5,1,True,True,,241.0,False,False,False
52,Sam,15,1,8,4,2,True,True,,117.75,False,False,False
52,Shane,15,1,7,5,2,True,True,,309.83,False,False,False
52,Travis,15,3,5,5,2,True,True,,248.0,False,False,False
53,Brad,15,2,4,6,3,True,True,,265.7,False,False,False
53,Brandon,15,3,3,6,3,True,True,,157.88,False,False,False
53,CJ,15,2,7,4,2,True,True,,184.93,False,False,False
53,Coby,15,3,7,4,1,True,True,,259.0,False,False,False
53,Evan,15,1,6,7,1,True,True,,175.0,False,False,False
53,James,15,1,6,6,2,True,True,,198.14,False,False,False
53,Jason,15,4,7,3,1,True,True,,195.45,False,False,False
53,Reid,15,2,6,5,2,True,True,,103.27,False,False,False
53,Ryan J,15,1,6,6,2,True,True,,241.18,False,False,False
53,Sam,15,1,7,4,3,True,True,,170.2,False,False,False
53,Shane,15,2,4,7,2,True,True,,248.83,False,False,False
53,Travis,15,1,5,8,1,True,True,,54.53,False,False,False
54,Brad,15,2,2,8,3,True,True,,268.0,False,False,False
54,Brandon,15,2,5,7,1,True,True,,169.0,False,False,False
54,CJ,15,3,3,5,4,True,True,,242.3,False,False,False
54,Coby,15,1,8,5,1,True,True,,249.0,False,False,False
54,Evan,15,1,6,6,2,True,True,,140.95,False,False,False
54,James,15,1,10,3,1,True,True,,273.0,False,False,False
54,Jason,15,1,2,8,4,True,True,,165.85,False,False,False
54,Reid,15,1,4,7,3,True,True,,240.0,False,False,False
54,Ryan J,15,4,6,4,1,True,True,,246.73,False,False,False
54,Sam,15,5,6,3,1,True,True,,214.0,False,False,False
54,Shane,15,2,7,5,1,True,True,,305.0,False,False,False
54,Travis,15,1,7,5,2,True,True,,212.16,False,False,False
55,Brad,15,2,4,6,3,True,True,,248.97,False,False,False
55,Brandon,15,1,4,8,2,True,True,,126.02,False,False,False
55,CJ,15,2,5,6,2,True,True,,130.53,False,False,False
55,Coby,15,3,6,4,2,True,True,,255.78,False,False,False
55,Evan,15,2,5,7,1,True,True,,147.22,False,False,False
55,James,15,3,3,6,3,True,True,,270.19,False,False,False
55,Jason,15,1,5,8,1,True,True,,195.78,False,False,False
55,Reid,15,2,5,5,3,True,True,,192.23,False,False,False
55,Ryan J,15,2,6,5,2,True,True,,241.0,False,False,False
55,Sam,15,2,8,3,2,True,True,,69.77,False,False,False
55,Shane,15,3,7,4,1,True,True,,315.0,False,False,False
55,Travis,15,1,7,6,1,True,True,,248.0,False,False,False
56,Brad,15,2,5,6,2,True,True,,216.04,False,False,False
56,Brandon,15,1,7,3,4,True,True,,31.66,False,False,False
56,CJ,15,2,6,4,3,True,True,,250.18,False,False,False
56,Coby,15,1,9,4,1,True,True,,261.46,False,False,False
56,Evan,15,1,7,6,1,True,True,,175.0,False,False,False
56,James,15,2,5,7,1,True,True,,274.0,False,False,False
56,Jason,15,1,4,8,2,True,True,,26.58,False,False,False
56,Reid,15,3,4,4,4,True,True,,195.94,False,False,False
56,Ryan J,15,1,8,5,1,True,True,,239.0,False,False,False
56,Sam,15,4,4,6,1,True,True,,214.0,False,False,False
56,Shane,15,2,3,7,3,True,True,,310.0,False,False,False
56,Travis,15,2,5,7,1,True,True,,225.74,False,False,False
57,Brad,15,2,5,7,1,True,True,,137.38,False,False,False
57,Brandon,15,2,6,5,2,True,True,,46.1,False,False,False
57,CJ,15,4,6,4,1,True,True,,249.98,False,False,False
57,Coby,15,2,8,4,1,True,True,,40.14,False,False,False
57,Evan,15,1,6,7,1,True,True,,166.56,False,False,False
57,James,15,3,5,5,2,True,True,,211.81,False,False,False
57,Jason,15,1,3,6,5,True,True,,190.0,False,False,False
57,Reid,15,1,5,6,3,True,True,,92.99,False,False,False
57,Ryan J,15,1,4,6,4,True,True,,242.0,False,False,False
57,Sam,15,1,9,4,1,True,True,,194.0,False,False,False
57,Shane,15,5,6,3,1,True,True,,315.0,False,False,False
57,Travis,15,2,5,7,1,True,True,,111.03,False,False,False
58,Brad,15,1,7,6,1,True,True,,131.55,False,False,False
58,Brandon,15,4,6,3,2,True,True,,172.42,False,False,False
58,CJ,15,1,4,8,2,True,True,,23.29,False,False,False
58,Coby,15,3,7,4,1,True,True,,259.0,False,False,False
58,Evan,15,1,5,7,2,True,True,,145.9,False,False,False
58,James,15,2,5,6,2,True,True,,284.78,False,False,False
58,Jason,15,1,5,7,2,True,True,,37.0,False,False,False
58,Reid,15,1,4,8,2,True,True,,203.47,False,False,False
58,Ryan J,15,2,5,5,3,True,True,,242.21,False,False,False
58,Sam,15,2,6,4,3,True,True,,199.0,False,False,False
58,Shane,15,2,7,4,2,True,True,,145.34,False,False,False
58,Travis,15,3,6,4,2,True,True,,214.9,False,False,False
59,Brad,15,3,5,4,3,True,True,,250.31,False,False,False
59,Brandon,15,1,7,6,1,True,True,,110.09,False,False,False
59,CJ,15,3,5,6,1,True,True,,250.45,False,False,False
59,Coby,15,2,7,4,2,True,True,,263.87,False,False,False
59,Evan,15,1,4,8,2,True,True,,65.68,False,False,False
59,James,15,3,4,7,1,True,True,,268.1,False,False,False
59,Jason,15,1,6,7,1,True,True,,105.11,False,False,False
59,Reid,15,1,5,6,3,True,True,,243.0,False,False,False
59,Ryan J,15,2,3,5,5,True,True,,236.65,False,False,False
59,Sam,15,2,5,6,2,True,True,,124.57,False,False,False
59,Shane,15,3,8,3,1,True,True,,315.0,False,False,False
59,Travis,15,2,7,5,1,True,True,,168.65,False,False,False
60,Brad,15,2,5,5,3,True,True,,212.19,False,False,False
60,Brandon,15,3,5,5,2,True,True,,170.0,False,False,False
60,CJ,15,1,4,7,3,True,True,,240.2,False,False,False
60,Coby,15,2,8,4,1,True,True,,112.42,False,False,False
60,Evan,15,3,3,8,1,True,True,,175.0,False,False,False
60,James,15,1,6,7,1,True,True,,277.0,False,False,False
60,Jason,15,1,5,7,2,True,True,,36.65,False,False,False
60,Reid,15,1,5,7,2,True,True,,67.59,False,False,False
60,Ryan J,15,3,4,5,3,True,True,,246.0,False,False,False
60,Sam,15,3,6,3,3,True,True,,170.43,False,False,False
60,Shane,15,2,8,4,1,True,True,,92.38,False,False,False
60,Travis,15,2,7,5,1,True,True,,249.09,False,False,False
61,Brad,15,2,7,5,1,True,True,,80.51,False,False,False
61,Brandon,15,1,7,4,3,True,True,,143.82,False,False,False
61,CJ,15,3,6,4,2,True,True,,251.28,False,False,False
61,Coby,15,1,8,4,2,True,True,,47.73,False,False,False
61,Evan,15,3,2,9,1,True,True,,175.0,False,False,False
61,James,15,2,4,8,1,True,True,,239.28,False,False,False
61,Jason,15,2,7,5,1,True,True,,197.49,False,False,False
61,Reid,15,2,3,5,5,True,True,,225.22,False,False,False
61,Ryan J,15,1,4,7,3,True,True,,235.62,False,False,False
61,Sam,15,1,6,7,1,True,True,,62.3,False,False,False
61,Shane,15,2,8,3,2,True,True,,285.87,False,False,False
61,Travis,15,2,6,6,1,True,True,,58.73,False,False,False
62,Brad,15,2,8,4,1,True,True,,266.25,False,False,False
62,Brandon,15,3,4,6,2,True,True,,170.15,False,False,False
62,CJ,15,1,4,8,2,True,True,,131.44,False,False,False
62,Coby,15,1,9,3,2,True,True,,167.54,False,False,False
62,Evan,15,4,4,6,1,True,True,,144.0,False,False,False
62,James,15,3,3,5,4,True,True,,199.73,False,False,False
62,Jason,15,1,4,6,4,True,True,,195.0,False,False,False
62,Reid,15,3,4,6,2,True,True,,247.08,False,False,False
62,Ryan J,15,1,8,5,1,True,True,,241.0,False,False,False
62,Sam,15,1,8,5,1,True,True,,166.0,False,False,False
62,Shane,15,1,7,6,1,True,True,,224.79,False,False,False
62,Travis,15,2,5,7,1,True,True,,247.0,False,False,False
63,Brad,15,1,7,4,3,True,True,,242.78,False,False,False
63,Brandon,15,2,6,6,1,True,True,,32.27,False,False,False
63,CJ,15,3,3,7,2,True,True,,118.21,False,False,False
63,Coby,15,1,9,3,2,True,True,,261.35,False,False,False
63,Evan,15,2,3,9,1,True,True,,169.05,False,False,False
63,James,15,4,3,6,2,True,True,,278.33,False,False,False
63,Jason,15,1,5,7,2,True,True,,38.09,False,False,False
63,Reid,15,1,8,4,2,True,True,,27.76,False,False,False
63,Ryan J,15,1,5,6,3,True,True,,216.09,False,False,False
63,Sam,15,2,8,4,1,True,True,,54.96,False,False,False
63,Shane,15,3,4,7,1,True,True,,315.0,False,False,False
63,Travis,15,3,4,5,3,True,True,,104.93,False,False,False
64,Brad,15,1,5,7,2,True,True,,227.02,False,False,False
64,Brandon,15,2,6,5,2,True,True,,132.43,False,False,False
64,CJ,15,2,6,4,3,True,True,,250.16,False,False,False
64,Coby,15,1,8,4,2,True,True,,256.68,False,False,False
64,Evan,15,2,6,6,1,True,True,,172.23,False,False,False
64,James,15,5,3,6,1,True,True,,288.0,False,False,False
64,Jason,15,2,5,7,1,True,True,,193.0,False,False,False
64,Reid,15,1,8,4,2,True,True,,244.0,False,False,False
64,Ryan J,15,1,6,6,2,True,True,,177.0,False,False,False
64,Sam,15,1,8,4,2,True,True,,204.0,False,False,False
64,Shane,15,3,4,6,2,True,True,,258.06,False,False,False
64,Travis,15,1,5,7,2,True,True,,195.0,False,False,False
65,Brad,15,1,5,6,3,True,True,,258.61,False,False,False
65,Brandon,15,1,4,9,1,True,True,,169.0,False,False,False
65,CJ,15,1,4,6,4,True,True,,229.14,False,False,False
65,Coby,15,1,7,5,2,True,True,,194.0,False,False,False
65,Evan,15,1,5,8,1,True,True,,162.08,False,False,False
65,James,15,2,5,5,3,True,True,,278.72,False,False,False
65,Jason,15,1,7,5,2,True,True,,186.0,False,False,False
65,Reid,15,1,8,4,2,True,True,,244.0,False,False,False
65,Ryan J,15,5,5,4,1,True,True,,248.0,False,False,False
65,Sam,15,1,7,6,1,True,True,,204.0,False,False,False
65,Shane,15,5,5,2,3,True,True,,309.0,False,False,False
65,Travis,15,3,5,6,1,True,True,,249.0,False,False,False
66,Brad,15,3,5,4,3,True,True,,268.24,False,False,False
66,Brandon,15,3,4,7,1,True,True,,135.86,False,False,False
66,CJ,15,2,6,5,2,True,True,,178.23,False,False,False
66,Coby,15,2,7,5,1,True,True,,265.0,False,False,False
66,Evan,15,1,5,7,2,True,True,,46.31,False,False,False
66,James,15,4,6,4,1,True,True,,286.69,False,False,False
66,Jason,15,3,5,6,1,True,True,,64.19,False,False,False
66,Reid,15,3,4,4,4,True,True,,244.18,False,False,False
66,Ryan J,15,1,8,5,1,True,True,,168.0,False,False,False
66,Sam,15,1,6,5,3,True,True,,184.43,False,False,False
66,Shane,15,1,5,7,2,True,True,,112.37,False,False,False
66,Travis,15,2,6,6,1,True,True,,215.69,False,False,False
67,Brad,15,2,5,5,3,True,True,,266.0,False,False,False
67,Brandon,15,1,10,2,2,True,True,,85.73,False,False,False
67,CJ,15,1,4,8,2,True,True,,83.92,False,False,False
67,Coby,15,1,6,7,1,True,True,,181.51,False,False,False
67,Evan,15,1,6,7,1,True,True,,172.37,False,False,False
67,James,15,1,6,7,1,True,True,,277.0,False,False,False
67,Jason,15,2,6,5,2,True,True,,188.69,False,False,False
67,Reid,15,2,5,4,4,True,True,,245.0,False,False,False
67,Ryan J,15,3,4,6,2,True,True,,248.0,False,False,False
67,Sam,15,5,5,4,1,True,True,,211.51,False,False,False
67,Shane,15,1,6,5,3,True,True,,309.0,False,False,False
67,Travis,15,1,5,7,2,True,True,,141.59,False,False,False
68,Brad,15,3,5,6,1,True,True,,269.76,False,False,False
68,Brandon,15,3,5,6,1,True,True,,171.32,False,False,False
68,CJ,15,1,7,6,1,True,True,,94.85,False,False,False
68,Coby,15,2,9,3,1,True,True,,258.0,False,False,False
68,Evan,15,2,2,8,3,True,True,,170.0,False,False,False
68,James,15,2,4,7,2,True,True,,232.11,False,False,False
68,Jason,15,1,7,5,2,True,True,,124.61,False,False,False
68,Reid,15,2,4,5,4,True,True,,93.43,False,False,False
68,Ryan J,15,1,8,5,1,True,True,,241.0,False,False,False
68,Sam,15,3,6,4,2,True,True,,209.89,False,False,False
68,Shane,15,3,6,3,3,True,True,,268.17,False,False,False
68,Travis,15,2,4,8,1,True,True,,143.19,False,False,False
69,Brad,15,1,5,8,1,True,True,,180.0,False,False,False
69,Brandon,15,3,5,5,2,True,True,,133.8,False,False,False
69,CJ,15,2,3,8,2,True,True,,251.71,False,False,False
69,Coby,15,1,8,5,1,True,True,,52.02,False,False,False
69,Evan,15,1,6,7,1,True,True,,175.0,False,False,False
69,James,15,2,5,6,2,True,True,,213.96,False,False,False
69,Jason,15,2,6,5,2,True,True,,80.43,False,False,False
69,Reid,15,4,3,6,2,True,True,,245.72,False,False,False
69,Ryan J,15,1,9,4,1,True,True,,241.0,False,False,False
69,Sam,15,1,7,2,5,True,True,,197.66,False,False,False
69,Shane,15,2,6,5,2,True,True,,151.93,False,False,False
69,Travis,15,2,4,7,2,True,True,,153.48,False,False,False
70,Brad,15,1,4,8,2,True,True,,32.22,False,False,False
70,Brandon,15,2,6,3,4,True,True,,127.5,False,False,False
70,CJ,15,2,6,5,2,True,True,,224.2,False,False,False
70,Coby,15,1,7,4,3,True,True,,236.18,False,False,False
70,Evan,15,2,4,7,2,True,True,,170.14,False,False,False
70,James,15,1,4,9,1,True,True,,202.39,False,False,False
70,Jason,15,1,6,6,2,True,True,,120.08,False,False,False
70,Reid,15,1,8,4,2,True,True,,235.0,False,False,False
70,Ryan J,15,3,5,4,3,True,True,,244.21,False,False,False
70,Sam,15,3,5,6,1,True,True,,101.05,False,False,False
70,Shane,15,3,6,5,1,True,True,,312.7,False,False,False
70,Travis,15,2,6,4,3,True,True,,246.78,False,False,False
71,Brad,15,1,6,5,3,True,True,,159.24,False,False,False
71,Brandon,15,1,8,5,1,True,True,,171.2,False,False,False
71,CJ,15,1,5,7,2,True,True,,122.32,False,False,False
71,Coby,15,2,8,4,1,True,True,,263.63,False,False,False
71,Evan,15,1,4,9,1,True,True,,175.0,False,False,False
71,James,15,1,7,6,1,True,True,,281.0,False,False,False
71,Jason,15,2,3,9,1,True,True,,96.16,False,False,False
71,Reid,15,3,4,6,2,True,True,,195.58,False,False,False
71,Ryan J,15,2,5,6,2,True,True,,241.0,False,False,False
71,Sam,15,2,7,2,4,True,True,,209.0,False,False,False
71,Shane,15,3,7,2,3,True,True,,225.65,False,False,False
71,Travis,15,3,4,6,2,True,True,,245.83,False,False,False
72,Brad,15,1,4,6,4,True,True,,239.66,False,False,False
72,Brandon,15,1,8,2,4,True,True,,152.18,False,False,False
72,CJ,15,1,4,8,2,True,True,,196.8,False,False,False
72,Coby,15,2,8,3,2,True,True,,165.86,False,False,False
72,Evan,15,1,4,8,2,True,True,,154.13,False,False,False
72,James,15,4,4,5,2,True,True,,275.4,False,False,False
72,Jason,15,1,6,7,1,True,True,,193.0,False,False,False
72,Reid,15,1,7,5,2,True,True,,244.0,False,False,False
72,Ryan J,15,2,7,4,2,True,True,,134.25,False,False,False
72,Sam,15,4,6,4,1,True,True,,200.18,False,False,False
72,Shane,15,2,6,6,1,True,True,,231.72,False,False,False
72,Travis,15,2,6,5,2,True,True,,235.0,False,False,False
73,Brad,15,1,5,8,1,True,True,,195.15,False,False,False
73,Brandon,15,1,8,4,2,True,True,,12.15,False,False,False
73,CJ,15,2,5,5,3,True,True,,247.0,False,False,False
73,Coby,15,2,8,4,1,True,True,,262.42,False,False,False
73,Evan,15,3,4,6,2,True,True,,85.53,False,False,False
73,James,15,5,2,5,3,True,True,,277.08,False,False,False
73,Jason,15,4,5,5,1,True,True,,9.4,False,False,False
73,Reid,15,2,4,7,2,True,True,,242.0,False,False,False
73,Ryan J,15,1,6,7,1,True,True,,241.0,False,False,False
73,Sam,15,4,5,3,3,True,True,,211.0,False,False,False
73,Shane,15,3,6,5,1,True,True,,309.0,False,False,False
73,Travis,15,1,6,6,2,True,True,,238.8,False,False,False
74,Brad,15,2,4,7,2,True,True,,88.22,False,False,False
74,Brandon,15,2,7,4,2,True,True,,38.44,False,False,False
74,CJ,15,3,5,6,1,True,True,,252.22,False,False,False
74,Coby,15,3,8,3,1,True,True,,261.0,False,False,False
74,Evan,15,1,3,7,4,True,True,,142.63,False,False,False
74,James,15,1,8,5,1,True,True,,281.0,False,False,False
74,Jason,15,2,5,5,3,True,True,,33.88,False,False,False
74,Reid,15,2,4,7,2,True,True,,139.99,False,False,False
74,Ryan J,15,2,3,7,3,True,True,,232.9,False,False,False
74,Sam,15,2,5,6,2,True,True,,28.39,False,False,False
74,Shane,15,3,5,6,1,True,True,,315.0,False,False,False
74,Travis,15,1,7,5,2,True,True,,34.83,False,False,False
75,Brad,15,2,4,8,1,True,True,,268.5,False,False,False
75,Brandon,15,3,6,4,2,True,True,,169.76,False,False,False
75,CJ,15,2,6,5,2,True,True,,70.93,False,False,False
75,Coby,15,1,7,4,3,True,True,,259.0,False,False,False
75,Evan,15,1,5,8,1,True,True,,175.0,False,False,False
75,James,15,1,7,6,1,True,True,,281.0,False,False,False
75,Jason,15,2,6,6,1,True,True,,106.92,False,False,False
75,Reid,15,1,4,4,6,True,True,,234.0,False,False,False
75,Ryan J,15,2,4,8,1,True,True,,188.27,False,False,False
75,Sam,15,2,7,5,1,True,True,,169.21,False,False,False
75,Shane,15,3,7,4,1,True,True,,93.64,False,False,False
75,Travis,15,2,5,5,3,True,True,,245.2,False,False,False
76,Brad,15,1,5,7,2,True,True,,250.52,False,False,False
76,Brandon,15,2,8,3,2,True,True,,168.29,False,False,False
76,CJ,15,2,8,4,1,True,True,,246.0,False,False,False
76,Coby,15,1,11,2,1,True,True,,265.0,False,False,False
76,Evan,15,2,3,9,1,True,True,,171.0,False,False,False
76,James,15,1,3,9,2,True,True,,281.0,False,False,False
76,Jason,15,2,6,6,1,True,True,,19.69,False,False,False
76,Reid,15,1,4,4,6,True,True,,241.93,False,False,False
76,Ryan J,15,4,4,6,1,True,True,,244.5,False,False,False
76,Sam,15,2,7,4,2,True,True,,25.3,False,False,False
76,Shane,15,1,7,5,2,True,True,,87.99,False,False,False
76,Travis,15,3,3,8,1,True,True,,157.94,False,False,False
77,Brad,15,2,6,4,3,True,True,,202.12,False,False,False
77,Brandon,15,3,6,3,3,True,True,,169.0,False,False,False
77,CJ,15,1,4,8,2,True,True,,63.68,False,False,False
77,Coby,15,1,8,5,1,True,True,,238.17,False,False,False
77,Evan,15,1,5,8,1,True,True,,175.0,False,False,False
77,James,15,2,5,7,1,True,True,,286.69,False,False,False
77,Jason,15,2,3,5,5,True,True,,181.39,False,False,False
77,Reid,15,1,6,5,3,True,True,,76.84,False,False,False
77,Ryan J,15,2,6,6,1,True,True,,203.92,False,False,False
77,Sam,15,3,7,4,1,True,True,,207.0,False,False,False
77,Shane,15,3,4,7,1,True,True,,108.99,False,False,False
77,Travis,15,1,8,5,1,True,True,,108.35,False,False,False
78,Brad,15,2,4,8,1,True,True,,58.21,False,False,False
78,Brandon,15,1,7,6,1,True,True,,91.73,False,False,False
78,CJ,15,2,4,7,2,True,True,,250.77,False,False,False
78,Coby,15,2,6,6,1,True,True,,98.06,False,False,False
78,Evan,15,1,5,8,1,True,True,,175.0,False,False,False
78,James,15,3,6,5,1,True,True,,285.61,False,False,False
78,Jason,15,2,6,5,2,True,True,,194.72,False,False,False
78,Reid,15,1,8,4,2,True,True,,243.0,False,False,False
78,Ryan J,15,1,6,5,3,True,True,,148.1,False,False,False
78,Sam,15,2,5,3,5,True,True,,130.52,False,False,False
78,Shane,15,2,7,4,2,True,True,,278.68,False,False,False
78,Travis,15,3,4,6,2,True,True,,167.67,False,False,False
79,Brad,15,3,4,5,3,True,True,,44.44,False,False,False
79,Brandon,15,2,6,4,3,True,True,,73.55,False,False,False
79,CJ,15,3,7,4,1,True,True,,155.55,False,False,False
79,Coby,15,1,5,7,2,True,True,,184.75,False,False,False
79,Evan,15,2,4,8,1,True,True,,159.64,False,False,False
79,James,15,3,5,5,2,True,True,,274.77,False,False,False
79,Jason,15,1,6,5,3,True,True,,192.83,False,False,False
79,Reid,15,1,8,4,2,True,True,,236.0,False,False,False
79,Ryan J,15,1,4,8,2,True,True,,18.98,False,False,False
79,Sam,15,1,8,5,1,True,True,,92.42,False,False,False
79,Shane,15,3,6,4,2,True,True,,209.44,False,False,False
79,Travis,15,2,5,7,1,True,True,,255.0,False,False,False
80,Brad,15,1,5,6,3,True,True,,193.9,False,False,False
80,Brandon,15,1,6,5,3,True,True,,64.61,False,False,False
80,CJ,15,1,5,7,2,True,True,,159.98,False,False,False
80,Coby,15,2,6,5,2,True,True,,110.85,False,False,False
80,Evan,15,1,6,7,1,True,True,,158.55,False,False,False
80,James,15,1,7,6,1,True,True,,279.0,False,False,False
80,Jason,15,2,7,4,2,True,True,,71.63,False,False,False
80,Reid,15,4,6,2,3,True,True,,251.0,False,False,False
80,Ryan J,15,1,3,10,1,True,True,,152.67,False,False,False
80,Sam,15,3,4,7,1,True,True,,206.75,False,False,False
80,Shane,15,2,7,3,3,True,True,,207.56,False,False,False
80,Travis,15,3,6,5,1,True,True,,251.79,False,False,False
81,Brad,15,2,4,6,3,True,True,,271.8,False,False,False
81,Brandon,15,1,6,6,2,True,True,,41.42,False,False,False
81,CJ,15,1,7,4,3,True,True,,92.44,False,False,False
81,Coby,15,2,7,5,1,True,True,,59.92,False,False,False
81,Evan,15,4,5,5,1,True,True,,165.48,False,False,False
81,James,15,1,5,8,1,True,True,,32.55,False,False,False
81,Jason,15,1,6,7,1,True,True,,48.52,False,False,False
81,Reid,15,3,4,6,2,True,True,,242.09,False,False,False
81,Ryan J,15,1,6,4,4,True,True,,242.0,False,False,False
81,Sam,15,1,7,5,2,True,True,,44.31,False,False,False
81,Shane,15,1,8,5,1,True,True,,299.7,False,False,False
81,Travis,15,3,5,5,2,True,True,,248.0,False,False,False
82,Brad,15,1,5,8,1,True,True,,52.68,False,False,False
82,Brandon,15,2,8,4,1,True,True,,172.2,False,False,False
82,CJ,15,1,5,7,2,True,True,,237.17,False,False,False
82,Coby,15,1,7,3,4,True,True,,219.38,False,False,False
82,Evan,15,1,3,9,2,True,True,,175.0,False,False,False
82,James,15,1,5,5,4,True,True,,262.42,False,False,False
82,Jason,15,2,4,8,1,True,True,,120.21,False,False,False
82,Reid,15,1,8,4,2,True,True,,236.0,False,False,False
82,Ryan J,15,3,3,7,2,True,True,,78.77,False,False,False
82,Sam,15,2,7,4,2,True,True,,133.08,False,False,False
82,Shane,15,2,8,4,1,True,True,,213.29,False,False,False
82,Travis,15,3,7,3,2,True,True,,251.16,False,False,False
83,Brad,15,2,4,7,2,True,True,,139.86,False,False,False
83,Brandon,15,2,7,5,1,True,True,,166.76,False,False,False
83,CJ,15,1,6,7,1,True,True,,116.44,False,False,False
83,Coby,15,2,7,3,3,True,True,,193.68,False,False,False
83,Evan,15,3,3,8,1,True,True,,171.08,False,False,False
83,James,15,1,5,7,2,True,True,,125.39,False,False,False
83,Jason,15,2,5,7,1,True,True,,198.71,False,False,False
83,Reid,15,1,4,7,3,True,True,,203.21,False,False,False
83,Ryan J,15,4,5,5,1,True,True,,248.0,False,False,False
83,Sam,15,3,6,3,3,True,True,,128.81,False,False,False
83,Shane,15,1,8,4,2,True,True,,201.73,False,False,False
83,Travis,15,1,6,6,2,True,True,,181.89,False,False,False
84,Brad,15,2,6,5,2,True,True,,266.0,False,False,False
84,Brandon,15,2,8,4,1,True,True,,171.17,False,False,False
84,CJ,15,3,3,6,3,True,True,,198.43,False,False,False
84,Coby,15,2,9,3,1,True,True,,54.67,False,False,False
84,Evan,15,1,7,5,2,True,True,,135.17,False,False,False
84,James,15,2,3,8,2,True,True,,75.95,False,False,False
84,Jason,15,3,5,4,3,True,True,,196.83,False,False,False
84,Reid,15,3,5,5,2,True,True,,248.37,False,False,False
84,Ryan J,15,1,6,7,1,True,True,,239.0,False,False,False
84,Sam,15,1,4,8,2,True,True,,198.91,False,False,False
84,Shane,15,1,9,3,2,True,True,,309.0,False,False,False
84,Travis,15,1,4,9,1,True,True,,244.0,False,False,False
85,Brad,15,3,4,6,2,True,True,,261.19,False,False,False
85,Brandon,15,3,8,3,1,True,True,,82.83,False,False,False
85,CJ,15,2,5,4,4,True,True,,245.0,False,False,False
85,Coby,15,3,7,4,1,True,True,,255.15,False,False,False
85,Evan,15,3,5,6,1,True,True,,175.0,False,False,False
85,James,15,1,7,5,2,True,True,,276.0,False,False,False
85,Jason,15,1,5,8,1,True,True,,37.0,False,False,False
85,Reid,15,1,4,7,3,True,True,,245.0,False,False,False
85,Ryan J,15,2,4,6,3,True,True,,238.0,False,False,False
85,Sam,15,2,6,5,2,True,True,,211.94,False,False,False
85,Shane,15,2,5,6,2,True,True,,304.0,False,False,False
85,Travis,15,1,7,6,1,True,True,,122.01,False,False,False
86,Brad,15,2,4,8,1,True,True,,138.3,False,False,False
86,Brandon,15,1,5,8,1,True,True,,35.54,False,False,False
86,CJ,15,1,7,3,4,True,True,,197.71,False,False,False
86,Coby,15,1,8,3,3,True,True,,176.54,False,False,False
86,Evan,15,2,6,6,1,True,True,,167.81,False,False,False
86,James,15,1,6,6,2,True,True,,278.0,False,False,False
86,Jason,15,1,7,6,1,True,True,,127.0,False,False,False
86,Reid,15,2,3,6,4,True,True,,228.0,False,False,False
86,Ryan J,15,4,4,6,1,True,True,,240.68,False,False,False
86,Sam,15,2,6,4,3,True,True,,176.3,False,False,False
86,Shane,15,1,8,5,1,True,True,,315.0,False,False,False
86,Travis,15,2,6,6,1,True,True,,254.0,False,False,False
87,Brad,15,1,4,7,3,True,True,,264.09,False,False,False
87,Brandon,15,2,5,4,4,True,True,,170.74,False,False,False
87,CJ,15,1,7,4,3,True,True,,230.0,False,False,False
87,Coby,15,2,7,5,1,True,True,,251.18,False,False,False
87,Evan,15,1,7,6,1,True,True,,175.0,False,False,False
87,James,15,2,6,6,1,True,True,,281.0,False,False,False
87,Jason,15,2,6,6,1,True,True,,196.83,False,False,False
87,Reid,15,1,4,8,2,True,True,,244.0,False,False,False
87,Ryan J,15,3,6,5,1,True,True,,243.98,False,False,False
87,Sam,15,2,6,5,2,True,True,,169.17,False,False,False
87,Shane,15,1,7,5,2,True,True,,307.0,False,False,False
87,Travis,15,3,4,6,2,True,True,,249.0,False,False,False
88,Brad,15,1,7,6,1,True,True,,228.45,False,False,False
88,Brandon,15,2,5,4,4,True,True,,121.79,False,False,False
88,CJ,15,2,7,5,1,True,True,,243.08,False,False,False
88,Coby,15,3,6,3,3,True,True,,229.98,False,False,False
88,Evan,15,1,5,8,1,True,True,,175.0,False,False,False
88,James,15,1,8,5,1,True,True,,281.0,False,False,False
88,Jason,15,3,5,5,2,True,True,,188.08,False,False,False
88,Reid,15,2,5,6,2,True,True,,244.0,False,False,False
88,Ryan J,15,1,7,5,2,True,True,,219.0,False,False,False
88,Sam,15,2,5,6,2,True,True,,169.65,False,False,False
88,Shane,15,3,4,7,1,True,True,,186.54,False,False,False
88,Travis,15,2,5,5,3,True,True,,242.38,False,False,False
89,Brad,15,2,4,7,2,True,True,,269.7,False,False,False
89,Brandon,15,1,6,7,1,True,True,,124.25,False,False,False
89,CJ,15,2,5,7,1,True,True,,251.85,False,False,False
89,Coby,15,1,8,5,1,True,True,,259.0,False,False,False
89,Evan,15,2,5,7,1,True,True,,165.18,False,False,False
89,James,15,2,5,4,4,True,True,,202.21,False,False,False
89,Jason,15,2,8,3,2,True,True,,149.48,False,False,False
89,Reid,15,2,4,5,4,True,True,,226.0,False,False,False
89,Ryan J,15,3,7,4,1,True,True,,248.0,False,False,False
89,Sam,15,1,6,6,2,True,True,,143.13,False,False,False
89,Shane,15,2,6,5,2,True,True,,310.42,False,False,False
89,Travis,15,2,5,7,1,True,True,,217.34,False,False,False
90,Brad,15,1,5,7,2,True,True,,202.39,False,False,False
90,Brandon,15,1,7,6,1,True,True,,66.87,False,False,False
90,CJ,15,1,5,6,3,True,True,,118.31,False,False,False
90,Coby,15,1,9,3,2,True,True,,228.13,False,False,False
90,Evan,15,1,7,6,1,True,True,,175.0,False,False,False
90,James,15,2,4,8,1,True,True,,279.0,False,False,False
90,Jason,15,2,4,7,2,True,True,,195.32,False,False,False
90,Reid,15,5,5,3,2,True,True,,244.37,False,False,False
90,Ryan J,15,1,8,5,1,True,True,,241.0,False,False,False
90,Sam,15,2,4,6,3,True,True,,181.13,False,False,False
90,Shane,15,1,8,4,2,True,True,,183.75,False,False,False
90,Travis,15,3,2,6,4,True,True,,242.73,False,False,False
91,Brad,15,2,5,7,1,True,True,,268.08,False,False,False
91,Brandon,15,3,4,5,3,True,True,,151.84,False,False,False
91,CJ,15,1,7,5,2,True,True,,137.0,False,False,False
91,Coby,15,3,6,5,1,True,True,,262.29,False,False,False
91,Evan,15,1,4,8,2,True,True,,154.3,False,False,False
91,James,15,2,7,4,2,True,True,,283.99,False,False,False
91,Jason,15,3,6,3,3,True,True,,195.0,False,False,False
91,Reid,15,2,5,5,3,True,True,,244.0,False,False,False
91,Ryan J,15,1,8,5,1,True,True,,237.0,False,False,False
91,Sam,15,1,5,7,2,True,True,,140.94,False,False,False
91,Shane,15,2,6,6,1,True,True,,308.0,False,False,False
91,Travis,15,1,5,8,1,True,True,,247.0,False,False,False
92,Brad,15,3,7,4,1,True,True,,256.99,False,False,False
92,Brandon,15,2,5,6,2,True,True,,48.61,False,False,False
92,CJ,15,1,4,7,3,True,True,,128.4,False,False,False
92,Coby,15,1,7,6,1,True,True,,258.0,False,False,False
92,Evan,15,2,6,5,2,True,True,,30.57,False,False,False
92,James,15,1,3,6,5,True,True,,279.0,False,False,False
92,Jason,15,4,4,6,1,True,True,,62.77,False,False,False
92,Reid,15,1,4,5,5,True,True,,245.0,False,False,False
92,Ryan J,15,2,5,6,2,True,True,,239.0,False,False,False
92,Sam,15,3,6,5,1,True,True,,214.0,False,False,False
92,Shane,15,2,5,6,2,True,True,,297.66,False,False,False
92,Travis,15,1,9,4,1,True,True,,248.0,False,False,False
93,Brad,15,2,6,6,1,True,True,,268.8,False,False,False
93,Brandon,15,2,5,5,3,True,True,,168.04,False,False,False
93,CJ,15,1,5,8,1,True,True,,22.24,False,False,False
93,Coby,15,1,8,5,1,True,True,,260.16,False,False,False
93,Evan,15,3,4,7,1,True,True,,168.41,False,False,False
93,James,15,1,7,5,2,True,True,,89.42,False,False,False
93,Jason,15,2,6,5,2,True,True,,166.28,False,False,False
93,Reid,15,2,5,5,3,True,True,,243.27,False,False,False
93,Ryan J,15,1,8,5,1,True,True,,241.0,False,False,False
93,Sam,15,1,5,8,1,True,True,,20.92,False,False,False
93,Shane,15,2,6,4,3,True,True,,229.2,False,False,False
93,Travis,15,3,4,5,3,True,True,,71.98,False,False,False
94,Brad,15,1,4,8,2,True,True,,142.49,False,False,False
94,Brandon,15,2,6,4,3,True,True,,161.25,False,False,False
94,CJ,15,1,5,7,2,True,True,,54.92,False,False,False
94,Coby,15,3,7,3,2,True,True,,254.67,False,False,False
94,Evan,15,1,4,9,1,True,True,,175.0,False,False,False
94,James,15,2,4,7,2,True,True,,274.82,False,False,False
94,Jason,15,1,7,5,2,True,True,,39.44,False,False,False
94,Reid,15,1,6,6,2,True,True,,240.0,False,False,False
94,Ryan J,15,3,5,4,3,True,True,,226.0,False,False,False
94,Sam,15,3,6,5,1,True,True,,209.09,False,False,False
94,Shane,15,3,6,5,1,True,True,,117.14,False,False,False
94,Travis,15,2,7,4,2,True,True,,243.87,False,False,False
95,Brad,15,1,7,5,2,True,True,,55.96,False,False,False
95,Brandon,15,2,6,6,1,True,True,,170.75,False,False,False
95,CJ,15,2,4,8,1,True,True,,102.96,False,False,False
95,Coby,15,1,7,3,4,True,True,,236.53,False,False,False
95,Evan,15,2,5,7,1,True,True,,175.0,False,False,False
95,James,15,3,3,6,3,True,True,,265.18,False,False,False
95,Jason,15,2,6,5,2,True,True,,32.82,False,False,False
95,Reid,15,2,7,3,3,True,True,,247.64,False,False,False
95,Ryan J,15,1,5,8,1,True,True,,224.66,False,False,False
95,Sam,15,2,6,4,3,True,True,,167.44,False,False,False
95,Shane,15,3,5,6,1,True,True,,189.98,False,False,False
95,Travis,15,1,8,5,1,True,True,,38.36,False,False,False
96,Brad,15,2,5,7,1,True,True,,170.92,False,False,False
96,Brandon,15,1,5,5,4,True,True,,24.95,False,False,False
96,CJ,15,2,4,6,3,True,True,,255.0,False,False,False
96,Coby,15,1,10,3,1,True,True,,138.28,False,False,False
96,Evan,15,2,3,7,3,True,True,,159.33,False,False,False
96,James,15,2,7,5,1,True,True,,264.82,False,False,False
96,Jason,15,3,6,5,1,True,True,,197.65,False,False,False
96,Reid,15,2,6,5,2,True,True,,242.2,False,False,False
96,Ryan J,15,2,8,4,1,True,True,,178.0,False,False,False
96,Sam,15,1,6,7,1,True,True,,148.0,False,False,False
96,Shane,15,2,3,8,2,True,True,,286.87,False,False,False
96,Travis,15,3,3,5,4,True,True,,239.28,False,False,False
97,Brad,15,3,4,7,1,True,True,,147.17,False,False,False
97,Brandon,15,2,5,4,4,True,True,,25.98,False,False,False
97,CJ,15,2,6,5,2,True,True,,116.28,False,False,False
97,Coby,15,1,9,3,2,True,True,,199.06,False,False,False
97,Evan,15,3,3,8,1,True,True,,175.0,False,False,False
97,James,15,1,5,8,1,True,True,,281.0,False,False,False
97,Jason,15,1,8,4,2,True,True,,66.55,False,False,False
97,Reid,15,2,6,5,2,True,True,,248.27,False,False,False
97,Ryan J,15,1,6,5,3,True,True,,241.0,False,False,False
97,Sam,15,2,6,5,2,True,True,,207.09,False,False,False
97,Shane,15,1,5,8,1,True,True,,163.23,False,False,False
97,Travis,15,3,4,6,2,True,True,,249.66,False,False,False
98,Brad,15,2,4,7,2,True,True,,191.98,False,False,False
98,Brandon,15,3,7,3,2,True,True,,168.0,False,False,False
98,CJ,15,1,5,5,4,True,True,,230.28,False,False,False
98,Coby,15,2,8,4,1,True,True,,263.06,False,False,False
98,Evan,15,3,5,6,1,True,True,,175.0,False,False,False
98,James,15,2,5,7,1,True,True,,156.86,False,False,False
98,Jason,15,1,6,4,4,True,True,,194.0,False,False,False
98,Reid,15,1,5,7,2,True,True,,244.0,False,False,False
98,Ryan J,15,3,4,7,1,True,True,,243.6,False,False,False
98,Sam,15,1,6,7,1,True,True,,205.0,False,False,False
98,Shane,15,1,6,5,3,True,True,,309.83,False,False,False
98,Travis,15,2,7,5,1,True,True,,244.0,False,False,False
99,Brad,15,3,5,6,1,True,True,,203.44,False,False,False
99,Brandon,15,1,5,5,4,True,True,,168.0,False,False,False
99,CJ,15,2,4,4,5,True,True,,206.85,False,False,False
99,Coby,15,3,7,3,2,True,True,,259.2,False,False,False
99,Evan,15,1,6,7,1,True,True,,175.0,False,False,False
99,James,15,1,7,6,1,True,True,,279.0,False,False,False
99,Jason,15,2,7,5,1,True,True,,188.0,False,False,False
99,Reid,15,2,4,7,2,True,True,,190.1,False,False,False
99,Ryan J,15,1,6,7,1,True,True,,244.95,False,False,False
99,Sam,15,1,5,7,2,True,True,,123.53,False,False,False
99,Shane,15,3,8,2,2,True,True,,305.76,False,False,False
99,Travis,15,1,5,7,2,True,True,,189.3,False,False,False
100,Brad,15,2,5,7,1,True,True,,269.2,False,False,False
100,Brandon,15,2,5,6,2,True,True,,75.38,False,False,False
100,CJ,15,2,5,5,3,True,True,,234.0,False,False,False
100,Coby,15,1,6,6,2,True,True,,35.14,False,False,False
100,Evan,15,1,5,8,1,True,True,,175.0,False,False,False
100,James,15,2,6,6,1,True,True,,42.61,False,False,False
100,Jason,15,2,6,6,1,True,True,,194.31,False,False,False
100,Reid,15,2,5,5,3,True,True,,155.97,False,False,False
100,Ryan J,15,2,7,3,3,True,True,,242.83,False,False,False
100,Sam,15,3,4,5,3,True,True,,197.35,False,False,False
100,Shane,15,1,10,3,1,True,True,,95.4,False,False,False
100,Travis,15,1,4,8,2,True,True,,24.22,False,False,False
101,Brad,15,3,5,6,1,True,True,,267.68,False,False,False
101,Brandon,15,4,5,5,1,True,True,,169.0,False,False,False
101,CJ,15,2,7,5,1,True,True,,171.18,False,False,False
101,Coby,15,1,8,3,3,True,True,,263.6,False,False,False
101,Evan,15,2,4,8,1,True,True,,175.0,False,False,False
101,James,15,1,5,8,1,True,True,,281.0,False,False,False
101,Jason,15,1,5,5,4,True,True,,166.47,False,False,False
101,Reid,15,1,5,5,4,True,True,,245.21,False,False,False
101,Ryan J,15,1,5,4,5,True,True,,242.0,False,False,False
101,Sam,15,1,6,7,1,True,True,,207.0,False,False,False
101,Shane,15,3,6,5,1,True,True,,311.0,False,False,False
101,Travis,15,1,7,6,1,True,True,,120.51,False,False,False
102,Brad,15,2,4,7,2,True,True,,266.0,False,False,False
102,Brandon,15,1,5,8,1,True,True,,168.0,False,False,False
102,CJ,15,2,6,5,2,True,True,,58.2,False,False,False
102,Coby,15,1,8,5,1,True,True,,260.98,False,False,False
102,Evan,15,3,4,7,1,True,True,,174.02,False,False,False
102,James,15,1,4,5,5,True,True,,282.0,False,False,False
102,Jason,15,2,5,6,2,True,True,,178.48,False,False,False
102,Reid,15,3,5,3,4,True,True,,242.13,False,False,False
102,Ryan J,15,1,7,6,1,True,True,,241.0,False,False,False
102,Sam,15,2,6,5,2,True,True,,198.0,False,False,False
102,Shane,15,4,5,5,1,True,True,,315.0,False,False,False
102,Travis,15,2,7,5,1,True,True,,67.6,False,False,False
103,Brad,15,1,4,8,2,True,True,,191.92,False,False,False
103,Brandon,15,2,6,6,1,True,True,,96.81,False,False,False
103,CJ,15,2,5,7,1,True,True,,170.6,False,False,False
103,Coby,15,1,8,2,4,True,True,,260.0,False,False,False
103,Evan,15,2,6,6,1,True,True,,175.0,False,False,False
103,James,15,4,5,4,2,True,True,,286.79,False,False,False
103,Jason,15,1,7,6,1,True,True,,152.49,False,False,False
103,Reid,15,1,2,8,4,True,True,,246.0,False,False,False
103,Ryan J,15,2,6,5,2,True,True,,191.49,False,False,False
103,Sam,15,2,7,4,2,True,True,,161.62,False,False,False
103,Shane,15,2,7,4,2,True,True,,257.49,False,False,False
103,Travis,15,1,9,4,1,True,True,,251.19,False,False,False
104,Brad,15,1,5,8,1,True,True,,46.19,False,False,False
104,Brandon,15,1,5,7,2,True,True,,109.43,False,False,False
104,CJ,15,2,7,4,2,True,True,,178.5,False,False,False
104,Coby,15,2,8,3,2,True,True,,259.26,False,False,False
104,Evan,15,2,5,7,1,True,True,,175.0,False,False,False
104,James,15,3,3,7,2,True,True,,283.77,False,False,False
104,Jason,15,3,5,6,1,True,True,,97.89,False,False,False
104,Reid,15,1,5,7,2,True,True,,58.18,False,False,False
104,Ryan J,15,3,6,3,3,True,True,,244.82,False,False,False
104,Sam,15,3,6,4,2,True,True,,206.0,False,False,False
104,Shane,15,2,6,4,3,True,True,,249.99,False,False,False
104,Travis,15,1,5,7,2,True,True,,30.98,False,False,False
105,Brad,15,2,4,6,3,True,True,,265.76,False,False,False
105,Brandon,15,2,4,7,2,True,True,,22.77,False,False,False
105,CJ,15,2,6,6,1,True,True,,133.62,False,False,False
105,Coby,15,1,8,5,1,True,True,,49.04,False,False,False
105,Evan,15,2,5,7,1,True,True,,175.0,False,False,False
105,James,15,3,6,4,2,True,True,,282.68,False,False,False
105,Jason,15,2,4,7,2,True,True,,25.62,False,False,False
105,Reid,15,1,7,4,3,True,True,,214.77,False,False,False
105,Ryan J,15,1,6,6,2,True,True,,103.84,False,False,False
105,Sam,15,3,7,4,1,True,True,,63.06,False,False,False
105,Shane,15,1,7,4,3,True,True,,267.03,False,False,False
105,Travis,15,2,4,5,4,True,True,,245.37,False,False,False
106,Brad,15,1,6,5,3,True,True,,237.39,False,False,False
106,Brandon,15,1,6,5,3,True,True,,120.45,False,False,False
106,CJ,15,2,5,6,2,True,True,,206.03,False,False,False
106,Coby,15,2,7,5,1,True,True,,155.98,False,False,False
106,Evan,15,2,6,6,1,True,True,,175.0,False,False,False
106,James,15,3,4,7,1,True,True,,286.4,False,False,False
106,Jason,15,1,5,6,3,True,True,,192.77,False,False,False
106,Reid,15,4,6,3,2,True,True,,248.73,False,False,False
106,Ryan J,15,1,5,8,1,True,True,,241.0,False,False,False
106,Sam,15,2,5,7,1,True,True,,51.09,False,False,False
106,Shane,15,1,7,4,3,True,True,,303.48,False,False,False
106,Travis,15,1,7,5,2,True,True,,230.0,False,False,False
107,Brad,15,4,3,4,4,True,True,,253.41,False,False,False
107,Brandon,15,2,8,4,1,True,True,,131.0,False,False,False
107,CJ,15,2,4,8,1,True,True,,198.63,False,False,False
107,Coby,15,1,8,4,2,True,True,,256.33,False,False,False
107,Evan,15,4,5,5,1,True,True,,171.42,False,False,False
107,James,15,1,5,7,2,True,True,,252.9,False,False,False
107,Jason,15,3,3,8,1,True,True,,166.68,False,False,False
107,Reid,15,1,8,4,2,True,True,,229.0,False,False,False
107,Ryan J,15,3,6,5,1,True,True,,246.29,False,False,False
107,Sam,15,2,5,6,2,True,True,,90.68,False,False,False
107,Shane,15,3,5,4,3,True,True,,306.06,False,False,False
107,Travis,15,3,4,6,2,True,True,,241.59,False,False,False
108,Brad,15,1,5,7,2,True,True,,72.27,False,False,False
108,Brandon,15,3,6,4,2,True,True,,166.37,False,False,False
108,CJ,15,1,4,8,2,True,True,,107.03,False,False,False
108,Coby,15,1,8,5,1,True,True,,263.0,False,False,False
108,Evan,15,1,5,8,1,True,True,,175.0,False,False,False
108,James,15,2,5,5,3,True,True,,282.0,False,False,False
108,Jason,15,1,6,6,2,True,True,,29.98,False,False,False
108,Reid,15,1,4,8,2,True,True,,153.37,False,False,False
108,Ryan J,15,2,5,4,4,True,True,,242.77,False,False,False
108,Sam,15,3,7,4,1,True,True,,214.0,False,False,False
108,Shane,15,1,8,5,1,True,True,,160.19,False,False,False
108,Travis,15,3,5,4,3,True,True,,69.76,False,False,False
109,Brad,15,1,6,6,2,True,True,,181.49,False,False,False
109,Brandon,15,3,7,3,2,True,True,,166.67,False,False,False
109,CJ,15,2,4,6,3,True,True,,249.16,False,False,False
109,Coby,15,1,8,4,2,True,True,,264.89,False,False,False
109,Evan,15,2,5,7,1,True,True,,175.0,False,False,False
109,James,15,1,6,7,1,True,True,,281.0,False,False,False
109,Jason,15,3,3,8,1,True,True,,107.03,False,False,False
109,Reid,15,1,5,6,3,True,True,,216.0,False,False,False
109,Ryan J,15,1,7,5,2,True,True,,240.0,False,False,False
109,Sam,15,3,6,4,2,True,True,,206.28,False,False,False
109,Shane,15,2,5,5,3,True,True,,308.0,False,False,False
109,Travis,15,2,6,6,1,True,True,,250.13,False,False,False
110,Brad,15,2,2,8,3,True,True,,266.01,False,False,False
110,Brandon,15,2,6,5,2,True,True,,27.41,False,False,False
110,CJ,15,1,5,7,2,True,True,,153.88,False,False,False
110,Coby,15,1,8,4,2,True,True,,131.11,False,False,False
110,Evan,15,3,5,6,1,True,True,,175.0,False,False,False
110,James,15,2,5,7,1,True,True,,281.0,False,False,False
110,Jason,15,1,7,4,3,True,True,,47.42,False,False,False
110,Reid,15,3,5,5,2,True,True,,248.49,False,False,False
110,Ryan J,15,3,4,7,1,True,True,,31.0,False,False,False
110,Sam,15,1,7,4,3,True,True,,198.9,False,False,False
110,Shane,15,1,7,6,1,True,True,,310.86,False,False,False
110,Travis,15,3,5,5,2,True,True,,195.95,False,False,False
111,Brad,15,1,6,6,2,True,True,,144.01,False,False,False
111,Brandon,15,1,6,7,1,True,True,,140.67,False,False,False
111,CJ,15,2,5,5,3,True,True,,210.3,False,False,False
111,Coby,15,3,9,2,1,True,True,,264.92,False,False,False
111,Evan,15,1,4,9,1,True,True,,175.0,False,False,False
111,James,15,1,6,7,1,True,True,,278.0,False,False,False
111,Jason,15,2,5,7,1,True,True,,87.36,False,False,False
111,Reid,15,3,5,4,3,True,True,,245.73,False,False,False
111,Ryan J,15,2,5,6,2,True,True,,235.83,False,False,False
111,Sam,15,2,7,2,4,True,True,,164.14,False,False,False
111,Shane,15,2,6,6,1,True,True,,154.97,False,False,False
111,Travis,15,1,5,6,3,True,True,,219.64,False,False,False
112,Brad,15,2,5,6,2,True,True,,266.53,False,False,False
112,Brandon,15,1,7,6,1,True,True,,168.0,False,False,False
112,CJ,15,3,6,5,1,True,True,,196.89,False,False,False
112,Coby,15,2,7,4,2,True,True,,263.04,False,False,False
112,Evan,15,1,5,7,2,True,True,,173.0,False,False,False
112,James,15,3,3,7,2,True,True,,198.45,False,False,False
112,Jason,15,2,4,7,2,True,True,,194.0,False,False,False
112,Reid,15,4,5,4,2,True,True,,247.33,False,False,False
112,Ryan J,15,1,7,6,1,True,True,,241.0,False,False,False
112,Sam,15,4,4,5,2,True,True,,193.16,False,False,False
112,Shane,15,2,6,4,3,True,True,,114.79,False,False,False
112,Travis,15,1,7,5,2,True,True,,176.65,False,False,False
113,Brad,15,2,6,6,1,True,True,,265.0,False,False,False
113,Brandon,15,3,6,4,2,True,True,,169.86,False,False,False
113,CJ,15,1,6,6,2,True,True,,157.67,False,False,False
113,Coby,15,1,7,5,2,True,True,,171.38,False,False,False
113,Evan,15,2,4,7,2,True,True,,167.31,False,False,False
113,James,15,1,8,5,1,True,True,,149.09,False,False,False
113,Jason,15,2,6,4,3,True,True,,89.23,False,False,False
113,Reid,15,1,4,8,2,True,True,,54.99,False,False,False
113,Ryan J,15,1,4,7,3,True,True,,242.0,False,False,False
113,Sam,15,1,8,5,1,True,True,,214.0,False,False,False
113,Shane,15,3,5,4,3,True,True,,240.67,False,False,False
113,Travis,15,2,5,7,1,True,True,,253.06,False,False,False
114,Brad,15,2,5,6,2,True,True,,198.77,False,False,False
114,Brandon,15,2,7,5,1,True,True,,52.83,False,False,False
114,CJ,15,2,5,5,3,True,True,,220.82,False,False,False
114,Coby,15,1,8,4,2,True,True,,74.83,False,False,False
114,Evan,15,2,5,7,1,True,True,,170.72,False,False,False
114,James,15,2,4,7,2,True,True,,108.59,False,False,False
114,Jason,15,3,5,6,1,True,True,,98.03,False,False,False
114,Reid,15,1,7,5,2,True,True,,220.95,False,False,False
114,Ryan J,15,2,4,5,4,True,True,,236.0,False,False,False
114,Sam,15,2,5,6,2,True,True,,26.68,False,False,False
114,Shane,15,3,6,5,1,True,True,,315.0,False,False,False
114,Travis,15,2,7,4,2,True,True,,253.86,False,False,False
115,Brad,15,1,5,7,2,True,True,,215.58,False,False,False
115,Brandon,15,1,3,8,3,True,True,,37.95,False,False,False
115,CJ,15,2,4,8,1,True,True,,119.17,False,False,False
115,Coby,15,2,6,5,2,True,True,,248.93,False,False,False
115,Evan,15,2,6,6,1,True,True,,170.63,False,False,False
115,James,15,1,8,5,1,True,True,,28.15,False,False,False
115,Jason,15,1,6,5,3,True,True,,22.91,False,False,False
115,Reid,15,4,3,6,2,True,True,,251.0,False,False,False
115,Ryan J,15,3,9,2,1,True,True,,242.26,False,False,False
115,Sam,15,2,8,3,2,True,True,,164.14,False,False,False
115,Shane,15,2,8,4,1,True,True,,136.23,False,False,False
115,Travis,15,1,4,7,3,True,True,,201.91,False,False,False
116,Brad,15,1,5,8,1,True,True,,266.0,False,False,False
116,Brandon,15,1,8,5,1,True,True,,97.41,False,False,False
116,CJ,15,1,7,4,3,True,True,,166.54,False,False,False
116,Coby,15,3,7,4,1,True,True,,262.19,False,False,False
116,Evan,15,2,5,7,1,True,True,,175.0,False,False,False
116,James,15,2,7,5,1,True,True,,206.0,False,False,False
116,Jason,15,2,4,7,2,True,True,,154.23,False,False,False
116,Reid,15,2,4,5,4,True,True,,241.07,False,False,False
116,Ryan J,15,3,5,5,2,True,True,,243.81,False,False,False
116,Sam,15,1,7,5,2,True,True,,105.33,False,False,False
116,Shane,15,3,4,5,3,True,True,,263.29,False,False,False
116,Travis,15,1,5,7,2,True,True,,207.9,False,False,False
117,Brad,15,2,4,8,1,True,True,,72.75,False,False,False
117,Brandon,15,1,8,5,1,True,True,,68.34,False,False,False
117,CJ,15,4,5,4,2,True,True,,251.39,False,False,False
117,Coby,15,1,7,5,2,True,True,,73.06,False,False,False
117,Evan,15,2,3,7,3,True,True,,153.65,False,False,False
117,James,15,4,5,5,1,True,True,,288.0,False,False,False
117,Jason,15,4,5,4,2,True,True,,110.02,False,False,False
117,Reid,15,1,4,8,2,True,True,,244.0,False,False,False
117,Ryan J,15,2,7,5,1,True,True,,244.39,False,False,False
117,Sam,15,1,7,5,2,True,True,,18.21,False,False,False
117,Shane,15,1,8,4,2,True,True,,295.7,False,False,False
117,Travis,15,1,5,6,3,True,True,,251.0,False,False,False
118,Brad,15,2,3,8,2,True,True,,215.27,False,False,False
118,Brandon,15,1,8,5,1,True,True,,39.89,False,False,False
118,CJ,15,1,5,8,1,True,True,,116.72,False,False,False
118,Coby,15,4,5,3,3,True,True,,229.64,False,False,False
118,Evan,15,1,6,7,1,True,True,,91.75,False,False,False
118,James,15,5,3,6,1,True,True,,288.0,False,False,False
118,Jason,15,2,4,7,2,True,True,,195.0,False,False,False
118,Reid,15,2,6,5,2,True,True,,243.0,False,False,False
118,Ryan J,15,1,7,2,5,True,True,,242.0,False,False,False
118,Sam,15,2,6,5,2,True,True,,102.53,False,False,False
118,Shane,15,2,6,6,1,True,True,,116.96,False,False,False
118,Travis,15,3,7,4,1,True,True,,253.1,False,False,False
119,Brad,15,1,4,7,3,True,True,,206.09,False,False,False
119,Brandon,15,3,6,5,1,True,True,,173.42,False,False,False
119,CJ,15,3,4,7,1,True,True,,149.0,False,False,False
119,Coby,15,1,7,4,3,True,True,,259.0,False,False,False
119,Evan,15,2,5,7,1,True,True,,169.75,False,False,False
119,James,15,2,5,6,2,True,True,,245.8,False,False,False
119,Jason,15,2,4,6,3,True,True,,176.49,False,False,False
119,Reid,15,1,7,5,2,True,True,,244.0,False,False,False
119,Ryan J,15,2,7,5,1,True,True,,248.0,False,False,False
119,Sam,15,2,7,4,2,True,True,,73.31,False,False,False
119,Shane,15,2,8,3,2,True,True,,298.81,False,False,False
119,Travis,15,1,5,8,1,True,True,,195.0,False,False,False
120,Brad,15,2,3,9,1,True,True,,267.98,False,False,False
120,Brandon,15,2,7,4,2,True,True,,163.58,False,False,False
120,CJ,15,2,7,4,2,True,True,,247.0,False,False,False
120,Coby,15,1,10,3,1,True,True,,264.42,False,False,False
120,Evan,15,2,5,7,1,True,True,,175.0,False,False,False
120,James,15,1,8,5,1,True,True,,281.0,False,False,False
120,Jason,15,1,3,10,1,True,True,,43.61,False,False,False
120,Reid,15,2,5,6,2,True,True,,193.78,False,False,False
120,Ryan J,15,1,5,7,2,True,True,,52.39,False,False,False
120,Sam,15,2,5,5,3,True,True,,170.98,False,False,False
120,Shane,15,1,6,3,5,True,True,,279.66,False,False,False
120,Travis,15,4,5,4,2,True,True,,222.0,False,False,False
121,Brad,15,2,6,5,2,True,True,,221.73,False,False,False
121,Brandon,15,2,6,6,1,True,True,,165.0,False,False,False
121,CJ,15,2,5,7,1,True,True,,253.59,False,False,False
121,Coby,15,1,7,6,1,True,True,,259.0,False,False,False
121,Evan,15,3,5,6,1,True,True,,175.0,False,False,False
121,James,15,2,4,6,3,True,True,,282.0,False,False,False
121,Jason,15,2,6,3,4,True,True,,183.0,False,False,False
121,Reid,15,2,5,6,2,True,True,,244.0,False,False,False
121,Ryan J,15,1,8,5,1,True,True,,241.0,False,False,False
121,Sam,15,1,5,7,2,True,True,,124.46,False,False,False
121,Shane,15,3,5,5,2,True,True,,310.93,False,False,False
121,Travis,15,2,6,4,3,True,True,,171.94,False,False,False
122,Brad,15,3,4,7,1,True,True,,248.2,False,False,False
122,Brandon,15,3,6,4,2,True,True,,152.2,False,False,False
122,CJ,15,1,6,6,2,True,True,,108.94,False,False,False
122,Coby,15,1,5,7,2,True,True,,75.04,False,False,False
122,Evan,15,1,5,8,1,True,True,,175.0,False,False,False
122,James,15,1,5,5,4,True,True,,282.0,False,False,False
122,Jason,15,1,7,6,1,True,True,,67.0,False,False,False
122,Reid,15,1,4,7,3,True,True,,226.45,False,False,False
122,Ryan J,15,3,5,5,2,True,True,,244.5,False,False,False
122,Sam,15,2,6,4,3,True,True,,195.25,False,False,False
122,Shane,15,3,7,4,1,True,True,,315.0,False,False,False
122,Travis,15,1,8,4,2,True,True,,29.78,False,False,False
123,Brad,15,3,4,6,2,True,True,,14.74,False,False,False
123,Brandon,15,3,5,5,2,True,True,,98.62,False,False,False
123,CJ,15,1,5,8,1,True,True,,158.36,False,False,False
123,Coby,15,1,9,3,2,True,True,,44.94,False,False,False
123,Evan,15,2,6,6,1,True,True,,175.0,False,False,False
123,James,15,1,4,6,4,True,True,,250.89,False,False,False
123,Jason,15,1,5,7,2,True,True,,145.91,False,False,False
123,Reid,15,1,7,5,2,True,True,,244.0,False,False,False
123,Ryan J,15,5,6,3,1,True,True,,247.47,False,False,False
123,Sam,15,2,5,6,2,True,True,,133.1,False,False,False
123,Shane,15,3,6,4,2,True,True,,266.15,False,False,False
123,Travis,15,2,5,6,2,True,True,,247.2,False,False,False
124,Brad,15,2,5,7,1,True,True,,218.09,False,False,False
124,Brandon,15,2,6,6,1,True,True,,171.94,False,False,False
124,CJ,15,2,2,8,3,True,True,,243.12,False,False,False
124,Coby,15,2,7,5,1,True,True,,106.02,False,False,False
124,Evan,15,2,5,7,1,True,True,,168.0,False,False,False
124,James,15,1,5,8,1,True,True,,120.1,False,False,False
124,Jason,15,1,7,6,1,True,True,,166.0,False,False,False
124,Reid,15,2,6,3,4,True,True,,244.34,False,False,False
124,Ryan J,15,6,4,4,1,True,True,,248.0,False,False,False
124,Sam,15,1,7,4,3,True,True,,160.83,False,False,False
124,Shane,15,1,7,5,2,True,True,,102.98,False,False,False
124,Travis,15,3,5,4,3,True,True,,212.13,False,False,False
125,Brad,15,1,6,7,1,True,True,,115.58,False,False,False
125,Brandon,15,4,5,4,2,True,True,,94.61,False,False,False
125,CJ,15,2,5,6,2,True,True,,217.64,False,False,False
125,Coby,15,1,8,5,1,True,True,,166.26,False,False,False
125,Evan,15,3,4,6,2,True,True,,170.06,False,False,False
125,James,15,1,5,8,1,True,True,,266.8,False,False,False
125,Jason,15,2,4,6,3,True,True,,94.04,False,False,False
125,Reid,15,2,4,3,6,True,True,,224.89,False,False,False
125,Ryan J,15,1,6,5,3,True,True,,114.03,False,False,False
125,Sam,15,2,6,6,1,True,True,,76.07,False,False,False
125,Shane,15,1,9,4,1,True,True,,315.0,False,False,False
125,Travis,15,3,6,5,1,True,True,,252.99,False,False,False
126,Brad,15,3,5,6,1,True,True,,270.39,False,False,False
126,Brandon,15,1,6,6,2,True,True,,85.87,False,False,False
126,CJ,15,1,7,6,1,True,True,,172.56,False,False,False
126,Coby,15,1,8,4,2,True,True,,255.39,False,False,False
126,Evan,15,1,5,8,1,True,True,,175.0,False,False,False
126,James,15,1,5,6,3,True,True,,271.53,False,False,False
126,Jason,15,2,5,6,2,True,True,,177.16,False,False,False
126,Reid,15,2,8,3,2,True,True,,243.0,False,False,False
126,Ryan J,15,1,6,5,3,True,True,,215.26,False,False,False
126,Sam,15,3,6,4,2,True,True,,200.55,False,False,False
126,Shane,15,1,5,8,1,True,True,,197.06,False,False,False
126,Travis,15,3,5,4,3,True,True,,215.0,False,False,False
127,Brad,15,4,2,8,1,True,True,,272.0,False,False,False
127,Brandon,15,2,5,3,5,True,True,,82.67,False,False,False
127,CJ,15,1,5,7,2,True,True,,73.26,False,False,False
127,Coby,15,1,8,4,2,True,True,,155.98,False,False,False
127,Evan,15,1,4,8,2,True,True,,118.49,False,False,False
127,James,15,2,5,5,3,True,True,,258.03,False,False,False
127,Jason,15,2,7,5,1,True,True,,105.2,False,False,False
127,Reid,15,3,7,3,2,True,True,,241.99,False,False,False
127,Ryan J,15,1,6,7,1,True,True,,241.0,False,False,False
127,Sam,15,2,5,6,2,True,True,,209.29,False,False,False
127,Shane,15,3,8,2,2,True,True,,300.91,False,False,False
127,Travis,15,1,6,7,1,True,True,,37.33,False,False,False
128,Brad,15,1,5,8,1,True,True,,64.73,False,False,False
128,Brandon,15,2,5,6,2,True,True,,20.01,False,False,False
128,CJ,15,2,3,6,4,True,True,,246.58,False,False,False
128,Coby,15,3,8,3,1,True,True,,263.22,False,False,False
128,Evan,15,2,4,7,2,True,True,,151.71,False,False,False
128,James,15,2,4,8,1,True,True,,278.0,False,False,False
128,Jason,15,3,5,6,1,True,True,,105.0,False,False,False
128,Reid,15,4,6,3,2,True,True,,250.91,False,False,False
128,Ryan J,15,1,8,4,2,True,True,,29.29,False,False,False
128,Sam,15,4,7,2,2,True,True,,80.0,False,False,False
128,Shane,15,1,7,5,2,True,True,,306.71,False,False,False
128,Travis,15,1,5,7,2,True,True,,25.92,False,False,False
129,Brad,15,2,6,5,2,True,True,,161.13,False,False,False
129,Brandon,15,1,5,5,4,True,True,,141.58,False,False,False
129,CJ,15,3,4,7,1,True,True,,249.0,False,False,False
129,Coby,15,4,7,3,1,True,True,,256.85,False,False,False
129,Evan,15,2,6,6,1,True,True,,175.0,False,False,False
129,James,15,4,4,6,1,True,True,,279.54,False,False,False
129,Jason,15,1,7,6,1,True,True,,156.19,False,False,False
129,Reid,15,1,8,3,3,True,True,,172.63,False,False,False
129,Ryan J,15,1,3,10,1,True,True,,191.03,False,False,False
129,Sam,15,2,6,3,4,True,True,,209.0,False,False,False
129,Shane,15,1,7,6,1,True,True,,157.57,False,False,False
129,Travis,15,1,4,5,5,True,True,,243.0,False,False,False
130,Brad,15,3,3,8,1,True,True,,77.2,False,False,False
130,Brandon,15,3,8,2,2,True,True,,170.26,False,False,False
130,CJ,15,2,7,5,1,True,True,,252.56,False,False,False
130,Coby,15,1,9,3,2,True,True,,90.43,False,False,False
130,Evan,15,3,3,8,1,True,True,,175.0,False,False,False
130,James,15,1,6,7,1,True,True,,270.65,False,False,False
130,Jason,15,1,4,8,2,True,True,,26.15,False,False,False
130,Reid,15,1,4,6,4,True,True,,235.25,False,False,False
130,Ryan J,15,3,7,3,2,True,True,,232.0,False,False,False
130,Sam,15,1,8,5,1,True,True,,68.49,False,False,False
130,Shane,15,2,5,4,4,True,True,,240.99,False,False,False
130,Travis,15,2,5,6,2,True,True,,244.3,False,False,False
131,Brad,15,1,8,4,2,True,True,,103.27,False,False,False
131,Brandon,15,2,4,7,2,True,True,,159.04,False,False,False
131,CJ,15,3,4,7,1,True,True,,90.91,False,False,False
131,Coby,15,2,5,7,1,True,True,,55.8,False,False,False
131,Evan,15,1,5,7,2,True,True,,168.7,False,False,False
131,James,15,1,8,5,1,True,True,,210.83,False,False,False
131,Jason,15,3,4,6,2,True,True,,50.71,False,False,False
131,Reid,15,1,7,2,5,True,True,,241.64,False,False,False
131,Ryan J,15,1,5,5,4,True,True,,242.0,False,False,False
131,Sam,15,2,6,4,3,True,True,,10.46,False,False,False
131,Shane,15,4,6,4,1,True,True,,310.78,False,False,False
131,Travis,15,1,5,7,2,True,True,,247.0,False,False,False
132,Brad,15,2,4,6,3,True,True,,118.77,False,False,False
132,Brandon,15,1,8,5,1,True,True,,168.0,False,False,False
132,CJ,15,2,5,4,4,True,True,,237.15,False,False,False
132,Coby,15,2,9,3,1,True,True,,135.35,False,False,False
132,Evan,15,1,4,7,3,True,True,,110.78,False,False,False
132,James,15,1,5,8,1,True,True,,277.0,False,False,False
132,Jason,15,1,4,6,4,True,True,,39.27,False,False,False
132,Reid,15,3,5,3,4,True,True,,126.89,False,False,False
132,Ryan J,15,2,5,4,4,True,True,,187.36,False,False,False
132,Sam,15,4,5,5,1,True,True,,211.0,False,False,False
132,Shane,15,4,5,5,1,True,True,,315.0,False,False,False
132,Travis,15,1,4,8,2,True,True,,28.14,False,False,False
133,Brad,15,1,8,5,1,True,True,,69.33,False,False,False
133,Brandon,15,1,7,6,1,True,True,,32.56,False,False,False
133,CJ,15,2,4,4,5,True,True,,233.27,False,False,False
133,Coby,15,2,8,4,1,True,True,,246.07,False,False,False
133,Evan,15,1,5,8,1,True,True,,175.0,False,False,False
133,James,15,2,5,6,2,True,True,,266.0,False,False,False
133,Jason,15,2,6,6,1,True,True,,87.79,False,False,False
133,Reid,15,2,5,5,3,True,True,,222.67,False,False,False
133,Ryan J,15,1,5,8,1,True,True,,36.37,False,False,False
133,Sam,15,2,5,6,2,True,True,,202.77,False,False,False
133,Shane,15,1,7,5,2,True,True,,160.4,False,False,False
133,Travis,15,4,5,4,2,True,True,,251.41,False,False,False
134,Brad,15,2,2,6,5,True,True,,234.34,False,False,False
134,Brandon,15,1,9,4,1,True,True,,134.19,False,False,False
134,CJ,15,2,8,4,1,True,True,,72.52,False,False,False
134,Coby,15,3,6,4,2,True,True,,218.53,False,False,False
134,Evan,15,2,4,8,1,True,True,,175.0,False,False,False
134,James,15,2,5,6,2,True,True,,229.01,False,False,False
134,Jason,15,1,6,6,2,True,True,,85.04,False,False,False
134,Reid,15,3,6,3,3,True,True,,248.68,False,False,False
134,Ryan J,15,1,4,8,2,True,True,,241.0,False,False,False
134,Sam,15,1,7,5,2,True,True,,208.0,False,False,False
134,Shane,15,2,5,7,1,True,True,,308.0,False,False,False
134,Travis,15,3,6,5,1,True,True,,251.0,False,False,False
135,Brad,15,1,8,4,2,True,True,,259.46,False,False,False
135,Brandon,15,1,7,5,2,True,True,,29.25,False,False,False
135,CJ,15,2,4,8,1,True,True,,122.23,False,False,False
135,Coby,15,3,4,6,2,True,True,,213.3,False,False,False
135,Evan,15,2,5,7,1,True,True,,175.0,False,False,False
135,James,15,1,5,8,1,True,True,,43.75,False,False,False
135,Jason,15,3,2,8,2,True,True,,193.14,False,False,False
135,Reid,15,1,4,7,3,True,True,,223.27,False,False,False
135,Ryan J,15,3,4,4,4,True,True,,227.52,False,False,False
135,Sam,15,3,7,3,2,True,True,,144.49,False,False,False
135,Shane,15,1,8,4,2,True,True,,26.85,False,False,False
135,Travis,15,2,8,4,1,True,True,,55.14,False,False,False
136,Brad,15,1,3,9,2,True,True,,270.51,False,False,False
136,Brandon,15,2,7,4,2,True,True,,137.96,False,False,False
136,CJ,15,1,4,8,2,True,True,,192.55,False,False,False
136,Coby,15,2,6,5,2,True,True,,141.62,False,False,False
136,Evan,15,1,5,8,1,True,True,,175.0,False,False,False
136,James,15,1,6,7,1,True,True,,277.0,False,False,False
136,Jason,15,3,5,4,3,True,True,,180.26,False,False,False
136,Reid,15,1,6,4,4,True,True,,230.25,False,False,False
136,Ryan J,15,1,8,5,1,True,True,,237.0,False,False,False
136,Sam,15,3,6,5,1,True,True,,209.0,False,False,False
136,Shane,15,3,5,4,3,True,True,,310.87,False,False,False
136,Travis,15,4,5,5,1,True,True,,252.69,False,False,False
137,Brad,15,1,6,5,3,True,True,,141.95,False,False,False
137,Brandon,15,2,6,5,2,True,True,,148.42,False,False,False
137,CJ,15,1,6,4,4,True,True,,226.1,False,False,False
137,Coby,15,1,9,4,1,True,True,,243.27,False,False,False
137,Evan,15,1,5,8,1,True,True,,175.0,False,False,False
137,James,15,1,4,6,4,True,True,,219.98,False,False,False
137,Jason,15,1,5,7,2,True,True,,171.7,False,False,False
137,Reid,15,2,2,8,3,True,True,,246.22,False,False,False
137,Ryan J,15,4,6,4,1,True,True,,247.0,False,False,False
137,Sam,15,4,7,3,1,True,True,,214.0,False,False,False
137,Shane,15,2,5,7,1,True,True,,237.15,False,False,False
137,Travis,15,1,6,7,1,True,True,,197.07,False,False,False
138,Brad,15,1,5,7,2,True,True,,72.31,False,False,False
138,Brandon,15,1,6,7,1,True,True,,64.52,False,False,False
138,CJ,15,1,6,6,2,True,True,,169.89,False,False,False
138,Coby,15,2,8,4,1,True,True,,250.0,False,False,False
138,Evan,15,1,5,6,3,True,True,,169.0,False,False,False
138,James,15,4,5,5,1,True,True,,284.29,False,False,False
138,Jason,15,2,5,6,2,True,True,,176.74,False,False,False
138,Reid,15,2,6,4,3,True,True,,220.3,False,False,False
138,Ryan J,15,1,7,6,1,True,True,,240.0,False,False,False
138,Sam,15,2,5,5,3,True,True,,189.2,False,False,False
138,Shane,15,3,8,2,2,True,True,,306.64,False,False,False
138,Travis,15,1,5,8,1,True,True,,239.4,False,False,False
139,Brad,15,2,4,6,3,True,True,,270.41,False,False,False
139,Brandon,15,1,6,6,2,True,True,,167.0,False,False,False
139,CJ,15,3,4,6,2,True,True,,141.73,False,False,False
139,Coby,15,2,6,5,2,True,True,,195.44,False,False,False
139,Evan,15,1,6,7,1,True,True,,175.0,False,False,False
139,James,15,1,8,5,1,True,True,,281.0,False,False,False
139,Jason,15,2,4,6,3,True,True,,192.31,False,False,False
139,Reid,15,1,5,5,4,True,True,,244.0,False,False,False
139,Ryan J,15,1,7,6,1,True,True,,241.0,False,False,False
139,Sam,15,1,7,5,2,True,True,,202.0,False,False,False
139,Shane,15,4,6,4,1,True,True,,314.02,False,False,False
139,Travis,15,3,6,4,2,True,True,,219.84,False,False,False
140,Brad,15,1,4,7,3,True,True,,17.23,False,False,False
140,Brandon,15,2,4,6,3,True,True,,165.48,False,False,False
140,CJ,15,2,6,6,1,True,True,,56.15,False,False,False
140,Coby,15,1,5,6,3,True,True,,21.76,False,False,False
140,Evan,15,3,5,6,1,True,True,,40.32,False,False,False
140,James,15,2,7,3,3,True,True,,276.81,False,False,False
140,Jason,15,3,5,5,2,True,True,,192.0,False,False,False
140,Reid,15,1,8,4,2,True,True,,132.2,False,False,False
140,Ryan J,15,2,6,5,2,True,True,,237.0,False,False,False
140,Sam,15,5,5,4,1,True,True,,212.0,False,False,False
140,Shane,15,3,7,4,1,True,True,,315.0,False,False,False
140,Travis,15,1,4,8,2,True,True,,39.24,False,False,False
141,Brad,15,2,5,7,1,True,True,,169.72,False,False,False
141,Brandon,15,2,6,4,3,True,True,,22.1,False,False,False
141,CJ,15,2,7,4,2,True,True,,246.38,False,False,False
141,Coby,15,1,10,3,1,True,True,,250.75,False,False,False
141,Evan,15,2,4,8,1,True,True,,175.0,False,False,False
141,James,15,3,4,6,2,True,True,,178.51,False,False,False
141,Jason,15,2,5,7,1,True,True,,191.33,False,False,False
141,Reid,15,1,6,6,2,True,True,,244.0,False,False,False
141,Ryan J,15,3,3,6,3,True,True,,242.0,False,False,False
141,Sam,15,2,7,3,3,True,True,,164.32,False,False,False
141,Shane,15,1,7,6,1,True,True,,121.45,False,False,False
141,Travis,15,1,5,6,3,True,True,,231.37,False,False,False
142,Brad,15,3,4,5,3,True,True,,265.33,False,False,False
142,Brandon,15,2,7,5,1,True,True,,172.53,False,False,False
142,CJ,15,2,6,6,1,True,True,,248.0,False,False,False
142,Coby,15,1,7,5,2,True,True,,248.61,False,False,False
142,Evan,15,1,4,9,1,True,True,,175.0,False,False,False
142,James,15,4,5,5,1,True,True,,285.2,False,False,False
142,Jason,15,1,5,7,2,True,True,,126.93,False,False,False
142,Reid,15,1,7,5,2,True,True,,244.0,False,False,False
142,Ryan J,15,1,6,5,3,True,True,,242.0,False,False,False
142,Sam,15,3,5,4,3,True,True,,134.81,False,False,False
142,Shane,15,2,7,5,1,True,True,,272.0,False,False,False
142,Travis,15,1,5,6,3,True,True,,209.0,False,False,False
143,Brad,15,3,4,7,1,True,True,,262.54,False,False,False
143,Brandon,15,2,6,5,2,True,True,,60.51,False,False,False
143,CJ,15,2,5,7,1,True,True,,61.98,False,False,False
143,Coby,15,1,8,4,2,True,True,,245.43,False,False,False
143,Evan,15,1,5,8,1,True,True,,175.0,False,False,False
143,James,15,1,8,5,1,True,True,,281.0,False,False,False
143,Jason,15,3,4,6,2,True,True,,189.97,False,False,False
143,Reid,15,1,4,6,4,True,True,,239.19,False,False,False
143,Ryan J,15,2,5,7,1,True,True,,88.35,False,False,False
143,Sam,15,1,7,4,3,True,True,,69.77,False,False,False
143,Shane,15,3,7,4,1,True,True,,165.09,False,False,False
143,Travis,15,1,6,4,4,True,True,,245.0,False,False,False
144,Brad,15,2,4,7,2,True,True,,220.85,False,False,False
144,Brandon,15,2,8,3,2,True,True,,68.28,False,False,False
144,CJ,15,1,6,4,4,True,True,,243.23,False,False,False
144,Coby,15,2,8,3,2,True,True,,146.37,False,False,False
144,Evan,15,1,6,7,1,True,True,,175.0,False,False,False
144,James,15,2,5,7,1,True,True,,224.22,False,False,False
144,Jason,15,1,4,8,2,True,True,,38.64,False,False,False
144,Reid,15,1,5,7,2,True,True,,244.0,False,False,False
144,Ryan J,15,3,6,5,1,True,True,,245.14,False,False,False
144,Sam,15,2,6,5,2,True,True,,157.17,False,False,False
144,Shane,15,3,6,4,2,True,True,,300.34,False,False,False
144,Travis,15,2,4,7,2,True,True,,239.19,False,False,False
145,Brad,15,1,4,7,3,True,True,,267.0,False,False,False
145,Brandon,15,1,5,7,2,True,True,,29.59,False,False,False
145,CJ,15,2,4,5,4,True,True,,224.66,False,False,False
145,Coby,15,2,7,4,2,True,True,,190.59,False,False,False
145,Evan,15,3,4,7,1,True,True,,175.0,False,False,False
145,James,15,1,8,5,1,True,True,,281.0,False,False,False
145,Jason,15,2,6,6,1,True,True,,195.17,False,False,False
145,Reid,15,1,5,6,3,True,True,,237.51,False,False,False
145,Ryan J,15,2,7,5,1,True,True,,237.0,False,False,False
145,Sam,15,2,7,5,1,True,True,,214.0,False,False,False
145,Shane,15,2,5,5,3,True,True,,255.88,False,False,False
145,Travis,15,3,5,5,2,True,True,,238.72,False,False,False
146,Brad,15,3,5,5,2,True,True,,266.62,False,False,False
146,Brandon,15,3,7,3,2,True,True,,169.66,False,False,False
146,CJ,15,1,8,5,1,True,True,,240.53,False,False,False
146,Coby,15,2,8,4,1,True,True,,179.25,False,False,False
146,Evan,15,1,4,9,1,True,True,,175.0,False,False,False
146,James,15,2,5,6,2,True,True,,264.77,False,False,False
146,Jason,15,1,6,6,2,True,True,,127.66,False,False,False
146,Reid,15,1,7,5,2,True,True,,244.0,False,False,False
146,Ryan J,15,3,5,5,2,True,True,,207.33,False,False,False
146,Sam,15,2,5,6,2,True,True,,99.85,False,False,False
146,Shane,15,1,5,4,5,True,True,,309.1,False,False,False
146,Travis,15,1,5,8,1,True,True,,88.56,False,False,False
147,Brad,15,1,4,7,3,True,True,,219.71,False,False,False
147,Brandon,15,2,7,2,4,True,True,,168.0,False,False,False
147,CJ,15,1,4,8,2,True,True,,204.54,False,False,False
147,Coby,15,1,9,2,3,True,True,,259.0,False,False,False
147,Evan,15,3,5,6,1,True,True,,175.0,False,False,False
147,James,15,1,4,9,1,True,True,,61.48,False,False,False
147,Jason,15,2,7,5,1,True,True,,65.52,False,False,False
147,Reid,15,1,5,7,2,True,True,,149.0,False,False,False
147,Ryan J,15,3,4,5,3,True,True,,216.18,False,False,False
147,Sam,15,2,6,6,1,True,True,,207.66,False,False,False
147,Shane,15,3,6,4,2,True,True,,284.62,False,False,False
147,Travis,15,2,7,5,1,True,True,,253.87,False,False,False
148,Brad,15,2,5,7,1,True,True,,97.0,False,False,False
148,Brandon,15,1,6,6,2,True,True,,24.73,False,False,False
148,CJ,15,2,4,7,2,True,True,,244.28,False,False,False
148,Coby,15,1,8,5,1,True,True,,250.76,False,False,False
148,Evan,15,2,4,8,1,True,True,,175.0,False,False,False
148,James,15,2,5,7,1,True,True,,229.0,False,False,False
148,Jason,15,1,8,4,2,True,True,,161.42,False,False,False
148,Reid,15,3,4,3,5,True,True,,245.0,False,False,False
148,Ryan J,15,5,4,4,2,True,True,,237.43,False,False,False
148,Sam,15,1,8,5,1,True,True,,95.36,False,False,False
148,Shane,15,1,8,4,2,True,True,,276.7,False,False,False
148,Travis,15,1,4,7,3,True,True,,102.94,False,False,False
149,Brad,15,2,5,7,1,True,True,,270.25,False,False,False
149,Brandon,15,3,5,4,3,True,True,,151.99,False,False,False
149,CJ,15,1,7,6,1,True,True,,182.85,False,False,False
149,Coby,15,3,5,6,1,True,True,,260.0,False,False,False
149,Evan,15,1,6,7,1,True,True,,175.0,False,False,False
149,James,15,2,4,7,2,True,True,,256.0,False,False,False
149,Jason,15,2,3,6,4,True,True,,150.1,False,False,False
149,Reid,15,3,5,5,2,True,True,,86.98,False,False,False
149,Ryan J,15,1,8,4,2,True,True,,177.44,False,False,False
149,Sam,15,2,6,5,2,True,True,,208.05,False,False,False
149,Shane,15,1,9,4,1,True,True,,305.0,False,False,False
149,Travis,15,2,5,5,3,True,True,,221.66,False,False,False
150,Brad,15,1,7,6,1,True,True,,52.81,False,False,False
150,Brandon,15,3,5,4,3,True,True,,116.05,False,False,False
150,CJ,15,4,4,5,2,True,True,,250.35,False,False,False
150,Coby,15,1,8,2,4,True,True,,247.74,False,False,False
150,Evan,15,2,5,7,1,True,True,,175.0,False,False,False
150,James,15,2,4,7,2,True,True,,273.54,False,False,False
150,Jason,15,2,4,7,2,True,True,,133.83,False,False,False
150,Reid,15,1,7,4,3,True,True,,187.34,False,False,False
150,Ryan J,15,2,6,6,1,True,True,,245.41,False,False,False
150,Sam,15,1,6,7,1,True,True,,100.54,False,False,False
150,Shane,15,1,7,5,2,True,True,,310.0,False,False,False
150,Travis,15,2,5,7,1,True,True,,79.68,False,False,False
151,Brad,15,1,5,7,2,True,True,,266.28,False,False,False
151,Brandon,15,1,9,4,1,True,True,,138.0,False,False,False
151,CJ,15,3,4,7,1,True,True,,249.05,False,False,False
151,Coby,15,1,7,5,2,True,True,,259.0,False,False,False
151,Evan,15,1,4,9,1,True,True,,175.0,False,False,False
151,James,15,2,6,3,4,True,True,,280.92,False,False,False
151,Jason,15,2,4,8,1,True,True,,186.0,False,False,False
151,Reid,15,1,5,6,3,True,True,,244.0,False,False,False
151,Ryan J,15,2,5,7,1,True,True,,240.63,False,False,False
151,Sam,15,2,7,4,2,True,True,,123.87,False,False,False
151,Shane,15,3,5,3,4,True,True,,243.4,False,False,False
151,Travis,15,1,8,5,1,True,True,,176.86,False,False,False
152,Brad,15,1,5,6,3,True,True,,262.0,False,False,False
152,Brandon,15,2,7,5,1,True,True,,66.12,False,False,False
152,CJ,15,1,3,6,5,True,True,,233.03,False,False,False
152,Coby,15,4,8,2,1,True,True,,261.91,False,False,False
152,Evan,15,1,4,9,1,True,True,,175.0,False,False,False
152,James,15,2,5,7,1,True,True,,249.74,False,False,False
152,Jason,15,1,6,5,3,True,True,,184.0,False,False,False
152,Reid,15,2,5,4,4,True,True,,229.58,False,False,False
152,Ryan J,15,3,4,6,2,True,True,,237.0,False,False,False
152,Sam,15,1,9,4,1,True,True,,70.3,False,False,False
152,Shane,15,4,5,5,1,True,True,,315.0,False,False,False
152,Travis,15,1,5,8,1,True,True,,98.65,False,False,False
153,Brad,15,1,7,6,1,True,True,,272.0,False,False,False
153,Brandon,15,3,5,4,3,True,True,,150.2,False,False,False
153,CJ,15,1,7,4,3,True,True,,219.0,False,False,False
153,Coby,15,1,8,4,2,True,True,,196.65,False,False,False
153,Evan,15,2,4,8,1,True,True,,168.0,False,False,False
153,James,15,1,5,8,1,True,True,,279.0,False,False,False
153,Jason,15,2,7,5,1,True,True,,183.89,False,False,False
153,Reid,15,2,4,7,2,True,True,,244.0,False,False,False
153,Ryan J,15,2,6,6,1,True,True,,241.0,False,False,False
153,Sam,15,5,5,4,1,True,True,,211.94,False,False,False
153,Shane,15,2,6,5,2,True,True,,302.0,False,False,False
153,Travis,15,2,4,5,4,True,True,,232.27,False,False,False
154,Brad,15,4,3,7,1,True,True,,268.23,False,False,False
154,Brandon,15,1,4,8,2,True,True,,121.89,False,False,False
154,CJ,15,1,5,7,2,True,True,,144.11,False,False,False
154,Coby,15,1,7,5,2,True,True,,235.19,False,False,False
154,Evan,15,2,5,5,3,True,True,,151.71,False,False,False
154,James,15,1,7,6,1,True,True,,281.0,False,False,False
154,Jason,15,2,5,7,1,True,True,,94.5,False,False,False
154,Reid,15,1,7,5,2,True,True,,249.54,False,False,False
154,Ryan J,15,3,5,3,4,True,True,,194.25,False,False,False
154,Sam,15,3,7,4,1,True,True,,82.0,False,False,False
154,Shane,15,2,7,5,1,True,True,,179.16,False,False,False
154,Travis,15,2,7,4,2,True,True,,247.07,False,False,False
155,Brad,15,2,3,7,3,True,True,,203.01,False,False,False
155,Brandon,15,2,6,5,2,True,True,,171.0,False,False,False
155,CJ,15,2,7,5,1,True,True,,93.53,False,False,False
155,Coby,15,3,7,4,1,True,True,,264.95,False,False,False
155,Evan,15,1,4,8,2,True,True,,175.0,False,False,False
155,James,15,2,5,5,3,True,True,,184.48,False,False,False
155,Jason,15,1,5,6,3,True,True,,188.0,False,False,False
155,Reid,15,1,7,5,2,True,True,,244.0,False,False,False
155,Ryan J,15,3,5,5,2,True,True,,191.09,False,False,False
155,Sam,15,2,7,5,1,True,True,,206.97,False,False,False
155,Shane,15,1,6,6,2,True,True,,250.0,False,False,False
155,Travis,15,1,5,7,2,True,True,,136.54,False,False,False
156,Brad,15,1,5,6,3,True,True,,262.0,False,False,False
156,Brandon,15,3,7,4,1,True,True,,171.13,False,False,False
156,CJ,15,1,5,7,2,True,True,,185.46,False,False,False
156,Coby,15,2,7,5,1,True,True,,180.31,False,False,False
156,Evan,15,2,4,8,1,True,True,,81.7,False,False,False
156,James,15,2,4,7,2,True,True,,215.18,False,False,False
156,Jason,15,1,7,5,2,True,True,,70.82,False,False,False
156,Reid,15,1,6,6,2,True,True,,238.0,False,False,False
156,Ryan J,15,3,7,4,1,True,True,,248.0,False,False,False
156,Sam,15,2,6,4,3,True,True,,208.0,False,False,False
156,Shane,15,1,6,5,3,True,True,,302.8,False,False,False
156,Travis,15,3,4,7,1,True,True,,242.05,False,False,False
157,Brad,15,2,4,7,2,True,True,,272.0,False,False,False
157,Brandon,15,3,7,4,1,True,True,,142.8,False,False,False
157,CJ,15,2,6,4,3,True,True,,251.67,False,False,False
157,Coby,15,1,8,3,3,True,True,,259.0,False,False,False
157,Evan,15,1,5,8,1,True,True,,172.81,False,False,False
157,James,15,1,5,6,3,True,True,,196.51,False,False,False
157,Jason,15,1,6,6,2,True,True,,117.82,False,False,False
157,Reid,15,1,6,6,2,True,True,,244.0,False,False,False
157,Ryan J,15,3,5,6,1,True,True,,127.3,False,False,False
157,Sam,15,3,4,7,1,True,True,,209.05,False,False,False
157,Shane,15,1,5,7,2,True,True,,139.36,False,False,False
157,Travis,15,1,9,4,1,True,True,,38.83,False,False,False
158,Brad,15,2,5,5,3,True,True,,266.0,False,False,False
158,Brandon,15,1,6,6,2,True,True,,135.0,False,False,False
158,CJ,15,4,4,4,3,True,True,,223.84,False,False,False
158,Coby,15,1,7,6,1,True,True,,239.38,False,False,False
158,Evan,15,2,4,8,1,True,True,,169.28,False,False,False
158,James,15,1,3,9,2,True,True,,282.0,False,False,False
158,Jason,15,1,6,7,1,True,True,,196.86,False,False,False
158,Reid,15,4,5,4,2,True,True,,251.0,False,False,False
158,Ryan J,15,1,7,6,1,True,True,,237.0,False,False,False
158,Sam,15,1,8,3,3,True,True,,208.0,False,False,False
158,Shane,15,2,6,5,2,True,True,,307.38,False,False,False
158,Travis,15,1,7,5,2,True,True,,192.0,False,False,False
159,Brad,15,2,6,6,1,True,True,,265.0,False,False,False
159,Brandon,15,3,5,6,1,True,True,,84.81,False,False,False
159,CJ,15,1,4,9,1,True,True,,86.56,False,False,False
159,Coby,15,1,9,3,2,True,True,,265.0,False,False,False
159,Evan,15,1,4,7,3,True,True,,169.0,False,False,False
159,James,15,2,3,7,3,True,True,,280.44,False,False,False
159,Jason,15,4,4,6,1,True,True,,196.86,False,False,False
159,Reid,15,1,6,5,3,True,True,,244.0,False,False,False
159,Ryan J,15,2,6,4,3,True,True,,63.36,False,False,False
159,Sam,15,2,7,5,1,True,True,,203.97,False,False,False
159,Shane,15,1,8,4,2,True,True,,179.92,False,False,False
159,Travis,15,4,4,6,1,True,True,,78.86,False,False,False
160,Brad,15,1,5,6,3,True,True,,266.37,False,False,False
160,Brandon,15,1,8,4,2,True,True,,160.95,False,False,False
160,CJ,15,1,5,7,2,True,True,,245.0,False,False,False
160,Coby,15,2,8,4,1,True,True,,64.02,False,False,False
160,Evan,15,1,6,7,1,True,True,,175.0,False,False,False
160,James,15,2,6,5,2,True,True,,259.0,False,False,False
160,Jason,15,2,4,7,2,True,True,,193.37,False,False,False
160,Reid,15,1,8,4,2,True,True,,144.0,False,False,False
160,Ryan J,15,4,4,4,3,True,True,,238.0,False,False,False
160,Sam,15,2,5,7,1,True,True,,84.0,False,False,False
160,Shane,15,1,5,8,1,True,True,,109.88,False,False,False
160,Travis,15,3,5,5,2,True,True,,246.39,False,False,False
161,Brad,15,2,4,7,2,True,True,,255.64,False,False,False
161,Brandon,15,1,9,4,1,True,True,,169.0,False,False,False
161,CJ,15,1,5,7,2,True,True,,78.55,False,False,False
161,Coby,15,1,8,4,2,True,True,,153.8,False,False,False
161,Evan,15,2,3,7,3,True,True,,105.28,False,False,False
161,James,15,3,5,6,1,True,True,,282.74,False,False,False
161,Jason,15,2,5,5,3,True,True,,190.83,False,False,False
161,Reid,15,1,6,6,2,True,True,,244.0,False,False,False
161,Ryan J,15,2,6,5,2,True,True,,243.88,False,False,False
161,Sam,15,1,6,6,2,True,True,,144.39,False,False,False
161,Shane,15,3,6,4,2,True,True,,309.22,False,False,False
161,Travis,15,3,5,6,1,True,True,,189.11,False,False,False
162,Brad,15,2,5,6,2,True,True,,134.7,False,False,False
162,Brandon,15,2,8,3,2,True,True,,169.0,False,False,False
162,CJ,15,2,6,5,2,True,True,,75.56,False,False,False
162,Coby,15,3,6,4,2,True,True,,262.0,False,False,False
162,Evan,15,1,5,8,1,True,True,,175.0,False,False,False
162,James,15,2,7,5,1,True,True,,276.0,False,False,False
162,Jason,15,4,2,7,2,True,True,,95.69,False,False,False
162,Reid,15,2,5,6,2,True,True,,242.0,False,False,False
162,Ryan J,15,4,3,5,3,True,True,,244.0,False,False,False
162,Sam,15,2,8,4,1,True,True,,210.69,False,False,False
162,Shane,15,2,5,6,2,True,True,,144.19,False,False,False
162,Travis,15,1,5,6,3,True,True,,35.47,False,False,False
163,Brad,15,2,4,8,1,True,True,,261.0,False,False,False
163,Brandon,15,2,5,6,2,True,True,,138.5,False,False,False
163,CJ,15,2,8,3,2,True,True,,250.05,False,False,False
163,Coby,15,1,7,4,3,True,True,,216.57,False,False,False
163,Evan,15,2,2,10,1,True,True,,175.0,False,False,False
163,James,15,1,6,7,1,True,True,,281.0,False,False,False
163,Jason,15,1,7,6,1,True,True,,190.0,False,False,False
163,Reid,15,4,4,5,2,True,True,,245.52,False,False,False
163,Ryan J,15,1,7,4,3,True,True,,241.0,False,False,False
163,Sam,15,2,7,4,2,True,True,,209.0,False,False,False
163,Shane,15,2,5,5,3,True,True,,310.91,False,False,False
163,Travis,15,1,6,6,2,True,True,,196.39,False,False,False
164,Brad,15,1,4,9,1,True,True,,204.21,False,False,False
164,Brandon,15,1,10,2,2,True,True,,171.86,False,False,False
164,CJ,15,2,5,5,3,True,True,,198.17,False,False,False
164,Coby,15,1,7,5,2,True,True,,215.38,False,False,False
164,Evan,15,1,5,7,2,True,True,,165.56,False,False,False
164,James,15,4,3,7,1,True,True,,285.0,False,False,False
164,Jason,15,2,7,4,2,True,True,,194.0,False,False,False
164,Reid,15,1,7,5,2,True,True,,241.0,False,False,False
164,Ryan J,15,1,4,6,4,True,True,,173.21,False,False,False
164,Sam,15,4,6,4,1,True,True,,214.0,False,False,False
164,Shane,15,1,7,4,3,True,True,,303.0,False,False,False
164,Travis,15,2,4,8,1,True,True,,245.0,False,False,False
165,Brad,15,1,4,9,1,True,True,,135.46,False,False,False
165,Brandon,15,2,7,5,1,True,True,,169.0,False,False,False
165,CJ,15,1,6,6,2,True,True,,240.73,False,False,False
165,Coby,15,1,7,5,2,True,True,,77.96,False,False,False
165,Evan,15,1,4,9,1,True,True,,175.0,False,False,False
165,James,15,1,4,9,1,True,True,,278.0,False,False,False
165,Jason,15,3,6,4,2,True,True,,188.61,False,False,False
165,Reid,15,2,4,4,5,True,True,,237.82,False,False,False
165,Ryan J,15,3,7,4,1,True,True,,246.17,False,False,False
165,Sam,15,3,8,3,1,True,True,,133.25,False,False,False
165,Shane,15,1,8,4,2,True,True,,264.7,False,False,False
165,Travis,15,2,4,5,4,True,True,,229.64,False,False,False
166,Brad,15,1,5,8,1,True,True,,179.38,False,False,False
166,Brandon,15,2,8,3,2,True,True,,58.31,False,False,False
166,CJ,15,2,5,6,2,True,True,,176.75,False,False,False
166,Coby,15,2,9,3,1,True,True,,261.64,False,False,False
166,Evan,15,1,5,8,1,True,True,,175.0,False,False,False
166,James,15,3,4,6,2,True,True,,281.0,False,False,False
166,Jason,15,2,4,5,4,True,True,,79.27,False,False,False
166,Reid,15,1,5,7,2,True,True,,189.53,False,False,False
166,Ryan J,15,2,6,5,2,True,True,,243.13,False,False,False
166,Sam,15,1,7,5,2,True,True,,186.0,False,False,False
166,Shane,15,1,6,5,3,True,True,,306.04,False,False,False
166,Travis,15,4,6,4,1,True,True,,245.97,False,False,False
167,Brad,15,2,6,5,2,True,True,,70.03,False,False,False
167,Brandon,15,3,4,7,1,True,True,,137.94,False,False,False
167,CJ,15,1,6,6,2,True,True,,248.87,False,False,False
167,Coby,15,1,5,7,2,True,True,,49.28,False,False,False
167,Evan,15,2,3,8,2,True,True,,169.67,False,False,False
167,James,15,3,5,5,2,True,True,,280.78,False,False,False
167,Jason,15,1,6,5,3,True,True,,186.89,False,False,False
167,Reid,15,3,5,5,2,True,True,,251.0,False,False,False
167,Ryan J,15,1,7,6,1,True,True,,188.25,False,False,False
167,Sam,15,2,6,5,2,True,True,,131.75,False,False,False
167,Shane,15,2,7,5,1,True,True,,85.21,False,False,False
167,Travis,15,1,7,5,2,True,True,,119.54,False,False,False
168,Brad,15,2,3,8,2,True,True,,183.68,False,False,False
168,Brandon,15,2,5,7,1,True,True,,169.0,False,False,False
168,CJ,15,2,6,6,1,True,True,,249.13,False,False,False
168,Coby,15,2,7,4,2,True,True,,234.65,False,False,False
168,Evan,15,2,5,6,2,True,True,,81.02,False,False,False
168,James,15,2,6,6,1,True,True,,224.84,False,False,False
168,Jason,15,3,5,6,1,True,True,,78.13,False,False,False
168,Reid,15,2,5,5,3,True,True,,240.67,False,False,False
168,Ryan J,15,1,8,4,2,True,True,,36.53,False,False,False
168,Sam,15,1,6,5,3,True,True,,24.21,False,False,False
168,Shane,15,4,5,3,3,True,True,,285.01,False,False,False
168,Travis,15,1,6,7,1,True,True,,115.84,False,False,False
169,Brad,15,1,4,6,4,True,True,,252.49,False,False,False
169,Brandon,15,1,8,5,1,True,True,,27.19,False,False,False
169,CJ,15,2,6,6,1,True,True,,50.59,False,False,False
169,Coby,15,2,7,4,2,True,True,,228.0,False,False,False
169,Evan,15,1,6,7,1,True,True,,172.89,False,False,False
169,James,15,1,7,5,2,True,True,,72.19,False,False,False
169,Jason,15,2,4,7,2,True,True,,83.11,False,False,False
169,Reid,15,1,6,3,5,True,True,,174.63,False,False,False
169,Ryan J,15,3,5,6,1,True,True,,247.17,False,False,False
169,Sam,15,2,5,7,1,True,True,,100.86,False,False,False
169,Shane,15,5,4,5,1,True,True,,315.0,False,False,False
169,Travis,15,1,4,7,3,True,True,,239.29,False,False,False
170,Brad,15,2,5,6,2,True,True,,216.08,False,False,False
170,Brandon,15,1,4,5,5,True,True,,133.0,False,False,False
170,CJ,15,1,4,8,2,True,True,,121.02,False,False,False
170,Coby,15,2,8,2,3,True,True,,150.76,False,False,False
170,Evan,15,2,3,9,1,True,True,,175.0,False,False,False
170,James,15,2,7,5,1,True,True,,224.14,False,False,False
170,Jason,15,2,6,6,1,True,True,,194.5,False,False,False
170,Reid,15,2,4,6,3,True,True,,80.0,False,False,False
170,Ryan J,15,4,7,3,1,True,True,,246.44,False,False,False
170,Sam,15,1,7,6,1,True,True,,207.0,False,False,False
170,Shane,15,3,5,6,1,True,True,,96.0,False,False,False
170,Travis,15,2,6,5,2,True,True,,218.55,False,False,False
171,Brad,15,3,5,6,1,True,True,,267.76,False,False,False
171,Brandon,15,2,7,5,1,True,True,,172.24,False,False,False
171,CJ,15,1,7,5,2,True,True,,41.0,False,False,False
171,Coby,15,3,5,6,1,True,True,,210.93,False,False,False
171,Evan,15,1,6,7,1,True,True,,175.0,False,False,False
171,James,15,3,3,7,2,True,True,,276.0,False,False,False
171,Jason,15,1,5,8,1,True,True,,60.37,False,False,False
171,Reid,15,1,3,6,5,True,True,,220.77,False,False,False
171,Ryan J,15,1,7,6,1,True,True,,240.0,False,False,False
171,Sam,15,3,6,3,3,True,True,,182.26,False,False,False
171,Shane,15,2,6,4,3,True,True,,291.45,False,False,False
171,Travis,15,1,8,4,2,True,True,,119.29,False,False,False
172,Brad,15,2,5,7,1,True,True,,266.96,False,False,False
172,Brandon,15,3,5,6,1,True,True,,169.0,False,False,False
172,CJ,15,2,5,7,1,True,True,,108.8,False,False,False
172,Coby,15,1,7,5,2,True,True,,193.06,False,False,False
172,Evan,15,3,4,6,2,True,True,,167.7,False,False,False
172,James,15,2,4,7,2,True,True,,214.44,False,False,False
172,Jason,15,2,6,4,3,True,True,,75.83,False,False,False
172,Reid,15,1,7,4,3,True,True,,162.18,False,False,False
172,Ryan J,15,3,4,6,2,True,True,,186.7,False,False,False
172,Sam,15,1,7,5,2,True,True,,165.34,False,False,False
172,Shane,15,3,8,2,2,True,True,,294.61,False,False,False
172,Travis,15,1,5,7,2,True,True,,255.0,False,False,False
173,Brad,15,3,3,7,2,True,True,,243.64,False,False,False
173,Brandon,15,2,7,4,2,True,True,,168.0,False,False,False
173,CJ,15,2,4,7,2,True,True,,57.21,False,False,False
173,Coby,15,1,8,4,2,True,True,,37.21,False,False,False
173,Evan,15,2,3,9,1,True,True,,175.0,False,False,False
173,James,15,2,5,4,4,True,True,,282.0,False,False,False
173,Jason,15,3,6,5,1,True,True,,198.33,False,False,False
173,Reid,15,3,6,4,2,True,True,,236.45,False,False,False
173,Ryan J,15,1,5,8,1,True,True,,45.47,False,False,False
173,Sam,15,1,6,4,4,True,True,,143.9,False,False,False
173,Shane,15,1,11,2,1,True,True,,161.62,False,False,False
173,Travis,15,1,5,8,1,True,True,,25.89,False,False,False
174,Brad,15,4,5,4,2,True,True,,259.32,False,False,False
174,Brandon,15,4,5,4,2,True,True,,27.36,False,False,False
174,CJ,15,2,5,5,3,True,True,,237.94,False,False,False
174,Coby,15,1,6,7,1,True,True,,85.17,False,False,False
174,Evan,15,1,5,8,1,True,True,,175.0,False,False,False
174,James,15,2,5,5,3,True,True,,38.17,False,False,False
174,Jason,15,2,6,6,1,True,True,,72.47,False,False,False
174,Reid,15,1,4,6,4,True,True,,240.0,False,False,False
174,Ryan J,15,2,8,4,1,True,True,,82.34,False,False,False
174,Sam,15,2,6,5,2,True,True,,115.4,False,False,False
174,Shane,15,1,6,6,2,True,True,,78.28,False,False,False
174,Travis,15,2,8,4,1,True,True,,241.64,False,False,False
175,Brad,15,2,4,7,2,True,True,,264.0,False,False,False
175,Brandon,15,1,6,6,2,True,True,,121.0,False,False,False
175,CJ,15,1,5,7,2,True,True,,193.51,False,False,False
175,Coby,15,1,8,5,1,True,True,,125.42,False,False,False
175,Evan,15,1,5,8,1,True,True,,175.0,False,False,False
175,James,15,1,6,7,1,True,True,,281.0,False,False,False
175,Jason,15,2,7,5,1,True,True,,193.0,False,False,False
175,Reid,15,2,3,5,5,True,True,,234.72,False,False,False
175,Ryan J,15,2,4,3,6,True,True,,182.56,False,False,False
175,Sam,15,4,5,5,1,True,True,,213.64,False,False,False
175,Shane,15,3,7,4,1,True,True,,201.8,False,False,False
175,Travis,15,3,6,5,1,True,True,,250.0,False,False,False
176,Brad,15,1,4,8,2,True,True,,259.51,False,False,False
176,Brandon,15,3,5,6,1,True,True,,81.4,False,False,False
176,CJ,15,1,5,8,1,True,True,,90.39,False,False,False
176,Coby,15,2,7,3,3,True,True,,232.24,False,False,False
176,Evan,15,2,3,9,1,True,True,,172.5,False,False,False
176,James,15,2,5,3,5,True,True,,244.04,False,False,False
176,Jason,15,1,4,7,3,True,True,,61.91,False,False,False
176,Reid,15,1,7,5,2,True,True,,213.0,False,False,False
176,Ryan J,15,1,7,6,1,True,True,,241.0,False,False,False
176,Sam,15,4,7,3,1,True,True,,214.0,False,False,False
176,Shane,15,3,8,3,1,True,True,,244.97,False,False,False
176,Travis,15,2,5,6,2,True,True,,220.97,False,False,False
177,Brad,15,1,4,9,1,True,True,,224.11,False,False,False
177,Brandon,15,2,6,4,3,True,True,,77.0,False,False,False
177,CJ,15,2,6,6,1,True,True,,249.0,False,False,False
177,Coby,15,4,8,2,1,True,True,,261.12,False,False,False
177,Evan,15,1,4,7,3,True,True,,165.0,False,False,False
177,James,15,1,5,7,2,True,True,,276.0,False,False,False
177,Jason,15,2,4,6,3,True,True,,158.59,False,False,False
177,Reid,15,1,7,5,2,True,True,,66.0,False,False,False
177,Ryan J,15,3,5,6,1,True,True,,242.87,False,False,False
177,Sam,15,1,9,2,3,True,True,,201.0,False,False,False
177,Shane,15,3,5,6,1,True,True,,315.0,False,False,False
177,Travis,15,2,4,7,2,True,True,,201.96,False,False,False
178,Brad,15,1,5,7,2,True,True,,37.14,False,False,False
178,Brandon,15,1,7,5,2,True,True,,70.94,False,False,False
178,CJ,15,2,4,8,1,True,True,,166.76,False,False,False
178,Coby,15,1,7,5,2,True,True,,258.0,False,False,False
178,Evan,15,1,6,7,1,True,True,,175.0,False,False,False
178,James,15,2,3,6,4,True,True,,195.49,False,False,False
178,Jason,15,3,7,4,1,True,True,,175.43,False,False,False
178,Reid,15,3,5,5,2,True,True,,81.32,False,False,False
178,Ryan J,15,1,7,6,1,True,True,,241.0,False,False,False
178,Sam,15,4,5,2,4,True,True,,189.0,False,False,False
178,Shane,15,3,7,2,3,True,True,,284.39,False,False,False
178,Travis,15,1,5,8,1,True,True,,228.8,False,False,False
179,Brad,15,1,3,8,3,True,True,,159.23,False,False,False
179,Brandon,15,1,6,4,4,True,True,,148.6,False,False,False
179,CJ,15,2,4,6,3,True,True,,242.84,False,False,False
179,Coby,15,1,7,6,1,True,True,,62.0,False,False,False
179,Evan,15,2,6,6,1,True,True,,168.24,False,False,False
179,James,15,2,6,6,1,True,True,,186.14,False,False,False
179,Jason,15,2,4,6,3,True,True,,197.98,False,False,False
179,Reid,15,3,7,3,2,True,True,,244.0,False,False,False
179,Ryan J,15,1,8,5,1,True,True,,83.61,False,False,False
179,Sam,15,1,6,6,2,True,True,,171.23,False,False,False
179,Shane,15,3,6,5,1,True,True,,309.89,False,False,False
179,Travis,15,2,6,5,2,True,True,,204.0,False,False,False
180,Brad,15,3,4,7,1,True,True,,210.22,False,False,False
180,Brandon,15,3,5,6,1,True,True,,167.57,False,False,False
180,CJ,15,2,6,4,3,True,True,,247.0,False,False,False
180,Coby,15,3,6,5,1,True,True,,262.34,False,False,False
180,Evan,15,1,5,8,1,True,True,,175.0,False,False,False
180,James,15,1,7,5,2,True,True,,232.72,False,False,False
180,Jason,15,1,4,8,2,True,True,,99.76,False,False,False
180,Reid,15,2,3,5,5,True,True,,245.0,False,False,False
180,Ryan J,15,1,5,8,1,True,True,,238.0,False,False,False
180,Sam,15,3,6,3,3,True,True,,208.0,False,False,False
180,Shane,15,1,9,3,2,True,True,,310.84,False,False,False
180,Travis,15,1,7,6,1,True,True,,248.0,False,False,False
181,Brad,15,3,3,8,1,True,True,,81.95,False,False,False
181,Brandon,15,3,5,3,4,True,True,,87.15,False,False,False
181,CJ,15,2,6,5,2,True,True,,229.15,False,False,False
181,Coby,15,1,5,7,2,True,True,,30.86,False,False,False
181,Evan,15,2,2,8,3,True,True,,159.09,False,False,False
181,James,15,1,8,4,2,True,True,,82.84,False,False,False
181,Jason,15,4,4,6,1,True,True,,200.0,False,False,False
181,Reid,15,2,5,6,2,True,True,,189.76,False,False,False
181,Ryan J,15,1,7,6,1,True,True,,241.0,False,False,False
181,Sam,15,1,7,5,2,True,True,,118.71,False,False,False
181,Shane,15,1,8,4,2,True,True,,293.41,False,False,False
181,Travis,15,1,8,5,1,True,True,,245.77,False,False,False
182,Brad,15,1,7,4,3,True,True,,266.0,False,False,False
182,Brandon,15,3,7,4,1,True,True,,45.01,False,False,False
182,CJ,15,2,4,6,3,True,True,,244.02,False,False,False
182,Coby,15,3,6,4,2,True,True,,260.44,False,False,False
182,Evan,15,2,4,8,1,True,True,,175.0,False,False,False
182,James,15,1,8,4,2,True,True,,280.14,False,False,False
182,Jason,15,1,4,9,1,True,True,,24.6,False,False,False
182,Reid,15,2,4,5,4,True,True,,246.0,False,False,False
182,Ryan J,15,1,8,5,1,True,True,,234.0,False,False,False
182,Sam,15,3,6,4,2,True,True,,208.0,False,False,False
182,Shane,15,1,6,7,1,True,True,,113.89,False,False,False
182,Travis,15,2,5,7,1,True,True,,40.08,False,False,False
183,Brad,15,1,7,6,1,True,True,,262.0,False,False,False
183,Brandon,15,1,5,5,4,True,True,,34.55,False,False,False
183,CJ,15,2,6,5,2,True,True,,235.11,False,False,False
183,Coby,15,2,7,5,1,True,True,,261.89,False,False,False
183,Evan,15,2,5,7,1,True,True,,175.0,False,False,False
183,James,15,2,6,6,1,True,True,,233.98,False,False,False
183,Jason,15,2,6,6,1,True,True,,76.1,False,False,False
183,Reid,15,1,4,6,4,True,True,,241.0,False,False,False
183,Ryan J,15,1,8,5,1,True,True,,241.0,False,False,False
183,Sam,15,3,5,5,2,True,True,,203.7,False,False,False
183,Shane,15,2,6,4,3,True,True,,280.17,False,False,False
183,Travis,15,1,4,8,2,True,True,,231.02,False,False,False
184,Brad,15,2,4,6,3,True,True,,236.57,False,False,False
184,Brandon,15,1,5,8,1,True,True,,80.0,False,False,False
184,CJ,15,1,5,6,3,True,True,,247.87,False,False,False
184,Coby,15,2,6,5,2,True,True,,209.1,False,False,False
184,Evan,15,2,6,6,1,True,True,,175.0,False,False,False
184,James,15,2,6,6,1,True,True,,279.0,False,False,False
184,Jason,15,1,5,7,2,True,True,,118.94,False,False,False
184,Reid,15,2,6,5,2,True,True,,246.28,False,False,False
184,Ryan J,15,3,7,3,2,True,True,,241.0,False,False,False
184,Sam,15,1,7,4,3,True,True,,172.68,False,False,False
184,Shane,15,2,6,5,2,True,True,,260.05,False,False,False
184,Travis,15,3,6,5,1,True,True,,247.41,False,False,False
185,Brad,15,3,4,7,1,True,True,,271.85,False,False,False
185,Brandon,15,3,5,5,2,True,True,,162.77,False,False,False
185,CJ,15,2,5,6,2,True,True,,141.32,False,False,False
185,Coby,15,1,7,5,2,True,True,,211.8,False,False,False
185,Evan,15,2,6,6,1,True,True,,171.36,False,False,False
185,James,15,2,5,6,2,True,True,,283.0,False,False,False
185,Jason,15,2,6,6,1,True,True,,116.28,False,False,False
185,Reid,15,2,4,6,3,True,True,,218.0,False,False,False
185,Ryan J,15,1,8,5,1,True,True,,234.0,False,False,False
185,Sam,15,2,5,4,4,True,True,,194.09,False,False,False
185,Shane,15,1,5,6,3,True,True,,248.18,False,False,False
185,Travis,15,3,6,5,1,True,True,,232.51,False,False,False
186,Brad,15,5,4,5,1,True,True,,260.44,False,False,False
186,Brandon,15,1,7,5,2,True,True,,161.84,False,False,False
186,CJ,15,2,6,6,1,True,True,,87.17,False,False,False
186,Coby,15,1,5,8,1,True,True,,250.71,False,False,False
186,Evan,15,3,4,5,3,True,True,,155.98,False,False,False
186,James,15,1,6,7,1,True,True,,281.0,False,False,False
186,Jason,15,3,4,4,4,True,True,,81.11,False,False,False
186,Reid,15,2,6,5,2,True,True,,92.66,False,False,False
186,Ryan J,15,3,5,5,2,True,True,,0.0,False,False,False
186,Sam,15,2,6,6,1,True,True,,183.21,False,False,False
186,Shane,15,3,7,4,1,True,True,,303.02,False,False,False
186,Travis,15,1,5,6,3,True,True,,103.24,False,False,False
187,Brad,15,1,5,8,1,True,True,,248.41,False,False,False
187,Brandon,15,2,7,4,2,True,True,,167.31,False,False,False
187,CJ,15,2,6,5,2,True,True,,255.0,False,False,False
187,Coby,15,2,6,6,1,True,True,,255.0,False,False,False
187,Evan,15,1,5,8,1,True,True,,171.0,False,False,False
187,James,15,2,5,5,3,True,True,,282.0,False,False,False
187,Jason,15,3,3,5,4,True,True,,173.65,False,False,False
187,Reid,15,1,6,5,3,True,True,,245.0,False,False,False
187,Ryan J,15,1,9,4,1,True,True,,232.0,False,False,False
187,Sam,15,3,7,3,2,True,True,,190.18,False,False,False
187,Shane,15,2,5,7,1,True,True,,205.61,False,False,False
187,Travis,15,2,4,7,2,True,True,,152.42,False,False,False
188,Brad,15,1,6,5,3,True,True,,122.73,False,False,False
188,Brandon,15,2,6,5,2,True,True,,143.17,False,False,False
188,CJ,15,1,7,6,1,True,True,,60.47,False,False,False
188,Coby,15,1,8,4,2,True,True,,148.2,False,False,False
188,Evan,15,2,4,6,3,True,True,,149.23,False,False,False
188,James,15,3,3,5,4,True,True,,262.41,False,False,False
188,Jason,15,2,5,7,1,True,True,,165.99,False,False,False
188,Reid,15,5,5,3,2,True,True,,249.02,False,False,False
188,Ryan J,15,1,6,6,2,True,True,,101.85,False,False,False
188,Sam,15,3,7,4,1,True,True,,214.0,False,False,False
188,Shane,15,1,7,5,2,True,True,,283.64,False,False,False
188,Travis,15,1,4,9,1,True,True,,94.36,False,False,False
189,Brad,15,2,5,7,1,True,True,,65.15,False,False,False
189,Brandon,15,2,8,4,1,True,True,,170.86,False,False,False
189,CJ,15,2,5,6,2,True,True,,71.28,False,False,False
189,Coby,15,3,8,3,1,True,True,,265.0,False,False,False
189,Evan,15,1,8,5,1,True,True,,88.49,False,False,False
189,James,15,2,5,5,3,True,True,,282.37,False,False,False
189,Jason,15,1,5,7,2,True,True,,133.0,False,False,False
189,Reid,15,2,4,7,2,True,True,,190.69,False,False,False
189,Ryan J,15,1,6,7,1,True,True,,143.58,False,False,False
189,Sam,15,2,4,6,3,True,True,,155.35,False,False,False
189,Shane,15,2,6,3,4,True,True,,307.0,False,False,False
189,Travis,15,3,3,8,1,True,True,,250.48,False,False,False
190,Brad,15,2,4,7,2,True,True,,77.47,False,False,False
190,Brandon,15,2,7,4,2,True,True,,25.26,False,False,False
190,CJ,15,2,6,3,4,True,True,,231.5,False,False,False
190,Coby,15,2,6,4,3,True,True,,56.08,False,False,False
190,Evan,15,4,3,7,1,True,True,,169.74,False,False,False
190,James,15,3,5,6,1,True,True,,288.0,False,False,False
190,Jason,15,1,4,9,1,True,True,,68.01,False,False,False
190,Reid,15,1,9,3,2,True,True,,241.0,False,False,False
190,Ryan J,15,2,7,5,1,True,True,,244.44,False,False,False
190,Sam,15,1,4,7,3,True,True,,184.76,False,False,False
190,Shane,15,1,8,5,1,True,True,,307.0,False,False,False
190,Travis,15,2,5,7,1,True,True,,52.82,False,False,False
191,Brad,15,2,5,6,2,True,True,,268.83,False,False,False
191,Brandon,15,4,5,5,1,True,True,,173.15,False,False,False
191,CJ,15,2,5,7,1,True,True,,101.3,False,False,False
191,Coby,15,2,7,4,2,True,True,,143.95,False,False,False
191,Evan,15,1,5,8,1,True,True,,171.0,False,False,False
191,James,15,2,4,4,5,True,True,,278.0,False,False,False
191,Jason,15,3,6,5,1,True,True,,190.0,False,False,False
191,Reid,15,1,4,5,5,True,True,,227.43,False,False,False
191,Ryan J,15,1,6,7,1,True,True,,211.0,False,False,False
191,Sam,15,1,7,6,1,True,True,,180.0,False,False,False
191,Shane,15,3,7,4,1,True,True,,315.0,False,False,False
191,Travis,15,1,5,6,3,True,True,,76.05,False,False,False
192,Brad,15,2,8,4,1,True,True,,270.62,False,False,False
192,Brandon,15,2,4,4,5,True,True,,169.0,False,False,False
192,CJ,15,1,7,5,2,True,True,,72.21,False,False,False
192,Coby,15,2,6,3,4,True,True,,260.21,False,False,False
192,Evan,15,3,2,9,1,True,True,,175.0,False,False,False
192,James,15,1,8,5,1,True,True,,280.0,False,False,False
192,Jason,15,1,5,8,1,True,True,,112.74,False,False,False
192,Reid,15,2,5,6,2,True,True,,241.0,False,False,False
192,Ryan J,15,3,5,5,2,True,True,,244.92,False,False,False
192,Sam,15,3,6,5,1,True,True,,143.51,False,False,False
192,Shane,15,2,7,5,1,True,True,,310.0,False,False,False
192,Travis,15,2,5,6,2,True,True,,249.0,False,False,False
193,Brad,15,1,5,8,1,True,True,,138.19,False,False,False
193,Brandon,15,1,7,4,3,True,True,,148.46,False,False,False
193,CJ,15,1,7,5,2,True,True,,132.81,False,False,False
193,Coby,15,2,6,2,5,True,True,,258.71,False,False,False
193,Evan,15,1,5,8,1,True,True,,31.96,False,False,False
193,James,15,1,5,8,1,True,True,,254.76,False,False,False
193,Jason,15,2,3,7,3,True,True,,89.94,False,False,False
193,Reid,15,5,6,2,2,True,True,,250.58,False,False,False
193,Ryan J,15,2,7,5,1,True,True,,243.92,False,False,False
193,Sam,15,4,6,4,1,True,True,,214.0,False,False,False
193,Shane,15,2,5,5,3,True,True,,297.45,False,False,False
193,Travis,15,1,6,7,1,True,True,,212.61,False,False,False
194,Brad,15,2,5,6,2,True,True,,251.77,False,False,False
194,Brandon,15,1,10,3,1,True,True,,174.0,False,False,False
194,CJ,15,2,5,6,2,True,True,,242.74,False,False,False
194,Coby,15,2,4,4,5,True,True,,201.93,False,False,False
194,Evan,15,2,2,10,1,True,True,,175.0,False,False,False
194,James,15,1,9,4,1,True,True,,281.0,False,False,False
194,Jason,15,4,3,6,2,True,True,,147.62,False,False,False
194,Reid,15,2,6,4,3,True,True,,237.0,False,False,False
194,Ryan J,15,1,6,7,1,True,True,,241.0,False,False,False
194,Sam,15,2,7,4,2,True,True,,182.47,False,False,False
194,Shane,15,1,8,4,2,True,True,,308.0,False,False,False
194,Travis,15,2,5,7,1,True,True,,120.27,False,False,False
195,Brad,15,1,5,8,1,True,True,,268.41,False,False,False
195,Brandon,15,3,6,4,2,True,True,,169.61,False,False,False
195,CJ,15,2,5,7,1,True,True,,88.26,False,False,False
195,Coby,15,1,6,5,3,True,True,,237.88,False,False,False
195,Evan,15,1,6,7,1,True,True,,175.0,False,False,False
195,James,15,5,3,6,1,True,True,,287.9,False,False,False
195,Jason,15,3,6,4,2,True,True,,193.0,False,False,False
195,Reid,15,1,6,6,2,True,True,,244.0,False,False,False
195,Ryan J,15,1,4,7,3,True,True,,52.59,False,False,False
195,Sam,15,3,6,4,2,True,True,,209.0,False,False,False
195,Shane,15,2,6,3,4,True,True,,310.0,False,False,False
195,Travis,15,2,6,6,1,True,True,,88.57,False,False,False
196,Brad,15,2,7,5,1,True,True,,268.27,False,False,False
196,Brandon,15,1,7,3,4,True,True,,165.56,False,False,False
196,CJ,15,3,5,5,2,True,True,,182.87,False,False,False
196,Coby,15,2,8,4,1,True,True,,263.2,False,False,False
196,Evan,15,1,6,7,1,True,True,,175.0,False,False,False
196,James,15,3,4,7,1,True,True,,55.72,False,False,False
196,Jason,15,2,4,7,2,True,True,,76.61,False,False,False
196,Reid,15,1,6,6,2,True,True,,237.0,False,False,False
196,Ryan J,15,2,4,5,4,True,True,,184.59,False,False,False
196,Sam,15,3,6,5,1,True,True,,205.87,False,False,False
196,Shane,15,3,5,5,2,True,True,,229.61,False,False,False
196,Travis,15,1,5,7,2,True,True,,38.86,False,False,False
197,Brad,15,1,3,8,3,True,True,,176.24,False,False,False
197,Brandon,15,2,5,6,2,True,True,,60.54,False,False,False
197,CJ,15,2,8,4,1,True,True,,249.0,False,False,False
197,Coby,15,2,9,3,1,True,True,,119.85,False,False,False
197,Evan,15,1,5,8,1,True,True,,175.0,False,False,False
197,James,15,2,7,5,1,True,True,,122.68,False,False,False
197,Jason,15,1,6,7,1,True,True,,114.0,False,False,False
197,Reid,15,1,4,7,3,True,True,,127.76,False,False,False
197,Ryan J,15,3,5,3,4,True,True,,244.29,False,False,False
197,Sam,15,4,4,6,1,True,True,,210.74,False,False,False
197,Shane,15,2,4,6,3,True,True,,310.0,False,False,False
197,Travis,15,3,5,3,4,True,True,,174.35,False,False,False
198,Brad,15,3,5,6,1,True,True,,263.78,False,False,False
198,Brandon,15,1,7,6,1,True,True,,168.0,False,False,False
198,CJ,15,2,5,4,4,True,True,,218.44,False,False,False
198,Coby,15,1,9,4,1,True,True,,160.45,False,False,False
198,Evan,15,2,4,8,1,True,True,,175.0,False,False,False
198,James,15,2,4,4,5,True,True,,266.82,False,False,False
198,Jason,15,3,5,5,2,True,True,,178.26,False,False,False
198,Reid,15,2,4,7,2,True,True,,234.14,False,False,False
198,Ryan J,15,1,7,6,1,True,True,,166.0,False,False,False
198,Sam,15,3,6,4,2,True,True,,191.0,False,False,False
198,Shane,15,2,6,5,2,True,True,,114.58,False,False,False
198,Travis,15,1,7,6,1,True,True,,248.0,False,False,False
199,Brad,15,1,5,7,2,True,True,,75.56,False,False,False
199,Brandon,15,2,6,5,2,True,True,,105.41,False,False,False
199,CJ,15,3,7,3,2,True,True,,252.08,False,False,False
199,Coby,15,2,7,5,1,True,True,,260.68,False,False,False
199,Evan,15,2,3,7,3,True,True,,143.23,False,False,False
199,James,15,1,6,6,2,True,True,,266.0,False,False,False
199,Jason,15,2,3,7,3,True,True,,185.05,False,False,False
199,Reid,15,1,5,7,2,True,True,,241.0,False,False,False
199,Ryan J,15,3,6,5,1,True,True,,119.67,False,False,False
199,Sam,15,2,8,3,2,True,True,,162.05,False,False,False
199,Shane,15,4,5,5,1,True,True,,315.0,False,False,False
199,Travis,15,2,5,6,2,True,True,,73.06,False,False,False
